Timestamp,User Count,Type,Name,Requests/s,Failures/s,50%,66%,75%,80%,90%,95%,98%,99%,99.9%,99.99%,100%,Total Request Count,Total Failure Count,Total Median Response Time,Total Average Response Time,Total Min Response Time,Total Max Response Time,Total Average Content Size
1789899431,0,,Aggregated,0.000000,0.000000,N/A,N/A,N/A,N/A,N/A,N/A,N/A,N/A,N/A,N/A,N/A,0,0,0,0.0,0,0,0
1789899432,6,,Aggregated,0.000000,0.000000,N/A,N/A,N/A,N/A,N/A,N/A,N/A,N/A,N/A,N/A,N/A,0,0,0,0.0,0,0,0
1789899433,6,,Aggregated,0.000000,0.000000,N/A,N/A,N/A,N/A,N/A,N/A,N/A,N/A,N/A,N/A,N/A,0,0,0,0.0,0,0,0
1789899434,6,,Aggregated,0.000000,0.000000,N/A,N/A,N/A,N/A,N/A,N/A,N/A,N/A,N/A,N/A,N/A,0,0,0,0.0,0,0,0
1789899435,6,,Aggregated,0.000000,0.000000,N/A,N/A,N/A,N/A,N/A,N/A,N/A,N/A,N/A,N/A,N/A,0,0,0,0.0,0,0,0
1789899436,6,,Aggregated,0.000000,0.000000,4600,4600,4600,4600,4600,4600,4600,4600,4600,4600,4600,5,0,4600,4605.704984399972,4539.080890999912,4649.50637600009,390.0
1789899437,6,,Aggregated,0.000000,0.000000,4600,4600,4600,4600,4600,4600,4600,4600,4600,4600,4600,5,0,4600,4605.704984399972,4539.080890999912,4649.50637600009,390.0
1789899438,6,,Aggregated,0.000000,0.000000,4600,4600,4600,4600,4600,4600,4600,4600,4600,4600,4600,5,0,4600,4605.704984399972,4539.080890999912,4649.50637600009,390.0
1789899439,6,,Aggregated,1.000000,0.000000,4600,4600,4600,4600,4600,4600,4600,4600,4600,4600,4600,6,0,4600,4299.23163066663,2766.8648619999203,4649.50637600009,338.0
1789899440,6,,Aggregated,1.000000,0.000000,4600,4600,4600,4600,4600,4600,4600,4600,4600,4600,4600,6,0,4600,4299.23163066663,2766.8648619999203,4649.50637600009,338.0
1789899441,6,,Aggregated,0.714286,0.000000,4600,4600,4600,4600,4700,4700,4700,4700,4700,4700,4700,7,0,4600,4358.223675857126,2766.8648619999203,4712.175947000105,300.85714285714283
1789899442,6,,Aggregated,0.714286,0.000000,4600,4600,4600,4600,4700,4700,4700,4700,4700,4700,4700,7,0,4600,4358.223675857126,2766.8648619999203,4712.175947000105,300.85714285714283
1789899443,6,,Aggregated,0.666667,0.000000,4600,4600,4700,4700,6600,6600,6600,6600,6600,6600,6600,8,0,4600,4632.908711749991,2766.8648619999203,6555.703963000042,273.0
1789899444,6,,Aggregated,0.666667,0.000000,4600,4600,4700,4700,6600,6600,6600,6600,6600,6600,6600,8,0,4600,4632.908711749991,2766.8648619999203,6555.703963000042,273.0
1789899445,6,,Aggregated,0.700000,0.000000,4600,4700,6600,8700,13000,13000,13000,13000,13000,13000,13000,10,0,4600,5905.004916899998,2766.8648619999203,13315.238673000067,265.2
1789899446,6,,Aggregated,0.700000,0.000000,4600,4700,6600,8700,13000,13000,13000,13000,13000,13000,13000,10,0,4600,5905.004916899998,2766.8648619999203,13315.238673000067,265.2
1789899447,6,,Aggregated,1.000000,0.000000,4600,6600,8700,8700,11000,13000,13000,13000,13000,13000,13000,11,0,4600,6392.848321636352,2766.8648619999203,13315.238673000067,248.1818181818182
1789899448,6,,Aggregated,1.000000,0.000000,4600,6600,8700,8700,11000,13000,13000,13000,13000,13000,13000,11,0,4600,6392.848321636352,2766.8648619999203,13315.238673000067,248.1818181818182
1789899449,6,,Aggregated,1.000000,0.000000,4600,6600,8700,8700,11000,13000,13000,13000,13000,13000,13000,11,0,4600,6392.848321636352,2766.8648619999203,13315.238673000067,248.1818181818182
1789899450,6,,Aggregated,0.500000,0.000000,4800,6600,8700,8800,11000,13000,13000,13000,13000,13000,13000,15,0,4800,6381.237298133298,2766.8648619999203,13315.238673000067,238.8
1789899451,6,,Aggregated,0.600000,0.000000,4700,6600,6800,8700,11000,13000,13000,13000,13000,13000,13000,17,0,4700,5940.320348352904,1387.2832770000514,13315.238673000067,236.8235294117647
1789899452,6,,Aggregated,0.600000,0.000000,4700,6600,6800,8700,11000,13000,13000,13000,13000,13000,13000,17,0,4700,5940.320348352904,1387.2832770000514,13315.238673000067,236.8235294117647
1789899453,6,,Aggregated,0.900000,0.000000,4600,5100,6800,8700,11000,13000,13000,13000,13000,13000,13000,20,0,4600,5235.462809399974,1171.3573830002133,13315.238673000067,238.2
1789899454,6,,Aggregated,1.000000,0.000000,4600,4800,6600,6800,8800,11000,13000,13000,13000,13000,13000,23,0,4600,4777.005893739116,1171.3573830002133,13315.238673000067,237.65217391304347
1789899455,6,,Aggregated,1.000000,0.000000,4600,4800,6600,6800,8800,11000,13000,13000,13000,13000,13000,23,0,4600,4777.005893739116,1171.3573830002133,13315.238673000067,237.65217391304347
1789899456,6,,Aggregated,1.200000,0.000000,4600,4700,5100,6600,8800,11000,13000,13000,13000,13000,13000,26,0,4600,4361.513567923068,1171.3573830002133,13315.238673000067,238.6153846153846
1789899457,6,,Aggregated,1.300000,0.000000,3900,4600,4800,6600,8800,11000,13000,13000,13000,13000,13000,29,0,3900,4028.2245595862046,1073.7770290002118,13315.238673000067,238.13793103448276
1789899458,6,,Aggregated,1.300000,0.000000,3900,4600,4800,6600,8800,11000,13000,13000,13000,13000,13000,29,0,3900,4028.2245595862046,1073.7770290002118,13315.238673000067,238.13793103448276
1789899459,6,,Aggregated,1.600000,0.000000,2800,4600,4800,5100,8700,11000,13000,13000,13000,13000,13000,32,0,2800,3751.496987124995,1072.1774720000212,13315.238673000067,238.875
1789899460,6,,Aggregated,1.600000,0.000000,2800,4600,4800,5100,8700,11000,13000,13000,13000,13000,13000,32,0,2800,3751.496987124995,1072.1774720000212,13315.238673000067,238.875
1789899461,6,,Aggregated,1.800000,0.000000,1700,4600,4700,5100,8700,11000,13000,13000,13000,13000,13000,35,0,1700,3568.740947371427,1072.1774720000212,13315.238673000067,238.45714285714286
1789899462,6,,Aggregated,2.100000,0.000000,1600,4600,4600,4800,8700,11000,13000,13000,13000,13000,13000,37,0,1600,3442.5155467027053,1072.1774720000212,13315.238673000067,239.51351351351352
1789899463,6,,Aggregated,1.700000,0.000000,1600,4600,4600,4800,8700,11000,13000,13000,13000,13000,13000,38,0,1600,3390.7266982105293,1072.1774720000212,13315.238673000067,239.05263157894737
1789899464,6,,Aggregated,2.000000,0.000000,1500,4500,4600,4700,6800,8800,13000,13000,13000,13000,13000,41,0,1500,3236.2222535121973,1072.1774720000212,13315.238673000067,238.6829268292683
1789899465,6,,Aggregated,1.800000,0.000000,1500,3900,4600,4700,6800,8800,13000,13000,13000,13000,13000,43,0,1500,3137.678983255815,1072.1774720000212,13315.238673000067,239.58139534883722
1789899466,6,,Aggregated,1.800000,0.000000,1500,3900,4600,4700,6800,8800,13000,13000,13000,13000,13000,44,0,1500,3095.4240247727303,1072.1774720000212,13315.238673000067,239.1818181818182
1789899467,6,,Aggregated,1.700000,0.000000,1400,2800,4600,4600,6800,8800,13000,13000,13000,13000,13000,46,0,1400,3011.858290347832,1071.7336039999736,13315.238673000067,238.43478260869566
1789899468,6,,Aggregated,1.800000,0.000000,1400,2500,4600,4600,6800,8800,13000,13000,13000,13000,13000,48,0,1400,2943.84247612501,1071.7336039999736,13315.238673000067,239.25
1789899469,6,,Aggregated,1.800000,0.000000,1400,2500,4600,4600,6800,8800,13000,13000,13000,13000,13000,49,0,1400,2909.846174408169,1071.7336039999736,13315.238673000067,239.6326530612245
1789899470,6,,Aggregated,1.800000,0.000000,1400,2500,4600,4600,6800,8800,13000,13000,13000,13000,13000,50,0,1400,2897.2730764800067,1071.7336039999736,13315.238673000067,239.28
1789899471,6,,Aggregated,1.800000,0.000000,1400,2500,4600,4600,6800,8800,13000,13000,13000,13000,13000,50,0,1400,2897.2730764800067,1071.7336039999736,13315.238673000067,239.28
1789899472,6,,Aggregated,1.800000,0.000000,1400,2500,4600,4600,6800,8800,13000,13000,13000,13000,13000,50,0,1400,2897.2730764800067,1071.7336039999736,13315.238673000067,239.28
1789899473,6,,Aggregated,1.800000,0.000000,1400,2300,4600,4600,6600,8800,11000,13000,13000,13000,13000,52,0,1400,2827.0142543269303,993.2460309998987,13315.238673000067,238.6153846153846
1789899474,6,,Aggregated,1.500000,0.000000,1400,1700,4500,4600,6600,8800,11000,13000,13000,13000,13000,53,0,1400,2803.099444075479,993.2460309998987,13315.238673000067,238.30188679245282
1789899475,6,,Aggregated,1.400000,0.000000,1400,1700,4500,4600,6600,8800,11000,13000,13000,13000,13000,56,0,1400,2735.0464047142896,969.4765349997851,13315.238673000067,239.35714285714286
1789899476,6,,Aggregated,1.400000,0.000000,1400,1700,4500,4600,6600,8800,11000,13000,13000,13000,13000,56,0,1400,2735.0464047142896,969.4765349997851,13315.238673000067,239.35714285714286
1789899477,6,,Aggregated,1.300000,0.000000,1400,2100,3900,4600,6600,8800,11000,13000,13000,13000,13000,57,0,1400,2723.850266964919,969.4765349997851,13315.238673000067,239.05263157894737
1789899478,6,,Aggregated,1.300000,0.000000,1400,2100,3900,4600,6600,8800,11000,13000,13000,13000,13000,57,0,1400,2723.850266964919,969.4765349997851,13315.238673000067,239.05263157894737
1789899479,6,,Aggregated,1.200000,0.000000,1400,2100,3900,4600,6600,8800,11000,13000,13000,13000,13000,58,0,1400,2694.906191948283,969.4765349997851,13315.238673000067,238.75862068965517
1789899480,6,,Aggregated,1.100000,0.000000,1400,1700,3900,4600,6600,8800,11000,13000,13000,13000,13000,59,0,1400,2668.6833720169557,969.4765349997851,13315.238673000067,238.47457627118644
1789899481,6,,Aggregated,1.000000,0.000000,1400,1700,2800,4600,5100,8700,11000,13000,13000,13000,13000,61,0,1400,2633.469212311479,969.4765349997851,13315.238673000067,239.11475409836066
1789899482,6,,Aggregated,0.900000,0.000000,1400,1700,2800,4600,5100,8700,11000,13000,13000,13000,13000,62,0,1400,2611.144072306459,969.4765349997851,13315.238673000067,239.41935483870967
1789899483,6,,Aggregated,1.100000,0.000000,1400,1700,2800,4600,5100,8700,11000,13000,13000,13000,13000,63,0,1400,2587.902429619053,969.4765349997851,13315.238673000067,239.14285714285714
1789899484,6,,Aggregated,1.100000,0.000000,1400,1700,2800,4600,5100,8700,11000,13000,13000,13000,13000,63,0,1400,2587.902429619053,969.4765349997851,13315.238673000067,239.14285714285714
1789899485,6,,Aggregated,1.000000,0.000000,1400,1700,2800,4600,5100,8700,11000,13000,13000,13000,13000,64,0,1400,2567.0037140312565,969.4765349997851,13315.238673000067,238.875
1789899486,6,,Aggregated,1.000000,0.000000,1300,1600,2500,4600,5100,8700,11000,13000,13000,13000,13000,65,0,1300,2543.5637332769265,969.4765349997851,13315.238673000067,238.6153846153846
1789899487,6,,Aggregated,0.800000,0.000000,1300,1600,2500,4500,5100,8700,11000,13000,13000,13000,13000,66,0,1300,2520.8533628636405,969.4765349997851,13315.238673000067,238.9090909090909
1789899488,6,,Aggregated,0.800000,0.000000,1400,1600,2500,4500,5100,8700,11000,13000,13000,13000,13000,68,0,1400,2486.4599256764745,969.4765349997851,13315.238673000067,239.47058823529412
1789899489,6,,Aggregated,0.800000,0.000000,1400,1600,2500,4500,5100,8700,11000,13000,13000,13000,13000,68,0,1400,2486.4599256764745,969.4765349997851,13315.238673000067,239.47058823529412
1789899490,6,,Aggregated,0.800000,0.000000,1300,1600,2500,4500,5100,8700,11000,13000,13000,13000,13000,69,0,1300,2467.0431548840606,969.4765349997851,13315.238673000067,239.2173913043478
1789899491,6,,Aggregated,0.800000,0.000000,1300,1600,2500,4500,5100,8700,11000,13000,13000,13000,13000,69,0,1300,2467.0431548840606,969.4765349997851,13315.238673000067,239.2173913043478
1789899492,6,,Aggregated,1.000000,0.000000,1300,1600,2500,3900,4800,8700,11000,13000,13000,13000,13000,71,0,1300,2433.6675360985932,969.4765349997851,13315.238673000067,238.73239436619718
1789899493,6,,Aggregated,0.800000,0.000000,1300,1600,2500,3900,4800,8700,11000,13000,13000,13000,13000,72,0,1300,2415.795548319445,969.4765349997851,13315.238673000067,239.0
1789899494,6,,Aggregated,0.800000,0.000000,1300,1500,2300,3900,4800,8700,11000,13000,13000,13000,13000,74,0,1300,2385.6304996621598,969.4765349997851,13315.238673000067,239.51351351351352
1789899495,6,,Aggregated,0.800000,0.000000,1300,1500,2300,3900,4800,8700,11000,13000,13000,13000,13000,74,0,1300,2385.6304996621598,969.4765349997851,13315.238673000067,239.51351351351352
1789899496,6,,Aggregated,0.900000,0.000000,1300,1500,2300,3900,4800,8700,11000,13000,13000,13000,13000,75,0,1300,2369.1092097733313,969.4765349997851,13315.238673000067,239.28
1789899497,6,,Aggregated,0.900000,0.000000,1300,1500,2300,3900,4800,8700,11000,13000,13000,13000,13000,75,0,1300,2369.1092097733313,969.4765349997851,13315.238673000067,239.28
1789899498,6,,Aggregated,1.000000,0.000000,1300,1500,2100,2800,4800,8700,11000,13000,13000,13000,13000,77,0,1300,2337.4959249870117,969.4765349997851,13315.238673000067,238.83116883116884
1789899499,6,,Aggregated,1.000000,0.000000,1300,1500,2100,2800,4800,8700,11000,13000,13000,13000,13000,77,0,1300,2337.4959249870117,969.4765349997851,13315.238673000067,238.83116883116884
1789899500,6,,Aggregated,0.800000,0.000000,1300,1500,2100,2800,4800,8700,11000,13000,13000,13000,13000,80,0,1300,2294.1298048000012,969.4765349997851,13315.238673000067,239.55
1789899501,6,,Aggregated,0.800000,0.000000,1300,1500,2100,2800,4800,8700,11000,13000,13000,13000,13000,80,0,1300,2294.1298048000012,969.4765349997851,13315.238673000067,239.55
1789899502,6,,Aggregated,0.900000,0.000000,1300,1500,1700,2500,4700,6800,11000,13000,13000,13000,13000,81,0,1300,2278.7128400246934,969.4765349997851,13315.238673000067,239.33333333333334
1789899503,6,,Aggregated,0.900000,0.000000,1300,1500,1700,2500,4700,6800,11000,13000,13000,13000,13000,81,0,1300,2278.7128400246934,969.4765349997851,13315.238673000067,239.33333333333334
1789899504,6,,Aggregated,1.100000,0.000000,1300,1500,1700,2500,4700,6800,11000,13000,13000,13000,13000,82,0,1300,2266.146378597562,969.4765349997851,13315.238673000067,239.1219512195122
1789899505,6,,Aggregated,1.000000,0.000000,1300,1500,1700,2500,4700,6800,11000,13000,13000,13000,13000,83,0,1300,2255.3948424457835,969.4765349997851,13315.238673000067,238.9156626506024
1789899506,6,,Aggregated,0.800000,0.000000,1300,1400,1700,2500,4700,6800,11000,13000,13000,13000,13000,86,0,1300,2216.703790930232,969.4765349997851,13315.238673000067,239.58139534883722
1789899507,6,,Aggregated,0.800000,0.000000,1300,1400,1700,2500,4700,6800,11000,13000,13000,13000,13000,86,0,1300,2216.703790930232,969.4765349997851,13315.238673000067,239.58139534883722
1789899508,6,,Aggregated,1.000000,0.000000,1300,1500,1700,2500,4700,6800,11000,13000,13000,13000,13000,87,0,1300,2209.1098917701133,969.4765349997851,13315.238673000067,239.3793103448276
1789899509,6,,Aggregated,1.000000,0.000000,1300,1500,1700,2500,4700,6800,11000,13000,13000,13000,13000,87,0,1300,2209.1098917701133,969.4765349997851,13315.238673000067,239.3793103448276
1789899510,6,,Aggregated,1.000000,0.000000,1300,1500,1700,2500,4700,6800,11000,13000,13000,13000,13000,87,0,1300,2209.1098917701133,969.4765349997851,13315.238673000067,239.3793103448276
1789899511,6,,Aggregated,1.000000,0.000000,1300,1500,1600,2500,4700,6800,11000,13000,13000,13000,13000,89,0,1300,2191.0278245617965,969.4765349997851,13315.238673000067,238.98876404494382
1789899512,6,,Aggregated,0.800000,0.000000,1300,1500,1600,2300,4600,6800,11000,13000,13000,13000,13000,91,0,1300,2171.4559320659346,969.4765349997851,13315.238673000067,239.4065934065934
1789899513,6,,Aggregated,0.800000,0.000000,1300,1500,1600,2300,4600,6800,11000,13000,13000,13000,13000,92,0,1300,2164.7719880108702,969.4765349997851,13315.238673000067,239.6086956521739
1789899514,6,,Aggregated,0.800000,0.000000,1300,1500,1600,2300,4600,6800,11000,13000,13000,13000,13000,92,0,1300,2164.7719880108702,969.4765349997851,13315.238673000067,239.6086956521739
1789899515,6,,Aggregated,0.800000,0.000000,1300,1500,1600,2300,4600,6800,11000,13000,13000,13000,13000,93,0,1300,2154.9273831935484,969.4765349997851,13315.238673000067,239.41935483870967
1789899516,6,,Aggregated,0.800000,0.000000,1300,1500,1600,2300,4600,6800,11000,13000,13000,13000,13000,93,0,1300,2154.9273831935484,969.4765349997851,13315.238673000067,239.41935483870967
1789899517,6,,Aggregated,1.000000,0.000000,1300,1400,1600,2300,4600,6800,11000,13000,13000,13000,13000,95,0,1300,2133.694643463157,969.4765349997851,13315.238673000067,239.05263157894737
1789899518,6,,Aggregated,0.800000,0.000000,1300,1400,1600,2100,4600,6800,11000,13000,13000,13000,13000,97,0,1300,2111.233095525772,969.4765349997851,13315.238673000067,239.44329896907217
1789899519,6,,Aggregated,0.800000,0.000000,1300,1400,1600,2100,4600,6800,11000,13000,13000,13000,13000,98,0,1300,2102.4384645816326,969.4765349997851,13315.238673000067,239.6326530612245
1789899520,6,,Aggregated,0.800000,0.000000,1300,1400,1600,2100,4600,6800,11000,13000,13000,13000,13000,98,0,1300,2102.4384645816326,969.4765349997851,13315.238673000067,239.6326530612245
1789899521,6,,Aggregated,0.900000,0.000000,1300,1400,1600,2100,4600,6800,11000,13000,13000,13000,13000,99,0,1300,2092.7760679696958,969.4765349997851,13315.238673000067,239.45454545454547
1789899522,6,,Aggregated,0.900000,0.000000,1300,1400,1600,2100,4600,6800,11000,13000,13000,13000,13000,99,0,1300,2092.7760679696958,969.4765349997851,13315.238673000067,239.45454545454547
1789899523,6,,Aggregated,1.100000,0.000000,1300,1400,1600,1700,4600,6600,8800,11000,13000,13000,13000,101,0,1300,2076.073435287127,969.4765349997851,13315.238673000067,239.1089108910891
1789899524,6,,Aggregated,1.000000,0.000000,1300,1400,1600,1700,4600,6600,8800,11000,13000,13000,13000,102,0,1300,2065.9473332352914,969.4765349997851,13315.238673000067,239.2941176470588
1789899525,6,,Aggregated,0.900000,0.000000,1300,1400,1600,1700,4600,6600,8800,11000,13000,13000,13000,104,0,1300,2051.2214659326883,969.4765349997851,13315.238673000067,239.65384615384616
1789899526,6,,Aggregated,0.900000,0.000000,1300,1400,1600,1700,4600,6600,8800,11000,13000,13000,13000,104,0,1300,2051.2214659326883,969.4765349997851,13315.238673000067,239.65384615384616
1789899527,6,,Aggregated,0.900000,0.000000,1200,1400,1600,1700,4600,6600,8800,11000,13000,13000,13000,105,0,1200,2041.6387709142818,969.4765349997851,13315.238673000067,239.4857142857143
1789899528,6,,Aggregated,0.900000,0.000000,1200,1400,1600,1700,4600,6600,8800,11000,13000,13000,13000,105,0,1200,2041.6387709142818,969.4765349997851,13315.238673000067,239.4857142857143
1789899529,6,,Aggregated,1.000000,0.000000,1200,1400,1600,1700,4600,6600,8800,11000,13000,13000,13000,107,0,1200,2022.9693073738304,969.4765349997851,13315.238673000067,239.15887850467288
1789899530,6,,Aggregated,1.000000,0.000000,1200,1400,1600,1700,4600,6600,8800,11000,13000,13000,13000,107,0,1200,2022.9693073738304,969.4765349997851,13315.238673000067,239.15887850467288
1789899531,6,,Aggregated,1.000000,0.000000,1200,1400,1600,1700,4600,6600,8800,11000,13000,13000,13000,109,0,1200,2010.637727165136,969.4765349997851,13315.238673000067,239.5045871559633
1789899532,6,,Aggregated,0.700000,0.000000,1200,1400,1600,1700,4600,6600,8800,11000,13000,13000,13000,110,0,1200,2003.69238621818,969.4765349997851,13315.238673000067,239.6727272727273
1789899533,6,,Aggregated,0.900000,0.000000,1200,1400,1600,1600,4600,6600,8800,11000,13000,13000,13000,111,0,1200,1995.04375689189,969.4765349997851,13315.238673000067,239.51351351351352
1789899534,6,,Aggregated,0.900000,0.000000,1200,1400,1600,1600,4600,6600,8800,11000,13000,13000,13000,111,0,1200,1995.04375689189,969.4765349997851,13315.238673000067,239.51351351351352
1789899535,6,,Aggregated,1.000000,0.000000,1200,1400,1600,1600,4600,6600,8800,11000,13000,13000,13000,112,0,1200,1988.383577794641,969.4765349997851,13315.238673000067,239.35714285714286
1789899536,6,,Aggregated,1.000000,0.000000,1200,1400,1500,1600,4600,6600,8800,11000,13000,13000,13000,113,0,1200,1983.6405474513253,969.4765349997851,13315.238673000067,239.20353982300884
1789899537,6,,Aggregated,1.000000,0.000000,1200,1400,1500,1600,4600,6600,8800,11000,13000,13000,13000,115,0,1200,1970.134930486953,969.4765349997851,13315.238673000067,239.5304347826087
1789899538,6,,Aggregated,0.800000,0.000000,1200,1400,1500,1600,4600,6600,8800,11000,13000,13000,13000,116,0,1200,1964.2775587758588,969.4765349997851,13315.238673000067,239.68965517241378
1789899539,6,,Aggregated,0.900000,0.000000,1200,1400,1500,1600,4600,6600,8800,11000,13000,13000,13000,117,0,1200,1956.7075374358942,969.4765349997851,13315.238673000067,239.53846153846155
1789899540,6,,Aggregated,0.900000,0.000000,1200,1400,1500,1600,4600,6600,8800,11000,13000,13000,13000,117,0,1200,1956.7075374358942,969.4765349997851,13315.238673000067,239.53846153846155
1789899541,6,,Aggregated,0.900000,0.000000,1200,1400,1500,1600,4600,6600,8800,11000,13000,13000,13000,117,0,1200,1956.7075374358942,969.4765349997851,13315.238673000067,239.53846153846155
1789899542,6,,Aggregated,1.200000,0.000000,1200,1400,1500,1600,4600,6600,8800,11000,13000,13000,13000,119,0,1200,1944.8092694453737,969.4765349997851,13315.238673000067,239.2436974789916
1789899543,6,,Aggregated,1.000000,0.000000,1200,1400,1500,1600,4600,5100,8800,11000,13000,13000,13000,121,0,1200,1930.7022645950378,969.4765349997851,13315.238673000067,239.55371900826447
1789899544,6,,Aggregated,0.800000,0.000000,1200,1400,1500,1600,4600,5100,8800,11000,13000,13000,13000,122,0,1200,1924.7779642049143,969.4765349997851,13315.238673000067,239.70491803278688
1789899545,6,,Aggregated,0.900000,0.000000,1200,1400,1500,1600,4600,5100,8800,11000,13000,13000,13000,123,0,1200,1918.172584252029,969.4765349997851,13315.238673000067,239.5609756097561
1789899546,6,,Aggregated,0.900000,0.000000,1200,1400,1500,1600,4600,5100,8800,11000,13000,13000,13000,123,0,1200,1918.172584252029,969.4765349997851,13315.238673000067,239.5609756097561
1789899547,6,,Aggregated,0.900000,0.000000,1200,1400,1500,1600,4600,5100,8800,11000,13000,13000,13000,123,0,1200,1918.172584252029,969.4765349997851,13315.238673000067,239.5609756097561
1789899548,6,,Aggregated,1.200000,0.000000,1200,1400,1500,1600,4600,5100,8800,11000,13000,13000,13000,125,0,1200,1905.8149668319975,969.4765349997851,13315.238673000067,239.28
1789899549,6,,Aggregated,0.800000,0.000000,1200,1400,1500,1600,4600,5100,8800,11000,13000,13000,13000,127,0,1200,1895.394732338579,969.4765349997851,13315.238673000067,239.54330708661416
1789899550,6,,Aggregated,0.800000,0.000000,1200,1400,1500,1600,4600,5100,8800,11000,13000,13000,13000,127,0,1200,1895.394732338579,969.4765349997851,13315.238673000067,239.54330708661416
1789899551,6,,Aggregated,0.900000,0.000000,1200,1400,1500,1600,4600,5100,8800,11000,13000,13000,13000,129,0,1200,1886.1751210775165,969.4765349997851,13315.238673000067,239.5503875968992
1789899552,6,,Aggregated,0.900000,0.000000,1200,1400,1500,1600,4600,5100,8800,11000,13000,13000,13000,129,0,1200,1886.1751210775165,969.4765349997851,13315.238673000067,239.5503875968992
1789899553,6,,Aggregated,0.900000,0.000000,1200,1400,1500,1600,4600,5100,8800,11000,13000,13000,13000,129,0,1200,1886.1751210775165,969.4765349997851,13315.238673000067,239.5503875968992
1789899554,6,,Aggregated,1.000000,0.000000,1200,1400,1500,1600,4500,5100,8800,11000,13000,13000,13000,131,0,1200,1874.9035209999977,969.4765349997851,13315.238673000067,239.49618320610688
1789899555,6,,Aggregated,1.000000,0.000000,1200,1400,1500,1600,4500,5100,8800,11000,13000,13000,13000,131,0,1200,1874.9035209999977,969.4765349997851,13315.238673000067,239.49618320610688
1789899556,6,,Aggregated,0.800000,0.000000,1200,1400,1500,1600,4600,6600,11000,13000,120000,120000,120000,134,0,1200,2752.0064398312065,969.4765349997851,120219.74301338196,337.3805970149254
1789899557,6,,Aggregated,0.800000,0.000000,1200,1400,1500,1600,4600,6600,11000,13000,120000,120000,120000,134,0,1200,2752.0064398312065,969.4765349997851,120219.74301338196,337.3805970149254
1789899558,6,,Aggregated,0.800000,0.000000,1200,1400,1500,1600,4600,6600,11000,13000,120000,120000,120000,134,0,1200,2752.0064398312065,969.4765349997851,120219.74301338196,337.3805970149254
1789899559,6,,Aggregated,1.100000,0.000000,1200,1400,1500,1600,4600,6600,11000,13000,120000,120000,120000,137,0,1200,2757.570586469938,969.4765349997851,120219.74301338196,334.06569343065695
1789899560,6,,Aggregated,0.900000,0.000000,1200,1400,1500,1600,4600,6600,11000,13000,120000,120000,120000,138,0,1200,2745.8877499520395,969.4765349997851,120219.74301338196,333.5144927536232
1789899561,6,,Aggregated,0.900000,0.000000,1200,1400,1600,1700,4600,6600,11000,13000,120000,120000,120000,139,0,1200,2740.9894225495063,969.4765349997851,120219.74301338196,332.71223021582733
1789899562,6,,Aggregated,1.200000,0.000000,1200,1400,1500,1600,4500,5100,11000,13000,120000,120000,120000,141,0,1200,2717.1094433502217,969.4765349997851,120219.74301338196,331.39716312056737
1789899563,6,,Aggregated,1.200000,0.000000,1200,1400,1500,1600,4500,5100,11000,13000,120000,120000,120000,141,0,1200,2717.1094433502217,969.4765349997851,120219.74301338196,331.39716312056737
1789899564,6,,Aggregated,1.200000,0.000000,1200,1400,1500,1600,4500,5100,11000,13000,120000,120000,120000,141,0,1200,2717.1094433502217,969.4765349997851,120219.74301338196,331.39716312056737
1789899565,6,,Aggregated,1.200000,0.000000,1200,1400,1500,1600,4500,5100,11000,13000,120000,120000,120000,143,0,1200,2696.0792810306393,969.4765349997851,120219.74301338196,329.86713286713285
1789899566,6,,Aggregated,1.200000,0.000000,1200,1400,1600,1700,4600,6600,13000,120000,130000,130000,130000,145,0,1200,3564.2094161928676,969.4765349997851,129612.16974258423,427.36551724137934
1789899567,6,,Aggregated,1.100000,0.000000,1200,1400,1600,1700,4600,6600,13000,120000,130000,130000,130000,146,0,1200,3549.7492005134645,969.4765349997851,129612.16974258423,426.2054794520548
1789899568,6,,Aggregated,1.100000,0.000000,1200,1400,1600,1700,4600,6600,13000,120000,130000,130000,130000,146,0,1200,3549.7492005134645,969.4765349997851,129612.16974258423,426.2054794520548
1789899569,6,,Aggregated,1.200000,0.000000,1200,1400,1600,1700,4600,6600,13000,120000,130000,130000,130000,149,0,1200,3539.465391134,969.4765349997851,129612.16974258423,421.5838926174497
1789899570,6,,Aggregated,1.200000,0.000000,1200,1400,1600,2100,4600,6600,13000,120000,130000,130000,130000,150,0,1200,3534.1057371664397,969.4765349997851,129612.16974258423,420.25333333333333
1789899571,6,,Aggregated,1.000000,0.000000,1200,1400,1600,1700,4500,6600,11000,120000,130000,130000,130000,151,0,1200,3519.634898158715,969.4765349997851,129612.16974258423,418.94039735099335
1789899572,6,,Aggregated,1.000000,0.000000,1200,1400,1600,1700,4500,6600,11000,120000,130000,130000,130000,152,0,1200,3504.1801785918806,969.4765349997851,129612.16974258423,417.64473684210526
1789899573,6,,Aggregated,1.100000,0.000000,1200,1400,1600,1700,4500,6600,11000,120000,130000,130000,130000,154,0,1200,3474.866018019259,969.4765349997851,129612.16974258423,415.3376623376623
1789899574,6,,Aggregated,1.100000,0.000000,1200,1400,1600,1700,4500,6600,11000,120000,130000,130000,130000,154,0,1200,3474.866018019259,969.4765349997851,129612.16974258423,415.3376623376623
1789899575,6,,Aggregated,1.200000,0.000000,1200,1400,1600,1700,4500,6600,11000,120000,130000,130000,130000,156,0,1200,3444.9370830126013,969.4765349997851,129612.16974258423,413.0897435897436
1789899576,6,,Aggregated,1.200000,0.000000,1200,1400,1600,1700,4600,6800,13000,130000,140000,140000,140000,158,0,1200,4297.339430851162,969.4765349997851,139953.50122451782,509.99367088607596
1789899577,6,,Aggregated,1.300000,0.000000,1200,1400,1600,1700,4600,6800,13000,130000,140000,140000,140000,159,0,1200,4278.938300418137,969.4765349997851,139953.50122451782,508.1823899371069
1789899578,6,,Aggregated,1.300000,0.000000,1200,1400,1600,1700,4600,6800,13000,130000,140000,140000,140000,159,0,1200,4278.938300418137,969.4765349997851,139953.50122451782,508.1823899371069
1789899579,6,,Aggregated,1.300000,0.000000,1200,1400,1600,2100,4600,6800,13000,130000,140000,140000,140000,160,0,1200,4271.376185203024,969.4765349997851,139953.50122451782,505.49375
1789899580,6,,Aggregated,1.300000,0.000000,1200,1400,1600,2100,4500,6600,13000,130000,140000,140000,140000,162,0,1200,4253.726063428911,969.4765349997851,139953.50122451782,502.21604938271605
1789899581,6,,Aggregated,1.300000,0.000000,1200,1400,1600,2400,4500,6600,13000,130000,140000,140000,140000,165,0,1200,4213.3961387180825,969.4765349997851,139953.50122451782,497.55757575757576
1789899582,6,,Aggregated,1.300000,0.000000,1200,1400,1600,2300,4500,6600,13000,130000,140000,140000,140000,166,0,1200,4194.448924527011,969.4765349997851,139953.50122451782,495.8975903614458
1789899583,6,,Aggregated,1.200000,0.000000,1200,1400,1600,2300,4500,6600,13000,130000,140000,140000,140000,167,0,1200,4175.710995224454,969.4765349997851,139953.50122451782,494.25748502994014
1789899584,6,,Aggregated,1.400000,0.000000,1200,1400,1600,2300,4500,6600,13000,130000,140000,140000,140000,168,0,1200,4157.221142735023,969.4765349997851,139953.50122451782,492.63690476190476
1789899585,6,,Aggregated,1.400000,0.000000,1200,1400,1600,2300,4500,6600,13000,130000,140000,140000,140000,169,0,1200,4140.763567434816,969.4765349997851,139953.50122451782,491.03550295857985
1789899586,6,,Aggregated,1.400000,0.000000,1200,1400,1600,2100,3900,6600,13000,130000,140000,140000,140000,171,0,1200,4107.0462984648175,969.4765349997851,139953.50122451782,488.09941520467834
1789899587,6,,Aggregated,1.400000,0.000000,1200,1400,1600,2100,3900,6600,13000,130000,140000,140000,140000,173,0,1200,4074.0675268351665,969.4765349997851,139953.50122451782,485.23121387283237
1789899588,6,,Aggregated,1.300000,0.000000,1200,1400,1600,2100,3900,6600,13000,130000,140000,140000,140000,175,0,1200,4040.840378517051,969.4765349997851,139953.50122451782,482.42857142857144
1789899589,6,,Aggregated,1.300000,0.000000,1200,1400,1600,2100,3900,6600,13000,130000,140000,140000,140000,176,0,1200,4023.95387469593,969.4765349997851,139953.50122451782,480.9488636363636
1789899590,6,,Aggregated,1.300000,0.000000,1200,1400,1600,2100,3900,6600,13000,130000,140000,140000,140000,176,0,1200,4023.95387469593,969.4765349997851,139953.50122451782,480.9488636363636
1789899591,6,,Aggregated,1.600000,0.000000,1200,1400,1600,2100,3900,6600,13000,130000,140000,140000,140000,177,0,1200,4007.7635330535795,969.4765349997851,139953.50122451782,479.4858757062147
1789899592,6,,Aggregated,1.400000,0.000000,1200,1400,1600,2100,3900,6600,13000,130000,140000,140000,140000,179,0,1200,3977.0354435054946,969.4765349997851,139953.50122451782,476.8100558659218
1789899593,6,,Aggregated,1.200000,0.000000,1200,1400,1600,1700,3400,5100,13000,130000,140000,140000,140000,181,0,1200,3945.128710102119,969.4765349997851,139953.50122451782,474.1933701657459
1789899594,6,,Aggregated,1.100000,0.000000,1200,1400,1600,1700,3400,5100,13000,130000,140000,140000,140000,183,0,1200,3913.4813612758653,969.4765349997851,139953.50122451782,471.6338797814208
1789899595,6,,Aggregated,1.300000,0.000000,1200,1400,1600,1700,3400,5100,13000,130000,140000,140000,140000,184,0,1200,3898.0243349102366,969.4765349997851,139953.50122451782,470.2771739130435
1789899596,6,,Aggregated,1.300000,0.000000,1200,1400,1600,1700,3400,5100,13000,130000,140000,140000,140000,184,0,1200,3898.0243349102366,969.4765349997851,139953.50122451782,470.2771739130435
1789899597,6,,Aggregated,1.300000,0.000000,1200,1400,1600,1700,3400,5100,13000,130000,140000,140000,140000,184,0,1200,3898.0243349102366,969.4765349997851,139953.50122451782,470.2771739130435
1789899598,6,,Aggregated,1.300000,0.000000,1200,1400,1600,1700,3400,5100,13000,130000,140000,140000,140000,187,0,1200,3852.625052264618,969.4765349997851,139953.50122451782,466.4866310160428
1789899599,6,,Aggregated,1.200000,0.000000,1200,1400,1600,1700,3400,5100,13000,130000,140000,140000,140000,188,0,1200,3839.2757226674657,969.4765349997851,139953.50122451782,465.3776595744681
1789899600,6,,Aggregated,1.200000,0.000000,1200,1400,1600,1700,3400,5100,13000,130000,140000,140000,140000,190,0,1200,3811.920304165703,969.4765349997851,139953.50122451782,463.0052631578947
1789899601,6,,Aggregated,1.100000,0.000000,1200,1400,1600,1700,3200,5100,13000,130000,140000,140000,140000,191,0,1200,3801.417146410908,969.4765349997851,139953.50122451782,461.7434554973822
1789899602,6,,Aggregated,1.100000,0.000000,1200,1400,1600,1700,3200,5100,13000,130000,140000,140000,140000,191,0,1200,3801.417146410908,969.4765349997851,139953.50122451782,461.7434554973822
1789899603,6,,Aggregated,1.100000,0.000000,1200,1400,1600,1700,3200,5100,13000,130000,140000,140000,140000,191,0,1200,3801.417146410908,969.4765349997851,139953.50122451782,461.7434554973822
1789899604,6,,Aggregated,1.400000,0.000000,1200,1400,1600,1700,3200,5100,13000,130000,140000,140000,140000,194,0,1200,3758.8236519200177,969.4765349997851,139953.50122451782,458.2216494845361
1789899605,6,,Aggregated,1.100000,0.000000,1200,1400,1600,1700,3200,5100,13000,130000,140000,140000,140000,195,0,1200,3745.393093376838,969.4765349997851,139953.50122451782,457.1948717948718
1789899606,6,,Aggregated,0.900000,0.000000,1200,1400,1500,1700,3200,5100,13000,130000,140000,140000,140000,197,0,1200,3720.503455246109,969.4765349997851,139953.50122451782,454.98984771573606
1789899607,6,,Aggregated,1.100000,0.000000,1200,1400,1500,1700,3200,5100,13000,130000,140000,140000,140000,198,0,1200,3707.495397648906,969.4765349997851,139953.50122451782,453.8131313131313
1789899608,6,,Aggregated,1.100000,0.000000,1200,1400,1500,1700,3200,5100,13000,130000,140000,140000,140000,198,0,1200,3707.495397648906,969.4765349997851,139953.50122451782,453.8131313131313
1789899609,6,,Aggregated,1.100000,0.000000,1200,1400,1500,1700,3200,5100,13000,130000,140000,140000,140000,198,0,1200,3707.495397648906,969.4765349997851,139953.50122451782,453.8131313131313
1789899610,6,,Aggregated,1.300000,0.000000,1200,1400,1500,1700,3200,5100,13000,130000,140000,140000,140000,199,0,1200,3695.097495595394,969.4765349997851,139953.50122451782,452.8291457286432
1789899611,6,,Aggregated,1.100000,0.000000,1200,1400,1500,1700,3200,4800,11000,120000,140000,140000,140000,201,0,1200,3669.5801013307632,941.4258320000499,139953.50122451782,450.71144278606965
1789899612,6,,Aggregated,0.800000,0.000000,1200,1400,1500,1700,3200,4800,11000,120000,140000,140000,140000,202,0,1200,3658.072152784572,941.4258320000499,139953.50122451782,449.5792079207921
1789899613,6,,Aggregated,1.000000,0.000000,1200,1400,1500,1700,3200,4800,11000,120000,140000,140000,140000,204,0,1200,3635.5045425121752,941.4258320000499,139953.50122451782,447.52450980392155
1789899614,6,,Aggregated,1.000000,0.000000,1200,1400,1500,1700,3200,4800,11000,120000,140000,140000,140000,204,0,1200,3635.5045425121752,941.4258320000499,139953.50122451782,447.52450980392155
1789899615,6,,Aggregated,1.000000,0.000000,1200,1400,1500,1700,3200,4800,11000,120000,140000,140000,140000,204,0,1200,3635.5045425121752,941.4258320000499,139953.50122451782,447.52450980392155
1789899616,6,,Aggregated,1.000000,0.000000,1200,1400,1500,1700,3200,4800,11000,120000,140000,140000,140000,204,0,1200,3635.5045425121752,941.4258320000499,139953.50122451782,447.52450980392155
1789899617,6,,Aggregated,1.000000,0.000000,1200,1400,1500,1700,3200,4800,11000,120000,140000,140000,140000,206,0,1200,3613.7769722062326,941.4258320000499,139953.50122451782,445.50970873786406
1789899618,6,,Aggregated,0.800000,0.000000,1200,1400,1500,1700,3200,4800,11000,120000,140000,140000,140000,208,0,1200,3590.959054319634,941.4258320000499,139953.50122451782,443.53365384615387
1789899619,6,,Aggregated,0.800000,0.000000,1200,1400,1500,1700,3200,4800,11000,120000,140000,140000,140000,210,0,1200,3568.0038527546853,941.4258320000499,139953.50122451782,441.5952380952381
1789899620,6,,Aggregated,0.800000,0.000000,1200,1400,1500,1700,3200,4800,11000,120000,140000,140000,140000,210,0,1200,3568.0038527546853,941.4258320000499,139953.50122451782,441.5952380952381
1789899621,6,,Aggregated,0.800000,0.000000,1200,1400,1500,1700,3200,4800,11000,120000,140000,140000,140000,210,0,1200,3568.0038527546853,941.4258320000499,139953.50122451782,441.5952380952381
1789899622,6,,Aggregated,0.800000,0.000000,1200,1400,1500,1700,3200,4800,11000,120000,140000,140000,140000,210,0,1200,3568.0038527546853,941.4258320000499,139953.50122451782,441.5952380952381
1789899623,6,,Aggregated,1.000000,0.000000,1200,1400,1500,1600,3200,4800,11000,120000,140000,140000,140000,211,0,1200,3557.4713606041887,941.4258320000499,139953.50122451782,440.7251184834123
1789899624,6,,Aggregated,0.900000,0.000000,1200,1400,1500,1600,3200,4800,11000,120000,140000,140000,140000,214,0,1200,3525.015647464877,941.4258320000499,139953.50122451782,437.82710280373834
1789899625,6,,Aggregated,0.700000,0.000000,1200,1300,1500,1600,3200,4800,11000,120000,140000,140000,140000,215,0,1200,3513.4480568441095,941.4258320000499,139953.50122451782,436.9906976744186
1789899626,6,,Aggregated,0.700000,0.000000,1200,1300,1500,1600,3200,4800,11000,120000,140000,140000,140000,216,0,1200,3502.4642714559423,941.4258320000499,139953.50122451782,435.9953703703704
1789899627,6,,Aggregated,0.700000,0.000000,1200,1300,1500,1600,3200,4800,11000,120000,140000,140000,140000,216,0,1200,3502.4642714559423,941.4258320000499,139953.50122451782,435.9953703703704
1789899628,6,,Aggregated,0.700000,0.000000,1200,1300,1500,1600,3200,4800,11000,120000,140000,140000,140000,216,0,1200,3502.4642714559423,941.4258320000499,139953.50122451782,435.9953703703704
1789899629,6,,Aggregated,1.100000,0.000000,1200,1300,1500,1600,3200,4800,11000,120000,140000,140000,140000,217,0,1200,3491.1093233755005,941.4258320000499,139953.50122451782,435.17511520737327
1789899630,6,,Aggregated,1.100000,0.000000,1200,1300,1500,1600,3200,4800,11000,120000,140000,140000,140000,219,0,1200,3468.3718311985554,941.4258320000499,139953.50122451782,433.39269406392697
1789899631,6,,Aggregated,0.800000,0.000000,1200,1300,1500,1600,3100,4700,11000,120000,140000,140000,140000,221,0,1200,3446.92818473522,941.4258320000499,139953.50122451782,431.6425339366516
1789899632,6,,Aggregated,0.800000,0.000000,1200,1300,1500,1600,3100,4700,11000,120000,140000,140000,140000,222,0,1200,3436.237795939115,941.4258320000499,139953.50122451782,430.6981981981982
1789899633,6,,Aggregated,0.800000,0.000000,1200,1300,1500,1600,3100,4700,11000,120000,140000,140000,140000,222,0,1200,3436.237795939115,941.4258320000499,139953.50122451782,430.6981981981982
1789899634,6,,Aggregated,0.800000,0.000000,1200,1300,1500,1600,3100,4700,11000,120000,140000,140000,140000,222,0,1200,3436.237795939115,941.4258320000499,139953.50122451782,430.6981981981982
1789899635,6,,Aggregated,0.800000,0.000000,1200,1300,1500,1600,3100,4700,11000,120000,140000,140000,140000,222,0,1200,3436.237795939115,941.4258320000499,139953.50122451782,430.6981981981982
1789899636,6,,Aggregated,1.200000,0.000000,1200,1300,1500,1600,3100,4700,11000,120000,140000,140000,140000,225,0,1200,3406.8195589710385,941.4258320000499,139953.50122451782,428.23555555555555
1789899637,6,,Aggregated,1.200000,0.000000,1200,1300,1500,1600,3100,4700,11000,120000,140000,140000,140000,225,0,1200,3406.8195589710385,941.4258320000499,139953.50122451782,428.23555555555555
1789899638,6,,Aggregated,0.800000,0.000000,1200,1300,1500,1600,3100,4700,11000,120000,140000,140000,140000,228,0,1200,3383.0853953486117,941.4258320000499,139953.50122451782,425.6798245614035
1789899639,6,,Aggregated,0.800000,0.000000,1200,1300,1500,1600,3100,4700,11000,120000,140000,140000,140000,228,0,1200,3383.0853953486117,941.4258320000499,139953.50122451782,425.6798245614035
1789899640,6,,Aggregated,0.800000,0.000000,1200,1300,1500,1600,3100,4700,11000,120000,140000,140000,140000,228,0,1200,3383.0853953486117,941.4258320000499,139953.50122451782,425.6798245614035
1789899641,6,,Aggregated,0.800000,0.000000,1200,1300,1500,1600,3100,4700,11000,120000,140000,140000,140000,228,0,1200,3383.0853953486117,941.4258320000499,139953.50122451782,425.6798245614035
1789899642,6,,Aggregated,0.900000,0.000000,1200,1300,1500,1600,3000,4700,11000,120000,140000,140000,140000,231,0,1200,3356.699472828932,941.4258320000499,139953.50122451782,423.34632034632034
1789899643,6,,Aggregated,0.900000,0.000000,1200,1300,1500,1600,3000,4700,11000,120000,140000,140000,140000,231,0,1200,3356.699472828932,941.4258320000499,139953.50122451782,423.34632034632034
1789899644,6,,Aggregated,0.800000,0.000000,1200,1300,1500,1600,3000,4700,11000,120000,140000,140000,140000,234,0,1200,3326.987712959329,941.4258320000499,139953.50122451782,420.9188034188034
1789899645,6,,Aggregated,0.800000,0.000000,1200,1300,1500,1600,3000,4700,11000,120000,140000,140000,140000,234,0,1200,3326.987712959329,941.4258320000499,139953.50122451782,420.9188034188034
1789899646,6,,Aggregated,0.800000,0.000000,1200,1300,1500,1600,3000,4700,11000,120000,140000,140000,140000,234,0,1200,3326.987712959329,941.4258320000499,139953.50122451782,420.9188034188034
1789899647,6,,Aggregated,0.800000,0.000000,1200,1300,1500,1600,3000,4700,11000,120000,140000,140000,140000,234,0,1200,3326.987712959329,941.4258320000499,139953.50122451782,420.9188034188034
1789899648,6,,Aggregated,0.900000,0.000000,1200,1300,1500,1600,3000,4700,11000,120000,140000,140000,140000,236,0,1200,3308.4807742393346,941.4258320000499,139953.50122451782,419.5381355932203
1789899649,6,,Aggregated,0.900000,0.000000,1200,1300,1500,1600,3000,4700,11000,120000,140000,140000,140000,237,0,1200,3300.314128934527,941.4258320000499,139953.50122451782,418.704641350211
1789899650,6,,Aggregated,0.600000,0.000000,1200,1300,1500,1600,3000,4700,11000,120000,140000,140000,140000,240,0,1200,3272.4948482311797,941.4258320000499,139953.50122451782,416.3958333333333
1789899651,6,,Aggregated,0.600000,0.000000,1200,1300,1500,1600,3000,4700,11000,120000,140000,140000,140000,240,0,1200,3272.4948482311797,941.4258320000499,139953.50122451782,416.3958333333333
1789899652,6,,Aggregated,0.600000,0.000000,1200,1300,1500,1600,3000,4700,11000,120000,140000,140000,140000,240,0,1200,3272.4948482311797,941.4258320000499,139953.50122451782,416.3958333333333
1789899653,6,,Aggregated,0.600000,0.000000,1200,1300,1500,1600,3000,4700,11000,120000,140000,140000,140000,240,0,1200,3272.4948482311797,941.4258320000499,139953.50122451782,416.3958333333333
1789899654,6,,Aggregated,1.000000,0.000000,1200,1300,1500,1600,2800,4600,11000,120000,140000,140000,140000,242,0,1200,3255.313388795385,941.4258320000499,139953.50122451782,415.08677685950414
1789899655,6,,Aggregated,0.900000,0.000000,1200,1300,1500,1600,2800,4600,11000,120000,140000,140000,140000,243,0,1200,3246.9321324052808,941.4258320000499,139953.50122451782,414.2921810699589
1789899656,6,,Aggregated,0.600000,0.000000,1200,1300,1400,1600,2800,4600,11000,120000,140000,140000,140000,246,0,1200,3222.0630751198505,941.4258320000499,139953.50122451782,412.0934959349593
1789899657,6,,Aggregated,0.600000,0.000000,1200,1300,1400,1600,2800,4600,11000,120000,140000,140000,140000,246,0,1200,3222.0630751198505,941.4258320000499,139953.50122451782,412.0934959349593
1789899658,6,,Aggregated,0.600000,0.000000,1200,1300,1400,1600,2800,4600,11000,120000,140000,140000,140000,246,0,1200,3222.0630751198505,941.4258320000499,139953.50122451782,412.0934959349593
1789899659,6,,Aggregated,0.600000,0.000000,1200,1300,1400,1600,2800,4600,11000,120000,140000,140000,140000,246,0,1200,3222.0630751198505,941.4258320000499,139953.50122451782,412.0934959349593
1789899660,6,,Aggregated,0.600000,0.000000,1200,1300,1400,1600,2800,4600,11000,120000,140000,140000,140000,246,0,1200,3222.0630751198505,941.4258320000499,139953.50122451782,412.0934959349593
1789899661,6,,Aggregated,0.900000,0.000000,1200,1300,1400,1600,2800,4600,11000,120000,140000,140000,140000,249,0,1200,3198.5380238172024,941.4258320000499,139953.50122451782,410.09236947791163
1789899662,6,,Aggregated,0.700000,0.000000,1200,1300,1400,1600,2800,4600,8800,120000,140000,140000,140000,252,0,1200,3173.4559467479503,941.4258320000499,139953.50122451782,407.99603174603175
1789899663,6,,Aggregated,0.700000,0.000000,1200,1300,1400,1600,2800,4600,8800,120000,140000,140000,140000,252,0,1200,3173.4559467479503,941.4258320000499,139953.50122451782,407.99603174603175
1789899664,6,,Aggregated,0.700000,0.000000,1200,1300,1400,1600,2800,4600,8800,120000,140000,140000,140000,252,0,1200,3173.4559467479503,941.4258320000499,139953.50122451782,407.99603174603175
1789899665,6,,Aggregated,0.700000,0.000000,1200,1300,1400,1600,2800,4600,8800,120000,140000,140000,140000,252,0,1200,3173.4559467479503,941.4258320000499,139953.50122451782,407.99603174603175
1789899666,6,,Aggregated,0.700000,0.000000,1200,1300,1400,1600,2800,4600,8800,120000,140000,140000,140000,252,0,1200,3173.4559467479503,941.4258320000499,139953.50122451782,407.99603174603175
1789899667,6,,Aggregated,1.000000,0.000000,1200,1300,1400,1600,2800,4600,8800,120000,140000,140000,140000,254,0,1200,3159.593323131825,941.4258320000499,139953.50122451782,406.7992125984252
1789899668,6,,Aggregated,0.800000,0.000000,1200,1300,1400,1600,2800,4600,8800,120000,140000,140000,140000,257,0,1200,3136.4061467762003,941.4258320000499,139953.50122451782,404.78210116731515
1789899669,6,,Aggregated,0.800000,0.000000,1200,1300,1400,1600,2800,4600,8800,120000,140000,140000,140000,257,0,1200,3136.4061467762003,941.4258320000499,139953.50122451782,404.78210116731515
1789899670,6,,Aggregated,0.700000,0.000000,1200,1300,1400,1600,2800,4600,8800,120000,140000,140000,140000,258,0,1200,3133.939689215052,941.4258320000499,139953.50122451782,404.0736434108527
1789899671,6,,Aggregated,0.700000,0.000000,1200,1300,1400,1600,2800,4600,8800,120000,140000,140000,140000,258,0,1200,3133.939689215052,941.4258320000499,139953.50122451782,404.0736434108527
1789899672,6,,Aggregated,0.700000,0.000000,1200,1300,1400,1600,2800,4600,8800,120000,140000,140000,140000,258,0,1200,3133.939689215052,941.4258320000499,139953.50122451782,404.0736434108527
1789899673,6,,Aggregated,1.000000,0.000000,1200,1300,1400,1600,2800,4600,8800,120000,140000,140000,140000,259,0,1200,3125.849047009588,941.4258320000499,139953.50122451782,403.5096525096525
1789899674,6,,Aggregated,1.000000,0.000000,1200,1300,1400,1600,2800,4600,11000,130000,238000,238000,238000,262,0,1200,4010.371121172962,941.4258320000499,238119.61841583252,458.00763358778624
1789899675,6,,Aggregated,1.000000,0.000000,1200,1300,1400,1600,2800,4600,11000,130000,238000,238000,238000,262,0,1200,4010.371121172962,941.4258320000499,238119.61841583252,458.00763358778624
1789899676,6,,Aggregated,1.000000,0.000000,1200,1300,1400,1600,2800,4600,11000,130000,238000,238000,238000,262,0,1200,4010.371121172962,941.4258320000499,238119.61841583252,458.00763358778624
1789899677,6,,Aggregated,1.000000,0.000000,1200,1300,1500,1600,3000,4600,11000,130000,238000,238000,238000,265,0,1200,4003.2729366615704,941.4258320000499,238119.61841583252,455.0188679245283
1789899678,6,,Aggregated,1.000000,0.000000,1200,1300,1500,1600,3000,4600,11000,130000,238000,238000,238000,266,0,1200,3999.323370865851,941.4258320000499,238119.61841583252,454.14285714285717
1789899679,6,,Aggregated,1.200000,0.000000,1200,1300,1500,1600,3000,4600,11000,130000,238000,238000,238000,267,0,1200,3988.2506342858287,941.4258320000499,238119.61841583252,453.4082397003745
1789899680,6,,Aggregated,1.200000,0.000000,1200,1300,1500,1600,3000,4600,11000,130000,238000,238000,238000,269,0,1200,3967.1725003060105,941.4258320000499,238119.61841583252,451.68773234200745
1789899681,6,,Aggregated,1.200000,0.000000,1200,1300,1500,1600,3000,4600,11000,130000,238000,238000,238000,269,0,1200,3967.1725003060105,941.4258320000499,238119.61841583252,451.68773234200745
1789899682,6,,Aggregated,1.200000,0.000000,1200,1300,1500,1600,3000,4600,11000,130000,238000,238000,238000,269,0,1200,3967.1725003060105,941.4258320000499,238119.61841583252,451.68773234200745
1789899683,6,,Aggregated,1.100000,0.000000,1200,1300,1500,1600,3000,4600,11000,130000,238000,238000,238000,271,0,1200,3946.099792517775,941.4258320000499,238119.61841583252,450.12546125461256
1789899684,6,,Aggregated,1.100000,0.000000,1200,1300,1500,1600,3000,4700,13000,140000,248000,248000,248000,273,0,1200,4833.112019242848,941.4258320000499,248119.10700798035,489.2857142857143
1789899685,6,,Aggregated,1.100000,0.000000,1200,1300,1500,1600,3000,4700,13000,140000,248000,248000,248000,274,0,1200,4823.3850411835665,941.4258320000499,248119.10700798035,488.31021897810217
1789899686,6,,Aggregated,1.100000,0.000000,1200,1300,1500,1600,3000,4700,13000,140000,248000,248000,248000,274,0,1200,4823.3850411835665,941.4258320000499,248119.10700798035,488.31021897810217
1789899687,6,,Aggregated,1.200000,0.000000,1200,1300,1500,1600,3000,4700,13000,140000,248000,248000,248000,276,0,1200,4809.39669057354,941.4258320000499,248119.10700798035,485.97463768115944
1789899688,6,,Aggregated,1.200000,0.000000,1200,1300,1500,1700,3100,4700,13000,140000,248000,248000,248000,278,0,1200,4797.129801206105,941.4258320000499,248119.10700798035,484.205035971223
1789899689,6,,Aggregated,1.200000,0.000000,1200,1300,1500,1700,3100,4700,13000,140000,248000,248000,248000,279,0,1200,4784.0337756641475,941.4258320000499,248119.10700798035,483.39426523297493
1789899690,6,,Aggregated,1.000000,0.000000,1200,1300,1500,1700,3100,4700,13000,140000,248000,248000,248000,280,0,1200,4771.496973454633,941.4258320000499,248119.10700798035,482.4607142857143
1789899691,6,,Aggregated,1.300000,0.000000,1200,1300,1500,1700,3000,4600,13000,140000,248000,248000,248000,282,0,1200,4744.484142710274,940.350811999906,248119.10700798035,480.61347517730496
1789899692,6,,Aggregated,1.300000,0.000000,1200,1300,1500,1700,3000,4600,13000,140000,248000,248000,248000,282,0,1200,4744.484142710274,940.350811999906,248119.10700798035,480.61347517730496
1789899693,6,,Aggregated,1.200000,0.000000,1200,1300,1500,1700,3000,4600,13000,140000,248000,248000,248000,283,0,1200,4731.582170916245,940.350811999906,248119.10700798035,479.69964664310953
1789899694,6,,Aggregated,1.300000,0.000000,1200,1300,1500,1700,3100,4700,120000,238000,250000,250000,250000,286,0,1200,5564.465769083079,940.350811999906,249510.21814346313,534.2902097902098
1789899695,6,,Aggregated,1.300000,0.000000,1200,1300,1500,1700,3100,4700,120000,238000,250000,250000,250000,286,0,1200,5564.465769083079,940.350811999906,249510.21814346313,534.2902097902098
1789899696,6,,Aggregated,1.300000,0.000000,1200,1300,1500,1700,3100,4700,120000,238000,250000,250000,250000,286,0,1200,5564.465769083079,940.350811999906,249510.21814346313,534.2902097902098
1789899697,6,,Aggregated,1.200000,0.000000,1200,1300,1500,1700,3200,4700,120000,238000,250000,250000,250000,289,0,1200,5542.754385282908,940.350811999906,249510.21814346313,530.6747404844291
1789899698,6,,Aggregated,1.200000,0.000000,1200,1400,1600,1800,3200,4700,120000,238000,250000,250000,250000,290,0,1200,5530.768097002621,940.350811999906,249510.21814346313,529.7344827586207
1789899699,6,,Aggregated,1.200000,0.000000,1200,1400,1600,1800,3200,4700,120000,238000,250000,250000,250000,291,0,1200,5525.224270380619,940.350811999906,249510.21814346313,528.6769759450171
1789899700,6,,Aggregated,1.400000,0.000000,1200,1400,1600,1800,3200,4700,120000,238000,250000,250000,250000,294,0,1200,5481.018115495783,940.350811999906,249510.21814346313,525.6700680272108
1789899701,6,,Aggregated,1.400000,0.000000,1200,1400,1600,1800,3200,4700,120000,238000,250000,250000,250000,294,0,1200,5481.018115495783,940.350811999906,249510.21814346313,525.6700680272108
1789899702,6,,Aggregated,1.200000,0.000000,1200,1300,1600,1800,3200,4700,120000,238000,250000,250000,250000,295,0,1200,5466.078604063595,940.350811999906,249510.21814346313,524.6406779661017
1789899703,6,,Aggregated,1.300000,0.000000,1200,1300,1500,1700,3200,4700,120000,238000,250000,250000,250000,297,0,1200,5437.756834756769,940.350811999906,249510.21814346313,522.7239057239058
1789899704,6,,Aggregated,1.200000,0.000000,1200,1300,1600,1700,3200,4700,120000,238000,250000,250000,250000,298,0,1200,5424.820729140136,940.350811999906,249510.21814346313,521.7147651006711
1789899705,6,,Aggregated,1.300000,0.000000,1200,1400,1600,1800,3200,4700,120000,238000,250000,250000,250000,300,0,1200,5401.153391022534,940.350811999906,249510.21814346313,519.8366666666667
1789899706,6,,Aggregated,1.200000,0.000000,1200,1300,1600,1700,3200,4600,13000,140000,250000,250000,250000,302,0,1200,5373.39839688,940.350811999906,249510.21814346313,517.9834437086092
1789899707,6,,Aggregated,1.200000,0.000000,1200,1300,1600,1700,3200,4600,13000,140000,250000,250000,250000,302,0,1200,5373.39839688,940.350811999906,249510.21814346313,517.9834437086092
1789899708,6,,Aggregated,1.400000,0.000000,1200,1300,1600,1700,3200,4600,13000,140000,250000,250000,250000,303,0,1200,5359.538589890298,940.350811999906,249510.21814346313,517.006600660066
1789899709,6,,Aggregated,1.400000,0.000000,1200,1300,1600,1700,3200,4600,13000,140000,250000,250000,250000,303,0,1200,5359.538589890298,940.350811999906,249510.21814346313,517.006600660066
1789899710,6,,Aggregated,1.200000,0.000000,1200,1300,1500,1700,3200,4600,13000,140000,250000,250000,250000,306,0,1200,5319.30259399595,940.350811999906,249510.21814346313,514.2320261437909
1789899711,6,,Aggregated,1.200000,0.000000,1200,1300,1500,1700,3200,4600,13000,140000,250000,250000,250000,306,0,1200,5319.30259399595,940.350811999906,249510.21814346313,514.2320261437909
1789899712,6,,Aggregated,1.400000,0.000000,1200,1300,1500,1700,3200,4600,13000,140000,250000,250000,250000,309,0,1200,5279.18707270149,940.350811999906,249510.21814346313,511.62783171521033
1789899713,6,,Aggregated,1.400000,0.000000,1200,1300,1500,1700,3200,4600,13000,140000,250000,250000,250000,310,0,1200,5265.942821457291,940.350811999906,249510.21814346313,510.69354838709677
1789899714,6,,Aggregated,1.400000,0.000000,1200,1300,1500,1700,3200,4600,13000,140000,250000,250000,250000,310,0,1200,5265.942821457291,940.350811999906,249510.21814346313,510.69354838709677
1789899715,6,,Aggregated,1.400000,0.000000,1200,1300,1500,1700,3100,4600,13000,140000,250000,250000,250000,311,0,1200,5253.114179877042,940.350811999906,249510.21814346313,509.7652733118971
1789899716,6,,Aggregated,1.300000,0.000000,1200,1300,1500,1700,3100,4600,13000,140000,250000,250000,250000,314,0,1200,5213.953684983313,940.350811999906,249510.21814346313,507.13057324840764
1789899717,6,,Aggregated,1.300000,0.000000,1200,1300,1500,1700,3100,4600,13000,140000,250000,250000,250000,314,0,1200,5213.953684983313,940.350811999906,249510.21814346313,507.13057324840764
1789899718,6,,Aggregated,1.200000,0.000000,1200,1300,1500,1700,3100,4600,13000,140000,250000,250000,250000,315,0,1200,5201.686190704001,940.350811999906,249510.21814346313,506.33968253968254
1789899719,6,,Aggregated,1.200000,0.000000,1200,1300,1500,1700,3100,4600,13000,140000,250000,250000,250000,317,0,1200,5176.49912263016,940.350811999906,249510.21814346313,504.65930599369085
1789899720,6,,Aggregated,1.200000,0.000000,1200,1300,1500,1700,3100,4600,13000,140000,250000,250000,250000,317,0,1200,5176.49912263016,940.350811999906,249510.21814346313,504.65930599369085
1789899721,6,,Aggregated,1.300000,0.000000,1200,1300,1500,1700,3100,4600,13000,140000,250000,250000,250000,318,0,1200,5164.146141320002,940.350811999906,249510.21814346313,503.7704402515723
1789899722,6,,Aggregated,1.200000,0.000000,1200,1300,1500,1700,3100,4600,13000,140000,250000,250000,250000,320,0,1200,5139.341137971127,940.350811999906,249510.21814346313,502.121875
1789899723,6,,Aggregated,1.200000,0.000000,1200,1300,1500,1700,3000,4600,13000,140000,250000,250000,250000,321,0,1200,5126.672272198631,940.350811999906,249510.21814346313,501.2492211838006
1789899724,6,,Aggregated,1.000000,0.000000,1200,1300,1500,1700,3000,4600,13000,140000,250000,250000,250000,322,0,1200,5114.294465713542,940.350811999906,249510.21814346313,500.49378881987576
1789899725,6,,Aggregated,1.000000,0.000000,1200,1300,1500,1700,3000,4600,13000,140000,250000,250000,250000,323,0,1200,5102.319476200497,940.350811999906,249510.21814346313,499.74303405572755
1789899726,6,,Aggregated,1.100000,0.000000,1200,1300,1500,1700,3000,4600,13000,140000,250000,250000,250000,324,0,1200,5090.387344419013,940.350811999906,249510.21814346313,498.8858024691358
1789899727,6,,Aggregated,1.200000,0.000000,1200,1300,1500,1700,3000,4600,13000,140000,250000,250000,250000,325,0,1200,5078.246440356185,940.350811999906,249510.21814346313,498.0338461538461
1789899728,6,,Aggregated,1.200000,0.000000,1200,1300,1500,1600,3000,4600,13000,140000,250000,250000,250000,327,0,1200,5053.869665048198,940.350811999906,249510.21814346313,496.45565749235476
1789899729,6,,Aggregated,1.200000,0.000000,1200,1300,1500,1600,3000,4600,13000,140000,250000,250000,250000,327,0,1200,5053.869665048198,940.350811999906,249510.21814346313,496.45565749235476
1789899730,6,,Aggregated,1.100000,0.000000,1200,1300,1500,1600,3000,4600,13000,140000,250000,250000,250000,328,0,1200,5042.267014157807,940.350811999906,249510.21814346313,495.7286585365854
1789899731,6,,Aggregated,1.100000,0.000000,1200,1300,1500,1600,3000,4600,13000,140000,250000,250000,250000,329,0,1200,5030.421292683164,940.350811999906,249510.21814346313,495.0060790273556
1789899732,6,,Aggregated,1.100000,0.000000,1200,1300,1500,1600,3000,4600,13000,140000,250000,250000,250000,330,0,1200,5018.45299455079,940.350811999906,249510.21814346313,494.1787878787879
1789899733,6,,Aggregated,1.100000,0.000000,1200,1300,1500,1600,3000,4600,13000,140000,250000,250000,250000,330,0,1200,5018.45299455079,940.350811999906,249510.21814346313,494.1787878787879
1789899734,6,,Aggregated,1.200000,0.000000,1200,1300,1500,1600,3000,4600,13000,140000,250000,250000,250000,333,0,1200,4984.99632392721,940.350811999906,249510.21814346313,491.83483483483485
1789899735,6,,Aggregated,1.200000,0.000000,1200,1300,1500,1600,3000,4600,13000,140000,250000,250000,250000,333,0,1200,4984.99632392721,940.350811999906,249510.21814346313,491.83483483483485
1789899736,6,,Aggregated,1.000000,0.000000,1200,1300,1500,1600,3000,4600,13000,140000,250000,250000,250000,334,0,1200,4973.189422954374,940.350811999906,249510.21814346313,491.13473053892216
1789899737,6,,Aggregated,1.000000,0.000000,1200,1300,1500,1600,3000,4600,13000,140000,250000,250000,250000,335,0,1200,4961.454451318689,940.350811999906,249510.21814346313,490.43880597014925
1789899738,6,,Aggregated,0.900000,0.000000,1200,1300,1500,1600,3000,4600,13000,140000,250000,250000,250000,336,0,1200,4951.3174355260735,940.350811999906,249510.21814346313,489.63988095238096
1789899739,6,,Aggregated,0.900000,0.000000,1200,1300,1500,1600,3000,4600,13000,140000,250000,250000,250000,336,0,1200,4951.3174355260735,940.350811999906,249510.21814346313,489.63988095238096
1789899740,6,,Aggregated,1.000000,0.000000,1200,1300,1500,1600,3000,4600,13000,140000,250000,250000,250000,337,0,1200,4940.112467658044,940.350811999906,249510.21814346313,488.84569732937683
1789899741,6,,Aggregated,1.000000,0.000000,1200,1300,1500,1600,3000,4600,13000,140000,250000,250000,250000,339,0,1200,4918.320191963897,940.350811999906,249510.21814346313,487.37758112094394
1789899742,6,,Aggregated,0.900000,0.000000,1200,1300,1500,1600,3000,4600,13000,140000,250000,250000,250000,340,0,1200,4907.216905652239,940.350811999906,249510.21814346313,486.7029411764706
1789899743,6,,Aggregated,1.100000,0.000000,1200,1300,1500,1600,2900,4600,13000,140000,250000,250000,250000,341,0,1200,4896.1815792280395,940.350811999906,249510.21814346313,486.03225806451616
1789899744,6,,Aggregated,0.900000,0.000000,1200,1300,1500,1600,2900,4600,13000,140000,250000,250000,250000,342,0,1200,4885.209427633805,940.350811999906,249510.21814346313,485.2602339181287
1789899745,6,,Aggregated,0.900000,0.000000,1200,1300,1500,1600,2900,4600,13000,140000,250000,250000,250000,342,0,1200,4885.209427633805,940.350811999906,249510.21814346313,485.2602339181287
1789899746,6,,Aggregated,1.000000,0.000000,1200,1300,1500,1600,2900,4600,13000,140000,250000,250000,250000,343,0,1200,4874.300532544493,940.350811999906,249510.21814346313,484.4927113702624
1789899747,6,,Aggregated,0.900000,0.000000,1200,1300,1500,1600,2900,4600,13000,140000,250000,250000,250000,345,0,1200,4852.379991805104,940.350811999906,249510.21814346313,483.0753623188406
1789899748,6,,Aggregated,0.900000,0.000000,1200,1300,1500,1600,2900,4600,13000,140000,250000,250000,250000,345,0,1200,4852.379991805104,940.350811999906,249510.21814346313,483.0753623188406
1789899749,6,,Aggregated,1.000000,0.000000,1200,1300,1500,1600,2900,4600,13000,140000,250000,250000,250000,347,0,1200,4831.599724633316,940.350811999906,249510.21814346313,481.7780979827089
1789899750,6,,Aggregated,1.000000,0.000000,1200,1300,1500,1600,2900,4600,13000,140000,250000,250000,250000,348,0,1200,4820.539239760807,940.350811999906,249510.21814346313,481.0316091954023
1789899751,6,,Aggregated,1.000000,0.000000,1200,1300,1500,1600,2900,4600,13000,140000,250000,250000,250000,348,0,1200,4820.539239760807,940.350811999906,249510.21814346313,481.0316091954023
1789899752,6,,Aggregated,1.100000,0.000000,1200,1300,1400,1600,2900,4600,13000,140000,250000,250000,250000,349,0,1200,4810.004793417653,940.350811999906,249510.21814346313,480.2893982808023
1789899753,6,,Aggregated,0.900000,0.000000,1200,1300,1400,1600,2900,4600,11000,140000,250000,250000,250000,351,0,1200,4788.827714506442,940.350811999906,249510.21814346313,478.92022792022794
1789899754,6,,Aggregated,0.900000,0.000000,1200,1300,1400,1600,2900,4600,11000,140000,250000,250000,250000,351,0,1200,4788.827714506442,940.350811999906,249510.21814346313,478.92022792022794
1789899755,6,,Aggregated,1.000000,0.000000,1200,1300,1400,1600,2900,4600,11000,140000,250000,250000,250000,353,0,1200,4768.179327486574,940.350811999906,249510.21814346313,477.6685552407932
1789899756,6,,Aggregated,1.000000,0.000000,1200,1300,1400,1600,2900,4600,11000,140000,250000,250000,250000,353,0,1200,4768.179327486574,940.350811999906,249510.21814346313,477.6685552407932
1789899757,6,,Aggregated,1.000000,0.000000,1200,1300,1400,1600,2900,4600,11000,140000,250000,250000,250000,354,0,1200,4757.821933010624,940.350811999906,249510.21814346313,476.94632768361583
1789899758,6,,Aggregated,1.100000,0.000000,1200,1300,1400,1600,2900,4600,11000,140000,250000,250000,250000,355,0,1200,4747.419741038763,940.350811999906,249510.21814346313,476.22816901408453
1789899759,6,,Aggregated,1.000000,0.000000,1200,1300,1400,1600,2900,4600,11000,140000,250000,250000,250000,357,0,1200,4728.38076082566,940.350811999906,249510.21814346313,474.9047619047619
1789899760,6,,Aggregated,1.000000,0.000000,1200,1300,1400,1600,2900,4600,11000,140000,250000,250000,250000,357,0,1200,4728.38076082566,940.350811999906,249510.21814346313,474.9047619047619
1789899761,6,,Aggregated,0.900000,0.000000,1200,1300,1400,1600,2900,4600,11000,140000,250000,250000,250000,358,0,1200,4719.5134692758675,940.350811999906,249510.21814346313,474.29888268156424
1789899762,6,,Aggregated,0.900000,0.000000,1200,1300,1400,1600,2900,4600,11000,140000,250000,250000,250000,359,0,1200,4709.839027043901,940.350811999906,249510.21814346313,473.6963788300836
1789899763,6,,Aggregated,1.000000,0.000000,1200,1300,1400,1600,2900,4600,11000,140000,250000,250000,250000,360,0,1200,4700.221521341001,940.350811999906,249510.21814346313,472.9972222222222
1789899764,6,,Aggregated,1.100000,0.000000,1200,1300,1400,1600,2900,4600,11000,140000,250000,250000,250000,361,0,1200,4690.589640844211,940.350811999906,249510.21814346313,472.30193905817174
1789899765,6,,Aggregated,1.000000,0.000000,1200,1300,1400,1600,2900,4600,11000,140000,250000,250000,250000,362,0,1200,4681.0768446098355,940.350811999906,249510.21814346313,471.61049723756906
1789899766,6,,Aggregated,0.900000,0.000000,1200,1300,1400,1600,2900,4600,11000,140000,250000,250000,250000,363,0,1200,4672.743228911186,940.350811999906,249510.21814346313,471.0220385674931
1789899767,6,,Aggregated,1.000000,0.000000,1200,1300,1400,1600,2900,4600,11000,140000,250000,250000,250000,364,0,1200,4662.76795054055,940.350811999906,249510.21814346313,470.4368131868132
1789899768,6,,Aggregated,0.900000,0.000000,1200,1300,1400,1600,2900,4600,11000,140000,250000,250000,250000,365,0,1200,4653.121137325371,940.350811999906,249510.21814346313,469.85479452054796
1789899769,6,,Aggregated,0.900000,0.000000,1200,1300,1400,1600,2900,4600,11000,140000,250000,250000,250000,366,0,1200,4643.25262743104,940.350811999906,249510.21814346313,469.1775956284153
1789899770,6,,Aggregated,1.000000,0.000000,1200,1300,1400,1600,2900,4600,11000,140000,250000,250000,250000,367,0,1200,4633.434524342672,940.350811999906,249510.21814346313,468.50408719346046
1789899771,6,,Aggregated,1.000000,0.000000,1200,1300,1400,1600,2900,4600,11000,140000,250000,250000,250000,368,0,1200,4623.672285496633,940.350811999906,249510.21814346313,467.8342391304348
1789899772,6,,Aggregated,0.900000,0.000000,1200,1300,1400,1600,2900,4600,11000,140000,250000,250000,250000,369,0,1200,4613.962134969541,940.350811999906,249510.21814346313,467.26558265582656
1789899773,6,,Aggregated,0.900000,0.000000,1200,1300,1400,1600,2900,4600,11000,140000,250000,250000,250000,369,0,1200,4613.962134969541,940.350811999906,249510.21814346313,467.26558265582656
1789899774,6,,Aggregated,0.900000,0.000000,1200,1300,1400,1600,2900,4600,11000,140000,250000,250000,250000,371,0,1200,4595.263078047873,940.350811999906,249510.21814346313,466.13746630727763
1789899775,6,,Aggregated,0.900000,0.000000,1200,1300,1400,1600,2900,4600,11000,140000,250000,250000,250000,372,0,1200,4586.256569112261,940.350811999906,249510.21814346313,465.48118279569894
1789899776,6,,Aggregated,0.900000,0.000000,1200,1300,1400,1600,2900,4600,11000,140000,250000,250000,250000,372,0,1200,4586.256569112261,940.350811999906,249510.21814346313,465.48118279569894
1789899777,6,,Aggregated,1.000000,0.000000,1200,1300,1400,1600,2900,4600,11000,140000,250000,250000,250000,374,0,1200,4567.857978983318,940.350811999906,249510.21814346313,464.17914438502675
1789899778,6,,Aggregated,1.000000,0.000000,1200,1300,1400,1600,2900,4600,11000,140000,250000,250000,250000,375,0,1200,4558.73027547403,940.350811999906,249510.21814346313,463.6293333333333
1789899779,6,,Aggregated,1.000000,0.000000,1200,1300,1400,1600,2900,4600,11000,140000,250000,250000,250000,375,0,1200,4558.73027547403,940.350811999906,249510.21814346313,463.6293333333333
1789899780,6,,Aggregated,1.000000,0.000000,1200,1300,1400,1600,2900,4600,11000,140000,250000,250000,250000,377,0,1200,4540.072558821647,940.350811999906,249510.21814346313,462.53846153846155
1789899781,6,,Aggregated,1.000000,0.000000,1200,1300,1400,1600,2900,4600,11000,140000,250000,250000,250000,378,0,1200,4530.82319782741,940.350811999906,249510.21814346313,461.9021164021164
1789899782,6,,Aggregated,1.000000,0.000000,1200,1300,1400,1600,2900,4600,11000,140000,250000,250000,250000,378,0,1200,4530.82319782741,940.350811999906,249510.21814346313,461.9021164021164
1789899783,6,,Aggregated,1.000000,0.000000,1200,1300,1400,1600,2900,4600,11000,140000,250000,250000,250000,379,0,1200,4522.156981054778,940.350811999906,249510.21814346313,461.26912928759896
1789899784,6,,Aggregated,1.000000,0.000000,1200,1300,1400,1600,2900,4500,11000,140000,250000,250000,250000,381,0,1200,4505.494240448191,940.350811999906,249510.21814346313,460.1076115485564
1789899785,6,,Aggregated,1.000000,0.000000,1200,1300,1400,1600,2900,4500,11000,140000,250000,250000,250000,381,0,1200,4505.494240448191,940.350811999906,249510.21814346313,460.1076115485564
1789899786,6,,Aggregated,0.900000,0.000000,1200,1300,1400,1600,2900,4500,11000,140000,250000,250000,250000,383,0,1200,4487.670627584232,940.350811999906,249510.21814346313,459.0522193211488
1789899787,6,,Aggregated,1.000000,0.000000,1200,1300,1400,1600,2900,4500,11000,140000,250000,250000,250000,384,0,1200,4478.737481858751,940.350811999906,249510.21814346313,458.4348958333333
1789899788,6,,Aggregated,1.000000,0.000000,1200,1300,1400,1600,2900,4500,11000,140000,250000,250000,250000,384,0,1200,4478.737481858751,940.350811999906,249510.21814346313,458.4348958333333
1789899789,6,,Aggregated,1.000000,0.000000,1200,1300,1400,1600,2900,4500,11000,140000,250000,250000,250000,385,0,1200,4469.8097687344425,940.350811999906,249510.21814346313,457.82077922077923
1789899790,6,,Aggregated,1.000000,0.000000,1200,1300,1400,1600,2900,4500,11000,140000,250000,250000,250000,387,0,1200,4453.163749265531,940.350811999906,249510.21814346313,456.6950904392765
1789899791,6,,Aggregated,1.000000,0.000000,1200,1300,1400,1600,2900,4500,11000,140000,250000,250000,250000,387,0,1200,4453.163749265531,940.350811999906,249510.21814346313,456.6950904392765
1789899792,6,,Aggregated,0.900000,0.000000,1200,1300,1400,1600,2900,4500,11000,140000,250000,250000,250000,389,0,1200,4436.6832890070955,940.350811999906,249510.21814346313,455.67352185089976
1789899793,6,,Aggregated,1.000000,0.000000,1200,1300,1400,1600,2900,4500,11000,140000,250000,250000,250000,390,0,1200,4427.944098284001,940.350811999906,249510.21814346313,455.074358974359
1789899794,6,,Aggregated,1.000000,0.000000,1200,1300,1400,1600,2900,4500,11000,140000,250000,250000,250000,390,0,1200,4427.944098284001,940.350811999906,249510.21814346313,455.074358974359
1789899795,6,,Aggregated,1.100000,0.000000,1200,1300,1400,1600,2800,4500,11000,140000,250000,250000,250000,391,0,1200,4420.077259858722,940.350811999906,249510.21814346313,454.4782608695652
1789899796,6,,Aggregated,1.100000,0.000000,1200,1300,1400,1600,2800,4500,11000,140000,250000,250000,250000,392,0,1200,4411.916079190714,940.350811999906,249510.21814346313,453.88520408163265
1789899797,6,,Aggregated,1.100000,0.000000,1200,1300,1400,1600,2800,4500,11000,140000,250000,250000,250000,393,0,1200,4403.599585200408,940.350811999906,249510.21814346313,453.38676844783714
1789899798,6,,Aggregated,0.900000,0.000000,1200,1300,1400,1600,2800,4500,11000,140000,250000,250000,250000,395,0,1200,4386.58425265762,940.350811999906,249510.21814346313,452.3974683544304
1789899799,6,,Aggregated,1.000000,0.000000,1200,1300,1400,1500,2800,4500,11000,140000,250000,250000,250000,396,0,1200,4378.136334835252,940.350811999906,249510.21814346313,451.8156565656566
1789899800,6,,Aggregated,1.000000,0.000000,1200,1300,1400,1500,2800,4500,11000,140000,250000,250000,250000,396,0,1200,4378.136334835252,940.350811999906,249510.21814346313,451.8156565656566
1789899801,6,,Aggregated,1.100000,0.000000,1200,1300,1400,1500,2800,4500,11000,140000,250000,250000,250000,397,0,1200,4369.731046306699,940.350811999906,249510.21814346313,451.2367758186398
1789899802,6,,Aggregated,1.100000,0.000000,1200,1300,1400,1500,2800,4500,11000,140000,250000,250000,250000,398,0,1200,4361.432733655175,940.350811999906,249510.21814346313,450.6608040201005
1789899803,6,,Aggregated,1.100000,0.000000,1200,1300,1400,1500,2800,4500,11000,140000,250000,250000,250000,399,0,1200,4353.114246974335,940.350811999906,249510.21814346313,450.16791979949875
1789899804,6,,Aggregated,1.000000,0.000000,1200,1300,1400,1500,2800,4100,8800,130000,250000,250000,250000,401,0,1200,4338.155708712618,940.350811999906,249510.21814346313,449.1995012468828
1789899805,6,,Aggregated,1.000000,0.000000,1200,1300,1400,1500,2800,4100,8800,130000,250000,250000,250000,401,0,1200,4338.155708712618,940.350811999906,249510.21814346313,449.1995012468828
1789899806,6,,Aggregated,1.000000,0.000000,1200,1300,1400,1500,2800,4100,8800,130000,250000,250000,250000,402,0,1200,4330.720568618805,940.350811999906,249510.21814346313,448.63432835820896
1789899807,6,,Aggregated,1.000000,0.000000,1200,1300,1400,1500,2800,4100,8800,130000,250000,250000,250000,402,0,1200,4330.720568618805,940.350811999906,249510.21814346313,448.63432835820896
1789899808,6,,Aggregated,1.100000,0.000000,1200,1300,1400,1500,2800,4100,8800,130000,250000,250000,250000,403,0,1200,4323.82978545598,940.350811999906,249510.21814346313,448.07196029776674
1789899809,6,,Aggregated,0.900000,0.000000,1200,1300,1400,1600,2800,4500,11000,140000,254000,254000,254000,406,0,1200,4924.6683221160565,940.350811999906,253806.11395835876,492.064039408867
1789899810,6,,Aggregated,0.900000,0.000000,1200,1300,1400,1600,2800,4500,11000,140000,254000,254000,254000,406,0,1200,4924.6683221160565,940.350811999906,253806.11395835876,492.064039408867
1789899811,6,,Aggregated,0.900000,0.000000,1200,1300,1400,1600,2800,4500,11000,140000,254000,254000,254000,406,0,1200,4924.6683221160565,940.350811999906,253806.11395835876,492.064039408867
1789899812,6,,Aggregated,1.000000,0.000000,1200,1300,1400,1600,2900,4500,11000,140000,254000,254000,254000,407,0,1200,4919.620364970808,940.350811999906,253806.11395835876,491.04668304668303
1789899813,6,,Aggregated,1.000000,0.000000,1200,1300,1400,1600,2900,4600,120000,238000,254000,254000,254000,411,0,1200,6074.395458387279,940.350811999906,253806.11395835876,576.7785888077859
1789899814,6,,Aggregated,0.900000,0.000000,1200,1300,1400,1600,2900,4600,120000,238000,254000,254000,254000,412,0,1200,6062.6789698499315,940.350811999906,253806.11395835876,576.004854368932
1789899815,6,,Aggregated,0.900000,0.000000,1200,1300,1400,1600,2900,4600,120000,238000,254000,254000,254000,412,0,1200,6062.6789698499315,940.350811999906,253806.11395835876,576.004854368932
1789899816,6,,Aggregated,1.200000,0.000000,1200,1300,1400,1600,2900,4600,120000,238000,254000,254000,254000,413,0,1200,6054.694464264338,940.350811999906,253806.11395835876,574.7990314769976
1789899817,6,,Aggregated,1.200000,0.000000,1200,1300,1400,1600,2900,4600,120000,238000,254000,254000,254000,413,0,1200,6054.694464264338,940.350811999906,253806.11395835876,574.7990314769976
1789899818,6,,Aggregated,1.000000,0.000000,1200,1300,1500,1600,3000,4600,120000,238000,254000,254000,254000,416,0,1200,6052.478138356183,940.350811999906,253806.11395835876,572.0817307692307
1789899819,6,,Aggregated,1.100000,0.000000,1200,1300,1500,1600,3000,4700,120000,238000,254000,254000,254000,418,0,1200,6037.465747828162,940.350811999906,253806.11395835876,570.4066985645933
1789899820,6,,Aggregated,1.100000,0.000000,1200,1300,1500,1600,3000,4700,120000,238000,254000,254000,254000,419,0,1200,6026.277779742653,940.350811999906,253806.11395835876,569.6610978520287
1789899821,6,,Aggregated,1.300000,0.000000,1200,1300,1500,1600,3000,4700,120000,238000,254000,254000,254000,420,0,1200,6014.570582395647,940.350811999906,253806.11395835876,568.8333333333334
1789899822,6,,Aggregated,1.200000,0.000000,1200,1300,1400,1600,3000,4600,120000,238000,254000,254000,254000,422,0,1200,5991.147167853488,940.350811999906,253806.11395835876,567.1895734597157
1789899823,6,,Aggregated,1.200000,0.000000,1200,1300,1400,1600,3000,4600,120000,238000,254000,254000,254000,422,0,1200,5991.147167853488,940.350811999906,253806.11395835876,567.1895734597157
1789899824,6,,Aggregated,1.400000,0.000000,1200,1300,1400,1600,3000,4600,120000,238000,254000,254000,254000,423,0,1200,5979.668402664708,940.350811999906,253806.11395835876,566.3735224586288
1789899825,6,,Aggregated,1.400000,0.000000,1200,1300,1400,1600,3000,4600,120000,238000,254000,254000,254000,425,0,1200,5957.398281522757,940.350811999906,253806.11395835876,564.9223529411764
1789899826,6,,Aggregated,1.100000,0.000000,1200,1300,1500,1600,3000,4600,120000,238000,254000,254000,254000,428,0,1200,5928.360386773766,940.350811999906,253806.11395835876,562.6028037383178
1789899827,6,,Aggregated,1.100000,0.000000,1200,1300,1500,1600,3000,4600,120000,238000,254000,254000,254000,428,0,1200,5928.360386773766,940.350811999906,253806.11395835876,562.6028037383178
1789899828,6,,Aggregated,1.300000,0.000000,1200,1300,1400,1600,3000,4600,120000,238000,254000,254000,254000,429,0,1200,5917.427883972428,940.350811999906,253806.11395835876,561.8088578088579
1789899829,6,,Aggregated,1.300000,0.000000,1200,1300,1400,1600,3000,4600,120000,238000,254000,254000,254000,429,0,1200,5917.427883972428,940.350811999906,253806.11395835876,561.8088578088579
1789899830,6,,Aggregated,1.500000,0.000000,1200,1300,1400,1600,2900,4600,120000,238000,254000,254000,254000,431,0,1200,5895.165646202254,940.350811999906,253806.11395835876,560.2320185614849
1789899831,6,,Aggregated,1.300000,0.000000,1200,1300,1400,1600,2900,4600,120000,238000,254000,254000,254000,434,0,1200,5862.876099074128,940.350811999906,253806.11395835876,558.0599078341014
1789899832,6,,Aggregated,1.300000,0.000000,1200,1300,1400,1600,2900,4600,120000,238000,254000,254000,254000,435,0,1200,5851.9922918348775,940.350811999906,253806.11395835876,557.3701149425287
1789899833,6,,Aggregated,1.200000,0.000000,1200,1300,1400,1600,2900,4600,120000,238000,254000,254000,254000,437,0,1200,5830.563991291009,940.350811999906,253806.11395835876,555.8352402745995
1789899834,6,,Aggregated,1.400000,0.000000,1200,1300,1400,1600,2900,4600,120000,238000,254000,254000,254000,438,0,1200,5820.084576870254,940.350811999906,253806.11395835876,555.0730593607306
1789899835,6,,Aggregated,1.400000,0.000000,1200,1300,1400,1600,2900,4600,120000,238000,254000,254000,254000,438,0,1200,5820.084576870254,940.350811999906,253806.11395835876,555.0730593607306
1789899836,6,,Aggregated,1.500000,0.000000,1200,1300,1400,1600,2900,4600,120000,238000,254000,254000,254000,440,0,1200,5799.869443089026,940.350811999906,253806.11395835876,553.5590909090909
1789899837,6,,Aggregated,1.300000,0.000000,1200,1300,1400,1600,2900,4600,120000,238000,254000,254000,254000,441,0,1200,5789.776787911953,940.350811999906,253806.11395835876,552.8888888888889
1789899838,6,,Aggregated,1.300000,0.000000,1200,1300,1400,1600,2900,4600,120000,238000,254000,254000,254000,442,0,1200,5782.326596489074,940.350811999906,253806.11395835876,552.2217194570136
1789899839,6,,Aggregated,1.200000,0.000000,1200,1300,1400,1600,2900,4600,120000,238000,254000,254000,254000,446,0,1200,5743.984917953296,940.350811999906,253806.11395835876,549.3408071748879
1789899840,6,,Aggregated,1.200000,0.000000,1200,1300,1400,1600,2900,4600,120000,238000,254000,254000,254000,446,0,1200,5743.984917953296,940.350811999906,253806.11395835876,549.3408071748879
1789899841,6,,Aggregated,1.200000,0.000000,1200,1300,1400,1600,2900,4600,120000,238000,254000,254000,254000,446,0,1200,5743.984917953296,940.350811999906,253806.11395835876,549.3408071748879
1789899842,6,,Aggregated,1.500000,0.000000,1200,1300,1400,1600,2900,4600,120000,238000,254000,254000,254000,448,0,1200,5724.017250366451,940.350811999906,253806.11395835876,547.8794642857143
1789899843,6,,Aggregated,1.500000,0.000000,1200,1300,1400,1600,2900,4600,120000,238000,254000,254000,254000,450,0,1200,5703.476592658156,940.350811999906,253806.11395835876,546.5111111111111
1789899844,6,,Aggregated,1.500000,0.000000,1200,1300,1400,1600,2900,4600,120000,238000,254000,254000,254000,450,0,1200,5703.476592658156,940.350811999906,253806.11395835876,546.5111111111111
1789899845,6,,Aggregated,1.400000,0.000000,1200,1300,1400,1600,2900,4600,13000,238000,254000,254000,254000,453,0,1200,5674.345747479404,940.350811999906,253806.11395835876,544.5209713024283
1789899846,6,,Aggregated,1.400000,0.000000,1200,1300,1400,1600,2900,4600,13000,238000,254000,254000,254000,453,0,1200,5674.345747479404,940.350811999906,253806.11395835876,544.5209713024283
1789899847,6,,Aggregated,1.200000,0.000000,1200,1300,1400,1600,2900,4600,13000,238000,254000,254000,254000,454,0,1200,5667.356021588481,940.350811999906,253806.11395835876,543.8105726872246
1789899848,6,,Aggregated,1.200000,0.000000,1200,1300,1400,1600,2900,4600,13000,238000,254000,254000,254000,454,0,1200,5667.356021588481,940.350811999906,253806.11395835876,543.8105726872246
1789899849,6,,Aggregated,1.300000,0.000000,1200,1300,1400,1600,2900,4600,13000,238000,254000,254000,254000,456,0,1200,5647.714937601249,940.350811999906,253806.11395835876,542.4780701754386
1789899850,6,,Aggregated,1.300000,0.000000,1200,1300,1400,1600,2900,4600,13000,238000,254000,254000,254000,456,0,1200,5647.714937601249,940.350811999906,253806.11395835876,542.4780701754386
1789899851,6,,Aggregated,1.000000,0.000000,1200,1300,1400,1600,2900,4600,13000,238000,254000,254000,254000,459,0,1200,5618.46813575854,940.350811999906,253806.11395835876,540.5403050108932
1789899852,6,,Aggregated,1.000000,0.000000,1200,1300,1400,1600,2900,4600,13000,238000,254000,254000,254000,459,0,1200,5618.46813575854,940.350811999906,253806.11395835876,540.5403050108932
1789899853,6,,Aggregated,1.000000,0.000000,1200,1300,1400,1600,2900,4600,13000,238000,254000,254000,254000,460,0,1200,5608.9507166742815,940.350811999906,253806.11395835876,539.8478260869565
1789899854,6,,Aggregated,1.000000,0.000000,1200,1300,1400,1600,2900,4600,13000,238000,254000,254000,254000,460,0,1200,5608.9507166742815,940.350811999906,253806.11395835876,539.8478260869565
1789899855,6,,Aggregated,1.000000,0.000000,1200,1300,1400,1600,2900,4600,13000,238000,254000,254000,254000,462,0,1200,5589.594379889978,940.350811999906,253806.11395835876,538.5497835497836
1789899856,6,,Aggregated,1.000000,0.000000,1200,1300,1400,1600,2900,4600,13000,238000,254000,254000,254000,462,0,1200,5589.594379889978,940.350811999906,253806.11395835876,538.5497835497836
1789899857,6,,Aggregated,1.000000,0.000000,1200,1300,1400,1600,2900,4600,13000,238000,254000,254000,254000,464,0,1200,5570.000626461574,940.350811999906,253806.11395835876,537.3405172413793
1789899858,6,,Aggregated,0.900000,0.000000,1200,1300,1400,1600,2900,4600,13000,238000,254000,254000,254000,465,0,1200,5560.4664099745605,940.350811999906,253806.11395835876,536.6623655913978
1789899859,6,,Aggregated,0.900000,0.000000,1200,1300,1400,1600,2900,4600,13000,238000,254000,254000,254000,466,0,1200,5550.976534848006,940.350811999906,253806.11395835876,535.9871244635193
1789899860,6,,Aggregated,0.900000,0.000000,1200,1300,1400,1600,2900,4600,13000,238000,254000,254000,254000,466,0,1200,5550.976534848006,940.350811999906,253806.11395835876,535.9871244635193
1789899861,6,,Aggregated,1.100000,0.000000,1200,1300,1400,1600,2900,4600,13000,238000,254000,254000,254000,467,0,1200,5541.525062210215,940.350811999906,253806.11395835876,535.3147751605995
1789899862,6,,Aggregated,1.000000,0.000000,1200,1300,1400,1600,2900,4600,13000,238000,254000,254000,254000,468,0,1200,5532.334725780278,940.350811999906,253806.11395835876,534.7222222222222
1789899863,6,,Aggregated,1.000000,0.000000,1200,1300,1400,1600,2900,4600,13000,238000,254000,254000,254000,470,0,1200,5514.474871498234,940.350811999906,253806.11395835876,533.5446808510638
1789899864,6,,Aggregated,0.800000,0.000000,1200,1300,1400,1600,2900,4600,13000,238000,254000,254000,254000,471,0,1200,5505.620828826264,940.350811999906,253806.11395835876,532.8832271762208
1789899865,6,,Aggregated,0.900000,0.000000,1200,1300,1400,1600,2900,4600,13000,238000,254000,254000,254000,472,0,1200,5496.199068400784,940.350811999906,253806.11395835876,532.2245762711865
1789899866,6,,Aggregated,0.900000,0.000000,1200,1300,1400,1600,2900,4600,13000,238000,254000,254000,254000,472,0,1200,5496.199068400784,940.350811999906,253806.11395835876,532.2245762711865
1789899867,6,,Aggregated,1.100000,0.000000,1200,1300,1400,1600,2900,4600,13000,238000,254000,254000,254000,473,0,1200,5486.987427807971,940.350811999906,253806.11395835876,531.568710359408
1789899868,6,,Aggregated,1.000000,0.000000,1200,1300,1400,1600,2900,4600,13000,238000,254000,254000,254000,474,0,1200,5477.815018989811,940.350811999906,253806.11395835876,530.9915611814346
1789899869,6,,Aggregated,1.000000,0.000000,1200,1300,1400,1600,2900,4600,13000,238000,254000,254000,254000,476,0,1200,5459.153713006659,940.350811999906,253806.11395835876,529.844537815126
1789899870,6,,Aggregated,0.900000,0.000000,1200,1300,1400,1600,2900,4600,13000,238000,254000,254000,254000,477,0,1200,5450.526256239349,940.350811999906,253806.11395835876,529.1991614255766
1789899871,6,,Aggregated,0.900000,0.000000,1200,1300,1400,1600,2900,4600,13000,238000,254000,254000,254000,477,0,1200,5450.526256239349,940.350811999906,253806.11395835876,529.1991614255766
1789899872,6,,Aggregated,1.000000,0.000000,1200,1300,1400,1600,2900,4600,13000,238000,254000,254000,254000,478,0,1200,5441.674420092406,940.350811999906,253806.11395835876,528.5564853556485
1789899873,6,,Aggregated,1.100000,0.000000,1200,1300,1400,1600,2900,4600,13000,238000,254000,254000,254000,479,0,1200,5432.692523992004,940.350811999906,253806.11395835876,527.9164926931106
1789899874,6,,Aggregated,1.000000,0.000000,1200,1300,1400,1600,2900,4600,13000,238000,254000,254000,254000,480,0,1200,5424.600420064938,940.350811999906,253806.11395835876,527.3541666666666
1789899875,6,,Aggregated,1.000000,0.000000,1200,1300,1400,1600,2900,4600,13000,238000,254000,254000,254000,482,0,1200,5406.8129716497315,940.350811999906,253806.11395835876,526.2365145228216
1789899876,6,,Aggregated,0.900000,0.000000,1200,1300,1400,1600,2900,4600,13000,238000,254000,254000,254000,483,0,1200,5397.759484279856,940.350811999906,253806.11395835876,525.6066252587992
1789899877,6,,Aggregated,0.900000,0.000000,1200,1300,1400,1600,2900,4600,13000,238000,254000,254000,254000,483,0,1200,5397.759484279856,940.350811999906,253806.11395835876,525.6066252587992
1789899878,6,,Aggregated,1.000000,0.000000,1200,1300,1400,1600,2900,4600,13000,238000,254000,254000,254000,484,0,1200,5389.384821797873,940.350811999906,253806.11395835876,524.9793388429752
1789899879,6,,Aggregated,1.100000,0.000000,1200,1300,1400,1600,2900,4600,13000,238000,254000,254000,254000,485,0,1200,5380.412530301383,940.350811999906,253806.11395835876,524.3546391752577
1789899880,6,,Aggregated,1.000000,0.000000,1200,1300,1400,1500,2900,4600,13000,238000,254000,254000,254000,486,0,1200,5371.478071516813,940.350811999906,253806.11395835876,523.8065843621399
1789899881,6,,Aggregated,1.000000,0.000000,1200,1300,1400,1500,2900,4600,13000,238000,254000,254000,254000,488,0,1200,5354.376645457318,940.350811999906,253806.11395835876,522.7172131147541
1789899882,6,,Aggregated,0.900000,0.000000,1200,1300,1400,1500,2900,4600,13000,238000,254000,254000,254000,489,0,1200,5345.553597215074,940.350811999906,253806.11395835876,522.1022494887526
1789899883,6,,Aggregated,0.900000,0.000000,1200,1300,1400,1500,2900,4600,13000,238000,254000,254000,254000,489,0,1200,5345.553597215074,940.350811999906,253806.11395835876,522.1022494887526
1789899884,6,,Aggregated,1.100000,0.000000,1200,1300,1400,1500,2900,4600,13000,238000,254000,254000,254000,490,0,1200,5336.967145416676,940.350811999906,253806.11395835876,521.4897959183673
1789899885,6,,Aggregated,1.100000,0.000000,1200,1300,1400,1500,2800,4600,13000,238000,254000,254000,254000,491,0,1200,5328.209703183647,940.350811999906,253806.11395835876,520.8798370672098
1789899886,6,,Aggregated,1.100000,0.000000,1200,1300,1400,1500,2800,4600,13000,238000,254000,254000,254000,491,0,1200,5328.209703183647,940.350811999906,253806.11395835876,520.8798370672098
1789899887,6,,Aggregated,1.000000,0.000000,1200,1300,1400,1500,2800,4600,13000,238000,254000,254000,254000,492,0,1200,5320.473312232055,940.350811999906,253806.11395835876,520.3455284552846
1789899888,6,,Aggregated,0.900000,0.000000,1200,1300,1400,1600,2800,4600,13000,238000,254000,254000,254000,495,0,1200,5297.193834650851,940.350811999906,253806.11395835876,518.6828282828283
1789899889,6,,Aggregated,0.900000,0.000000,1200,1300,1400,1600,2800,4600,13000,238000,254000,254000,254000,495,0,1200,5297.193834650851,940.350811999906,253806.11395835876,518.6828282828283
1789899890,6,,Aggregated,0.900000,0.000000,1200,1300,1400,1600,2800,4600,13000,238000,254000,254000,254000,495,0,1200,5297.193834650851,940.350811999906,253806.11395835876,518.6828282828283
1789899891,6,,Aggregated,1.100000,0.000000,1200,1300,1400,1500,2800,4600,13000,238000,254000,254000,254000,497,0,1200,5280.484996139177,940.350811999906,253806.11395835876,517.4889336016097
1789899892,6,,Aggregated,1.100000,0.000000,1200,1300,1400,1500,2800,4600,13000,238000,254000,254000,254000,497,0,1200,5280.484996139177,940.350811999906,253806.11395835876,517.4889336016097
1789899893,6,,Aggregated,1.000000,0.000000,1200,1300,1400,1500,2800,4600,13000,238000,254000,254000,254000,498,0,1200,5272.428635183076,940.350811999906,253806.11395835876,516.9678714859438
1789899894,6,,Aggregated,1.000000,0.000000,1200,1300,1400,1500,2800,4600,13000,238000,254000,254000,254000,498,0,1200,5272.428635183076,940.350811999906,253806.11395835876,516.9678714859438
1789899895,6,,Aggregated,0.800000,0.000000,1200,1300,1400,1600,2800,4600,11000,238000,254000,254000,254000,501,0,1200,5252.171137166011,940.350811999906,253806.11395835876,515.3453093812375
1789899896,6,,Aggregated,0.800000,0.000000,1200,1300,1400,1600,2800,4600,11000,238000,254000,254000,254000,501,0,1200,5252.171137166011,940.350811999906,253806.11395835876,515.3453093812375
1789899897,6,,Aggregated,0.800000,0.000000,1200,1300,1400,1600,2800,4600,11000,238000,254000,254000,254000,503,0,1200,5236.625363028174,940.350811999906,253806.11395835876,514.1789264413519
1789899898,6,,Aggregated,0.800000,0.000000,1200,1300,1400,1600,2800,4600,11000,238000,254000,254000,254000,503,0,1200,5236.625363028174,940.350811999906,253806.11395835876,514.1789264413519
1789899899,6,,Aggregated,1.000000,0.000000,1200,1300,1400,1600,2800,4600,11000,238000,254000,254000,254000,504,0,1200,5228.503888837642,940.350811999906,253806.11395835876,513.6706349206349
1789899900,6,,Aggregated,1.000000,0.000000,1200,1300,1400,1600,2800,4600,11000,238000,254000,254000,254000,504,0,1200,5228.503888837642,940.350811999906,253806.11395835876,513.6706349206349
1789899901,6,,Aggregated,0.800000,0.000000,1200,1300,1400,1600,2800,4600,11000,238000,254000,254000,254000,507,0,1200,5203.712508164048,940.350811999906,253806.11395835876,512.086785009862
1789899902,6,,Aggregated,0.800000,0.000000,1200,1300,1400,1600,2800,4600,11000,238000,254000,254000,254000,507,0,1200,5203.712508164048,940.350811999906,253806.11395835876,512.086785009862
1789899903,6,,Aggregated,0.800000,0.000000,1200,1300,1400,1600,2800,4600,11000,238000,254000,254000,254000,509,0,1200,5187.875148100534,940.350811999906,253806.11395835876,510.9469548133595
1789899904,6,,Aggregated,0.800000,0.000000,1200,1300,1400,1600,2800,4600,11000,238000,254000,254000,254000,509,0,1200,5187.875148100534,940.350811999906,253806.11395835876,510.9469548133595
1789899905,6,,Aggregated,0.800000,0.000000,1200,1300,1400,1600,2800,4600,11000,238000,254000,254000,254000,509,0,1200,5187.875148100534,940.350811999906,253806.11395835876,510.9469548133595
1789899906,6,,Aggregated,1.100000,0.000000,1200,1300,1400,1600,2800,4600,11000,238000,254000,254000,254000,510,0,1200,5180.541383965042,940.350811999906,253806.11395835876,510.45098039215685
1789899907,6,,Aggregated,1.100000,0.000000,1200,1300,1400,1500,2800,4600,11000,238000,254000,254000,254000,511,0,1200,5172.833329350629,940.350811999906,253806.11395835876,509.9569471624266
1789899909,6,,Aggregated,0.800000,0.000000,1200,1300,1400,1500,2800,4600,11000,238000,254000,254000,254000,513,0,1200,5158.309544973044,940.350811999906,253806.11395835876,508.90448343079925
1789899910,6,,Aggregated,0.900000,0.000000,1200,1300,1400,1500,2800,4600,11000,238000,254000,254000,254000,514,0,1200,5150.6464748933295,940.350811999906,253806.11395835876,508.3463035019455
1789899911,6,,Aggregated,0.800000,0.000000,1200,1300,1400,1500,2800,4600,11000,238000,254000,254000,254000,515,0,1200,5143.332943357615,940.350811999906,253806.11395835876,507.7902912621359
1789899912,6,,Aggregated,0.800000,0.000000,1200,1300,1400,1500,2800,4600,11000,238000,254000,254000,254000,515,0,1200,5143.332943357615,940.350811999906,253806.11395835876,507.7902912621359
1789899913,6,,Aggregated,1.000000,0.000000,1200,1300,1400,1500,2800,4600,11000,238000,254000,254000,254000,516,0,1200,5136.563970963512,940.350811999906,253806.11395835876,507.3062015503876
1789899914,6,,Aggregated,1.100000,0.000000,1200,1300,1400,1500,2800,4600,11000,238000,254000,254000,254000,517,0,1200,5128.638382249848,940.350811999906,253806.11395835876,506.8239845261122
1789899915,6,,Aggregated,0.800000,0.000000,1200,1300,1400,1500,2800,4600,11000,238000,254000,254000,254000,519,0,1200,5113.277686050427,940.350811999906,253806.11395835876,505.79576107899805
1789899916,6,,Aggregated,0.800000,0.000000,1200,1300,1400,1500,2800,4600,11000,238000,254000,254000,254000,519,0,1200,5113.277686050427,940.350811999906,253806.11395835876,505.79576107899805
1789899917,6,,Aggregated,0.800000,0.000000,1200,1300,1400,1500,2700,4500,11000,238000,254000,254000,254000,521,0,1200,5098.861514109734,940.350811999906,253806.11395835876,504.7063339731286
1789899918,6,,Aggregated,0.800000,0.000000,1200,1300,1400,1500,2700,4500,11000,238000,254000,254000,254000,521,0,1200,5098.861514109734,940.350811999906,253806.11395835876,504.7063339731286
1789899919,6,,Aggregated,1.000000,0.000000,1200,1300,1400,1500,2700,4500,11000,238000,254000,254000,254000,522,0,1200,5090.923739697647,940.350811999906,253806.11395835876,504.2337164750958
1789899920,6,,Aggregated,1.100000,0.000000,1200,1300,1400,1500,2700,4500,11000,238000,254000,254000,254000,523,0,1200,5083.024563487899,940.350811999906,253806.11395835876,503.75525812619503
1789899921,6,,Aggregated,1.000000,0.000000,1200,1300,1400,1500,2700,4500,11000,238000,254000,254000,254000,525,0,1200,5067.624780238421,940.1161969999521,253806.11395835876,502.7504761904762
1789899922,6,,Aggregated,1.000000,0.000000,1200,1300,1400,1500,2700,4500,11000,238000,254000,254000,254000,525,0,1200,5067.624780238421,940.1161969999521,253806.11395835876,502.7504761904762
1789899923,6,,Aggregated,0.900000,0.000000,1200,1300,1400,1500,2700,4500,11000,238000,254000,254000,254000,527,0,1200,5052.725730882678,940.1161969999521,253806.11395835876,501.68500948766604
1789899924,6,,Aggregated,0.900000,0.000000,1200,1300,1400,1500,2700,4500,11000,238000,254000,254000,254000,527,0,1200,5052.725730882678,940.1161969999521,253806.11395835876,501.68500948766604
1789899925,6,,Aggregated,1.000000,0.000000,1200,1300,1400,1500,2700,4500,11000,238000,254000,254000,254000,528,0,1200,5045.284432290097,940.1161969999521,253806.11395835876,501.2234848484849
1789899926,6,,Aggregated,1.000000,0.000000,1200,1300,1400,1500,2700,4500,11000,238000,254000,254000,254000,528,0,1200,5045.284432290097,940.1161969999521,253806.11395835876,501.2234848484849
1789899927,6,,Aggregated,1.000000,0.000000,1200,1300,1400,1500,2700,4600,13000,238000,254000,254000,254000,532,0,1200,5471.7765279151745,940.1161969999521,253806.11395835876,526.0657894736842
1789899928,6,,Aggregated,1.000000,0.000000,1200,1300,1400,1500,2700,4600,13000,238000,254000,254000,254000,532,0,1200,5471.7765279151745,940.1161969999521,253806.11395835876,526.0657894736842
1789899929,6,,Aggregated,1.000000,0.000000,1200,1300,1400,1500,2700,4600,13000,238000,254000,254000,254000,532,0,1200,5471.7765279151745,940.1161969999521,253806.11395835876,526.0657894736842
1789899930,6,,Aggregated,1.100000,0.000000,1200,1300,1400,1500,2800,4600,13000,238000,254000,254000,254000,533,0,1200,5466.8326219866285,940.1161969999521,253806.11395835876,525.2251407129456
1789899931,6,,Aggregated,1.100000,0.000000,1200,1300,1400,1600,2800,4600,13000,238000,254000,254000,254000,536,0,1200,5449.31800532439,940.1161969999521,253806.11395835876,523.6623134328358
1789899932,6,,Aggregated,1.100000,0.000000,1200,1300,1400,1600,2800,4600,13000,238000,254000,254000,254000,536,0,1200,5449.31800532439,940.1161969999521,253806.11395835876,523.6623134328358
1789899933,6,,Aggregated,1.100000,0.000000,1200,1300,1400,1600,2800,4600,13000,238000,254000,254000,254000,539,0,1200,5425.402134907001,940.1161969999521,253806.11395835876,522.0500927643785
1789899934,6,,Aggregated,1.100000,0.000000,1200,1300,1400,1600,2800,4600,13000,238000,254000,254000,254000,539,0,1200,5425.402134907001,940.1161969999521,253806.11395835876,522.0500927643785
1789899935,6,,Aggregated,1.100000,0.000000,1200,1300,1400,1600,2800,4600,13000,238000,254000,254000,254000,539,0,1200,5425.402134907001,940.1161969999521,253806.11395835876,522.0500927643785
1789899936,6,,Aggregated,1.100000,0.000000,1200,1300,1400,1600,2800,4600,13000,238000,254000,254000,254000,540,0,1200,5417.5259399886545,940.1161969999521,253806.11395835876,521.4944444444444
1789899937,6,,Aggregated,1.200000,0.000000,1200,1300,1400,1500,2800,4500,13000,238000,254000,254000,254000,542,0,1200,5402.31401137615,940.1161969999521,253806.11395835876,520.4557195571956
1789899938,6,,Aggregated,1.100000,0.000000,1200,1300,1400,1600,2800,4500,13000,238000,254000,254000,254000,543,0,1200,5395.2221985540955,940.1161969999521,253806.11395835876,519.9723756906077
1789899939,6,,Aggregated,1.200000,0.000000,1200,1300,1400,1600,2800,4500,13000,238000,254000,254000,254000,544,0,1200,5387.263191584326,940.1161969999521,253806.11395835876,519.4246323529412
1789899940,6,,Aggregated,1.000000,0.000000,1200,1300,1400,1500,2800,4500,13000,238000,254000,254000,254000,546,0,1200,5372.144527686582,940.1161969999521,253806.11395835876,518.4010989010989
1789899941,6,,Aggregated,1.000000,0.000000,1200,1300,1400,1500,2800,4500,13000,238000,254000,254000,254000,546,0,1200,5372.144527686582,940.1161969999521,253806.11395835876,518.4010989010989
1789899942,6,,Aggregated,1.000000,0.000000,1200,1300,1400,1500,2800,4500,13000,238000,254000,254000,254000,546,0,1200,5372.144527686582,940.1161969999521,253806.11395835876,518.4010989010989
1789899943,6,,Aggregated,1.300000,0.000000,1200,1300,1400,1500,2800,4500,13000,238000,254000,254000,254000,547,0,1200,5364.467564685327,940.1161969999521,253806.11395835876,517.8592321755027
1789899944,6,,Aggregated,1.000000,0.000000,1200,1300,1400,1500,2800,4500,13000,238000,254000,254000,254000,550,0,1200,5341.998276312498,940.1161969999521,253806.11395835876,516.3690909090909
1789899945,6,,Aggregated,1.000000,0.000000,1200,1300,1400,1500,2800,4500,11000,238000,254000,254000,254000,551,0,1200,5334.514227685797,940.1161969999521,253806.11395835876,515.8348457350272
1789899946,6,,Aggregated,0.900000,0.000000,1200,1300,1400,1500,2800,4500,11000,238000,254000,254000,254000,553,0,1200,5319.778730779157,940.1161969999521,253806.11395835876,514.8372513562387
1789899947,6,,Aggregated,0.900000,0.000000,1200,1300,1400,1500,2800,4500,11000,238000,254000,254000,254000,553,0,1200,5319.778730779157,940.1161969999521,253806.11395835876,514.8372513562387
1789899948,6,,Aggregated,0.900000,0.000000,1200,1300,1400,1500,2800,4500,11000,238000,254000,254000,254000,553,0,1200,5319.778730779157,940.1161969999521,253806.11395835876,514.8372513562387
1789899949,6,,Aggregated,1.100000,0.000000,1200,1300,1400,1500,2800,4500,11000,238000,254000,254000,254000,554,0,1200,5312.663366532264,940.1161969999521,253806.11395835876,514.3086642599278
1789899950,6,,Aggregated,1.100000,0.000000,1200,1300,1400,1500,2800,4500,11000,238000,254000,254000,254000,556,0,1200,5298.396548645457,940.1161969999521,253806.11395835876,513.3723021582733
1789899951,6,,Aggregated,1.000000,0.000000,1200,1300,1400,1500,2800,4500,11000,238000,254000,254000,254000,557,0,1200,5291.303417588642,940.1161969999521,253806.11395835876,512.8491921005386
1789899952,6,,Aggregated,0.900000,0.000000,1200,1300,1400,1500,2800,4500,11000,238000,254000,254000,254000,558,0,1200,5284.390567356406,940.1161969999521,253806.11395835876,512.3924731182796
1789899953,6,,Aggregated,1.000000,0.000000,1200,1300,1400,1500,2800,4500,13000,243000,278000,278000,278000,561,0,1200,5760.716313966943,940.1161969999521,278394.7594165802,545.632798573975
1789899954,6,,Aggregated,1.000000,0.000000,1200,1300,1400,1500,2800,4500,13000,243000,278000,278000,278000,561,0,1200,5760.716313966943,940.1161969999521,278394.7594165802,545.632798573975
1789899955,6,,Aggregated,1.000000,0.000000,1200,1300,1400,1500,2800,4500,13000,243000,278000,278000,278000,561,0,1200,5760.716313966943,940.1161969999521,278394.7594165802,545.632798573975
1789899956,6,,Aggregated,1.400000,0.000000,1200,1300,1400,1500,2800,4500,13000,243000,278000,278000,278000,562,0,1200,5755.931327335329,940.1161969999521,278394.7594165802,544.8007117437722
1789899957,6,,Aggregated,1.100000,0.000000,1200,1300,1400,1600,2800,4500,13000,243000,278000,278000,278000,565,0,1200,5734.009294377797,940.1161969999521,278394.7594165802,543.1504424778761
1789899958,6,,Aggregated,1.000000,0.000000,1200,1300,1400,1600,2800,4500,13000,243000,278000,278000,278000,567,0,1200,5721.017654461121,940.1161969999521,278394.7594165802,542.1446208112875
1789899959,6,,Aggregated,0.900000,0.000000,1200,1300,1400,1600,2800,4500,13000,243000,278000,278000,278000,568,0,1200,5713.0108780342525,940.1161969999521,278394.7594165802,541.580985915493
1789899960,6,,Aggregated,1.200000,0.000000,1200,1300,1400,1600,2800,4500,13000,243000,278000,278000,278000,569,0,1200,5705.0333741677605,940.1161969999521,278394.7594165802,541.0193321616872
1789899961,6,,Aggregated,1.200000,0.000000,1200,1300,1400,1600,2800,4500,13000,243000,278000,278000,278000,569,0,1200,5705.0333741677605,940.1161969999521,278394.7594165802,541.0193321616872
1789899962,6,,Aggregated,1.500000,0.000000,1200,1300,1400,1600,2800,4500,13000,243000,278000,278000,278000,570,0,1200,5696.902766214835,940.1161969999521,278394.7594165802,540.459649122807
1789899963,6,,Aggregated,1.300000,0.000000,1200,1300,1400,1600,2800,4500,13000,243000,278000,278000,278000,571,0,1200,5689.28525958924,940.1161969999521,278394.7594165802,539.9649737302977
1789899964,6,,Aggregated,1.200000,0.000000,1200,1300,1400,1600,2800,4500,13000,243000,278000,278000,278000,573,0,1200,5673.595103707603,940.1161969999521,278394.7594165802,538.9179755671902
1789899965,6,,Aggregated,1.200000,0.000000,1200,1300,1400,1600,2800,4500,13000,243000,278000,278000,278000,574,0,1200,5665.952772443304,940.1161969999521,278394.7594165802,538.4285714285714
1789899966,6,,Aggregated,1.000000,0.000000,1200,1300,1400,1600,2800,4500,13000,243000,278000,278000,278000,576,0,1200,5651.1872692525285,940.1161969999521,278394.7594165802,537.3298611111111
1789899967,6,,Aggregated,1.000000,0.000000,1200,1300,1400,1600,2800,4500,13000,243000,278000,278000,278000,576,0,1200,5651.1872692525285,940.1161969999521,278394.7594165802,537.3298611111111
1789899968,6,,Aggregated,1.000000,0.000000,1200,1300,1400,1600,2800,4500,13000,243000,278000,278000,278000,576,0,1200,5651.1872692525285,940.1161969999521,278394.7594165802,537.3298611111111
1789899969,6,,Aggregated,1.400000,0.000000,1200,1300,1400,1600,2800,4500,13000,243000,278000,278000,278000,578,0,1200,5635.816847175531,940.1161969999521,278394.7594165802,536.3010380622837
1789899970,6,,Aggregated,1.100000,0.000000,1200,1300,1400,1600,2800,4500,13000,243000,278000,278000,278000,580,0,1200,5620.50325430596,940.1161969999521,278394.7594165802,535.2793103448275
1789899971,6,,Aggregated,0.900000,0.000000,1200,1300,1400,1500,2800,4100,13000,243000,278000,278000,278000,581,0,1200,5612.96821312471,940.1161969999521,278394.7594165802,534.802065404475
1789899972,6,,Aggregated,1.100000,0.000000,1200,1300,1400,1500,2800,4100,13000,243000,278000,278000,278000,583,0,1200,5598.564718460474,940.1161969999521,278394.7594165802,533.728987993139
1789899973,6,,Aggregated,1.100000,0.000000,1200,1300,1400,1500,2800,4100,13000,243000,278000,278000,278000,583,0,1200,5598.564718460474,940.1161969999521,278394.7594165802,533.728987993139
1789899974,6,,Aggregated,1.100000,0.000000,1200,1300,1400,1500,2800,4100,13000,243000,278000,278000,278000,583,0,1200,5598.564718460474,940.1161969999521,278394.7594165802,533.728987993139
1789899975,6,,Aggregated,1.200000,0.000000,1200,1300,1400,1500,2800,4100,13000,243000,278000,278000,278000,585,0,1200,5583.377191505053,940.1161969999521,278394.7594165802,532.7247863247864
1789899976,6,,Aggregated,1.200000,0.000000,1200,1300,1400,1500,2800,4100,13000,243000,278000,278000,278000,586,0,1200,5576.148248342075,940.1161969999521,278394.7594165802,532.1945392491467
1789899977,6,,Aggregated,1.000000,0.000000,1200,1300,1400,1500,2800,4100,13000,243000,278000,278000,278000,588,0,1200,5561.94442966404,940.1161969999521,278394.7594165802,531.2619047619048
1789899978,6,,Aggregated,1.000000,0.000000,1200,1300,1400,1500,2800,4100,13000,243000,278000,278000,278000,589,0,1200,5554.323346547463,940.1161969999521,278394.7594165802,530.7368421052631
1789899979,6,,Aggregated,1.000000,0.000000,1200,1300,1400,1500,2800,4100,13000,243000,278000,278000,278000,590,0,1200,5547.041230521111,940.1161969999521,278394.7594165802,530.2135593220339
1789899980,6,,Aggregated,1.000000,0.000000,1200,1300,1400,1500,2800,4100,13000,243000,278000,278000,278000,590,0,1200,5547.041230521111,940.1161969999521,278394.7594165802,530.2135593220339
1789899981,6,,Aggregated,1.000000,0.000000,1200,1300,1400,1500,2800,4100,13000,243000,278000,278000,278000,590,0,1200,5547.041230521111,940.1161969999521,278394.7594165802,530.2135593220339
1789899982,6,,Aggregated,1.200000,0.000000,1200,1300,1400,1500,2800,4100,13000,243000,278000,278000,278000,593,0,1200,5524.810129729267,940.1161969999521,278394.7594165802,528.7622259696459
1789899983,6,,Aggregated,1.000000,0.000000,1200,1300,1400,1500,2800,4500,120000,243000,278000,278000,278000,596,1,1200,5784.744061659085,940.1161969999521,278394.7594165802,527.0704697986578
1789899984,6,,Aggregated,1.000000,0.000000,1200,1300,1400,1500,2800,4500,120000,243000,278000,278000,278000,596,1,1200,5784.744061659085,940.1161969999521,278394.7594165802,527.0704697986578
1789899985,6,,Aggregated,1.000000,0.000000,1200,1300,1400,1500,2800,4500,120000,243000,278000,278000,278000,596,1,1200,5784.744061659085,940.1161969999521,278394.7594165802,527.0704697986578
1789899986,6,,Aggregated,1.300000,0.100000,1200,1300,1400,1600,2800,4500,120000,243000,278000,278000,278000,598,1,1200,5774.208125008051,940.1161969999521,278394.7594165802,525.809364548495
1789899987,6,,Aggregated,1.300000,0.100000,1200,1300,1400,1600,2800,4500,120000,243000,278000,278000,278000,599,1,1200,5769.36184357899,940.1161969999521,278394.7594165802,525.3021702838064
1789899988,6,,Aggregated,1.200000,0.100000,1200,1300,1400,1600,2800,4100,13000,238000,278000,278000,278000,601,1,1200,5754.142302269243,940.1161969999521,278394.7594165802,524.4126455906822
1789899989,6,,Aggregated,1.200000,0.100000,1200,1300,1400,1600,2800,4100,13000,238000,278000,278000,278000,602,1,1200,5746.361148395042,940.1161969999521,278394.7594165802,523.9102990033223
1789899990,6,,Aggregated,1.100000,0.100000,1200,1300,1400,1600,2800,4500,120000,243000,296000,296000,296000,604,1,1200,6220.504728529974,940.1161969999521,295913.5375022888,559.3062913907285
1789899991,6,,Aggregated,1.100000,0.100000,1200,1300,1400,1600,2800,4500,120000,243000,296000,296000,296000,604,1,1200,6220.504728529974,940.1161969999521,295913.5375022888,559.3062913907285
1789899992,6,,Aggregated,1.100000,0.100000,1200,1300,1400,1600,2800,4500,120000,243000,296000,296000,296000,604,1,1200,6220.504728529974,940.1161969999521,295913.5375022888,559.3062913907285
1789899993,6,,Aggregated,1.400000,0.100000,1200,1300,1400,1600,2800,4500,120000,243000,296000,296000,296000,606,1,1200,6208.04626187476,940.1161969999521,295913.5375022888,557.9554455445544
1789899994,6,,Aggregated,1.100000,0.100000,1200,1300,1400,1600,2800,4500,120000,243000,296000,296000,296000,609,1,1200,6185.900663834326,940.1161969999521,295913.5375022888,556.4187192118227
1789899995,6,,Aggregated,1.100000,0.100000,1200,1300,1400,1600,2800,4500,120000,243000,296000,296000,296000,610,1,1200,6181.326084098532,940.1161969999521,295913.5375022888,555.9295081967213
1789899996,6,,Aggregated,1.000000,0.000000,1200,1300,1400,1600,2800,4500,120000,243000,296000,296000,296000,612,1,1200,6164.743283802459,940.1161969999521,295913.5375022888,554.8382352941177
1789899997,6,,Aggregated,1.000000,0.000000,1200,1300,1400,1600,2800,4500,120000,243000,296000,296000,296000,612,1,1200,6164.743283802459,940.1161969999521,295913.5375022888,554.8382352941177
