Timestamp,User Count,Type,Name,Requests/s,Failures/s,50%,66%,75%,80%,90%,95%,98%,99%,99.9%,99.99%,100%,Total Request Count,Total Failure Count,Total Median Response Time,Total Average Response Time,Total Min Response Time,Total Max Response Time,Total Average Content Size
1789880985,0,,Aggregated,0.000000,0.000000,N/A,N/A,N/A,N/A,N/A,N/A,N/A,N/A,N/A,N/A,N/A,0,0,0,0.0,0,0,0
1789880986,1,,Aggregated,0.000000,0.000000,N/A,N/A,N/A,N/A,N/A,N/A,N/A,N/A,N/A,N/A,N/A,0,0,0,0.0,0,0,0
1789880987,1,,Aggregated,0.000000,0.000000,N/A,N/A,N/A,N/A,N/A,N/A,N/A,N/A,N/A,N/A,N/A,0,0,0,0.0,0,0,0
1789880988,1,,Aggregated,0.000000,0.000000,N/A,N/A,N/A,N/A,N/A,N/A,N/A,N/A,N/A,N/A,N/A,0,0,0,0.0,0,0,0
1789880989,1,,Aggregated,0.000000,0.000000,N/A,N/A,N/A,N/A,N/A,N/A,N/A,N/A,N/A,N/A,N/A,0,0,0,0.0,0,0,0
1789880990,1,,Aggregated,0.000000,0.000000,4100,4100,4100,4100,4100,4100,4100,4100,4100,4100,4100,1,0,4085.57150300021,4085.57150300021,4085.57150300021,4085.57150300021,390.0
1789880991,1,,Aggregated,0.000000,0.000000,4100,4100,4100,4100,4100,4100,4100,4100,4100,4100,4100,1,0,4085.57150300021,4085.57150300021,4085.57150300021,4085.57150300021,390.0
1789880992,1,,Aggregated,0.000000,0.000000,4100,4100,4100,4100,4100,4100,4100,4100,4100,4100,4100,1,0,4085.57150300021,4085.57150300021,4085.57150300021,4085.57150300021,390.0
1789880993,1,,Aggregated,0.200000,0.000000,4100,4100,4100,4100,4100,4100,4100,4100,4100,4100,4100,2,0,4085.57150300021,3585.2197875001366,3084.868072000063,4085.57150300021,233.0
1789880994,1,,Aggregated,0.200000,0.000000,4100,4100,4100,4100,4100,4100,4100,4100,4100,4100,4100,2,0,4085.57150300021,3585.2197875001366,3084.868072000063,4085.57150300021,233.0
1789880995,1,,Aggregated,0.200000,0.000000,4100,4100,4100,4100,4100,4100,4100,4100,4100,4100,4100,2,0,4085.57150300021,3585.2197875001366,3084.868072000063,4085.57150300021,233.0
1789880996,1,,Aggregated,0.222222,0.000000,3100,3100,4100,4100,4100,4100,4100,4100,4100,4100,4100,3,0,3100,2880.5740473332357,1471.2825669994345,4085.57150300021,238.33333333333334
1789880997,1,,Aggregated,0.222222,0.000000,3100,3100,4100,4100,4100,4100,4100,4100,4100,4100,4100,3,0,3100,2880.5740473332357,1471.2825669994345,4085.57150300021,238.33333333333334
1789880998,1,,Aggregated,0.222222,0.000000,3100,3100,4100,4100,4100,4100,4100,4100,4100,4100,4100,3,0,3100,2880.5740473332357,1471.2825669994345,4085.57150300021,238.33333333333334
1789880999,1,,Aggregated,0.222222,0.000000,3100,3100,4100,4100,4100,4100,4100,4100,4100,4100,4100,3,0,3100,2880.5740473332357,1471.2825669994345,4085.57150300021,238.33333333333334
1789881000,1,,Aggregated,0.300000,0.000000,3100,3100,4100,4100,4100,4100,4100,4100,4100,4100,4100,4,0,3100,2565.1442922498973,1471.2825669994345,4085.57150300021,243.0
1789881001,1,,Aggregated,0.300000,0.000000,3100,3100,4100,4100,4100,4100,4100,4100,4100,4100,4100,4,0,3100,2565.1442922498973,1471.2825669994345,4085.57150300021,243.0
1789881002,1,,Aggregated,0.300000,0.000000,3100,3100,4100,4100,4100,4100,4100,4100,4100,4100,4100,4,0,3100,2565.1442922498973,1471.2825669994345,4085.57150300021,243.0
1789881003,1,,Aggregated,0.300000,0.000000,1600,3100,3100,4100,4100,4100,4100,4100,4100,4100,4100,5,0,1600,2327.6934401999824,1377.8900320003231,4085.57150300021,245.8
1789881004,1,,Aggregated,0.300000,0.000000,1600,3100,3100,4100,4100,4100,4100,4100,4100,4100,4100,5,0,1600,2327.6934401999824,1377.8900320003231,4085.57150300021,245.8
1789881005,1,,Aggregated,0.300000,0.000000,1600,3100,3100,4100,4100,4100,4100,4100,4100,4100,4100,5,0,1600,2327.6934401999824,1377.8900320003231,4085.57150300021,245.8
1789881006,1,,Aggregated,0.300000,0.000000,1600,1600,3100,3100,4100,4100,4100,4100,4100,4100,4100,6,0,1600,2131.1372691666293,1148.3564139998634,4085.57150300021,247.66666666666666
1789881007,1,,Aggregated,0.300000,0.000000,1600,1600,3100,3100,4100,4100,4100,4100,4100,4100,4100,6,0,1600,2131.1372691666293,1148.3564139998634,4085.57150300021,247.66666666666666
1789881008,1,,Aggregated,0.300000,0.000000,1600,1600,3100,3100,4100,4100,4100,4100,4100,4100,4100,6,0,1600,2131.1372691666293,1148.3564139998634,4085.57150300021,247.66666666666666
1789881009,1,,Aggregated,0.300000,0.000000,1600,1600,3100,3100,4100,4100,4100,4100,4100,4100,4100,6,0,1600,2131.1372691666293,1148.3564139998634,4085.57150300021,247.66666666666666
1789881010,1,,Aggregated,0.300000,0.000000,1500,1600,3100,3100,4100,4100,4100,4100,4100,4100,4100,7,0,1500,2037.8148458570909,1148.3564139998634,4085.57150300021,249.0
1789881011,1,,Aggregated,0.300000,0.000000,1500,1600,3100,3100,4100,4100,4100,4100,4100,4100,4100,7,0,1500,2037.8148458570909,1148.3564139998634,4085.57150300021,249.0
1789881012,1,,Aggregated,0.300000,0.000000,1500,1600,3100,3100,4100,4100,4100,4100,4100,4100,4100,7,0,1500,2037.8148458570909,1148.3564139998634,4085.57150300021,249.0
1789881013,1,,Aggregated,0.300000,0.000000,1500,1600,3100,3100,4100,4100,4100,4100,4100,4100,4100,8,0,1500,1942.4532492498656,1148.3564139998634,4085.57150300021,250.0
1789881014,1,,Aggregated,0.300000,0.000000,1500,1600,3100,3100,4100,4100,4100,4100,4100,4100,4100,8,0,1500,1942.4532492498656,1148.3564139998634,4085.57150300021,250.0
1789881015,1,,Aggregated,0.300000,0.000000,1500,1600,3100,3100,4100,4100,4100,4100,4100,4100,4100,8,0,1500,1942.4532492498656,1148.3564139998634,4085.57150300021,250.0
1789881016,1,,Aggregated,0.300000,0.000000,1500,1600,3100,3100,4100,4100,4100,4100,4100,4100,4100,8,0,1500,1942.4532492498656,1148.3564139998634,4085.57150300021,250.0
1789881017,1,,Aggregated,0.300000,0.000000,1500,1600,1600,3100,4100,4100,4100,4100,4100,4100,4100,9,0,1500,1903.1492567775988,1148.3564139998634,4085.57150300021,250.77777777777777
1789881018,1,,Aggregated,0.300000,0.000000,1500,1600,1600,3100,4100,4100,4100,4100,4100,4100,4100,9,0,1500,1903.1492567775988,1148.3564139998634,4085.57150300021,250.77777777777777
1789881019,1,,Aggregated,0.300000,0.000000,1500,1600,1600,3100,4100,4100,4100,4100,4100,4100,4100,9,0,1500,1903.1492567775988,1148.3564139998634,4085.57150300021,250.77777777777777
1789881020,1,,Aggregated,0.300000,0.000000,1500,1600,1600,3100,4100,4100,4100,4100,4100,4100,4100,10,0,1500,1846.382963799806,1148.3564139998634,4085.57150300021,251.4
1789881021,1,,Aggregated,0.300000,0.000000,1500,1600,1600,3100,4100,4100,4100,4100,4100,4100,4100,10,0,1500,1846.382963799806,1148.3564139998634,4085.57150300021,251.4
1789881022,1,,Aggregated,0.300000,0.000000,1500,1600,1600,3100,4100,4100,4100,4100,4100,4100,4100,10,0,1500,1846.382963799806,1148.3564139998634,4085.57150300021,251.4
1789881023,1,,Aggregated,0.300000,0.000000,1500,1600,1600,3100,4100,4100,4100,4100,4100,4100,4100,10,0,1500,1846.382963799806,1148.3564139998634,4085.57150300021,251.4
1789881024,1,,Aggregated,0.300000,0.000000,1500,1600,1600,3100,4100,4100,4100,4100,4100,4100,4100,10,0,1500,1846.382963799806,1148.3564139998634,4085.57150300021,251.4
1789881025,1,,Aggregated,0.300000,0.000000,1500,1600,1600,3100,4100,4100,4100,4100,4100,4100,4100,10,0,1500,1846.382963799806,1148.3564139998634,4085.57150300021,251.4
1789881026,1,,Aggregated,0.200000,0.000000,1500,1600,1600,1600,3100,4100,4100,4100,4100,4100,4100,11,0,1500,1801.0199055452176,1148.3564139998634,4085.57150300021,251.9090909090909
1789881027,1,,Aggregated,0.200000,0.000000,1500,1600,1600,1600,3100,4100,4100,4100,4100,4100,4100,11,0,1500,1801.0199055452176,1148.3564139998634,4085.57150300021,251.9090909090909
1789881028,1,,Aggregated,0.200000,0.000000,1500,1600,1600,1600,3100,4100,4100,4100,4100,4100,4100,11,0,1500,1801.0199055452176,1148.3564139998634,4085.57150300021,251.9090909090909
1789881029,1,,Aggregated,0.200000,0.000000,1500,1600,1600,1600,3100,4100,4100,4100,4100,4100,4100,11,0,1500,1801.0199055452176,1148.3564139998634,4085.57150300021,251.9090909090909
1789881030,1,,Aggregated,0.200000,0.000000,1500,1600,1600,1600,3100,4100,4100,4100,4100,4100,4100,11,0,1500,1801.0199055452176,1148.3564139998634,4085.57150300021,251.9090909090909
1789881031,1,,Aggregated,0.200000,0.000000,1500,1600,1600,1600,3100,4100,4100,4100,4100,4100,4100,11,0,1500,1801.0199055452176,1148.3564139998634,4085.57150300021,251.9090909090909
1789881032,1,,Aggregated,0.200000,0.000000,1500,1600,1600,1600,3100,4100,4100,4100,4100,4100,4100,11,0,1500,1801.0199055452176,1148.3564139998634,4085.57150300021,251.9090909090909
1789881033,1,,Aggregated,0.200000,0.000000,1500,1600,1600,1600,3100,4100,4100,4100,4100,4100,4100,11,0,1500,1801.0199055452176,1148.3564139998634,4085.57150300021,251.9090909090909
1789881034,1,,Aggregated,0.100000,0.000000,1500,1600,2800,2800,3100,4100,4100,4100,4100,4100,4100,12,0,1500,1888.0635344164602,1148.3564139998634,4085.57150300021,252.33333333333334
1789881035,1,,Aggregated,0.100000,0.000000,1500,1600,2800,2800,3100,4100,4100,4100,4100,4100,4100,12,0,1500,1888.0635344164602,1148.3564139998634,4085.57150300021,252.33333333333334
1789881036,1,,Aggregated,0.100000,0.000000,1500,1600,2800,2800,3100,4100,4100,4100,4100,4100,4100,12,0,1500,1888.0635344164602,1148.3564139998634,4085.57150300021,252.33333333333334
1789881037,1,,Aggregated,0.100000,0.000000,1500,1600,2800,2800,3100,4100,4100,4100,4100,4100,4100,12,0,1500,1888.0635344164602,1148.3564139998634,4085.57150300021,252.33333333333334
1789881038,1,,Aggregated,0.100000,0.000000,1500,1600,2800,2800,3100,4100,4100,4100,4100,4100,4100,12,0,1500,1888.0635344164602,1148.3564139998634,4085.57150300021,252.33333333333334
1789881039,1,,Aggregated,0.100000,0.000000,1500,1600,2800,2800,3100,4100,4100,4100,4100,4100,4100,12,0,1500,1888.0635344164602,1148.3564139998634,4085.57150300021,252.33333333333334
1789881040,1,,Aggregated,0.100000,0.000000,1500,1600,2800,2800,3100,4100,4100,4100,4100,4100,4100,12,0,1500,1888.0635344164602,1148.3564139998634,4085.57150300021,252.33333333333334
1789881041,1,,Aggregated,0.100000,0.000000,1500,1600,1600,2800,3100,4100,4100,4100,4100,4100,4100,13,0,1500,1853.4585158459568,1148.3564139998634,4085.57150300021,252.69230769230768
1789881042,1,,Aggregated,0.100000,0.000000,1500,1600,1600,2800,3100,4100,4100,4100,4100,4100,4100,13,0,1500,1853.4585158459568,1148.3564139998634,4085.57150300021,252.69230769230768
1789881043,1,,Aggregated,0.100000,0.000000,1500,1600,1600,2800,3100,4100,4100,4100,4100,4100,4100,13,0,1500,1853.4585158459568,1148.3564139998634,4085.57150300021,252.69230769230768
1789881044,1,,Aggregated,0.100000,0.000000,1500,1600,1600,2800,3100,4100,4100,4100,4100,4100,4100,13,0,1500,1853.4585158459568,1148.3564139998634,4085.57150300021,252.69230769230768
1789881045,1,,Aggregated,0.100000,0.000000,1500,1600,1600,2800,3100,4100,4100,4100,4100,4100,4100,13,0,1500,1853.4585158459568,1148.3564139998634,4085.57150300021,252.69230769230768
1789881046,1,,Aggregated,0.100000,0.000000,1500,1600,1600,2800,3100,4100,4100,4100,4100,4100,4100,13,0,1500,1853.4585158459568,1148.3564139998634,4085.57150300021,252.69230769230768
1789881047,1,,Aggregated,0.100000,0.000000,1500,1600,1700,2800,3100,4100,4100,4100,4100,4100,4100,14,0,1500,1839.6954432855637,1148.3564139998634,4085.57150300021,253.0
1789881048,1,,Aggregated,0.100000,0.000000,1500,1600,1700,2800,3100,4100,4100,4100,4100,4100,4100,14,0,1500,1839.6954432855637,1148.3564139998634,4085.57150300021,253.0
1789881049,1,,Aggregated,0.100000,0.000000,1500,1600,1700,2800,3100,4100,4100,4100,4100,4100,4100,14,0,1500,1839.6954432855637,1148.3564139998634,4085.57150300021,253.0
1789881050,1,,Aggregated,0.100000,0.000000,1500,1600,1700,2800,3100,4100,4100,4100,4100,4100,4100,14,0,1500,1839.6954432855637,1148.3564139998634,4085.57150300021,253.0
1789881051,1,,Aggregated,0.100000,0.000000,1500,1600,1700,2800,3100,4100,4100,4100,4100,4100,4100,14,0,1500,1839.6954432855637,1148.3564139998634,4085.57150300021,253.0
1789881052,1,,Aggregated,0.100000,0.000000,1500,1600,1700,2800,3100,4100,4100,4100,4100,4100,4100,14,0,1500,1839.6954432855637,1148.3564139998634,4085.57150300021,253.0
1789881053,1,,Aggregated,0.100000,0.000000,1500,1600,1700,2800,3100,4100,4100,4100,4100,4100,4100,14,0,1500,1839.6954432855637,1148.3564139998634,4085.57150300021,253.0
1789881054,1,,Aggregated,0.100000,0.000000,1500,1600,1700,2800,3100,4100,4100,4100,4100,4100,4100,15,0,1500,1806.4213311331816,1148.3564139998634,4085.57150300021,253.26666666666668
1789881055,1,,Aggregated,0.100000,0.000000,1500,1600,1700,2800,3100,4100,4100,4100,4100,4100,4100,15,0,1500,1806.4213311331816,1148.3564139998634,4085.57150300021,253.26666666666668
1789881056,1,,Aggregated,0.100000,0.000000,1500,1600,1700,2800,3100,4100,4100,4100,4100,4100,4100,15,0,1500,1806.4213311331816,1148.3564139998634,4085.57150300021,253.26666666666668
1789881057,1,,Aggregated,0.100000,0.000000,1500,1600,1700,2800,3100,4100,4100,4100,4100,4100,4100,15,0,1500,1806.4213311331816,1148.3564139998634,4085.57150300021,253.26666666666668
1789881058,1,,Aggregated,0.100000,0.000000,1500,1600,1700,2800,3100,4100,4100,4100,4100,4100,4100,15,0,1500,1806.4213311331816,1148.3564139998634,4085.57150300021,253.26666666666668
1789881059,1,,Aggregated,0.100000,0.000000,1500,1600,1700,2800,3100,4100,4100,4100,4100,4100,4100,15,0,1500,1806.4213311331816,1148.3564139998634,4085.57150300021,253.26666666666668
1789881060,1,,Aggregated,0.200000,0.000000,1500,1600,1700,1700,3100,4100,4100,4100,4100,4100,4100,16,0,1500,1772.4764273748974,1148.3564139998634,4085.57150300021,253.5
1789881061,1,,Aggregated,0.200000,0.000000,1500,1600,1700,1700,3100,4100,4100,4100,4100,4100,4100,16,0,1500,1772.4764273748974,1148.3564139998634,4085.57150300021,253.5
1789881062,1,,Aggregated,0.200000,0.000000,1500,1600,1700,1700,3100,4100,4100,4100,4100,4100,4100,16,0,1500,1772.4764273748974,1148.3564139998634,4085.57150300021,253.5
1789881063,1,,Aggregated,0.200000,0.000000,1500,1600,1700,1700,3100,4100,4100,4100,4100,4100,4100,16,0,1500,1772.4764273748974,1148.3564139998634,4085.57150300021,253.5
1789881064,1,,Aggregated,0.200000,0.000000,1500,1600,1700,1700,3100,4100,4100,4100,4100,4100,4100,16,0,1500,1772.4764273748974,1148.3564139998634,4085.57150300021,253.5
1789881065,1,,Aggregated,0.200000,0.000000,1500,1600,1700,1700,3100,4100,4100,4100,4100,4100,4100,16,0,1500,1772.4764273748974,1148.3564139998634,4085.57150300021,253.5
1789881066,1,,Aggregated,0.200000,0.000000,1500,1600,1700,1700,3100,4100,4100,4100,4100,4100,4100,16,0,1500,1772.4764273748974,1148.3564139998634,4085.57150300021,253.5
1789881067,1,,Aggregated,0.100000,0.000000,1500,1600,1700,1800,3100,4100,4100,4100,4100,4100,4100,17,0,1500,1772.4091697057647,1148.3564139998634,4085.57150300021,253.7058823529412
1789881068,1,,Aggregated,0.100000,0.000000,1500,1600,1700,1800,3100,4100,4100,4100,4100,4100,4100,17,0,1500,1772.4091697057647,1148.3564139998634,4085.57150300021,253.7058823529412
1789881069,1,,Aggregated,0.100000,0.000000,1500,1600,1700,1800,3100,4100,4100,4100,4100,4100,4100,17,0,1500,1772.4091697057647,1148.3564139998634,4085.57150300021,253.7058823529412
1789881070,1,,Aggregated,0.100000,0.000000,1500,1600,1700,1800,3100,4100,4100,4100,4100,4100,4100,17,0,1500,1772.4091697057647,1148.3564139998634,4085.57150300021,253.7058823529412
1789881071,1,,Aggregated,0.100000,0.000000,1500,1600,1700,1800,3100,4100,4100,4100,4100,4100,4100,17,0,1500,1772.4091697057647,1148.3564139998634,4085.57150300021,253.7058823529412
1789881072,1,,Aggregated,0.100000,0.000000,1500,1600,1700,1800,3100,4100,4100,4100,4100,4100,4100,17,0,1500,1772.4091697057647,1148.3564139998634,4085.57150300021,253.7058823529412
1789881073,1,,Aggregated,0.100000,0.000000,1500,1600,1700,1800,3100,4100,4100,4100,4100,4100,4100,18,0,1500,1760.3758147776414,1148.3564139998634,4085.57150300021,253.88888888888889
1789881074,1,,Aggregated,0.100000,0.000000,1500,1600,1700,1800,3100,4100,4100,4100,4100,4100,4100,18,0,1500,1760.3758147776414,1148.3564139998634,4085.57150300021,253.88888888888889
1789881075,1,,Aggregated,0.100000,0.000000,1500,1600,1700,1800,3100,4100,4100,4100,4100,4100,4100,18,0,1500,1760.3758147776414,1148.3564139998634,4085.57150300021,253.88888888888889
1789881076,1,,Aggregated,0.100000,0.000000,1500,1600,1700,1800,3100,4100,4100,4100,4100,4100,4100,18,0,1500,1760.3758147776414,1148.3564139998634,4085.57150300021,253.88888888888889
1789881077,1,,Aggregated,0.100000,0.000000,1500,1600,1700,1800,3100,4100,4100,4100,4100,4100,4100,18,0,1500,1760.3758147776414,1148.3564139998634,4085.57150300021,253.88888888888889
1789881078,1,,Aggregated,0.100000,0.000000,1500,1600,1700,1800,3100,4100,4100,4100,4100,4100,4100,18,0,1500,1760.3758147776414,1148.3564139998634,4085.57150300021,253.88888888888889
1789881079,1,,Aggregated,0.100000,0.000000,1500,1600,1700,1800,3100,4100,4100,4100,4100,4100,4100,18,0,1500,1760.3758147776414,1148.3564139998634,4085.57150300021,253.88888888888889
1789881080,1,,Aggregated,0.100000,0.000000,1500,1600,1700,1800,3100,4100,4100,4100,4100,4100,4100,19,0,1500,1747.7942731051562,1148.3564139998634,4085.57150300021,254.05263157894737
1789881081,1,,Aggregated,0.100000,0.000000,1500,1600,1700,1800,3100,4100,4100,4100,4100,4100,4100,19,0,1500,1747.7942731051562,1148.3564139998634,4085.57150300021,254.05263157894737
1789881082,1,,Aggregated,0.100000,0.000000,1500,1600,1700,1800,3100,4100,4100,4100,4100,4100,4100,19,0,1500,1747.7942731051562,1148.3564139998634,4085.57150300021,254.05263157894737
1789881083,1,,Aggregated,0.100000,0.000000,1500,1600,1700,1800,3100,4100,4100,4100,4100,4100,4100,19,0,1500,1747.7942731051562,1148.3564139998634,4085.57150300021,254.05263157894737
1789881084,1,,Aggregated,0.100000,0.000000,1500,1600,1700,1800,3100,4100,4100,4100,4100,4100,4100,19,0,1500,1747.7942731051562,1148.3564139998634,4085.57150300021,254.05263157894737
1789881085,1,,Aggregated,0.100000,0.000000,1500,1600,1700,1800,3100,4100,4100,4100,4100,4100,4100,19,0,1500,1747.7942731051562,1148.3564139998634,4085.57150300021,254.05263157894737
1789881086,1,,Aggregated,0.200000,0.000000,1500,1600,1700,1800,3100,4100,4100,4100,4100,4100,4100,20,0,1500,1717.5855927998782,1143.6206669995954,4085.57150300021,254.2
1789881087,1,,Aggregated,0.200000,0.000000,1500,1600,1700,1800,3100,4100,4100,4100,4100,4100,4100,20,0,1500,1717.5855927998782,1143.6206669995954,4085.57150300021,254.2
1789881088,1,,Aggregated,0.200000,0.000000,1500,1600,1700,1800,3100,4100,4100,4100,4100,4100,4100,20,0,1500,1717.5855927998782,1143.6206669995954,4085.57150300021,254.2
1789881089,1,,Aggregated,0.200000,0.000000,1500,1600,1700,1800,3100,4100,4100,4100,4100,4100,4100,20,0,1500,1717.5855927998782,1143.6206669995954,4085.57150300021,254.2
1789881090,1,,Aggregated,0.200000,0.000000,1500,1600,1700,1800,3100,4100,4100,4100,4100,4100,4100,20,0,1500,1717.5855927998782,1143.6206669995954,4085.57150300021,254.2
1789881091,1,,Aggregated,0.200000,0.000000,1500,1600,1700,1800,3100,4100,4100,4100,4100,4100,4100,20,0,1500,1717.5855927998782,1143.6206669995954,4085.57150300021,254.2
1789881092,1,,Aggregated,0.200000,0.000000,1500,1600,1700,1800,3100,4100,4100,4100,4100,4100,4100,20,0,1500,1717.5855927998782,1143.6206669995954,4085.57150300021,254.2
1789881093,1,,Aggregated,0.100000,0.000000,1500,1600,1700,1800,2800,3100,4100,4100,4100,4100,4100,21,0,1500,1757.598310333205,1143.6206669995954,4085.57150300021,254.33333333333334
1789881094,1,,Aggregated,0.100000,0.000000,1500,1600,1700,1800,2800,3100,4100,4100,4100,4100,4100,21,0,1500,1757.598310333205,1143.6206669995954,4085.57150300021,254.33333333333334
1789881095,1,,Aggregated,0.100000,0.000000,1500,1600,1700,1800,2800,3100,4100,4100,4100,4100,4100,21,0,1500,1757.598310333205,1143.6206669995954,4085.57150300021,254.33333333333334
1789881096,1,,Aggregated,0.100000,0.000000,1500,1600,1700,1800,2800,3100,4100,4100,4100,4100,4100,21,0,1500,1757.598310333205,1143.6206669995954,4085.57150300021,254.33333333333334
1789881097,1,,Aggregated,0.100000,0.000000,1500,1600,1700,1800,2800,3100,4100,4100,4100,4100,4100,21,0,1500,1757.598310333205,1143.6206669995954,4085.57150300021,254.33333333333334
1789881098,1,,Aggregated,0.100000,0.000000,1500,1600,1700,1800,2800,3100,4100,4100,4100,4100,4100,21,0,1500,1757.598310333205,1143.6206669995954,4085.57150300021,254.33333333333334
1789881099,1,,Aggregated,0.100000,0.000000,1500,1600,1700,1800,2800,3100,4100,4100,4100,4100,4100,21,0,1500,1757.598310333205,1143.6206669995954,4085.57150300021,254.33333333333334
1789881100,1,,Aggregated,0.100000,0.000000,1500,1600,1700,1800,2800,3100,4100,4100,4100,4100,4100,21,0,1500,1757.598310333205,1143.6206669995954,4085.57150300021,254.33333333333334
1789881101,1,,Aggregated,0.100000,0.000000,1500,1600,1800,2600,3100,3200,4100,4100,4100,4100,4100,22,0,1500,1823.260476318079,1143.6206669995954,4085.57150300021,254.45454545454547
1789881102,1,,Aggregated,0.100000,0.000000,1500,1600,1800,2600,3100,3200,4100,4100,4100,4100,4100,22,0,1500,1823.260476318079,1143.6206669995954,4085.57150300021,254.45454545454547
1789881103,1,,Aggregated,0.100000,0.000000,1500,1600,1800,2600,3100,3200,4100,4100,4100,4100,4100,22,0,1500,1823.260476318079,1143.6206669995954,4085.57150300021,254.45454545454547
1789881104,1,,Aggregated,0.100000,0.000000,1500,1600,1800,2600,3100,3200,4100,4100,4100,4100,4100,22,0,1500,1823.260476318079,1143.6206669995954,4085.57150300021,254.45454545454547
1789881105,1,,Aggregated,0.100000,0.000000,1500,1600,1800,2600,3100,3200,4100,4100,4100,4100,4100,22,0,1500,1823.260476318079,1143.6206669995954,4085.57150300021,254.45454545454547
1789881106,1,,Aggregated,0.100000,0.000000,1500,1600,1800,2600,3100,3200,4100,4100,4100,4100,4100,22,0,1500,1823.260476318079,1143.6206669995954,4085.57150300021,254.45454545454547
1789881107,1,,Aggregated,0.100000,0.000000,1500,1600,1800,2600,3100,3200,4100,4100,4100,4100,4100,22,0,1500,1823.260476318079,1143.6206669995954,4085.57150300021,254.45454545454547
1789881108,1,,Aggregated,0.100000,0.000000,1500,1600,1800,2600,3100,3200,4100,4100,4100,4100,4100,23,0,1500,1798.7815985216398,1143.6206669995954,4085.57150300021,254.56521739130434
1789881109,1,,Aggregated,0.100000,0.000000,1500,1600,1800,2600,3100,3200,4100,4100,4100,4100,4100,23,0,1500,1798.7815985216398,1143.6206669995954,4085.57150300021,254.56521739130434
1789881110,1,,Aggregated,0.100000,0.000000,1500,1600,1800,2600,3100,3200,4100,4100,4100,4100,4100,23,0,1500,1798.7815985216398,1143.6206669995954,4085.57150300021,254.56521739130434
1789881111,1,,Aggregated,0.100000,0.000000,1500,1600,1800,2600,3100,3200,4100,4100,4100,4100,4100,23,0,1500,1798.7815985216398,1143.6206669995954,4085.57150300021,254.56521739130434
1789881112,1,,Aggregated,0.100000,0.000000,1500,1600,1800,2600,3100,3200,4100,4100,4100,4100,4100,23,0,1500,1798.7815985216398,1143.6206669995954,4085.57150300021,254.56521739130434
1789881113,1,,Aggregated,0.100000,0.000000,1500,1600,1800,2600,3100,3200,4100,4100,4100,4100,4100,23,0,1500,1798.7815985216398,1143.6206669995954,4085.57150300021,254.56521739130434
1789881114,1,,Aggregated,0.100000,0.000000,1500,1600,1800,2600,3100,3200,4100,4100,4100,4100,4100,23,0,1500,1798.7815985216398,1143.6206669995954,4085.57150300021,254.56521739130434
1789881115,1,,Aggregated,0.100000,0.000000,1500,1600,1800,2600,3100,3200,4100,4100,4100,4100,4100,23,0,1500,1798.7815985216398,1143.6206669995954,4085.57150300021,254.56521739130434
1789881116,1,,Aggregated,0.100000,0.000000,1500,1700,2600,3100,3400,4100,127000,127000,127000,127000,127000,25,0,1500,6857.821401921246,1143.6206669995954,126691.08843803406,827.68
1789881117,1,,Aggregated,0.100000,0.000000,1500,1700,2600,3100,3400,4100,127000,127000,127000,127000,127000,25,0,1500,6857.821401921246,1143.6206669995954,126691.08843803406,827.68
1789881118,1,,Aggregated,0.100000,0.000000,1500,1700,2600,3100,3400,4100,127000,127000,127000,127000,127000,25,0,1500,6857.821401921246,1143.6206669995954,126691.08843803406,827.68
1789881119,1,,Aggregated,0.300000,0.000000,1600,1800,2800,2900,3400,4100,127000,127000,127000,127000,127000,26,0,1600,6704.717138001202,1143.6206669995954,126691.08843803406,798.7692307692307
1789881120,1,,Aggregated,0.300000,0.000000,1600,1800,2800,2900,3400,4100,127000,127000,127000,127000,127000,26,0,1600,6704.717138001202,1143.6206669995954,126691.08843803406,798.7692307692307
1789881121,1,,Aggregated,0.300000,0.000000,1600,1800,2800,2900,3400,4100,127000,127000,127000,127000,127000,26,0,1600,6704.717138001202,1143.6206669995954,126691.08843803406,798.7692307692307
1789881122,1,,Aggregated,0.300000,0.000000,1500,1700,2800,2900,3400,4100,127000,127000,127000,127000,127000,27,0,1500,6499.739081556712,1143.6206669995954,126691.08843803406,778.4074074074074
1789881123,1,,Aggregated,0.300000,0.000000,1500,1700,2800,2900,3400,4100,127000,127000,127000,127000,127000,27,0,1500,6499.739081556712,1143.6206669995954,126691.08843803406,778.4074074074074
1789881124,1,,Aggregated,0.300000,0.000000,1500,1700,2800,2900,3400,4100,127000,127000,127000,127000,127000,27,0,1500,6499.739081556712,1143.6206669995954,126691.08843803406,778.4074074074074
1789881125,1,,Aggregated,0.300000,0.000000,1500,1700,2800,2900,3400,4100,127000,127000,127000,127000,127000,27,0,1500,6499.739081556712,1143.6206669995954,126691.08843803406,778.4074074074074
1789881126,1,,Aggregated,0.400000,0.000000,1600,1800,2800,2900,3400,4100,127000,127000,127000,127000,127000,28,0,1600,6340.342613036845,1143.6206669995954,126691.08843803406,759.7857142857143
1789881127,1,,Aggregated,0.400000,0.000000,1600,1800,2800,2900,3400,4100,127000,127000,127000,127000,127000,28,0,1600,6340.342613036845,1143.6206669995954,126691.08843803406,759.7857142857143
1789881128,1,,Aggregated,0.400000,0.000000,1600,1800,2800,2900,3400,4100,127000,127000,127000,127000,127000,28,0,1600,6340.342613036845,1143.6206669995954,126691.08843803406,759.7857142857143
1789881129,1,,Aggregated,0.400000,0.000000,1600,1800,2800,2900,3400,4100,127000,127000,127000,127000,127000,28,0,1600,6340.342613036845,1143.6206669995954,126691.08843803406,759.7857142857143
1789881130,1,,Aggregated,0.300000,0.000000,1600,2000,2600,2900,3400,4100,127000,127000,127000,127000,127000,29,0,1600,6191.445343173498,1143.6206669995954,126691.08843803406,742.448275862069
1789881131,1,,Aggregated,0.300000,0.000000,1600,2000,2600,2900,3400,4100,127000,127000,127000,127000,127000,29,0,1600,6191.445343173498,1143.6206669995954,126691.08843803406,742.448275862069
1789881132,1,,Aggregated,0.300000,0.000000,1600,2000,2600,2900,3400,4100,127000,127000,127000,127000,127000,29,0,1600,6191.445343173498,1143.6206669995954,126691.08843803406,742.448275862069
1789881133,1,,Aggregated,0.300000,0.000000,1600,1800,2600,2900,3400,4100,127000,127000,127000,127000,127000,30,0,1600,6024.943682867737,1143.6206669995954,126691.08843803406,726.2666666666667
1789881134,1,,Aggregated,0.300000,0.000000,1600,1800,2600,2900,3400,4100,127000,127000,127000,127000,127000,30,0,1600,6024.943682867737,1143.6206669995954,126691.08843803406,726.2666666666667
1789881135,1,,Aggregated,0.300000,0.000000,1600,1800,2600,2900,3400,4100,127000,127000,127000,127000,127000,30,0,1600,6024.943682867737,1143.6206669995954,126691.08843803406,726.2666666666667
1789881136,1,,Aggregated,0.300000,0.000000,1600,1800,2600,2900,3400,4100,127000,127000,127000,127000,127000,30,0,1600,6024.943682867737,1143.6206669995954,126691.08843803406,726.2666666666667
1789881137,1,,Aggregated,0.300000,0.000000,1600,1800,2600,2800,3200,4100,127000,127000,127000,127000,127000,31,0,1600,5887.009165162336,1143.6206669995954,126691.08843803406,711.1290322580645
1789881138,1,,Aggregated,0.300000,0.000000,1600,1800,2600,2800,3200,4100,127000,127000,127000,127000,127000,31,0,1600,5887.009165162336,1143.6206669995954,126691.08843803406,711.1290322580645
1789881139,1,,Aggregated,0.300000,0.000000,1600,1800,2600,2800,3200,4100,127000,127000,127000,127000,127000,31,0,1600,5887.009165162336,1143.6206669995954,126691.08843803406,711.1290322580645
1789881140,1,,Aggregated,0.300000,0.000000,1600,1800,2600,2800,3200,4100,127000,127000,127000,127000,127000,32,0,1600,5744.079812469778,1143.6206669995954,126691.08843803406,696.9375
1789881141,1,,Aggregated,0.300000,0.000000,1600,1800,2600,2800,3200,4100,127000,127000,127000,127000,127000,32,0,1600,5744.079812469778,1143.6206669995954,126691.08843803406,696.9375
1789881142,1,,Aggregated,0.300000,0.000000,1600,1800,2600,2800,3200,4100,127000,127000,127000,127000,127000,32,0,1600,5744.079812469778,1143.6206669995954,126691.08843803406,696.9375
1789881143,1,,Aggregated,0.300000,0.000000,1600,1800,2600,2800,3200,4100,127000,127000,127000,127000,127000,32,0,1600,5744.079812469778,1143.6206669995954,126691.08843803406,696.9375
1789881144,1,,Aggregated,0.300000,0.000000,1600,1800,2000,2800,3200,4100,127000,127000,127000,127000,127000,33,0,1600,5623.354348031281,1143.6206669995954,126691.08843803406,683.6060606060606
1789881145,1,,Aggregated,0.300000,0.000000,1600,1800,2000,2800,3200,4100,127000,127000,127000,127000,127000,33,0,1600,5623.354348031281,1143.6206669995954,126691.08843803406,683.6060606060606
1789881146,1,,Aggregated,0.300000,0.000000,1600,1800,2000,2800,3200,4100,127000,127000,127000,127000,127000,33,0,1600,5623.354348031281,1143.6206669995954,126691.08843803406,683.6060606060606
1789881147,1,,Aggregated,0.300000,0.000000,1600,1800,2000,2800,3200,4100,127000,127000,127000,127000,127000,33,0,1600,5623.354348031281,1143.6206669995954,126691.08843803406,683.6060606060606
1789881148,1,,Aggregated,0.300000,0.000000,1600,1800,2000,2800,3200,4100,127000,127000,127000,127000,127000,34,0,1600,5499.448730059773,1143.6206669995954,126691.08843803406,671.0588235294117
1789881149,1,,Aggregated,0.300000,0.000000,1600,1800,2000,2800,3200,4100,127000,127000,127000,127000,127000,34,0,1600,5499.448730059773,1143.6206669995954,126691.08843803406,671.0588235294117
1789881150,1,,Aggregated,0.300000,0.000000,1600,1800,2000,2800,3200,4100,127000,127000,127000,127000,127000,34,0,1600,5499.448730059773,1143.6206669995954,126691.08843803406,671.0588235294117
1789881151,1,,Aggregated,0.300000,0.000000,1600,1800,2000,2800,3200,4100,127000,127000,127000,127000,127000,34,0,1600,5499.448730059773,1143.6206669995954,126691.08843803406,671.0588235294117
1789881152,1,,Aggregated,0.300000,0.000000,1600,1800,2000,2800,3200,4100,127000,127000,127000,127000,127000,34,0,1600,5499.448730059773,1143.6206669995954,126691.08843803406,671.0588235294117
1789881153,1,,Aggregated,0.300000,0.000000,1600,1800,2000,2800,3200,4100,127000,127000,127000,127000,127000,34,0,1600,5499.448730059773,1143.6206669995954,126691.08843803406,671.0588235294117
1789881154,1,,Aggregated,0.200000,0.000000,1600,1800,2000,2800,3200,4100,127000,127000,127000,127000,127000,35,0,1600,5387.380880486619,1143.6206669995954,126691.08843803406,659.2285714285714
1789881155,1,,Aggregated,0.200000,0.000000,1600,1800,2000,2800,3200,4100,127000,127000,127000,127000,127000,35,0,1600,5387.380880486619,1143.6206669995954,126691.08843803406,659.2285714285714
1789881156,1,,Aggregated,0.200000,0.000000,1600,1800,2000,2800,3200,4100,127000,127000,127000,127000,127000,35,0,1600,5387.380880486619,1143.6206669995954,126691.08843803406,659.2285714285714
1789881157,1,,Aggregated,0.200000,0.000000,1600,1800,2000,2800,3200,4100,127000,127000,127000,127000,127000,35,0,1600,5387.380880486619,1143.6206669995954,126691.08843803406,659.2285714285714
1789881158,1,,Aggregated,0.200000,0.000000,1600,1800,2000,2800,3200,4100,127000,127000,127000,127000,127000,35,0,1600,5387.380880486619,1143.6206669995954,126691.08843803406,659.2285714285714
1789881159,1,,Aggregated,0.200000,0.000000,1600,1800,2000,2800,3200,4100,127000,127000,127000,127000,127000,35,0,1600,5387.380880486619,1143.6206669995954,126691.08843803406,659.2285714285714
1789881160,1,,Aggregated,0.200000,0.000000,1600,1800,2000,2800,3200,4100,127000,127000,127000,127000,127000,35,0,1600,5387.380880486619,1143.6206669995954,126691.08843803406,659.2285714285714
1789881161,1,,Aggregated,0.100000,0.000000,1600,1700,2000,2600,3200,4100,127000,127000,127000,127000,127000,36,0,1600,5280.051773445318,1143.6206669995954,126691.08843803406,648.0555555555555
1789881162,1,,Aggregated,0.100000,0.000000,1600,1700,2000,2600,3200,4100,127000,127000,127000,127000,127000,36,0,1600,5280.051773445318,1143.6206669995954,126691.08843803406,648.0555555555555
1789881163,1,,Aggregated,0.100000,0.000000,1600,1700,2000,2600,3200,4100,127000,127000,127000,127000,127000,36,0,1600,5280.051773445318,1143.6206669995954,126691.08843803406,648.0555555555555
1789881164,1,,Aggregated,0.100000,0.000000,1600,1700,2000,2600,3200,4100,127000,127000,127000,127000,127000,36,0,1600,5280.051773445318,1143.6206669995954,126691.08843803406,648.0555555555555
1789881165,1,,Aggregated,0.100000,0.000000,1600,1700,2000,2600,3200,4100,127000,127000,127000,127000,127000,36,0,1600,5280.051773445318,1143.6206669995954,126691.08843803406,648.0555555555555
1789881166,1,,Aggregated,0.100000,0.000000,1600,1700,2000,2600,3200,4100,127000,127000,127000,127000,127000,36,0,1600,5280.051773445318,1143.6206669995954,126691.08843803406,648.0555555555555
1789881167,1,,Aggregated,0.100000,0.000000,1500,1700,2000,2600,3200,4100,127000,127000,127000,127000,127000,37,0,1500,5174.091049568405,1143.6206669995954,126691.08843803406,637.4864864864865
1789881168,1,,Aggregated,0.100000,0.000000,1500,1700,2000,2600,3200,4100,127000,127000,127000,127000,127000,37,0,1500,5174.091049568405,1143.6206669995954,126691.08843803406,637.4864864864865
1789881169,1,,Aggregated,0.100000,0.000000,1500,1700,2000,2600,3200,4100,127000,127000,127000,127000,127000,37,0,1500,5174.091049568405,1143.6206669995954,126691.08843803406,637.4864864864865
1789881170,1,,Aggregated,0.100000,0.000000,1500,1700,2000,2600,3200,4100,127000,127000,127000,127000,127000,37,0,1500,5174.091049568405,1143.6206669995954,126691.08843803406,637.4864864864865
1789881171,1,,Aggregated,0.100000,0.000000,1500,1700,2000,2600,3200,4100,127000,127000,127000,127000,127000,37,0,1500,5174.091049568405,1143.6206669995954,126691.08843803406,637.4864864864865
1789881172,1,,Aggregated,0.100000,0.000000,1500,1700,2000,2600,3200,4100,127000,127000,127000,127000,127000,37,0,1500,5174.091049568405,1143.6206669995954,126691.08843803406,637.4864864864865
1789881173,1,,Aggregated,0.100000,0.000000,1500,1700,2000,2600,3200,4100,127000,127000,127000,127000,127000,38,0,1500,5067.700033421859,1131.2324359996637,126691.08843803406,627.4736842105264
1789881174,1,,Aggregated,0.100000,0.000000,1500,1700,2000,2600,3200,4100,127000,127000,127000,127000,127000,38,0,1500,5067.700033421859,1131.2324359996637,126691.08843803406,627.4736842105264
1789881175,1,,Aggregated,0.100000,0.000000,1500,1700,2000,2600,3200,4100,127000,127000,127000,127000,127000,38,0,1500,5067.700033421859,1131.2324359996637,126691.08843803406,627.4736842105264
1789881176,1,,Aggregated,0.100000,0.000000,1500,1700,2000,2600,3200,4100,127000,127000,127000,127000,127000,38,0,1500,5067.700033421859,1131.2324359996637,126691.08843803406,627.4736842105264
1789881177,1,,Aggregated,0.100000,0.000000,1500,1700,2000,2600,3200,4100,127000,127000,127000,127000,127000,38,0,1500,5067.700033421859,1131.2324359996637,126691.08843803406,627.4736842105264
1789881178,1,,Aggregated,0.100000,0.000000,1500,1700,2000,2600,3200,4100,127000,127000,127000,127000,127000,38,0,1500,5067.700033421859,1131.2324359996637,126691.08843803406,627.4736842105264
1789881179,1,,Aggregated,0.100000,0.000000,1500,1700,2000,2600,3200,4100,127000,127000,127000,127000,127000,38,0,1500,5067.700033421859,1131.2324359996637,126691.08843803406,627.4736842105264
1789881180,1,,Aggregated,0.100000,0.000000,1500,1700,2000,2600,3200,4100,127000,127000,127000,127000,127000,39,0,1500,4985.882229898217,1131.2324359996637,126691.08843803406,617.974358974359
1789881181,1,,Aggregated,0.100000,0.000000,1500,1700,2000,2600,3200,4100,127000,127000,127000,127000,127000,39,0,1500,4985.882229898217,1131.2324359996637,126691.08843803406,617.974358974359
1789881182,1,,Aggregated,0.100000,0.000000,1500,1700,2000,2600,3200,4100,127000,127000,127000,127000,127000,39,0,1500,4985.882229898217,1131.2324359996637,126691.08843803406,617.974358974359
1789881183,1,,Aggregated,0.100000,0.000000,1500,1700,2000,2600,3200,4100,127000,127000,127000,127000,127000,39,0,1500,4985.882229898217,1131.2324359996637,126691.08843803406,617.974358974359
1789881184,1,,Aggregated,0.100000,0.000000,1500,1700,2000,2600,3200,4100,127000,127000,127000,127000,127000,39,0,1500,4985.882229898217,1131.2324359996637,126691.08843803406,617.974358974359
1789881185,1,,Aggregated,0.100000,0.000000,1500,1700,2000,2600,3200,4100,127000,127000,127000,127000,127000,39,0,1500,4985.882229898217,1131.2324359996637,126691.08843803406,617.974358974359
1789881186,1,,Aggregated,0.100000,0.000000,1500,1700,2000,2600,3200,4100,127000,127000,127000,127000,127000,39,0,1500,4985.882229898217,1131.2324359996637,126691.08843803406,617.974358974359
1789881187,1,,Aggregated,0.100000,0.000000,1600,1700,2000,2600,3200,4100,127000,127000,127000,127000,127000,40,0,1600,4901.327235500753,1131.2324359996637,126691.08843803406,608.95
1789881188,1,,Aggregated,0.100000,0.000000,1600,1700,2000,2600,3200,4100,127000,127000,127000,127000,127000,40,0,1600,4901.327235500753,1131.2324359996637,126691.08843803406,608.95
1789881189,1,,Aggregated,0.100000,0.000000,1600,1700,2000,2600,3200,4100,127000,127000,127000,127000,127000,40,0,1600,4901.327235500753,1131.2324359996637,126691.08843803406,608.95
1789881190,1,,Aggregated,0.100000,0.000000,1600,1700,2000,2600,3200,4100,127000,127000,127000,127000,127000,40,0,1600,4901.327235500753,1131.2324359996637,126691.08843803406,608.95
1789881191,1,,Aggregated,0.100000,0.000000,1600,1700,2000,2600,3200,4100,127000,127000,127000,127000,127000,40,0,1600,4901.327235500753,1131.2324359996637,126691.08843803406,608.95
1789881192,1,,Aggregated,0.100000,0.000000,1600,1700,2000,2600,3200,4100,127000,127000,127000,127000,127000,40,0,1600,4901.327235500753,1131.2324359996637,126691.08843803406,608.95
1789881193,1,,Aggregated,0.100000,0.000000,1500,1700,1900,2000,3100,3400,127000,127000,127000,127000,127000,41,0,1500,4810.599027317794,1131.2324359996637,126691.08843803406,600.3658536585366
1789881194,1,,Aggregated,0.100000,0.000000,1500,1700,1900,2000,3100,3400,127000,127000,127000,127000,127000,41,0,1500,4810.599027317794,1131.2324359996637,126691.08843803406,600.3658536585366
1789881195,1,,Aggregated,0.100000,0.000000,1500,1700,1900,2000,3100,3400,127000,127000,127000,127000,127000,41,0,1500,4810.599027317794,1131.2324359996637,126691.08843803406,600.3658536585366
1789881196,1,,Aggregated,0.100000,0.000000,1500,1700,1900,2000,3100,3400,127000,127000,127000,127000,127000,41,0,1500,4810.599027317794,1131.2324359996637,126691.08843803406,600.3658536585366
1789881197,1,,Aggregated,0.100000,0.000000,1500,1700,1900,2000,3100,3400,127000,127000,127000,127000,127000,41,0,1500,4810.599027317794,1131.2324359996637,126691.08843803406,600.3658536585366
1789881198,1,,Aggregated,0.100000,0.000000,1500,1700,1900,2000,3100,3400,127000,127000,127000,127000,127000,41,0,1500,4810.599027317794,1131.2324359996637,126691.08843803406,600.3658536585366
1789881199,1,,Aggregated,0.100000,0.000000,1500,1700,1900,2000,3100,3400,127000,127000,127000,127000,127000,42,0,1500,4730.473812357841,1131.2324359996637,126691.08843803406,592.1904761904761
1789881200,1,,Aggregated,0.100000,0.000000,1500,1700,1900,2000,3100,3400,127000,127000,127000,127000,127000,42,0,1500,4730.473812357841,1131.2324359996637,126691.08843803406,592.1904761904761
1789881201,1,,Aggregated,0.100000,0.000000,1500,1700,1900,2000,3100,3400,127000,127000,127000,127000,127000,42,0,1500,4730.473812357841,1131.2324359996637,126691.08843803406,592.1904761904761
1789881202,1,,Aggregated,0.100000,0.000000,1500,1700,1900,2000,3100,3400,127000,127000,127000,127000,127000,42,0,1500,4730.473812357841,1131.2324359996637,126691.08843803406,592.1904761904761
1789881203,1,,Aggregated,0.100000,0.000000,1500,1700,1900,2000,3100,3400,127000,127000,127000,127000,127000,42,0,1500,4730.473812357841,1131.2324359996637,126691.08843803406,592.1904761904761
1789881204,1,,Aggregated,0.100000,0.000000,1500,1700,1900,2000,3100,3400,127000,127000,127000,127000,127000,42,0,1500,4730.473812357841,1131.2324359996637,126691.08843803406,592.1904761904761
1789881205,1,,Aggregated,0.200000,0.000000,1500,1700,1900,2000,3100,3400,127000,127000,127000,127000,127000,43,0,1500,4649.979613791382,1131.2324359996637,126691.08843803406,584.3953488372093
1789881206,1,,Aggregated,0.200000,0.000000,1500,1700,1900,2000,3100,3400,127000,127000,127000,127000,127000,43,0,1500,4649.979613791382,1131.2324359996637,126691.08843803406,584.3953488372093
1789881207,1,,Aggregated,0.200000,0.000000,1500,1700,1900,2000,3100,3400,127000,127000,127000,127000,127000,43,0,1500,4649.979613791382,1131.2324359996637,126691.08843803406,584.3953488372093
1789881208,1,,Aggregated,0.200000,0.000000,1500,1700,1900,2000,3100,3400,127000,127000,127000,127000,127000,43,0,1500,4649.979613791382,1131.2324359996637,126691.08843803406,584.3953488372093
1789881209,1,,Aggregated,0.200000,0.000000,1500,1700,1900,2000,3100,3400,127000,127000,127000,127000,127000,43,0,1500,4649.979613791382,1131.2324359996637,126691.08843803406,584.3953488372093
1789881210,1,,Aggregated,0.200000,0.000000,1500,1700,1900,2000,3100,3400,127000,127000,127000,127000,127000,43,0,1500,4649.979613791382,1131.2324359996637,126691.08843803406,584.3953488372093
1789881211,1,,Aggregated,0.200000,0.000000,1500,1700,1900,2000,3100,3400,127000,127000,127000,127000,127000,43,0,1500,4649.979613791382,1131.2324359996637,126691.08843803406,584.3953488372093
1789881212,1,,Aggregated,0.100000,0.000000,1500,1700,1900,2000,3100,3400,127000,127000,127000,127000,127000,44,0,1500,4580.317152114298,1131.2324359996637,126691.08843803406,576.9545454545455
1789881213,1,,Aggregated,0.100000,0.000000,1500,1700,1900,2000,3100,3400,127000,127000,127000,127000,127000,44,0,1500,4580.317152114298,1131.2324359996637,126691.08843803406,576.9545454545455
1789881214,1,,Aggregated,0.100000,0.000000,1500,1700,1900,2000,3100,3400,127000,127000,127000,127000,127000,44,0,1500,4580.317152114298,1131.2324359996637,126691.08843803406,576.9545454545455
1789881215,1,,Aggregated,0.100000,0.000000,1500,1700,1900,2000,3100,3400,127000,127000,127000,127000,127000,44,0,1500,4580.317152114298,1131.2324359996637,126691.08843803406,576.9545454545455
1789881216,1,,Aggregated,0.100000,0.000000,1500,1700,1900,2000,3100,3400,127000,127000,127000,127000,127000,44,0,1500,4580.317152114298,1131.2324359996637,126691.08843803406,576.9545454545455
1789881217,1,,Aggregated,0.100000,0.000000,1500,1700,1900,2000,3100,3400,127000,127000,127000,127000,127000,44,0,1500,4580.317152114298,1131.2324359996637,126691.08843803406,576.9545454545455
1789881218,1,,Aggregated,0.100000,0.000000,1500,1600,1800,2000,3100,3400,127000,127000,127000,127000,127000,45,0,1500,4508.64559031175,1131.2324359996637,126691.08843803406,569.8444444444444
1789881219,1,,Aggregated,0.100000,0.000000,1500,1600,1800,2000,3100,3400,127000,127000,127000,127000,127000,45,0,1500,4508.64559031175,1131.2324359996637,126691.08843803406,569.8444444444444
1789881220,1,,Aggregated,0.100000,0.000000,1500,1600,1800,2000,3100,3400,127000,127000,127000,127000,127000,45,0,1500,4508.64559031175,1131.2324359996637,126691.08843803406,569.8444444444444
1789881221,1,,Aggregated,0.100000,0.000000,1500,1600,1800,2000,3100,3400,127000,127000,127000,127000,127000,45,0,1500,4508.64559031175,1131.2324359996637,126691.08843803406,569.8444444444444
1789881222,1,,Aggregated,0.100000,0.000000,1500,1600,1800,2000,3100,3400,127000,127000,127000,127000,127000,45,0,1500,4508.64559031175,1131.2324359996637,126691.08843803406,569.8444444444444
1789881223,1,,Aggregated,0.100000,0.000000,1500,1600,1800,2000,3100,3400,127000,127000,127000,127000,127000,45,0,1500,4508.64559031175,1131.2324359996637,126691.08843803406,569.8444444444444
1789881224,1,,Aggregated,0.100000,0.000000,1500,1600,1800,2000,3100,3400,127000,127000,127000,127000,127000,45,0,1500,4508.64559031175,1131.2324359996637,126691.08843803406,569.8444444444444
1789881225,1,,Aggregated,0.100000,0.000000,1500,1600,1800,2000,3100,3400,127000,127000,127000,127000,127000,46,0,1500,4442.976890587568,1131.2324359996637,126691.08843803406,563.0434782608696
1789881226,1,,Aggregated,0.100000,0.000000,1500,1600,1800,2000,3100,3400,127000,127000,127000,127000,127000,46,0,1500,4442.976890587568,1131.2324359996637,126691.08843803406,563.0434782608696
1789881227,1,,Aggregated,0.100000,0.000000,1500,1600,1800,2000,3100,3400,127000,127000,127000,127000,127000,46,0,1500,4442.976890587568,1131.2324359996637,126691.08843803406,563.0434782608696
1789881228,1,,Aggregated,0.100000,0.000000,1500,1600,1800,2000,3100,3400,127000,127000,127000,127000,127000,46,0,1500,4442.976890587568,1131.2324359996637,126691.08843803406,563.0434782608696
1789881229,1,,Aggregated,0.100000,0.000000,1500,1600,1800,2000,3100,3400,127000,127000,127000,127000,127000,46,0,1500,4442.976890587568,1131.2324359996637,126691.08843803406,563.0434782608696
1789881230,1,,Aggregated,0.100000,0.000000,1500,1600,1800,2000,3100,3400,127000,127000,127000,127000,127000,46,0,1500,4442.976890587568,1131.2324359996637,126691.08843803406,563.0434782608696
1789881231,1,,Aggregated,0.100000,0.000000,1500,1600,1800,2000,3100,3400,127000,127000,127000,127000,127000,47,0,1500,4374.933419958054,1131.2324359996637,126691.08843803406,556.531914893617
1789881232,1,,Aggregated,0.100000,0.000000,1500,1600,1800,2000,3100,3400,127000,127000,127000,127000,127000,47,0,1500,4374.933419958054,1131.2324359996637,126691.08843803406,556.531914893617
1789881233,1,,Aggregated,0.100000,0.000000,1500,1600,1800,2000,3100,3400,127000,127000,127000,127000,127000,47,0,1500,4374.933419958054,1131.2324359996637,126691.08843803406,556.531914893617
1789881234,1,,Aggregated,0.100000,0.000000,1500,1600,1800,2000,3100,3400,127000,127000,127000,127000,127000,47,0,1500,4374.933419958054,1131.2324359996637,126691.08843803406,556.531914893617
1789881235,1,,Aggregated,0.100000,0.000000,1500,1600,1800,2000,3100,3400,127000,127000,127000,127000,127000,47,0,1500,4374.933419958054,1131.2324359996637,126691.08843803406,556.531914893617
1789881236,1,,Aggregated,0.100000,0.000000,1500,1600,1800,2000,3100,3400,127000,127000,127000,127000,127000,47,0,1500,4374.933419958054,1131.2324359996637,126691.08843803406,556.531914893617
1789881237,1,,Aggregated,0.200000,0.000000,1500,1600,1800,2000,3100,3400,127000,127000,127000,127000,127000,48,0,1500,4309.986429979764,1131.2324359996637,126691.08843803406,550.2916666666666
1789881238,1,,Aggregated,0.200000,0.000000,1500,1600,1800,2000,3100,3400,127000,127000,127000,127000,127000,48,0,1500,4309.986429979764,1131.2324359996637,126691.08843803406,550.2916666666666
1789881239,1,,Aggregated,0.200000,0.000000,1500,1600,1800,2000,3100,3400,127000,127000,127000,127000,127000,48,0,1500,4309.986429979764,1131.2324359996637,126691.08843803406,550.2916666666666
1789881240,1,,Aggregated,0.200000,0.000000,1500,1600,1800,2000,3100,3400,127000,127000,127000,127000,127000,48,0,1500,4309.986429979764,1131.2324359996637,126691.08843803406,550.2916666666666
1789881241,1,,Aggregated,0.200000,0.000000,1500,1600,1800,2000,3100,3400,127000,127000,127000,127000,127000,48,0,1500,4309.986429979764,1131.2324359996637,126691.08843803406,550.2916666666666
1789881242,1,,Aggregated,0.200000,0.000000,1500,1600,1800,2000,3100,3400,127000,127000,127000,127000,127000,48,0,1500,4309.986429979764,1131.2324359996637,126691.08843803406,550.2916666666666
1789881243,1,,Aggregated,0.200000,0.000000,1500,1600,1800,2000,3100,3400,127000,127000,127000,127000,127000,48,0,1500,4309.986429979764,1131.2324359996637,126691.08843803406,550.2916666666666
1789881244,1,,Aggregated,0.200000,0.000000,1500,1600,1800,2000,3100,3400,127000,127000,127000,127000,127000,49,0,1500,4247.29376993935,1131.2324359996637,126691.08843803406,544.3061224489796
1789881245,1,,Aggregated,0.200000,0.000000,1500,1600,1800,2000,3100,3400,127000,127000,127000,127000,127000,49,0,1500,4247.29376993935,1131.2324359996637,126691.08843803406,544.3061224489796
1789881246,1,,Aggregated,0.200000,0.000000,1500,1600,1800,2000,3100,3400,127000,127000,127000,127000,127000,49,0,1500,4247.29376993935,1131.2324359996637,126691.08843803406,544.3061224489796
1789881247,1,,Aggregated,0.200000,0.000000,1500,1600,1800,2000,3100,3400,127000,127000,127000,127000,127000,49,0,1500,4247.29376993935,1131.2324359996637,126691.08843803406,544.3061224489796
1789881248,1,,Aggregated,0.200000,0.000000,1500,1600,1800,2000,3100,3400,127000,127000,127000,127000,127000,49,0,1500,4247.29376993935,1131.2324359996637,126691.08843803406,544.3061224489796
1789881249,1,,Aggregated,0.200000,0.000000,1500,1600,1800,2000,3100,3400,127000,127000,127000,127000,127000,49,0,1500,4247.29376993935,1131.2324359996637,126691.08843803406,544.3061224489796
1789881250,1,,Aggregated,0.200000,0.000000,1500,1600,1800,2000,3100,3400,127000,127000,127000,127000,127000,49,0,1500,4247.29376993935,1131.2324359996637,126691.08843803406,544.3061224489796
1789881251,1,,Aggregated,0.100000,0.000000,1500,1600,1800,2000,3100,3400,127000,127000,127000,127000,127000,50,0,1500,4209.262495800559,1131.2324359996637,126691.08843803406,538.56
1789881252,1,,Aggregated,0.100000,0.000000,1500,1600,1800,2000,3100,3400,127000,127000,127000,127000,127000,50,0,1500,4209.262495800559,1131.2324359996637,126691.08843803406,538.56
1789881253,1,,Aggregated,0.100000,0.000000,1500,1600,1800,2000,3100,3400,127000,127000,127000,127000,127000,50,0,1500,4209.262495800559,1131.2324359996637,126691.08843803406,538.56
1789881254,1,,Aggregated,0.100000,0.000000,1500,1600,1800,2000,3100,3400,127000,127000,127000,127000,127000,50,0,1500,4209.262495800559,1131.2324359996637,126691.08843803406,538.56
1789881255,1,,Aggregated,0.100000,0.000000,1500,1600,1800,2000,3100,3400,127000,127000,127000,127000,127000,50,0,1500,4209.262495800559,1131.2324359996637,126691.08843803406,538.56
1789881256,1,,Aggregated,0.100000,0.000000,1500,1600,1800,2000,3100,3400,127000,127000,127000,127000,127000,50,0,1500,4209.262495800559,1131.2324359996637,126691.08843803406,538.56
1789881257,1,,Aggregated,0.100000,0.000000,1500,1600,1800,2000,2900,3400,4100,127000,127000,127000,127000,51,0,1500,4152.001939196632,1131.2324359996637,126691.08843803406,533.0392156862745
1789881258,1,,Aggregated,0.100000,0.000000,1500,1600,1800,2000,2900,3400,4100,127000,127000,127000,127000,51,0,1500,4152.001939196632,1131.2324359996637,126691.08843803406,533.0392156862745
1789881259,1,,Aggregated,0.100000,0.000000,1500,1600,1800,2000,2900,3400,4100,127000,127000,127000,127000,51,0,1500,4152.001939196632,1131.2324359996637,126691.08843803406,533.0392156862745
1789881260,1,,Aggregated,0.100000,0.000000,1500,1600,1800,2000,2900,3400,4100,127000,127000,127000,127000,51,0,1500,4152.001939196632,1131.2324359996637,126691.08843803406,533.0392156862745
1789881261,1,,Aggregated,0.100000,0.000000,1500,1600,1800,2000,2900,3400,4100,127000,127000,127000,127000,51,0,1500,4152.001939196632,1131.2324359996637,126691.08843803406,533.0392156862745
1789881262,1,,Aggregated,0.100000,0.000000,1500,1600,1800,2000,2900,3400,4100,127000,127000,127000,127000,51,0,1500,4152.001939196632,1131.2324359996637,126691.08843803406,533.0392156862745
1789881263,1,,Aggregated,0.100000,0.000000,1500,1600,1800,2000,2900,3400,4100,127000,127000,127000,127000,51,0,1500,4152.001939196632,1131.2324359996637,126691.08843803406,533.0392156862745
1789881264,1,,Aggregated,0.100000,0.000000,1500,1600,1800,2000,2900,3400,4100,127000,127000,127000,127000,52,0,1500,4107.518184308237,1131.2324359996637,126691.08843803406,527.6538461538462
1789881265,1,,Aggregated,0.100000,0.000000,1500,1600,1800,2000,2900,3400,4100,127000,127000,127000,127000,52,0,1500,4107.518184308237,1131.2324359996637,126691.08843803406,527.6538461538462
1789881266,1,,Aggregated,0.100000,0.000000,1500,1600,1800,2000,2900,3400,4100,127000,127000,127000,127000,52,0,1500,4107.518184308237,1131.2324359996637,126691.08843803406,527.6538461538462
1789881267,1,,Aggregated,0.100000,0.000000,1500,1600,1800,2000,2900,3400,4100,127000,127000,127000,127000,52,0,1500,4107.518184308237,1131.2324359996637,126691.08843803406,527.6538461538462
1789881268,1,,Aggregated,0.100000,0.000000,1500,1600,1800,2000,2900,3400,4100,127000,127000,127000,127000,52,0,1500,4107.518184308237,1131.2324359996637,126691.08843803406,527.6538461538462
1789881269,1,,Aggregated,0.100000,0.000000,1500,1600,1800,2000,2900,3400,4100,127000,127000,127000,127000,52,0,1500,4107.518184308237,1131.2324359996637,126691.08843803406,527.6538461538462
1789881270,1,,Aggregated,0.100000,0.000000,1500,1600,1800,2000,2900,3400,4100,127000,127000,127000,127000,52,0,1500,4107.518184308237,1131.2324359996637,126691.08843803406,527.6538461538462
1789881271,1,,Aggregated,0.100000,0.000000,1500,1700,1800,2000,3100,4100,127000,155000,155000,155000,155000,54,0,1500,6857.196011576452,1131.2324359996637,154934.83209609985,827.7407407407408
1789881272,1,,Aggregated,0.100000,0.000000,1500,1700,1800,2000,3100,4100,127000,155000,155000,155000,155000,54,0,1500,6857.196011576452,1131.2324359996637,154934.83209609985,827.7407407407408
1789881273,1,,Aggregated,0.100000,0.000000,1500,1700,1800,2000,3100,4100,127000,155000,155000,155000,155000,54,0,1500,6857.196011576452,1131.2324359996637,154934.83209609985,827.7407407407408
1789881274,1,,Aggregated,0.300000,0.000000,1500,1700,1900,2300,3200,4100,127000,155000,155000,155000,155000,55,0,1500,6790.108898784143,1131.2324359996637,154934.83209609985,814.0727272727273
1789881275,1,,Aggregated,0.300000,0.000000,1500,1700,1900,2300,3200,4100,127000,155000,155000,155000,155000,55,0,1500,6790.108898784143,1131.2324359996637,154934.83209609985,814.0727272727273
1789881276,1,,Aggregated,0.300000,0.000000,1500,1700,1900,2300,3200,4100,127000,155000,155000,155000,155000,55,0,1500,6790.108898784143,1131.2324359996637,154934.83209609985,814.0727272727273
1789881277,1,,Aggregated,0.300000,0.000000,1500,1700,1900,2000,3200,4100,127000,155000,155000,155000,155000,56,0,1500,6691.67896612729,1131.2324359996637,154934.83209609985,803.9821428571429
1789881278,1,,Aggregated,0.300000,0.000000,1500,1700,1900,2000,3200,4100,127000,155000,155000,155000,155000,56,0,1500,6691.67896612729,1131.2324359996637,154934.83209609985,803.9821428571429
1789881279,1,,Aggregated,0.300000,0.000000,1500,1700,1900,2000,3200,4100,127000,155000,155000,155000,155000,56,0,1500,6691.67896612729,1131.2324359996637,154934.83209609985,803.9821428571429
1789881280,1,,Aggregated,0.300000,0.000000,1500,1700,1900,2000,3200,4100,127000,155000,155000,155000,155000,56,0,1500,6691.67896612729,1131.2324359996637,154934.83209609985,803.9821428571429
1789881281,1,,Aggregated,0.400000,0.000000,1500,1700,1800,2000,3200,4100,127000,155000,155000,155000,155000,57,0,1500,6598.541926423311,1131.2324359996637,154934.83209609985,794.3859649122807
1789881282,1,,Aggregated,0.400000,0.000000,1500,1700,1800,2000,3200,4100,127000,155000,155000,155000,155000,57,0,1500,6598.541926423311,1131.2324359996637,154934.83209609985,794.3859649122807
1789881283,1,,Aggregated,0.400000,0.000000,1500,1700,1800,2000,3200,4100,127000,155000,155000,155000,155000,57,0,1500,6598.541926423311,1131.2324359996637,154934.83209609985,794.3859649122807
1789881284,1,,Aggregated,0.300000,0.000000,1500,1700,1800,2000,3200,4100,127000,155000,155000,155000,155000,58,0,1500,6506.878533519457,1131.2324359996637,154934.83209609985,785.1206896551724
1789881285,1,,Aggregated,0.300000,0.000000,1500,1700,1800,2000,3200,4100,127000,155000,155000,155000,155000,58,0,1500,6506.878533519457,1131.2324359996637,154934.83209609985,785.1206896551724
1789881286,1,,Aggregated,0.300000,0.000000,1500,1700,1800,2000,3200,4100,127000,155000,155000,155000,155000,58,0,1500,6506.878533519457,1131.2324359996637,154934.83209609985,785.1206896551724
1789881287,1,,Aggregated,0.300000,0.000000,1500,1600,1800,2000,3200,4100,127000,155000,155000,155000,155000,59,0,1500,6417.075778324219,1131.2324359996637,154934.83209609985,776.1694915254237
1789881288,1,,Aggregated,0.300000,0.000000,1500,1600,1800,2000,3200,4100,127000,155000,155000,155000,155000,59,0,1500,6417.075778324219,1131.2324359996637,154934.83209609985,776.1694915254237
1789881289,1,,Aggregated,0.300000,0.000000,1500,1600,1800,2000,3200,4100,127000,155000,155000,155000,155000,59,0,1500,6417.075778324219,1131.2324359996637,154934.83209609985,776.1694915254237
1789881290,1,,Aggregated,0.300000,0.000000,1500,1600,1800,2000,3200,4100,127000,155000,155000,155000,155000,60,0,1500,6328.985324668824,1131.2324359996637,154934.83209609985,767.5166666666667
1789881291,1,,Aggregated,0.300000,0.000000,1500,1600,1800,2000,3200,4100,127000,155000,155000,155000,155000,60,0,1500,6328.985324668824,1131.2324359996637,154934.83209609985,767.5166666666667
1789881292,1,,Aggregated,0.300000,0.000000,1500,1600,1800,2000,3200,4100,127000,155000,155000,155000,155000,60,0,1500,6328.985324668824,1131.2324359996637,154934.83209609985,767.5166666666667
1789881293,1,,Aggregated,0.300000,0.000000,1500,1600,1800,2000,3200,4100,127000,155000,155000,155000,155000,60,0,1500,6328.985324668824,1131.2324359996637,154934.83209609985,767.5166666666667
1789881294,1,,Aggregated,0.300000,0.000000,1500,1600,1800,2000,3100,3400,127000,155000,155000,155000,155000,61,0,1500,6251.099519788993,1131.2324359996637,154934.83209609985,759.1475409836065
1789881295,1,,Aggregated,0.300000,0.000000,1500,1600,1800,2000,3100,3400,127000,155000,155000,155000,155000,61,0,1500,6251.099519788993,1131.2324359996637,154934.83209609985,759.1475409836065
1789881296,1,,Aggregated,0.300000,0.000000,1500,1600,1800,2000,3100,3400,127000,155000,155000,155000,155000,61,0,1500,6251.099519788993,1131.2324359996637,154934.83209609985,759.1475409836065
1789881297,1,,Aggregated,0.300000,0.000000,1500,1600,1800,2000,3100,3400,127000,155000,155000,155000,155000,62,0,1500,6174.11689667949,1131.2324359996637,154934.83209609985,751.0483870967741
1789881298,1,,Aggregated,0.300000,0.000000,1500,1600,1800,2000,3100,3400,127000,155000,155000,155000,155000,62,0,1500,6174.11689667949,1131.2324359996637,154934.83209609985,751.0483870967741
1789881299,1,,Aggregated,0.300000,0.000000,1500,1600,1800,2000,3100,3400,127000,155000,155000,155000,155000,62,0,1500,6174.11689667949,1131.2324359996637,154934.83209609985,751.0483870967741
1789881300,1,,Aggregated,0.300000,0.000000,1500,1600,1800,2000,3100,3400,127000,155000,155000,155000,155000,63,0,1500,6094.43383868457,1131.2324359996637,154934.83209609985,743.2063492063492
1789881301,1,,Aggregated,0.300000,0.000000,1500,1600,1800,2000,3100,3400,127000,155000,155000,155000,155000,63,0,1500,6094.43383868457,1131.2324359996637,154934.83209609985,743.2063492063492
1789881302,1,,Aggregated,0.300000,0.000000,1500,1600,1800,2000,3100,3400,127000,155000,155000,155000,155000,63,0,1500,6094.43383868457,1131.2324359996637,154934.83209609985,743.2063492063492
1789881303,1,,Aggregated,0.300000,0.000000,1500,1600,1800,2000,3100,3400,127000,155000,155000,155000,155000,63,0,1500,6094.43383868457,1131.2324359996637,154934.83209609985,743.2063492063492
1789881304,1,,Aggregated,0.300000,0.000000,1500,1600,1800,2000,3100,3400,127000,155000,155000,155000,155000,64,0,1500,6025.931169111375,1131.2324359996637,154934.83209609985,735.609375
1789881305,1,,Aggregated,0.300000,0.000000,1500,1600,1800,2000,3100,3400,127000,155000,155000,155000,155000,64,0,1500,6025.931169111375,1131.2324359996637,154934.83209609985,735.609375
1789881306,1,,Aggregated,0.300000,0.000000,1500,1600,1800,2000,3100,3400,127000,155000,155000,155000,155000,64,0,1500,6025.931169111375,1131.2324359996637,154934.83209609985,735.609375
1789881307,1,,Aggregated,0.300000,0.000000,1500,1600,1800,2000,3100,3400,127000,155000,155000,155000,155000,64,0,1500,6025.931169111375,1131.2324359996637,154934.83209609985,735.609375
1789881308,1,,Aggregated,0.300000,0.000000,1500,1600,1800,2000,3100,3400,127000,155000,155000,155000,155000,64,0,1500,6025.931169111375,1131.2324359996637,154934.83209609985,735.609375
1789881309,1,,Aggregated,0.300000,0.000000,1500,1600,1800,2000,3100,3400,127000,155000,155000,155000,155000,64,0,1500,6025.931169111375,1131.2324359996637,154934.83209609985,735.609375
1789881310,1,,Aggregated,0.300000,0.000000,1500,1600,1800,2000,3100,3400,127000,155000,155000,155000,155000,64,0,1500,6025.931169111375,1131.2324359996637,154934.83209609985,735.609375
1789881311,1,,Aggregated,0.200000,0.000000,1500,1600,1800,2000,3100,3400,127000,155000,155000,155000,155000,65,0,1500,5963.0147897711995,1131.2324359996637,154934.83209609985,728.2461538461539
1789881312,1,,Aggregated,0.200000,0.000000,1500,1600,1800,2000,3100,3400,127000,155000,155000,155000,155000,65,0,1500,5963.0147897711995,1131.2324359996637,154934.83209609985,728.2461538461539
1789881314,1,,Aggregated,0.200000,0.000000,1500,1600,1800,2000,3100,3400,127000,155000,155000,155000,155000,65,0,1500,5963.0147897711995,1131.2324359996637,154934.83209609985,728.2461538461539
1789881315,1,,Aggregated,0.200000,0.000000,1500,1600,1800,2000,3100,3400,127000,155000,155000,155000,155000,65,0,1500,5963.0147897711995,1131.2324359996637,154934.83209609985,728.2461538461539
1789881316,1,,Aggregated,0.200000,0.000000,1500,1600,1800,2000,3100,3400,127000,155000,155000,155000,155000,65,0,1500,5963.0147897711995,1131.2324359996637,154934.83209609985,728.2461538461539
1789881317,1,,Aggregated,0.200000,0.000000,1500,1600,1800,2000,3100,3400,127000,155000,155000,155000,155000,65,0,1500,5963.0147897711995,1131.2324359996637,154934.83209609985,728.2461538461539
1789881318,1,,Aggregated,0.100000,0.000000,1500,1600,1800,1900,3100,3400,127000,155000,155000,155000,155000,66,0,1500,5891.38496412316,1131.2324359996637,154934.83209609985,721.1060606060606
1789881319,1,,Aggregated,0.100000,0.000000,1500,1600,1800,1900,3100,3400,127000,155000,155000,155000,155000,66,0,1500,5891.38496412316,1131.2324359996637,154934.83209609985,721.1060606060606
1789881320,1,,Aggregated,0.100000,0.000000,1500,1600,1800,1900,3100,3400,127000,155000,155000,155000,155000,66,0,1500,5891.38496412316,1131.2324359996637,154934.83209609985,721.1060606060606
1789881321,1,,Aggregated,0.100000,0.000000,1500,1600,1800,1900,3100,3400,127000,155000,155000,155000,155000,66,0,1500,5891.38496412316,1131.2324359996637,154934.83209609985,721.1060606060606
1789881322,1,,Aggregated,0.100000,0.000000,1500,1600,1800,1900,3100,3400,127000,155000,155000,155000,155000,66,0,1500,5891.38496412316,1131.2324359996637,154934.83209609985,721.1060606060606
1789881323,1,,Aggregated,0.100000,0.000000,1500,1600,1800,1900,3100,3400,127000,155000,155000,155000,155000,66,0,1500,5891.38496412316,1131.2324359996637,154934.83209609985,721.1060606060606
1789881324,1,,Aggregated,0.100000,0.000000,1500,1600,1800,1900,3100,3400,127000,155000,155000,155000,155000,66,0,1500,5891.38496412316,1131.2324359996637,154934.83209609985,721.1060606060606
1789881325,1,,Aggregated,0.100000,0.000000,1500,1700,1800,1900,3100,3400,127000,155000,155000,155000,155000,67,0,1500,5829.125385986987,1131.2324359996637,154934.83209609985,714.179104477612
1789881326,1,,Aggregated,0.100000,0.000000,1500,1700,1800,1900,3100,3400,127000,155000,155000,155000,155000,67,0,1500,5829.125385986987,1131.2324359996637,154934.83209609985,714.179104477612
1789881327,1,,Aggregated,0.100000,0.000000,1500,1700,1800,1900,3100,3400,127000,155000,155000,155000,155000,67,0,1500,5829.125385986987,1131.2324359996637,154934.83209609985,714.179104477612
1789881328,1,,Aggregated,0.100000,0.000000,1500,1700,1800,1900,3100,3400,127000,155000,155000,155000,155000,67,0,1500,5829.125385986987,1131.2324359996637,154934.83209609985,714.179104477612
1789881329,1,,Aggregated,0.100000,0.000000,1500,1700,1800,1900,3100,3400,127000,155000,155000,155000,155000,67,0,1500,5829.125385986987,1131.2324359996637,154934.83209609985,714.179104477612
1789881330,1,,Aggregated,0.100000,0.000000,1500,1700,1800,1900,3100,3400,127000,155000,155000,155000,155000,67,0,1500,5829.125385986987,1131.2324359996637,154934.83209609985,714.179104477612
1789881331,1,,Aggregated,0.100000,0.000000,1500,1700,1800,1900,3100,3400,127000,155000,155000,155000,155000,67,0,1500,5829.125385986987,1131.2324359996637,154934.83209609985,714.179104477612
1789881332,1,,Aggregated,0.100000,0.000000,1500,1700,1800,2000,3100,3400,127000,155000,155000,155000,155000,68,0,1500,5773.648199090117,1131.2324359996637,154934.83209609985,707.4558823529412
1789881333,1,,Aggregated,0.100000,0.000000,1500,1700,1800,2000,3100,3400,127000,155000,155000,155000,155000,68,0,1500,5773.648199090117,1131.2324359996637,154934.83209609985,707.4558823529412
1789881334,1,,Aggregated,0.100000,0.000000,1500,1700,1800,2000,3100,3400,127000,155000,155000,155000,155000,68,0,1500,5773.648199090117,1131.2324359996637,154934.83209609985,707.4558823529412
1789881335,1,,Aggregated,0.100000,0.000000,1500,1700,1800,2000,3100,3400,127000,155000,155000,155000,155000,68,0,1500,5773.648199090117,1131.2324359996637,154934.83209609985,707.4558823529412
1789881336,1,,Aggregated,0.100000,0.000000,1500,1700,1800,2000,3100,3400,127000,155000,155000,155000,155000,68,0,1500,5773.648199090117,1131.2324359996637,154934.83209609985,707.4558823529412
1789881337,1,,Aggregated,0.100000,0.000000,1500,1700,1800,2000,3100,3400,127000,155000,155000,155000,155000,68,0,1500,5773.648199090117,1131.2324359996637,154934.83209609985,707.4558823529412
1789881338,1,,Aggregated,0.100000,0.000000,1500,1700,1800,2000,3100,3400,127000,155000,155000,155000,155000,68,0,1500,5773.648199090117,1131.2324359996637,154934.83209609985,707.4558823529412
1789881339,1,,Aggregated,0.100000,0.000000,1500,1700,1800,2000,3100,3400,127000,155000,155000,155000,155000,69,0,1500,5720.045719929395,1131.2324359996637,154934.83209609985,700.927536231884
1789881340,1,,Aggregated,0.100000,0.000000,1500,1700,1800,2000,3100,3400,127000,155000,155000,155000,155000,69,0,1500,5720.045719929395,1131.2324359996637,154934.83209609985,700.927536231884
1789881341,1,,Aggregated,0.100000,0.000000,1500,1700,1800,2000,3100,3400,127000,155000,155000,155000,155000,69,0,1500,5720.045719929395,1131.2324359996637,154934.83209609985,700.927536231884
1789881342,1,,Aggregated,0.100000,0.000000,1500,1700,1800,2000,3100,3400,127000,155000,155000,155000,155000,69,0,1500,5720.045719929395,1131.2324359996637,154934.83209609985,700.927536231884
1789881343,1,,Aggregated,0.100000,0.000000,1500,1700,1800,2000,3100,3400,127000,155000,155000,155000,155000,69,0,1500,5720.045719929395,1131.2324359996637,154934.83209609985,700.927536231884
1789881344,1,,Aggregated,0.100000,0.000000,1500,1700,1800,2000,3100,3400,127000,155000,155000,155000,155000,69,0,1500,5720.045719929395,1131.2324359996637,154934.83209609985,700.927536231884
1789881345,1,,Aggregated,0.100000,0.000000,1500,1700,1800,2000,3100,3400,127000,155000,155000,155000,155000,70,0,1500,5657.5376573161275,1131.2324359996637,154934.83209609985,694.5857142857143
1789881346,1,,Aggregated,0.100000,0.000000,1500,1700,1800,2000,3100,3400,127000,155000,155000,155000,155000,70,0,1500,5657.5376573161275,1131.2324359996637,154934.83209609985,694.5857142857143
1789881347,1,,Aggregated,0.100000,0.000000,1500,1700,1800,2000,3100,3400,127000,155000,155000,155000,155000,70,0,1500,5657.5376573161275,1131.2324359996637,154934.83209609985,694.5857142857143
1789881348,1,,Aggregated,0.100000,0.000000,1500,1700,1800,2000,3100,3400,127000,155000,155000,155000,155000,70,0,1500,5657.5376573161275,1131.2324359996637,154934.83209609985,694.5857142857143
1789881349,1,,Aggregated,0.100000,0.000000,1500,1700,1800,2000,3100,3400,127000,155000,155000,155000,155000,70,0,1500,5657.5376573161275,1131.2324359996637,154934.83209609985,694.5857142857143
1789881350,1,,Aggregated,0.100000,0.000000,1500,1700,1800,2000,3100,3400,127000,155000,155000,155000,155000,70,0,1500,5657.5376573161275,1131.2324359996637,154934.83209609985,694.5857142857143
1789881351,1,,Aggregated,0.100000,0.000000,1500,1700,1800,2000,3100,3400,127000,155000,155000,155000,155000,70,0,1500,5657.5376573161275,1131.2324359996637,154934.83209609985,694.5857142857143
1789881352,1,,Aggregated,0.100000,0.000000,1500,1700,1800,2000,2900,3400,127000,155000,155000,155000,155000,71,0,1500,5597.802206015908,1131.2324359996637,154934.83209609985,688.4225352112676
1789881353,1,,Aggregated,0.100000,0.000000,1500,1700,1800,2000,2900,3400,127000,155000,155000,155000,155000,71,0,1500,5597.802206015908,1131.2324359996637,154934.83209609985,688.4225352112676
1789881354,1,,Aggregated,0.100000,0.000000,1500,1700,1800,2000,2900,3400,127000,155000,155000,155000,155000,71,0,1500,5597.802206015908,1131.2324359996637,154934.83209609985,688.4225352112676
1789881355,1,,Aggregated,0.100000,0.000000,1500,1700,1800,2000,2900,3400,127000,155000,155000,155000,155000,71,0,1500,5597.802206015908,1131.2324359996637,154934.83209609985,688.4225352112676
1789881356,1,,Aggregated,0.100000,0.000000,1500,1700,1800,2000,2900,3400,127000,155000,155000,155000,155000,71,0,1500,5597.802206015908,1131.2324359996637,154934.83209609985,688.4225352112676
1789881357,1,,Aggregated,0.100000,0.000000,1500,1700,1800,2000,2900,3400,127000,155000,155000,155000,155000,71,0,1500,5597.802206015908,1131.2324359996637,154934.83209609985,688.4225352112676
1789881358,1,,Aggregated,0.100000,0.000000,1500,1700,1800,2000,2900,3400,127000,155000,155000,155000,155000,72,0,1500,5537.361719668462,1131.2324359996637,154934.83209609985,682.4305555555555
1789881359,1,,Aggregated,0.100000,0.000000,1500,1700,1800,2000,2900,3400,127000,155000,155000,155000,155000,72,0,1500,5537.361719668462,1131.2324359996637,154934.83209609985,682.4305555555555
1789881360,1,,Aggregated,0.100000,0.000000,1500,1700,1800,2000,2900,3400,127000,155000,155000,155000,155000,72,0,1500,5537.361719668462,1131.2324359996637,154934.83209609985,682.4305555555555
1789881361,1,,Aggregated,0.100000,0.000000,1500,1700,1800,2000,2900,3400,127000,155000,155000,155000,155000,72,0,1500,5537.361719668462,1131.2324359996637,154934.83209609985,682.4305555555555
1789881362,1,,Aggregated,0.100000,0.000000,1500,1700,1800,2000,2900,3400,127000,155000,155000,155000,155000,72,0,1500,5537.361719668462,1131.2324359996637,154934.83209609985,682.4305555555555
1789881363,1,,Aggregated,0.100000,0.000000,1500,1700,1800,2000,2900,3400,127000,155000,155000,155000,155000,72,0,1500,5537.361719668462,1131.2324359996637,154934.83209609985,682.4305555555555
1789881364,1,,Aggregated,0.100000,0.000000,1500,1700,1800,2000,2900,3400,127000,155000,155000,155000,155000,72,0,1500,5537.361719668462,1131.2324359996637,154934.83209609985,682.4305555555555
1789881365,1,,Aggregated,0.100000,0.000000,1500,1700,1800,2000,2900,3400,127000,155000,155000,155000,155000,73,0,1500,5484.292344782586,1131.2324359996637,154934.83209609985,676.6027397260274
1789881366,1,,Aggregated,0.100000,0.000000,1500,1700,1800,2000,2900,3400,127000,155000,155000,155000,155000,73,0,1500,5484.292344782586,1131.2324359996637,154934.83209609985,676.6027397260274
1789881367,1,,Aggregated,0.100000,0.000000,1500,1700,1800,2000,2900,3400,127000,155000,155000,155000,155000,73,0,1500,5484.292344782586,1131.2324359996637,154934.83209609985,676.6027397260274
1789881368,1,,Aggregated,0.100000,0.000000,1500,1700,1800,2000,2900,3400,127000,155000,155000,155000,155000,73,0,1500,5484.292344782586,1131.2324359996637,154934.83209609985,676.6027397260274
1789881369,1,,Aggregated,0.100000,0.000000,1500,1700,1800,2000,2900,3400,127000,155000,155000,155000,155000,73,0,1500,5484.292344782586,1131.2324359996637,154934.83209609985,676.6027397260274
1789881370,1,,Aggregated,0.100000,0.000000,1500,1700,1800,2000,2900,3400,127000,155000,155000,155000,155000,73,0,1500,5484.292344782586,1131.2324359996637,154934.83209609985,676.6027397260274
1789881371,1,,Aggregated,0.100000,0.000000,1500,1700,1800,2000,2900,3400,127000,155000,155000,155000,155000,74,0,1500,5427.544517582819,1131.2324359996637,154934.83209609985,670.9324324324324
1789881372,1,,Aggregated,0.100000,0.000000,1500,1700,1800,2000,2900,3400,127000,155000,155000,155000,155000,74,0,1500,5427.544517582819,1131.2324359996637,154934.83209609985,670.9324324324324
1789881373,1,,Aggregated,0.100000,0.000000,1500,1700,1800,2000,2900,3400,127000,155000,155000,155000,155000,74,0,1500,5427.544517582819,1131.2324359996637,154934.83209609985,670.9324324324324
1789881374,1,,Aggregated,0.100000,0.000000,1500,1700,1800,2000,2900,3400,127000,155000,155000,155000,155000,74,0,1500,5427.544517582819,1131.2324359996637,154934.83209609985,670.9324324324324
1789881375,1,,Aggregated,0.100000,0.000000,1500,1700,1800,2000,2900,3400,127000,155000,155000,155000,155000,74,0,1500,5427.544517582819,1131.2324359996637,154934.83209609985,670.9324324324324
1789881376,1,,Aggregated,0.100000,0.000000,1500,1700,1800,2000,2900,3400,127000,155000,155000,155000,155000,74,0,1500,5427.544517582819,1131.2324359996637,154934.83209609985,670.9324324324324
1789881377,1,,Aggregated,0.100000,0.000000,1500,1700,1800,2000,2900,3400,127000,155000,155000,155000,155000,74,0,1500,5427.544517582819,1131.2324359996637,154934.83209609985,670.9324324324324
1789881378,1,,Aggregated,0.100000,0.000000,1500,1700,1800,2000,2900,3400,127000,155000,155000,155000,155000,75,0,1500,5377.97698686838,1131.2324359996637,154934.83209609985,665.4133333333333
1789881379,1,,Aggregated,0.100000,0.000000,1500,1700,1800,2000,2900,3400,127000,155000,155000,155000,155000,75,0,1500,5377.97698686838,1131.2324359996637,154934.83209609985,665.4133333333333
1789881380,1,,Aggregated,0.100000,0.000000,1500,1700,1800,2000,2900,3400,127000,155000,155000,155000,155000,75,0,1500,5377.97698686838,1131.2324359996637,154934.83209609985,665.4133333333333
1789881381,1,,Aggregated,0.100000,0.000000,1500,1700,1800,2000,2900,3400,127000,155000,155000,155000,155000,75,0,1500,5377.97698686838,1131.2324359996637,154934.83209609985,665.4133333333333
1789881382,1,,Aggregated,0.100000,0.000000,1500,1700,1800,2000,2900,3400,127000,155000,155000,155000,155000,75,0,1500,5377.97698686838,1131.2324359996637,154934.83209609985,665.4133333333333
1789881383,1,,Aggregated,0.100000,0.000000,1500,1700,1800,2000,2900,3400,127000,155000,155000,155000,155000,75,0,1500,5377.97698686838,1131.2324359996637,154934.83209609985,665.4133333333333
1789881384,1,,Aggregated,0.100000,0.000000,1500,1700,1800,1900,2900,3400,127000,155000,155000,155000,155000,76,0,1500,5322.283757870117,1131.2324359996637,154934.83209609985,659.9868421052631
1789881385,1,,Aggregated,0.100000,0.000000,1500,1700,1800,1900,2900,3400,127000,155000,155000,155000,155000,76,0,1500,5322.283757870117,1131.2324359996637,154934.83209609985,659.9868421052631
1789881386,1,,Aggregated,0.100000,0.000000,1500,1700,1800,1900,2900,3400,127000,155000,155000,155000,155000,76,0,1500,5322.283757870117,1131.2324359996637,154934.83209609985,659.9868421052631
1789881387,1,,Aggregated,0.100000,0.000000,1500,1700,1800,1900,2900,3400,127000,155000,155000,155000,155000,76,0,1500,5322.283757870117,1131.2324359996637,154934.83209609985,659.9868421052631
1789881388,1,,Aggregated,0.100000,0.000000,1500,1700,1800,1900,2900,3400,127000,155000,155000,155000,155000,76,0,1500,5322.283757870117,1131.2324359996637,154934.83209609985,659.9868421052631
1789881389,1,,Aggregated,0.100000,0.000000,1500,1700,1800,1900,2900,3400,127000,155000,155000,155000,155000,76,0,1500,5322.283757870117,1131.2324359996637,154934.83209609985,659.9868421052631
1789881390,1,,Aggregated,0.100000,0.000000,1500,1700,1800,1900,2900,3400,127000,155000,155000,155000,155000,76,0,1500,5322.283757870117,1131.2324359996637,154934.83209609985,659.9868421052631
1789881391,1,,Aggregated,0.100000,0.000000,1500,1700,1800,1900,2900,3400,127000,155000,155000,155000,155000,76,0,1500,5322.283757870117,1131.2324359996637,154934.83209609985,659.9868421052631
1789881392,1,,Aggregated,0.100000,0.000000,1500,1700,1800,2000,3200,4100,127000,155000,155000,155000,155000,78,0,1500,6774.750581091456,1131.2324359996637,154934.83209609985,803.0769230769231
1789881393,1,,Aggregated,0.100000,0.000000,1500,1700,1800,2000,3200,4100,127000,155000,155000,155000,155000,78,0,1500,6774.750581091456,1131.2324359996637,154934.83209609985,803.0769230769231
1789881394,1,,Aggregated,0.100000,0.000000,1500,1700,1800,2000,3200,4100,127000,155000,155000,155000,155000,78,0,1500,6774.750581091456,1131.2324359996637,154934.83209609985,803.0769230769231
1789881395,1,,Aggregated,0.100000,0.000000,1500,1700,1800,2000,3200,4100,127000,155000,155000,155000,155000,78,0,1500,6774.750581091456,1131.2324359996637,154934.83209609985,803.0769230769231
1789881396,1,,Aggregated,0.100000,0.000000,1500,1700,1800,2000,3200,4100,127000,155000,155000,155000,155000,78,0,1500,6774.750581091456,1131.2324359996637,154934.83209609985,803.0769230769231
1789881397,1,,Aggregated,0.200000,0.000000,1500,1700,1900,2100,3200,5100,127000,155000,155000,155000,155000,79,0,1500,6752.943429356123,1131.2324359996637,154934.83209609985,793.873417721519
1789881398,1,,Aggregated,0.200000,0.000000,1500,1700,1900,2100,3200,5100,127000,155000,155000,155000,155000,79,0,1500,6752.943429356123,1131.2324359996637,154934.83209609985,793.873417721519
1789881399,1,,Aggregated,0.200000,0.000000,1500,1700,1900,2100,3200,5100,127000,155000,155000,155000,155000,79,0,1500,6752.943429356123,1131.2324359996637,154934.83209609985,793.873417721519
1789881400,1,,Aggregated,0.200000,0.000000,1500,1700,1900,2100,3200,5100,127000,155000,155000,155000,155000,79,0,1500,6752.943429356123,1131.2324359996637,154934.83209609985,793.873417721519
1789881401,1,,Aggregated,0.300000,0.000000,1500,1700,1900,2100,3200,5100,127000,155000,155000,155000,155000,80,0,1500,6687.465306601676,1131.2324359996637,154934.83209609985,787.0625
1789881402,1,,Aggregated,0.300000,0.000000,1500,1700,1900,2100,3200,5100,127000,155000,155000,155000,155000,80,0,1500,6687.465306601676,1131.2324359996637,154934.83209609985,787.0625
1789881403,1,,Aggregated,0.300000,0.000000,1500,1700,1900,2100,3200,5100,127000,155000,155000,155000,155000,80,0,1500,6687.465306601676,1131.2324359996637,154934.83209609985,787.0625
1789881404,1,,Aggregated,0.400000,0.000000,1500,1700,1800,2000,3200,4100,127000,155000,155000,155000,155000,81,0,1500,6621.482278026351,1131.2324359996637,154934.83209609985,780.5185185185185
1789881405,1,,Aggregated,0.400000,0.000000,1500,1700,1800,2000,3200,4100,127000,155000,155000,155000,155000,81,0,1500,6621.482278026351,1131.2324359996637,154934.83209609985,780.5185185185185
1789881406,1,,Aggregated,0.400000,0.000000,1500,1700,1800,2000,3200,4100,127000,155000,155000,155000,155000,81,0,1500,6621.482278026351,1131.2324359996637,154934.83209609985,780.5185185185185
1789881407,1,,Aggregated,0.400000,0.000000,1500,1700,1800,2000,3200,4100,127000,155000,155000,155000,155000,81,0,1500,6621.482278026351,1131.2324359996637,154934.83209609985,780.5185185185185
1789881408,1,,Aggregated,0.400000,0.000000,1500,1700,1800,2000,3200,4100,127000,155000,155000,155000,155000,81,0,1500,6621.482278026351,1131.2324359996637,154934.83209609985,780.5185185185185
1789881409,1,,Aggregated,0.300000,0.000000,1500,1700,1900,2100,3200,4100,127000,155000,155000,155000,155000,82,0,1500,6571.8015693918815,1131.2324359996637,154934.83209609985,774.1341463414634
1789881410,1,,Aggregated,0.300000,0.000000,1500,1700,1900,2100,3200,4100,127000,155000,155000,155000,155000,82,0,1500,6571.8015693918815,1131.2324359996637,154934.83209609985,774.1341463414634
1789881411,1,,Aggregated,0.300000,0.000000,1500,1700,1900,2100,3200,4100,127000,155000,155000,155000,155000,82,0,1500,6571.8015693918815,1131.2324359996637,154934.83209609985,774.1341463414634
1789881412,1,,Aggregated,0.300000,0.000000,1500,1700,1900,2100,3200,4100,127000,155000,155000,155000,155000,83,0,1500,6508.895739242579,1131.2324359996637,154934.83209609985,767.9036144578313
1789881413,1,,Aggregated,0.300000,0.000000,1500,1700,1900,2100,3200,4100,127000,155000,155000,155000,155000,83,0,1500,6508.895739242579,1131.2324359996637,154934.83209609985,767.9036144578313
1789881414,1,,Aggregated,0.300000,0.000000,1500,1700,1900,2100,3200,4100,127000,155000,155000,155000,155000,83,0,1500,6508.895739242579,1131.2324359996637,154934.83209609985,767.9036144578313
1789881415,1,,Aggregated,0.300000,0.000000,1500,1700,1900,2100,3200,4100,127000,155000,155000,155000,155000,84,0,1500,6447.63494804922,1131.2324359996637,154934.83209609985,761.8214285714286
1789881416,1,,Aggregated,0.300000,0.000000,1500,1700,1900,2100,3200,4100,127000,155000,155000,155000,155000,84,0,1500,6447.63494804922,1131.2324359996637,154934.83209609985,761.8214285714286
1789881417,1,,Aggregated,0.300000,0.000000,1500,1700,1900,2100,3200,4100,127000,155000,155000,155000,155000,84,0,1500,6447.63494804922,1131.2324359996637,154934.83209609985,761.8214285714286
1789881418,1,,Aggregated,0.300000,0.000000,1500,1700,1900,2100,3200,4100,127000,155000,155000,155000,155000,84,0,1500,6447.63494804922,1131.2324359996637,154934.83209609985,761.8214285714286
1789881419,1,,Aggregated,0.300000,0.000000,1500,1700,1800,2100,3200,4100,127000,155000,155000,155000,155000,85,0,1500,6386.806305213341,1131.2324359996637,154934.83209609985,755.8823529411765
1789881420,1,,Aggregated,0.300000,0.000000,1500,1700,1800,2100,3200,4100,127000,155000,155000,155000,155000,85,0,1500,6386.806305213341,1131.2324359996637,154934.83209609985,755.8823529411765
1789881421,1,,Aggregated,0.300000,0.000000,1500,1700,1800,2100,3200,4100,127000,155000,155000,155000,155000,85,0,1500,6386.806305213341,1131.2324359996637,154934.83209609985,755.8823529411765
1789881422,1,,Aggregated,0.300000,0.000000,1500,1700,1800,2000,3200,4100,127000,155000,155000,155000,155000,86,0,1500,6326.668036524816,1131.2324359996637,154934.83209609985,750.0813953488372
1789881423,1,,Aggregated,0.300000,0.000000,1500,1700,1800,2000,3200,4100,127000,155000,155000,155000,155000,86,0,1500,6326.668036524816,1131.2324359996637,154934.83209609985,750.0813953488372
1789881424,1,,Aggregated,0.300000,0.000000,1500,1700,1800,2000,3200,4100,127000,155000,155000,155000,155000,86,0,1500,6326.668036524816,1131.2324359996637,154934.83209609985,750.0813953488372
1789881425,1,,Aggregated,0.300000,0.000000,1500,1700,1800,2000,3200,4100,127000,155000,155000,155000,155000,86,0,1500,6326.668036524816,1131.2324359996637,154934.83209609985,750.0813953488372
1789881426,1,,Aggregated,0.300000,0.000000,1500,1700,1800,2000,3200,4100,127000,155000,155000,155000,155000,87,0,1500,6274.024428461312,1131.2324359996637,154934.83209609985,744.4137931034483
1789881427,1,,Aggregated,0.300000,0.000000,1500,1700,1800,2000,3200,4100,127000,155000,155000,155000,155000,87,0,1500,6274.024428461312,1131.2324359996637,154934.83209609985,744.4137931034483
1789881428,1,,Aggregated,0.300000,0.000000,1500,1700,1800,2000,3200,4100,127000,155000,155000,155000,155000,87,0,1500,6274.024428461312,1131.2324359996637,154934.83209609985,744.4137931034483
1789881429,1,,Aggregated,0.300000,0.000000,1500,1700,1800,2000,3200,4100,127000,155000,155000,155000,155000,87,0,1500,6274.024428461312,1131.2324359996637,154934.83209609985,744.4137931034483
1789881430,1,,Aggregated,0.300000,0.000000,1500,1700,1800,2000,3200,4100,127000,155000,155000,155000,155000,87,0,1500,6274.024428461312,1131.2324359996637,154934.83209609985,744.4137931034483
1789881431,1,,Aggregated,0.300000,0.000000,1500,1700,1800,2000,3200,4100,127000,155000,155000,155000,155000,87,0,1500,6274.024428461312,1131.2324359996637,154934.83209609985,744.4137931034483
1789881432,1,,Aggregated,0.200000,0.000000,1500,1700,1800,2000,3200,4100,127000,155000,155000,155000,155000,88,0,1500,6216.054695376524,1131.2324359996637,154934.83209609985,738.875
1789881433,1,,Aggregated,0.200000,0.000000,1500,1700,1800,2000,3200,4100,127000,155000,155000,155000,155000,88,0,1500,6216.054695376524,1131.2324359996637,154934.83209609985,738.875
1789881434,1,,Aggregated,0.200000,0.000000,1500,1700,1800,2000,3200,4100,127000,155000,155000,155000,155000,88,0,1500,6216.054695376524,1131.2324359996637,154934.83209609985,738.875
1789881435,1,,Aggregated,0.200000,0.000000,1500,1700,1800,2000,3200,4100,127000,155000,155000,155000,155000,88,0,1500,6216.054695376524,1131.2324359996637,154934.83209609985,738.875
1789881436,1,,Aggregated,0.200000,0.000000,1500,1700,1800,2000,3200,4100,127000,155000,155000,155000,155000,88,0,1500,6216.054695376524,1131.2324359996637,154934.83209609985,738.875
1789881437,1,,Aggregated,0.200000,0.000000,1500,1700,1800,2000,3200,4100,127000,155000,155000,155000,155000,88,0,1500,6216.054695376524,1131.2324359996637,154934.83209609985,738.875
1789881438,1,,Aggregated,0.200000,0.000000,1500,1700,1800,2000,3200,4100,127000,155000,155000,155000,155000,88,0,1500,6216.054695376524,1131.2324359996637,154934.83209609985,738.875
1789881439,1,,Aggregated,0.100000,0.000000,1500,1700,1800,2000,3200,4100,127000,155000,155000,155000,155000,89,0,1500,6168.334265158816,1131.2324359996637,154934.83209609985,733.4606741573034
1789881440,1,,Aggregated,0.100000,0.000000,1500,1700,1800,2000,3200,4100,127000,155000,155000,155000,155000,89,0,1500,6168.334265158816,1131.2324359996637,154934.83209609985,733.4606741573034
1789881441,1,,Aggregated,0.100000,0.000000,1500,1700,1800,2000,3200,4100,127000,155000,155000,155000,155000,89,0,1500,6168.334265158816,1131.2324359996637,154934.83209609985,733.4606741573034
1789881442,1,,Aggregated,0.100000,0.000000,1500,1700,1800,2000,3200,4100,127000,155000,155000,155000,155000,89,0,1500,6168.334265158816,1131.2324359996637,154934.83209609985,733.4606741573034
1789881443,1,,Aggregated,0.100000,0.000000,1500,1700,1800,2000,3200,4100,127000,155000,155000,155000,155000,89,0,1500,6168.334265158816,1131.2324359996637,154934.83209609985,733.4606741573034
1789881444,1,,Aggregated,0.100000,0.000000,1500,1700,1800,2000,3200,4100,127000,155000,155000,155000,155000,89,0,1500,6168.334265158816,1131.2324359996637,154934.83209609985,733.4606741573034
1789881445,1,,Aggregated,0.100000,0.000000,1500,1700,1800,2000,3200,4100,127000,155000,155000,155000,155000,90,0,1500,6120.118393201492,1131.2324359996637,154934.83209609985,728.1666666666666
1789881446,1,,Aggregated,0.100000,0.000000,1500,1700,1800,2000,3200,4100,127000,155000,155000,155000,155000,90,0,1500,6120.118393201492,1131.2324359996637,154934.83209609985,728.1666666666666
1789881447,1,,Aggregated,0.100000,0.000000,1500,1700,1800,2000,3200,4100,127000,155000,155000,155000,155000,90,0,1500,6120.118393201492,1131.2324359996637,154934.83209609985,728.1666666666666
1789881448,1,,Aggregated,0.100000,0.000000,1500,1700,1800,2000,3200,4100,127000,155000,155000,155000,155000,90,0,1500,6120.118393201492,1131.2324359996637,154934.83209609985,728.1666666666666
1789881449,1,,Aggregated,0.100000,0.000000,1500,1700,1800,2000,3200,4100,127000,155000,155000,155000,155000,90,0,1500,6120.118393201492,1131.2324359996637,154934.83209609985,728.1666666666666
1789881450,1,,Aggregated,0.100000,0.000000,1500,1700,1800,2000,3200,4100,127000,155000,155000,155000,155000,90,0,1500,6120.118393201492,1131.2324359996637,154934.83209609985,728.1666666666666
1789881451,1,,Aggregated,0.100000,0.000000,1500,1700,1800,2000,3200,4100,127000,155000,155000,155000,155000,90,0,1500,6120.118393201492,1131.2324359996637,154934.83209609985,728.1666666666666
1789881452,1,,Aggregated,0.100000,0.000000,1500,1700,1800,2000,3200,4100,127000,155000,155000,155000,155000,90,0,1500,6120.118393201492,1131.2324359996637,154934.83209609985,728.1666666666666
1789881453,1,,Aggregated,0.100000,0.000000,1500,1700,1900,2000,3100,4100,127000,155000,155000,155000,155000,91,0,1500,6076.940242583886,1131.2324359996637,154934.83209609985,722.989010989011
1789881454,1,,Aggregated,0.100000,0.000000,1500,1700,1900,2000,3100,4100,127000,155000,155000,155000,155000,91,0,1500,6076.940242583886,1131.2324359996637,154934.83209609985,722.989010989011
1789881455,1,,Aggregated,0.100000,0.000000,1500,1700,1900,2000,3100,4100,127000,155000,155000,155000,155000,91,0,1500,6076.940242583886,1131.2324359996637,154934.83209609985,722.989010989011
1789881456,1,,Aggregated,0.100000,0.000000,1500,1700,1900,2000,3100,4100,127000,155000,155000,155000,155000,91,0,1500,6076.940242583886,1131.2324359996637,154934.83209609985,722.989010989011
1789881457,1,,Aggregated,0.100000,0.000000,1500,1700,1900,2000,3100,4100,127000,155000,155000,155000,155000,91,0,1500,6076.940242583886,1131.2324359996637,154934.83209609985,722.989010989011
1789881458,1,,Aggregated,0.100000,0.000000,1500,1700,1900,2000,3100,4100,127000,155000,155000,155000,155000,91,0,1500,6076.940242583886,1131.2324359996637,154934.83209609985,722.989010989011
1789881459,1,,Aggregated,0.100000,0.000000,1500,1700,1900,2000,3100,4100,127000,155000,155000,155000,155000,92,0,1500,6029.893486447106,1131.2324359996637,154934.83209609985,717.9239130434783
1789881460,1,,Aggregated,0.100000,0.000000,1500,1700,1900,2000,3100,4100,127000,155000,155000,155000,155000,92,0,1500,6029.893486447106,1131.2324359996637,154934.83209609985,717.9239130434783
1789881461,1,,Aggregated,0.100000,0.000000,1500,1700,1900,2000,3100,4100,127000,155000,155000,155000,155000,92,0,1500,6029.893486447106,1131.2324359996637,154934.83209609985,717.9239130434783
1789881462,1,,Aggregated,0.100000,0.000000,1500,1700,1900,2000,3100,4100,127000,155000,155000,155000,155000,92,0,1500,6029.893486447106,1131.2324359996637,154934.83209609985,717.9239130434783
1789881463,1,,Aggregated,0.100000,0.000000,1500,1700,1900,2000,3100,4100,127000,155000,155000,155000,155000,92,0,1500,6029.893486447106,1131.2324359996637,154934.83209609985,717.9239130434783
1789881464,1,,Aggregated,0.100000,0.000000,1500,1700,1900,2000,3100,4100,127000,155000,155000,155000,155000,92,0,1500,6029.893486447106,1131.2324359996637,154934.83209609985,717.9239130434783
1789881465,1,,Aggregated,0.100000,0.000000,1500,1700,1900,2000,3100,4100,127000,155000,155000,155000,155000,92,0,1500,6029.893486447106,1131.2324359996637,154934.83209609985,717.9239130434783
1789881466,1,,Aggregated,0.100000,0.000000,1500,1700,1900,2000,3100,4100,127000,155000,155000,155000,155000,92,0,1500,6029.893486447106,1131.2324359996637,154934.83209609985,717.9239130434783
1789881467,1,,Aggregated,0.100000,0.000000,1500,1700,1900,2000,3100,4100,127000,155000,155000,155000,155000,92,0,1500,6029.893486447106,1131.2324359996637,154934.83209609985,717.9239130434783
1789881468,1,,Aggregated,0.100000,0.000000,1500,1700,1900,2000,3100,4100,127000,155000,155000,155000,155000,92,0,1500,6029.893486447106,1131.2324359996637,154934.83209609985,717.9239130434783
1789881469,1,,Aggregated,0.100000,0.000000,1500,1700,1900,2100,3200,4300,127000,155000,155000,155000,155000,93,0,1500,6010.824351668111,1131.2324359996637,154934.83209609985,712.9677419354839
1789881470,1,,Aggregated,0.100000,0.000000,1500,1700,1900,2100,3200,4300,127000,155000,155000,155000,155000,93,0,1500,6010.824351668111,1131.2324359996637,154934.83209609985,712.9677419354839
1789881471,1,,Aggregated,0.100000,0.000000,1500,1700,1900,2100,3200,4300,127000,155000,155000,155000,155000,93,0,1500,6010.824351668111,1131.2324359996637,154934.83209609985,712.9677419354839
1789881472,1,,Aggregated,0.100000,0.000000,1500,1700,1900,2100,3200,4300,127000,155000,155000,155000,155000,93,0,1500,6010.824351668111,1131.2324359996637,154934.83209609985,712.9677419354839
1789881473,1,,Aggregated,0.100000,0.000000,1500,1700,1900,2100,3200,4300,127000,155000,155000,155000,155000,93,0,1500,6010.824351668111,1131.2324359996637,154934.83209609985,712.9677419354839
1789881474,1,,Aggregated,0.100000,0.000000,1500,1700,1900,2100,3200,4300,127000,155000,155000,155000,155000,93,0,1500,6010.824351668111,1131.2324359996637,154934.83209609985,712.9677419354839
1789881475,1,,Aggregated,0.100000,0.000000,1500,1700,1900,2100,3200,4300,127000,155000,155000,155000,155000,93,0,1500,6010.824351668111,1131.2324359996637,154934.83209609985,712.9677419354839
1789881476,1,,Aggregated,0.100000,0.000000,1500,1700,1900,2100,3200,4300,127000,155000,155000,155000,155000,93,0,1500,6010.824351668111,1131.2324359996637,154934.83209609985,712.9677419354839
1789881477,1,,Aggregated,0.100000,0.000000,1500,1700,1900,2100,3200,4300,127000,155000,155000,155000,155000,93,0,1500,6010.824351668111,1131.2324359996637,154934.83209609985,712.9677419354839
1789881478,1,,Aggregated,0.100000,0.000000,1500,1700,1900,2100,3200,4300,127000,155000,155000,155000,155000,93,0,1500,6010.824351668111,1131.2324359996637,154934.83209609985,712.9677419354839
1789881479,1,,Aggregated,0.100000,0.000000,1500,1700,1900,2100,3200,4300,127000,155000,155000,155000,155000,93,0,1500,6010.824351668111,1131.2324359996637,154934.83209609985,712.9677419354839
1789881480,1,,Aggregated,0.100000,0.000000,1500,1700,1900,2100,3200,4300,127000,155000,155000,155000,155000,93,0,1500,6010.824351668111,1131.2324359996637,154934.83209609985,712.9677419354839
1789881481,1,,Aggregated,0.000000,0.000000,1500,1700,1900,2100,3200,5100,127000,155000,155000,155000,155000,94,0,1500,6028.503525926961,1131.2324359996637,154934.83209609985,708.1170212765958
1789881482,1,,Aggregated,0.000000,0.000000,1500,1700,1900,2100,3200,5100,127000,155000,155000,155000,155000,94,0,1500,6028.503525926961,1131.2324359996637,154934.83209609985,708.1170212765958
1789881483,1,,Aggregated,0.000000,0.000000,1500,1700,1900,2100,3200,5100,127000,155000,155000,155000,155000,94,0,1500,6028.503525926961,1131.2324359996637,154934.83209609985,708.1170212765958
1789881484,1,,Aggregated,0.000000,0.000000,1500,1700,1900,2100,3200,5100,127000,155000,155000,155000,155000,94,0,1500,6028.503525926961,1131.2324359996637,154934.83209609985,708.1170212765958
1789881485,1,,Aggregated,0.000000,0.000000,1500,1700,1900,2100,3200,5100,127000,155000,155000,155000,155000,94,0,1500,6028.503525926961,1131.2324359996637,154934.83209609985,708.1170212765958
1789881486,1,,Aggregated,0.000000,0.000000,1500,1700,1900,2100,3200,5100,127000,155000,155000,155000,155000,94,0,1500,6028.503525926961,1131.2324359996637,154934.83209609985,708.1170212765958
1789881487,1,,Aggregated,0.000000,0.000000,1500,1700,1900,2100,3200,5100,127000,155000,155000,155000,155000,94,0,1500,6028.503525926961,1131.2324359996637,154934.83209609985,708.1170212765958
1789881488,1,,Aggregated,0.100000,0.000000,1500,1700,1900,2100,3200,5100,127000,155000,155000,155000,155000,95,0,1500,5979.956263622473,1131.2324359996637,154934.83209609985,703.3684210526316
1789881489,1,,Aggregated,0.100000,0.000000,1500,1700,1900,2100,3200,5100,127000,155000,155000,155000,155000,95,0,1500,5979.956263622473,1131.2324359996637,154934.83209609985,703.3684210526316
1789881490,1,,Aggregated,0.100000,0.000000,1500,1700,1900,2100,3200,5100,127000,155000,155000,155000,155000,95,0,1500,5979.956263622473,1131.2324359996637,154934.83209609985,703.3684210526316
1789881491,1,,Aggregated,0.100000,0.000000,1500,1700,1900,2100,3200,5100,127000,155000,155000,155000,155000,95,0,1500,5979.956263622473,1131.2324359996637,154934.83209609985,703.3684210526316
1789881492,1,,Aggregated,0.100000,0.000000,1500,1700,1900,2100,3200,5100,127000,155000,155000,155000,155000,95,0,1500,5979.956263622473,1131.2324359996637,154934.83209609985,703.3684210526316
1789881493,1,,Aggregated,0.100000,0.000000,1500,1700,1900,2100,3200,5100,127000,155000,155000,155000,155000,95,0,1500,5979.956263622473,1131.2324359996637,154934.83209609985,703.3684210526316
1789881494,1,,Aggregated,0.200000,0.000000,1500,1700,1900,2100,3200,5100,127000,155000,155000,155000,155000,96,0,1500,5932.679052230564,1131.2324359996637,154934.83209609985,698.6770833333334
1789881495,1,,Aggregated,0.200000,0.000000,1500,1700,1900,2100,3200,5100,127000,155000,155000,155000,155000,96,0,1500,5932.679052230564,1131.2324359996637,154934.83209609985,698.6770833333334
1789881496,1,,Aggregated,0.200000,0.000000,1500,1700,1900,2100,3200,5100,127000,155000,155000,155000,155000,96,0,1500,5932.679052230564,1131.2324359996637,154934.83209609985,698.6770833333334
1789881497,1,,Aggregated,0.200000,0.000000,1500,1700,1900,2100,3200,5100,127000,155000,155000,155000,155000,96,0,1500,5932.679052230564,1131.2324359996637,154934.83209609985,698.6770833333334
1789881498,1,,Aggregated,0.200000,0.000000,1500,1700,1900,2100,3200,5100,127000,155000,155000,155000,155000,96,0,1500,5932.679052230564,1131.2324359996637,154934.83209609985,698.6770833333334
1789881499,1,,Aggregated,0.200000,0.000000,1500,1700,1900,2100,3200,5100,127000,155000,155000,155000,155000,96,0,1500,5932.679052230564,1131.2324359996637,154934.83209609985,698.6770833333334
1789881500,1,,Aggregated,0.200000,0.000000,1500,1700,1900,2100,3200,5100,127000,155000,155000,155000,155000,96,0,1500,5932.679052230564,1131.2324359996637,154934.83209609985,698.6770833333334
1789881501,1,,Aggregated,0.200000,0.000000,1500,1700,1900,2100,3200,5100,127000,155000,155000,155000,155000,96,0,1500,5932.679052230564,1131.2324359996637,154934.83209609985,698.6770833333334
1789881502,1,,Aggregated,0.100000,0.000000,1500,1700,2000,2200,3400,7700,127000,155000,155000,155000,155000,98,0,1500,6971.479772721672,1131.2324359996637,154934.83209609985,797.1428571428571
1789881503,1,,Aggregated,0.100000,0.000000,1500,1700,2000,2200,3400,7700,127000,155000,155000,155000,155000,98,0,1500,6971.479772721672,1131.2324359996637,154934.83209609985,797.1428571428571
1789881504,1,,Aggregated,0.100000,0.000000,1500,1700,2000,2200,3400,7700,127000,155000,155000,155000,155000,98,0,1500,6971.479772721672,1131.2324359996637,154934.83209609985,797.1428571428571
1789881505,1,,Aggregated,0.100000,0.000000,1500,1700,2000,2300,3400,7700,127000,155000,155000,155000,155000,99,0,1500,6929.376621633576,1131.2324359996637,154934.83209609985,789.8585858585859
1789881506,1,,Aggregated,0.100000,0.000000,1500,1700,2000,2300,3400,7700,127000,155000,155000,155000,155000,99,0,1500,6929.376621633576,1131.2324359996637,154934.83209609985,789.8585858585859
1789881507,1,,Aggregated,0.100000,0.000000,1500,1700,2000,2300,3400,7700,127000,155000,155000,155000,155000,99,0,1500,6929.376621633576,1131.2324359996637,154934.83209609985,789.8585858585859
1789881508,1,,Aggregated,0.300000,0.000000,1500,1700,2000,2300,3400,7700,127000,155000,155000,155000,155000,100,0,1500,6872.6671884672405,1131.2324359996637,154934.83209609985,784.45
1789881509,1,,Aggregated,0.300000,0.000000,1500,1700,2000,2300,3400,7700,127000,155000,155000,155000,155000,100,0,1500,6872.6671884672405,1131.2324359996637,154934.83209609985,784.45
1789881510,1,,Aggregated,0.300000,0.000000,1500,1700,2000,2300,3400,7700,127000,155000,155000,155000,155000,100,0,1500,6872.6671884672405,1131.2324359996637,154934.83209609985,784.45
1789881511,1,,Aggregated,0.300000,0.000000,1500,1700,2000,2300,3400,7700,127000,155000,155000,155000,155000,100,0,1500,6872.6671884672405,1131.2324359996637,154934.83209609985,784.45
1789881512,1,,Aggregated,0.300000,0.000000,1500,1700,2000,2300,3400,7700,127000,155000,155000,155000,155000,100,0,1500,6872.6671884672405,1131.2324359996637,154934.83209609985,784.45
1789881513,1,,Aggregated,0.400000,0.000000,1500,1700,2000,2300,3300,5100,121000,127000,155000,155000,155000,101,0,1500,6831.41107373984,1131.2324359996637,154934.83209609985,779.2277227722773
1789881514,1,,Aggregated,0.400000,0.000000,1500,1700,2000,2300,3300,5100,121000,127000,155000,155000,155000,101,0,1500,6831.41107373984,1131.2324359996637,154934.83209609985,779.2277227722773
1789881515,1,,Aggregated,0.400000,0.000000,1500,1700,2000,2300,3300,5100,121000,127000,155000,155000,155000,101,0,1500,6831.41107373984,1131.2324359996637,154934.83209609985,779.2277227722773
1789881516,1,,Aggregated,0.400000,0.000000,1500,1700,2000,2300,3300,5100,121000,127000,155000,155000,155000,101,0,1500,6831.41107373984,1131.2324359996637,154934.83209609985,779.2277227722773
1789881517,1,,Aggregated,0.400000,0.000000,1500,1700,2000,2300,3300,5100,121000,127000,155000,155000,155000,101,0,1500,6831.41107373984,1131.2324359996637,154934.83209609985,779.2277227722773
1789881518,1,,Aggregated,0.200000,0.000000,1500,1800,2000,2400,3300,5100,121000,127000,155000,155000,155000,102,0,1500,6788.369415252196,1131.2324359996637,154934.83209609985,774.1078431372549
1789881519,1,,Aggregated,0.200000,0.000000,1500,1800,2000,2400,3300,5100,121000,127000,155000,155000,155000,102,0,1500,6788.369415252196,1131.2324359996637,154934.83209609985,774.1078431372549
1789881520,1,,Aggregated,0.200000,0.000000,1500,1800,2000,2400,3300,5100,121000,127000,155000,155000,155000,102,0,1500,6788.369415252196,1131.2324359996637,154934.83209609985,774.1078431372549
1789881521,1,,Aggregated,0.200000,0.000000,1500,1800,2000,2400,3300,5100,121000,127000,155000,155000,155000,102,0,1500,6788.369415252196,1131.2324359996637,154934.83209609985,774.1078431372549
1789881522,1,,Aggregated,0.200000,0.000000,1500,1800,2000,2400,3300,5100,121000,127000,155000,155000,155000,103,0,1500,6741.558282016731,1131.2324359996637,154934.83209609985,769.0873786407767
1789881523,1,,Aggregated,0.200000,0.000000,1500,1800,2000,2400,3300,5100,121000,127000,155000,155000,155000,103,0,1500,6741.558282016731,1131.2324359996637,154934.83209609985,769.0873786407767
1789881524,1,,Aggregated,0.200000,0.000000,1500,1800,2000,2400,3300,5100,121000,127000,155000,155000,155000,103,0,1500,6741.558282016731,1131.2324359996637,154934.83209609985,769.0873786407767
1789881525,1,,Aggregated,0.300000,0.000000,1500,1800,2000,2400,3300,5100,121000,127000,155000,155000,155000,104,0,1500,6688.875293978115,1131.2324359996637,154934.83209609985,764.1634615384615
1789881526,1,,Aggregated,0.300000,0.000000,1500,1800,2000,2400,3300,5100,121000,127000,155000,155000,155000,104,0,1500,6688.875293978115,1131.2324359996637,154934.83209609985,764.1634615384615
1789881527,1,,Aggregated,0.300000,0.000000,1500,1800,2000,2400,3300,5100,121000,127000,155000,155000,155000,104,0,1500,6688.875293978115,1131.2324359996637,154934.83209609985,764.1634615384615
1789881528,1,,Aggregated,0.300000,0.000000,1500,1800,2000,2400,3300,5100,121000,127000,155000,155000,155000,104,0,1500,6688.875293978115,1131.2324359996637,154934.83209609985,764.1634615384615
1789881529,1,,Aggregated,0.300000,0.000000,1500,1800,2000,2400,3300,5100,121000,127000,155000,155000,155000,105,0,1500,6645.190232225945,1131.2324359996637,154934.83209609985,759.3333333333334
1789881530,1,,Aggregated,0.300000,0.000000,1500,1800,2000,2400,3300,5100,121000,127000,155000,155000,155000,105,0,1500,6645.190232225945,1131.2324359996637,154934.83209609985,759.3333333333334
1789881531,1,,Aggregated,0.300000,0.000000,1500,1800,2000,2400,3300,5100,121000,127000,155000,155000,155000,105,0,1500,6645.190232225945,1131.2324359996637,154934.83209609985,759.3333333333334
1789881532,1,,Aggregated,0.300000,0.000000,1500,1800,2000,2300,3300,5100,121000,127000,155000,155000,155000,106,0,1500,6595.0457359030615,1131.2324359996637,154934.83209609985,754.5943396226415
1789881533,1,,Aggregated,0.300000,0.000000,1500,1800,2000,2300,3300,5100,121000,127000,155000,155000,155000,106,0,1500,6595.0457359030615,1131.2324359996637,154934.83209609985,754.5943396226415
1789881534,1,,Aggregated,0.300000,0.000000,1500,1800,2000,2300,3300,5100,121000,127000,155000,155000,155000,106,0,1500,6595.0457359030615,1131.2324359996637,154934.83209609985,754.5943396226415
1789881535,1,,Aggregated,0.300000,0.000000,1500,1800,2000,2300,3300,5100,121000,127000,155000,155000,155000,106,0,1500,6595.0457359030615,1131.2324359996637,154934.83209609985,754.5943396226415
1789881536,1,,Aggregated,0.300000,0.000000,1500,1800,2000,2300,3300,5100,121000,127000,155000,155000,155000,107,0,1500,6545.684768352563,1131.2324359996637,154934.83209609985,749.9439252336449
1789881537,1,,Aggregated,0.300000,0.000000,1500,1800,2000,2300,3300,5100,121000,127000,155000,155000,155000,107,0,1500,6545.684768352563,1131.2324359996637,154934.83209609985,749.9439252336449
1789881538,1,,Aggregated,0.300000,0.000000,1500,1800,2000,2300,3300,5100,121000,127000,155000,155000,155000,107,0,1500,6545.684768352563,1131.2324359996637,154934.83209609985,749.9439252336449
1789881539,1,,Aggregated,0.300000,0.000000,1500,1800,2000,2300,3300,5100,121000,127000,155000,155000,155000,107,0,1500,6545.684768352563,1131.2324359996637,154934.83209609985,749.9439252336449
1789881540,1,,Aggregated,0.300000,0.000000,1500,1800,2000,2300,3300,5100,121000,127000,155000,155000,155000,107,0,1500,6545.684768352563,1131.2324359996637,154934.83209609985,749.9439252336449
1789881541,1,,Aggregated,0.300000,0.000000,1500,1800,2000,2300,3300,5100,121000,127000,155000,155000,155000,107,0,1500,6545.684768352563,1131.2324359996637,154934.83209609985,749.9439252336449
1789881542,1,,Aggregated,0.200000,0.000000,1500,1800,2000,2300,3300,5100,121000,127000,155000,155000,155000,108,0,1500,6503.247728719668,1131.2324359996637,154934.83209609985,745.3796296296297
1789881543,1,,Aggregated,0.200000,0.000000,1500,1800,2000,2300,3300,5100,121000,127000,155000,155000,155000,108,0,1500,6503.247728719668,1131.2324359996637,154934.83209609985,745.3796296296297
1789881544,1,,Aggregated,0.200000,0.000000,1500,1800,2000,2300,3300,5100,121000,127000,155000,155000,155000,108,0,1500,6503.247728719668,1131.2324359996637,154934.83209609985,745.3796296296297
1789881545,1,,Aggregated,0.200000,0.000000,1500,1800,2000,2300,3300,5100,121000,127000,155000,155000,155000,108,0,1500,6503.247728719668,1131.2324359996637,154934.83209609985,745.3796296296297
1789881546,1,,Aggregated,0.200000,0.000000,1500,1800,2000,2300,3300,5100,121000,127000,155000,155000,155000,108,0,1500,6503.247728719668,1131.2324359996637,154934.83209609985,745.3796296296297
1789881547,1,,Aggregated,0.200000,0.000000,1500,1800,2000,2300,3300,5100,121000,127000,155000,155000,155000,108,0,1500,6503.247728719668,1131.2324359996637,154934.83209609985,745.3796296296297
1789881548,1,,Aggregated,0.200000,0.000000,1500,1800,2000,2300,3300,5100,121000,127000,155000,155000,155000,108,0,1500,6503.247728719668,1131.2324359996637,154934.83209609985,745.3796296296297
1789881549,1,,Aggregated,0.200000,0.000000,1500,1800,2000,2300,3300,5100,121000,127000,155000,155000,155000,108,0,1500,6503.247728719668,1131.2324359996637,154934.83209609985,745.3796296296297
1789881550,1,,Aggregated,0.200000,0.000000,1500,1800,2000,2300,3300,5100,121000,127000,155000,155000,155000,108,0,1500,6503.247728719668,1131.2324359996637,154934.83209609985,745.3796296296297
1789881551,1,,Aggregated,0.200000,0.000000,1500,1800,2000,2300,3300,5100,121000,127000,155000,155000,155000,108,0,1500,6503.247728719668,1131.2324359996637,154934.83209609985,745.3796296296297
1789881552,1,,Aggregated,0.100000,0.000000,1500,1800,2000,2400,3400,5100,121000,127000,155000,155000,155000,109,0,1500,6481.342066089206,1131.2324359996637,154934.83209609985,740.8990825688073
1789881553,1,,Aggregated,0.100000,0.000000,1500,1800,2000,2400,3400,5100,121000,127000,155000,155000,155000,109,0,1500,6481.342066089206,1131.2324359996637,154934.83209609985,740.8990825688073
1789881554,1,,Aggregated,0.100000,0.000000,1500,1800,2000,2400,3400,5100,121000,127000,155000,155000,155000,109,0,1500,6481.342066089206,1131.2324359996637,154934.83209609985,740.8990825688073
1789881555,1,,Aggregated,0.100000,0.000000,1500,1800,2000,2400,3400,5100,121000,127000,155000,155000,155000,109,0,1500,6481.342066089206,1131.2324359996637,154934.83209609985,740.8990825688073
1789881556,1,,Aggregated,0.100000,0.000000,1500,1800,2000,2400,3400,5100,121000,127000,155000,155000,155000,109,0,1500,6481.342066089206,1131.2324359996637,154934.83209609985,740.8990825688073
1789881557,1,,Aggregated,0.100000,0.000000,1500,1800,2000,2400,3400,5100,121000,127000,155000,155000,155000,109,0,1500,6481.342066089206,1131.2324359996637,154934.83209609985,740.8990825688073
1789881558,1,,Aggregated,0.100000,0.000000,1500,1800,2000,2400,3400,5100,121000,127000,155000,155000,155000,109,0,1500,6481.342066089206,1131.2324359996637,154934.83209609985,740.8990825688073
1789881559,1,,Aggregated,0.100000,0.000000,1600,1800,2100,2500,3400,5100,121000,127000,155000,155000,155000,110,0,1600,6449.01525231567,1131.2324359996637,154934.83209609985,736.5
1789881560,1,,Aggregated,0.100000,0.000000,1600,1800,2100,2500,3400,5100,121000,127000,155000,155000,155000,110,0,1600,6449.01525231567,1131.2324359996637,154934.83209609985,736.5
1789881561,1,,Aggregated,0.100000,0.000000,1600,1800,2100,2500,3400,5100,121000,127000,155000,155000,155000,110,0,1600,6449.01525231567,1131.2324359996637,154934.83209609985,736.5
1789881562,1,,Aggregated,0.100000,0.000000,1600,1800,2100,2500,3400,5100,121000,127000,155000,155000,155000,110,0,1600,6449.01525231567,1131.2324359996637,154934.83209609985,736.5
1789881563,1,,Aggregated,0.100000,0.000000,1600,1800,2100,2500,3400,5100,121000,127000,155000,155000,155000,110,0,1600,6449.01525231567,1131.2324359996637,154934.83209609985,736.5
1789881564,1,,Aggregated,0.100000,0.000000,1600,1800,2100,2500,3400,5100,121000,127000,155000,155000,155000,110,0,1600,6449.01525231567,1131.2324359996637,154934.83209609985,736.5
1789881565,1,,Aggregated,0.100000,0.000000,1600,1800,2100,2500,3400,5100,121000,127000,155000,155000,155000,110,0,1600,6449.01525231567,1131.2324359996637,154934.83209609985,736.5
1789881566,1,,Aggregated,0.100000,0.000000,1600,1800,2100,2500,3400,5100,121000,127000,155000,155000,155000,110,0,1600,6449.01525231567,1131.2324359996637,154934.83209609985,736.5
1789881567,1,,Aggregated,0.100000,0.000000,1600,1800,2100,2500,3400,5100,121000,127000,155000,155000,155000,110,0,1600,6449.01525231567,1131.2324359996637,154934.83209609985,736.5
1789881568,1,,Aggregated,0.100000,0.000000,1600,1800,2100,2500,3300,5100,121000,127000,155000,155000,155000,111,0,1600,6419.349453835345,1131.2324359996637,154934.83209609985,732.1801801801802
1789881569,1,,Aggregated,0.100000,0.000000,1600,1800,2100,2500,3300,5100,121000,127000,155000,155000,155000,111,0,1600,6419.349453835345,1131.2324359996637,154934.83209609985,732.1801801801802
1789881570,1,,Aggregated,0.100000,0.000000,1600,1800,2100,2500,3300,5100,121000,127000,155000,155000,155000,111,0,1600,6419.349453835345,1131.2324359996637,154934.83209609985,732.1801801801802
1789881571,1,,Aggregated,0.100000,0.000000,1600,1800,2100,2500,3300,5100,121000,127000,155000,155000,155000,111,0,1600,6419.349453835345,1131.2324359996637,154934.83209609985,732.1801801801802
1789881572,1,,Aggregated,0.100000,0.000000,1600,1800,2100,2500,3300,5100,121000,127000,155000,155000,155000,111,0,1600,6419.349453835345,1131.2324359996637,154934.83209609985,732.1801801801802
1789881573,1,,Aggregated,0.100000,0.000000,1600,1800,2100,2500,3300,5100,121000,127000,155000,155000,155000,111,0,1600,6419.349453835345,1131.2324359996637,154934.83209609985,732.1801801801802
1789881574,1,,Aggregated,0.100000,0.000000,1600,1800,2100,2500,3300,5100,121000,127000,155000,155000,155000,112,0,1600,6373.9009550868095,1131.2324359996637,154934.83209609985,727.9375
1789881575,1,,Aggregated,0.100000,0.000000,1600,1800,2100,2500,3300,5100,121000,127000,155000,155000,155000,112,0,1600,6373.9009550868095,1131.2324359996637,154934.83209609985,727.9375
1789881576,1,,Aggregated,0.100000,0.000000,1600,1800,2100,2500,3300,5100,121000,127000,155000,155000,155000,112,0,1600,6373.9009550868095,1131.2324359996637,154934.83209609985,727.9375
1789881577,1,,Aggregated,0.100000,0.000000,1600,1800,2100,2500,3300,5100,121000,127000,155000,155000,155000,112,0,1600,6373.9009550868095,1131.2324359996637,154934.83209609985,727.9375
1789881578,1,,Aggregated,0.100000,0.000000,1600,1800,2100,2500,3300,5100,121000,127000,155000,155000,155000,112,0,1600,6373.9009550868095,1131.2324359996637,154934.83209609985,727.9375
1789881579,1,,Aggregated,0.100000,0.000000,1600,1800,2100,2500,3300,5100,121000,127000,155000,155000,155000,112,0,1600,6373.9009550868095,1131.2324359996637,154934.83209609985,727.9375
1789881580,1,,Aggregated,0.100000,0.000000,1500,1800,2100,2500,3300,5100,121000,127000,155000,155000,155000,113,0,1500,6331.057425201086,1131.2324359996637,154934.83209609985,723.7699115044247
1789881581,1,,Aggregated,0.100000,0.000000,1500,1800,2100,2500,3300,5100,121000,127000,155000,155000,155000,113,0,1500,6331.057425201086,1131.2324359996637,154934.83209609985,723.7699115044247
1789881582,1,,Aggregated,0.100000,0.000000,1500,1800,2100,2500,3300,5100,121000,127000,155000,155000,155000,113,0,1500,6331.057425201086,1131.2324359996637,154934.83209609985,723.7699115044247
1789881583,1,,Aggregated,0.100000,0.000000,1500,1800,2100,2500,3300,5100,121000,127000,155000,155000,155000,113,0,1500,6331.057425201086,1131.2324359996637,154934.83209609985,723.7699115044247
1789881584,1,,Aggregated,0.100000,0.000000,1500,1800,2100,2500,3300,5100,121000,127000,155000,155000,155000,113,0,1500,6331.057425201086,1131.2324359996637,154934.83209609985,723.7699115044247
