Timestamp,User Count,Type,Name,Requests/s,Failures/s,50%,66%,75%,80%,90%,95%,98%,99%,99.9%,99.99%,100%,Total Request Count,Total Failure Count,Total Median Response Time,Total Average Response Time,Total Min Response Time,Total Max Response Time,Total Average Content Size
1789886116,0,,Aggregated,0.000000,0.000000,N/A,N/A,N/A,N/A,N/A,N/A,N/A,N/A,N/A,N/A,N/A,0,0,0,0.0,0,0,0
1789886117,6,,Aggregated,0.000000,0.000000,N/A,N/A,N/A,N/A,N/A,N/A,N/A,N/A,N/A,N/A,N/A,0,0,0,0.0,0,0,0
1789886118,12,,Aggregated,0.000000,0.000000,N/A,N/A,N/A,N/A,N/A,N/A,N/A,N/A,N/A,N/A,N/A,0,0,0,0.0,0,0,0
1789886119,12,,Aggregated,0.000000,0.000000,N/A,N/A,N/A,N/A,N/A,N/A,N/A,N/A,N/A,N/A,N/A,0,0,0,0.0,0,0,0
1789886120,12,,Aggregated,0.000000,0.000000,3400,3400,3400,3400,3400,3400,3400,3400,3400,3400,3400,1,0,3351.3967380004033,3351.3967380004033,3351.3967380004033,3351.3967380004033,390.0
1789886121,12,,Aggregated,0.000000,0.000000,4900,4900,5000,5000,5000,5000,5000,5000,5000,5000,5000,3,0,4900,4420.650697000383,3351.3967380004033,4965.059828000449,390.0
1789886122,12,,Aggregated,0.250000,0.000000,4900,4900,5000,5000,5700,5700,5700,5700,5700,5700,5700,6,0,4900,4713.324549166828,3351.3967380004033,5666.797452000537,390.0
1789886123,12,,Aggregated,0.250000,0.000000,4900,4900,5000,5000,5700,5700,5700,5700,5700,5700,5700,6,0,4900,4713.324549166828,3351.3967380004033,5666.797452000537,390.0
1789886124,12,,Aggregated,0.500000,0.000000,5700,6900,6900,6900,6900,7900,7900,7900,7900,7900,7900,11,0,5700,5784.764561909138,3351.3967380004033,7874.281128999428,390.0
1789886125,12,,Aggregated,0.500000,0.000000,5700,6900,6900,6900,6900,7900,7900,7900,7900,7900,7900,11,0,5700,5784.764561909138,3351.3967380004033,7874.281128999428,390.0
1789886126,12,,Aggregated,0.500000,0.000000,5700,6900,6900,6900,6900,7900,7900,7900,7900,7900,7900,11,0,5700,5784.764561909138,3351.3967380004033,7874.281128999428,390.0
1789886127,12,,Aggregated,1.222222,0.000000,6900,6900,6900,6900,7600,7900,7900,7900,7900,7900,7900,12,0,6900,5936.929291333399,3351.3967380004033,7874.281128999428,364.0
1789886128,12,,Aggregated,1.222222,0.000000,6900,6900,6900,6900,7600,7900,7900,7900,7900,7900,7900,12,0,6900,5936.929291333399,3351.3967380004033,7874.281128999428,364.0
1789886129,12,,Aggregated,1.100000,0.000000,6900,6900,6900,7600,7900,8000,8000,8000,8000,8000,8000,13,0,6900,6096.281228538478,3351.3967380004033,8008.504474999427,342.0
1789886130,12,,Aggregated,1.100000,0.000000,6900,6900,6900,7600,7900,8000,8000,8000,8000,8000,8000,13,0,6900,6096.281228538478,3351.3967380004033,8008.504474999427,342.0
1789886131,12,,Aggregated,1.200000,0.000000,6900,6900,7600,7900,8000,9300,9300,9300,9300,9300,9300,14,0,6900,6322.6795251429,3351.3967380004033,9265.857381000387,323.14285714285717
1789886132,12,,Aggregated,1.200000,0.000000,6900,6900,7600,7900,8000,9300,9300,9300,9300,9300,9300,14,0,6900,6322.6795251429,3351.3967380004033,9265.857381000387,323.14285714285717
1789886133,12,,Aggregated,1.200000,0.000000,6900,7600,8000,8000,12000,17000,17000,17000,17000,17000,17000,16,0,6900,7339.267360062536,3351.3967380004033,16936.547582001367,312.0
1789886134,12,,Aggregated,1.200000,0.000000,6900,7600,8000,8000,12000,17000,17000,17000,17000,17000,17000,16,0,6900,7339.267360062536,3351.3967380004033,16936.547582001367,312.0
1789886135,12,,Aggregated,0.800000,0.000000,6900,7900,8000,9300,12000,17000,17000,17000,17000,17000,17000,17,0,6900,7563.982427882365,3351.3967380004033,16936.547582001367,298.2352941176471
1789886136,12,,Aggregated,0.800000,0.000000,6900,7900,8000,9300,12000,17000,17000,17000,17000,17000,17000,17,0,6900,7563.982427882365,3351.3967380004033,16936.547582001367,298.2352941176471
1789886137,12,,Aggregated,0.800000,0.000000,6900,7900,8000,9300,12000,17000,17000,17000,17000,17000,17000,17,0,6900,7563.982427882365,3351.3967380004033,16936.547582001367,298.2352941176471
1789886138,12,,Aggregated,0.600000,0.000000,6900,7900,9300,11000,14000,17000,17000,17000,17000,17000,17000,18,0,6900,7928.521184166635,3351.3967380004033,16936.547582001367,286.0
1789886139,12,,Aggregated,0.600000,0.000000,6900,7900,9300,11000,14000,17000,17000,17000,17000,17000,17000,18,0,6900,7928.521184166635,3351.3967380004033,16936.547582001367,286.0
1789886140,12,,Aggregated,0.500000,0.000000,6900,8000,11000,12000,17000,18000,18000,18000,18000,18000,18000,19,0,6900,8450.388781157879,3351.3967380004033,17844.005527000263,275.05263157894734
1789886141,12,,Aggregated,0.600000,0.000000,7600,9300,12000,14000,17000,18000,18000,18000,18000,18000,18000,20,0,7600,8883.896270500009,3351.3967380004033,17844.005527000263,265.2
1789886142,12,,Aggregated,0.600000,0.000000,7600,9300,12000,14000,17000,18000,18000,18000,18000,18000,18000,20,0,7600,8883.896270500009,3351.3967380004033,17844.005527000263,265.2
1789886143,12,,Aggregated,0.600000,0.000000,7600,9300,12000,14000,17000,18000,21000,21000,21000,21000,21000,21,0,7600,9476.050590428626,3351.3967380004033,21319.13698900098,256.2857142857143
1789886144,12,,Aggregated,0.600000,0.000000,7600,9300,12000,14000,17000,18000,21000,21000,21000,21000,21000,21,0,7600,9476.050590428626,3351.3967380004033,21319.13698900098,256.2857142857143
1789886145,12,,Aggregated,0.600000,0.000000,7600,9300,12000,14000,17000,18000,21000,21000,21000,21000,21000,21,0,7600,9476.050590428626,3351.3967380004033,21319.13698900098,256.2857142857143
1789886146,12,,Aggregated,0.500000,0.000000,7900,11000,14000,17000,18000,21000,22000,22000,22000,22000,22000,22,0,7900,10051.481790409194,3351.3967380004033,22135.53699000113,248.1818181818182
1789886147,12,,Aggregated,0.500000,0.000000,7900,11000,14000,17000,18000,21000,22000,22000,22000,22000,22000,22,0,7900,10051.481790409194,3351.3967380004033,22135.53699000113,248.1818181818182
1789886148,12,,Aggregated,0.400000,0.000000,7900,12000,17000,17000,21000,22000,24000,24000,24000,24000,24000,23,0,7900,10662.131264260968,3351.3967380004033,24096.41968899996,240.7826086956522
1789886149,12,,Aggregated,0.500000,0.000000,9300,13000,17000,17000,21000,22000,24000,24000,24000,24000,24000,28,0,9300,11247.269956500142,3351.3967380004033,24096.41968899996,240.0
1789886150,12,,Aggregated,0.500000,0.000000,9300,13000,17000,17000,19000,22000,24000,24000,24000,24000,24000,31,0,9300,11206.369540225956,3351.3967380004033,24096.41968899996,239.41935483870967
1789886151,12,,Aggregated,0.500000,0.000000,9300,13000,17000,17000,19000,22000,24000,24000,24000,24000,24000,31,0,9300,11206.369540225956,3351.3967380004033,24096.41968899996,239.41935483870967
1789886152,12,,Aggregated,0.500000,0.000000,9300,13000,17000,17000,19000,22000,24000,24000,24000,24000,24000,31,0,9300,11206.369540225956,3351.3967380004033,24096.41968899996,239.41935483870967
1789886153,12,,Aggregated,1.200000,0.000000,8000,13000,17000,17000,20000,22000,24000,24000,24000,24000,24000,35,0,8000,10952.716757600192,2999.9769580008433,24096.41968899996,233.31428571428572
1789886154,12,,Aggregated,1.100000,0.000000,7900,12000,17000,17000,20000,22000,24000,24000,24000,24000,24000,40,0,7900,9927.309197250137,2340.0559010005964,24096.41968899996,234.6
1789886155,12,,Aggregated,1.100000,0.000000,7600,12000,14000,17000,19000,21000,24000,24000,24000,24000,24000,41,0,7600,9783.131617756228,2340.0559010005964,24096.41968899996,234.29268292682926
1789886156,12,,Aggregated,1.100000,0.000000,7400,11000,14000,17000,19000,21000,24000,24000,24000,24000,24000,43,0,7400,9530.246155511759,2340.0559010005964,24096.41968899996,233.72093023255815
1789886157,12,,Aggregated,1.500000,0.000000,6900,9500,13000,17000,19000,21000,24000,24000,24000,24000,24000,46,0,6900,9003.421957195791,1451.6685460002918,24096.41968899996,232.95652173913044
1789886158,12,,Aggregated,1.900000,0.000000,6900,9500,13000,17000,19000,21000,24000,24000,24000,24000,24000,47,0,6900,8846.585142042697,1451.6685460002918,24096.41968899996,232.72340425531914
1789886159,12,,Aggregated,1.900000,0.000000,6900,9500,13000,17000,19000,21000,24000,24000,24000,24000,24000,47,0,6900,8846.585142042697,1451.6685460002918,24096.41968899996,232.72340425531914
1789886160,12,,Aggregated,2.500000,0.000000,6900,9300,12000,17000,19000,21000,24000,24000,24000,24000,24000,50,0,6900,8416.65807748017,1451.6685460002918,24096.41968899996,232.8
1789886161,12,,Aggregated,2.100000,0.000000,6900,8000,12000,14000,18000,21000,22000,24000,24000,24000,24000,51,0,6900,8281.880927294254,1451.6685460002918,24096.41968899996,233.2941176470588
1789886162,12,,Aggregated,1.900000,0.000000,5700,7900,12000,13000,18000,21000,22000,24000,24000,24000,24000,56,0,5700,7721.455931017998,1141.843257999426,24096.41968899996,232.92857142857142
1789886163,12,,Aggregated,1.900000,0.000000,5000,7900,11000,13000,18000,21000,22000,24000,24000,24000,24000,57,0,5000,7605.953357140478,1137.8092199993262,24096.41968899996,232.73684210526315
1789886164,12,,Aggregated,2.400000,0.000000,5000,7600,11000,13000,18000,21000,22000,24000,24000,24000,24000,60,0,5000,7318.192878733497,1137.8092199993262,24096.41968899996,232.2
1789886165,12,,Aggregated,2.400000,0.000000,5000,7600,11000,13000,18000,21000,22000,24000,24000,24000,24000,60,0,5000,7318.192878733497,1137.8092199993262,24096.41968899996,232.2
1789886166,12,,Aggregated,2.400000,0.000000,5000,7600,11000,13000,18000,21000,22000,24000,24000,24000,24000,60,0,5000,7318.192878733497,1137.8092199993262,24096.41968899996,232.2
1789886167,12,,Aggregated,2.000000,0.000000,4900,7400,9500,12000,17000,20000,22000,24000,24000,24000,24000,63,0,4900,7039.899126777931,1137.8092199993262,24096.41968899996,232.85714285714286
1789886168,12,,Aggregated,1.700000,0.000000,4700,6900,9300,12000,17000,20000,22000,24000,24000,24000,24000,65,0,4700,6858.4713861539885,1137.8092199993262,24096.41968899996,232.52307692307693
1789886169,12,,Aggregated,1.400000,0.000000,4000,6900,8000,12000,17000,20000,22000,24000,24000,24000,24000,69,0,4000,6580.693253304491,1137.8092199993262,24096.41968899996,232.43478260869566
1789886170,12,,Aggregated,1.400000,0.000000,4000,6900,8000,12000,17000,20000,22000,24000,24000,24000,24000,69,0,4000,6580.693253304491,1137.8092199993262,24096.41968899996,232.43478260869566
1789886171,12,,Aggregated,1.400000,0.000000,4000,6900,8000,12000,17000,20000,22000,24000,24000,24000,24000,69,0,4000,6580.693253304491,1137.8092199993262,24096.41968899996,232.43478260869566
1789886172,12,,Aggregated,2.200000,0.000000,3800,6900,8000,11000,17000,20000,22000,24000,24000,24000,24000,72,0,3800,6426.691349986261,1137.8092199993262,24096.41968899996,232.0
1789886173,12,,Aggregated,1.900000,0.000000,3400,6900,8000,11000,17000,20000,22000,24000,24000,24000,24000,74,0,3400,6292.895994338004,1137.8092199993262,24096.41968899996,232.21621621621622
1789886174,12,,Aggregated,1.400000,0.000000,3300,6900,8000,11000,17000,20000,22000,24000,24000,24000,24000,75,0,3300,6232.234492533486,1137.8092199993262,24096.41968899996,232.56
1789886175,12,,Aggregated,1.600000,0.000000,3300,6900,8000,9500,17000,20000,22000,24000,24000,24000,24000,76,0,3300,6181.795757329119,1137.8092199993262,24096.41968899996,232.42105263157896
1789886176,12,,Aggregated,1.700000,0.000000,3200,5700,7900,9500,17000,20000,22000,24000,24000,24000,24000,80,0,3200,5986.522292825157,1137.8092199993262,24096.41968899996,232.35
1789886177,12,,Aggregated,1.500000,0.000000,3000,5700,7600,9300,17000,19000,22000,24000,24000,24000,24000,81,0,3000,5943.636354642135,1137.8092199993262,24096.41968899996,232.22222222222223
1789886178,12,,Aggregated,1.600000,0.000000,3000,5000,7600,9300,17000,19000,22000,24000,24000,24000,24000,83,0,3000,5836.910510759218,1137.8092199993262,24096.41968899996,231.97590361445782
1789886179,12,,Aggregated,2.000000,0.000000,3000,5000,7600,9300,17000,19000,22000,24000,24000,24000,24000,84,0,3000,5787.170405845418,1137.8092199993262,24096.41968899996,231.85714285714286
1789886180,12,,Aggregated,1.800000,0.000000,2800,5000,7400,8000,17000,19000,22000,24000,24000,24000,24000,87,0,2800,5633.468698115143,1137.8092199993262,24096.41968899996,232.3448275862069
1789886181,12,,Aggregated,1.800000,0.000000,2800,5000,7400,8000,17000,19000,22000,24000,24000,24000,24000,87,0,2800,5633.468698115143,1137.8092199993262,24096.41968899996,232.3448275862069
1789886182,12,,Aggregated,1.700000,0.000000,2800,5000,7400,8000,17000,19000,22000,24000,24000,24000,24000,88,0,2800,5586.581787920645,1137.8092199993262,24096.41968899996,232.22727272727272
1789886183,12,,Aggregated,1.800000,0.000000,2700,4900,6900,8000,17000,19000,22000,24000,24000,24000,24000,91,0,2700,5459.665769263925,1137.8092199993262,24096.41968899996,232.28571428571428
1789886184,12,,Aggregated,1.800000,0.000000,2700,4900,6900,8000,17000,19000,22000,24000,24000,24000,24000,93,0,2700,5404.182646978683,1137.8092199993262,24096.41968899996,232.06451612903226
1789886185,12,,Aggregated,1.600000,0.000000,2700,4700,6900,7900,17000,19000,22000,24000,24000,24000,24000,96,0,2700,5289.046481218937,1137.8092199993262,24096.41968899996,231.75
1789886186,12,,Aggregated,1.700000,0.000000,2700,4700,6900,7900,17000,19000,22000,24000,24000,24000,24000,98,0,2700,5216.469545336919,1137.8092199993262,24096.41968899996,231.91836734693877
1789886187,12,,Aggregated,1.800000,0.000000,2500,4700,6900,7900,17000,19000,22000,24000,24000,24000,24000,99,0,2500,5178.541166151685,1137.8092199993262,24096.41968899996,232.1818181818182
1789886188,12,,Aggregated,2.000000,0.000000,2500,4700,6900,7900,17000,19000,22000,24000,24000,24000,24000,100,0,2500,5139.184993080162,1137.8092199993262,24096.41968899996,232.08
1789886189,12,,Aggregated,1.800000,0.000000,2500,4000,6900,7600,14000,18000,21000,22000,24000,24000,24000,102,0,2500,5062.042538343299,1137.8092199993262,24096.41968899996,232.23529411764707
1789886190,12,,Aggregated,1.800000,0.000000,2500,3800,6900,7600,14000,18000,21000,22000,24000,24000,24000,103,0,2500,5032.062745281701,1137.8092199993262,24096.41968899996,232.1359223300971
1789886191,12,,Aggregated,1.700000,0.000000,2500,3800,6900,7600,14000,18000,21000,22000,24000,24000,24000,104,0,2500,5004.464028740533,1137.8092199993262,24096.41968899996,232.03846153846155
1789886192,12,,Aggregated,1.600000,0.000000,2500,3400,6500,7400,14000,18000,21000,22000,24000,24000,24000,108,0,2500,4892.380872194599,1137.8092199993262,24096.41968899996,231.66666666666666
1789886193,12,,Aggregated,1.600000,0.000000,2400,3300,5700,7400,14000,18000,21000,22000,24000,24000,24000,110,0,2400,4832.456089445605,1137.8092199993262,24096.41968899996,231.8181818181818
1789886194,12,,Aggregated,1.700000,0.000000,2400,3300,5700,6900,13000,18000,21000,22000,24000,24000,24000,111,0,2400,4815.540116045192,1137.8092199993262,24096.41968899996,232.05405405405406
1789886195,12,,Aggregated,2.000000,0.000000,2400,3300,5000,6900,13000,18000,21000,22000,24000,24000,24000,113,0,2400,4759.402156495727,1078.2218149997789,24096.41968899996,232.1946902654867
1789886196,12,,Aggregated,1.900000,0.000000,2400,3300,5000,6900,13000,18000,21000,22000,24000,24000,24000,114,0,2400,4735.199710491383,1078.2218149997789,24096.41968899996,232.10526315789474
1789886197,12,,Aggregated,1.800000,0.000000,2300,3200,5000,6900,13000,18000,21000,22000,24000,24000,24000,115,0,2300,4707.87466517406,1078.2218149997789,24096.41968899996,232.01739130434783
1789886198,12,,Aggregated,1.700000,0.000000,2200,3000,5000,6900,13000,18000,21000,22000,24000,24000,24000,118,0,2200,4627.084322118794,1078.2218149997789,24096.41968899996,231.76271186440678
1789886199,12,,Aggregated,1.600000,0.000000,2200,3000,5000,6900,13000,18000,21000,22000,24000,24000,24000,120,0,2200,4579.028262550143,1078.2218149997789,24096.41968899996,231.6
1789886200,12,,Aggregated,1.600000,0.000000,2200,3000,4900,6900,12000,17000,21000,22000,24000,24000,24000,123,0,2200,4519.898430618007,1078.2218149997789,24096.41968899996,231.9512195121951
1789886201,12,,Aggregated,1.600000,0.000000,2200,3000,4900,6900,12000,17000,21000,22000,24000,24000,24000,123,0,2200,4519.898430618007,1078.2218149997789,24096.41968899996,231.9512195121951
1789886202,12,,Aggregated,1.800000,0.000000,2000,3000,4900,6900,12000,17000,21000,22000,24000,24000,24000,125,0,2000,4472.960460928124,1078.2218149997789,24096.41968899996,232.08
1789886203,12,,Aggregated,2.000000,0.000000,2000,3000,4900,6900,12000,17000,21000,22000,24000,24000,24000,127,0,2000,4428.554723472549,1078.2218149997789,24096.41968899996,231.92125984251967
1789886204,12,,Aggregated,2.000000,0.000000,2000,3000,4900,6900,12000,17000,21000,22000,24000,24000,24000,127,0,2000,4428.554723472549,1078.2218149997789,24096.41968899996,231.92125984251967
1789886205,12,,Aggregated,1.700000,0.000000,2000,2900,4700,6500,12000,17000,21000,22000,24000,24000,24000,131,0,2000,4348.333290038287,1078.2218149997789,24096.41968899996,231.61832061068702
1789886206,12,,Aggregated,1.700000,0.000000,2000,2900,4700,6500,12000,17000,21000,22000,24000,24000,24000,132,0,2000,4330.620054954663,1078.2218149997789,24096.41968899996,231.54545454545453
1789886207,12,,Aggregated,1.600000,0.000000,2000,2900,4700,6500,12000,17000,21000,22000,24000,24000,24000,135,0,2000,4269.533469126059,1078.2218149997789,24096.41968899996,231.86666666666667
1789886208,12,,Aggregated,1.800000,0.000000,2000,2900,4000,5700,12000,17000,21000,22000,24000,24000,24000,137,0,2000,4225.3733592994,1078.2218149997789,24096.41968899996,231.98540145985402
1789886209,12,,Aggregated,1.800000,0.000000,2000,2900,4000,5700,12000,17000,21000,22000,24000,24000,24000,138,0,2000,4203.195188021869,1078.2218149997789,24096.41968899996,231.91304347826087
1789886210,12,,Aggregated,2.000000,0.000000,2000,2800,4000,5700,12000,17000,21000,22000,24000,24000,24000,139,0,2000,4187.0688363166855,1078.2218149997789,24096.41968899996,231.84172661870502
1789886211,12,,Aggregated,2.000000,0.000000,2000,2800,4000,5700,12000,17000,21000,22000,24000,24000,24000,139,0,2000,4187.0688363166855,1078.2218149997789,24096.41968899996,231.84172661870502
1789886212,12,,Aggregated,1.800000,0.000000,2000,2800,3800,5000,11000,17000,21000,22000,24000,24000,24000,142,0,2000,4133.95058826071,1078.2218149997789,24096.41968899996,231.6338028169014
1789886213,12,,Aggregated,1.600000,0.000000,2000,2700,3400,5000,11000,17000,21000,22000,24000,24000,24000,146,0,2000,4066.923287274111,1078.2218149997789,24096.41968899996,231.86301369863014
1789886214,12,,Aggregated,1.600000,0.000000,2000,2800,3400,5000,11000,17000,21000,22000,24000,24000,24000,147,0,2000,4059.652792809653,1078.2218149997789,24096.41968899996,231.79591836734693
1789886215,12,,Aggregated,1.700000,0.000000,1900,2700,3300,5000,11000,17000,21000,22000,24000,24000,24000,149,0,1900,4026.6889407652266,1078.2218149997789,24096.41968899996,231.90604026845637
1789886216,12,,Aggregated,1.900000,0.000000,2000,2700,3300,5000,11000,17000,21000,22000,24000,24000,24000,150,0,2000,4013.430373100129,1078.2218149997789,24096.41968899996,231.84
1789886217,12,,Aggregated,2.100000,0.000000,1900,2700,3300,4900,9500,17000,20000,22000,24000,24000,24000,151,0,1900,3997.1358697286096,1078.2218149997789,24096.41968899996,231.7748344370861
1789886218,12,,Aggregated,1.800000,0.000000,1900,2700,3300,4900,9500,17000,20000,22000,24000,24000,24000,153,0,1900,3963.790827366147,1078.2218149997789,24096.41968899996,231.64705882352942
1789886219,12,,Aggregated,1.800000,0.000000,1900,2700,3300,4900,9500,17000,20000,22000,24000,24000,24000,154,0,1900,3953.2879843702617,1078.2218149997789,24096.41968899996,231.58441558441558
1789886220,12,,Aggregated,1.600000,0.000000,1900,2700,3300,4900,9500,17000,20000,22000,24000,24000,24000,156,0,1900,3922.067290711674,1078.2218149997789,24096.41968899996,231.92307692307693
1789886221,12,,Aggregated,1.600000,0.000000,1900,2700,3200,4700,9300,17000,20000,22000,24000,24000,24000,161,0,1900,3868.8944407392537,1078.2218149997789,24096.41968899996,231.8385093167702
1789886222,12,,Aggregated,1.600000,0.000000,1900,2700,3200,4700,9300,17000,20000,22000,24000,24000,24000,161,0,1900,3868.8944407392537,1078.2218149997789,24096.41968899996,231.8385093167702
1789886223,12,,Aggregated,1.700000,0.000000,1900,2700,3200,4700,9300,17000,20000,22000,24000,24000,24000,163,0,1900,3842.5667733804944,1078.2218149997789,24096.41968899996,231.71779141104295
1789886224,12,,Aggregated,1.700000,0.000000,1900,2700,3200,4700,9300,17000,20000,22000,24000,24000,24000,163,0,1900,3842.5667733804944,1078.2218149997789,24096.41968899996,231.71779141104295
1789886225,12,,Aggregated,1.900000,0.000000,1900,2500,3100,4700,9300,17000,20000,22000,24000,24000,24000,165,0,1900,3814.8539561577013,1078.2218149997789,24096.41968899996,231.6
1789886226,12,,Aggregated,1.700000,0.000000,1900,2500,3100,4700,9300,17000,20000,22000,24000,24000,24000,167,0,1900,3789.2409140360414,1078.2218149997789,24096.41968899996,231.7005988023952
1789886227,12,,Aggregated,1.700000,0.000000,1900,2500,3100,4700,9300,17000,20000,22000,24000,24000,24000,167,0,1900,3789.2409140360414,1078.2218149997789,24096.41968899996,231.7005988023952
1789886228,12,,Aggregated,1.600000,0.000000,1900,2500,3100,4000,8000,17000,20000,22000,24000,24000,24000,171,0,1900,3757.791528824672,1078.2218149997789,24096.41968899996,231.68421052631578
1789886229,12,,Aggregated,1.700000,0.000000,2000,2700,3000,4000,8000,17000,20000,22000,24000,24000,24000,173,0,2000,3748.951879722651,1078.2218149997789,24096.41968899996,231.78034682080926
1789886230,12,,Aggregated,1.700000,0.000000,1900,2500,3000,4000,8000,17000,20000,22000,24000,24000,24000,175,0,1900,3721.2991463772482,1078.2218149997789,24096.41968899996,231.66857142857143
1789886231,12,,Aggregated,1.800000,0.000000,1900,2500,3000,3800,8000,17000,20000,22000,24000,24000,24000,177,0,1900,3693.9741831865435,1078.2218149997789,24096.41968899996,231.5593220338983
1789886232,12,,Aggregated,1.800000,0.000000,1900,2500,3000,3800,8000,17000,20000,22000,24000,24000,24000,177,0,1900,3693.9741831865435,1078.2218149997789,24096.41968899996,231.5593220338983
1789886233,12,,Aggregated,1.900000,0.000000,1900,2500,3000,3800,8000,17000,20000,22000,24000,24000,24000,179,0,1900,3675.2496434470227,1078.2218149997789,24096.41968899996,231.6536312849162
1789886234,12,,Aggregated,1.900000,0.000000,1900,2500,3000,3800,8000,17000,20000,22000,24000,24000,24000,179,0,1900,3675.2496434470227,1078.2218149997789,24096.41968899996,231.6536312849162
1789886235,12,,Aggregated,1.600000,0.000000,1900,2500,3000,3700,8000,17000,20000,22000,24000,24000,24000,182,0,1900,3637.1433699451504,1078.2218149997789,24096.41968899996,231.4945054945055
1789886236,12,,Aggregated,1.600000,0.000000,1900,2500,3000,3400,8000,17000,20000,22000,24000,24000,24000,186,0,1900,3603.861045231274,1078.2218149997789,24096.41968899996,231.48387096774192
1789886237,12,,Aggregated,1.900000,0.000000,1900,2500,3000,3400,8000,17000,20000,22000,24000,24000,24000,187,0,1900,3600.620317566937,1078.2218149997789,24096.41968899996,231.62566844919786
1789886238,12,,Aggregated,1.700000,0.000000,1900,2500,3000,3400,8000,17000,20000,22000,24000,24000,24000,189,0,1900,3579.3488790847455,1078.2218149997789,24096.41968899996,231.52380952380952
1789886239,12,,Aggregated,1.900000,0.000000,1900,2500,3000,3300,7900,17000,20000,22000,24000,24000,24000,191,0,1900,3552.964369790663,1058.7457649999124,24096.41968899996,231.59162303664922
1789886240,12,,Aggregated,1.900000,0.000000,1900,2500,3000,3300,7900,17000,20000,22000,24000,24000,24000,191,0,1900,3552.964369790663,1058.7457649999124,24096.41968899996,231.59162303664922
1789886241,12,,Aggregated,2.000000,0.000000,1900,2400,3000,3300,7900,17000,20000,22000,24000,24000,24000,194,0,1900,3514.6012646186455,1058.7457649999124,24096.41968899996,231.44329896907217
1789886242,12,,Aggregated,2.000000,0.000000,1900,2400,3000,3300,7900,17000,20000,22000,24000,24000,24000,194,0,1900,3514.6012646186455,1058.7457649999124,24096.41968899996,231.44329896907217
1789886243,12,,Aggregated,2.000000,0.000000,1900,2400,3000,3300,7900,17000,20000,22000,24000,24000,24000,194,0,1900,3514.6012646186455,1058.7457649999124,24096.41968899996,231.44329896907217
1789886244,12,,Aggregated,1.700000,0.000000,1900,2500,3000,3300,7900,17000,20000,22000,24000,24000,24000,198,0,1900,3492.464314656635,1058.7457649999124,24096.41968899996,231.43434343434345
1789886245,12,,Aggregated,1.700000,0.000000,1900,2500,3000,3300,7900,17000,20000,22000,24000,24000,24000,200,0,1900,3481.1109085700737,1058.7457649999124,24096.41968899996,231.5
1789886246,12,,Aggregated,1.500000,0.000000,1900,2500,3000,3300,7600,14000,19000,21000,24000,24000,24000,202,0,1900,3476.2488715842314,1058.7457649999124,24096.41968899996,231.40594059405942
1789886247,12,,Aggregated,1.600000,0.000000,1900,2500,3000,3300,7900,17000,20000,22000,125000,125000,125000,207,0,1900,4025.3765506953364,1058.7457649999124,124843.20998191833,297.4154589371981
1789886248,12,,Aggregated,1.600000,0.000000,1900,2500,3000,3300,7900,17000,20000,22000,125000,125000,125000,207,0,1900,4025.3765506953364,1058.7457649999124,124843.20998191833,297.4154589371981
1789886249,12,,Aggregated,1.600000,0.000000,1900,2500,3000,3300,7900,17000,20000,22000,125000,125000,125000,207,0,1900,4025.3765506953364,1058.7457649999124,124843.20998191833,297.4154589371981
1789886250,12,,Aggregated,2.000000,0.000000,1900,2500,3000,3300,7900,17000,20000,22000,125000,125000,125000,208,0,1900,4021.264678134302,1058.7457649999124,124843.20998191833,296.3605769230769
1789886251,12,,Aggregated,1.800000,0.000000,1900,2500,3000,3300,7900,17000,20000,22000,125000,125000,125000,210,0,1900,4002.22646169493,1058.7457649999124,124843.20998191833,295.65238095238095
1789886252,12,,Aggregated,1.600000,0.000000,1900,2500,3000,3300,7900,17000,21000,24000,131000,131000,131000,213,0,1900,4586.543903085108,1058.7457649999124,130922.46007919312,363.4178403755869
1789886253,12,,Aggregated,1.400000,0.000000,2000,2500,3000,3300,7900,17000,21000,24000,131000,131000,131000,217,0,2000,4559.994059576632,1058.7457649999124,130922.46007919312,360.9769585253456
1789886254,12,,Aggregated,1.600000,0.000000,2000,2500,3000,3300,7900,17000,21000,24000,131000,131000,131000,218,0,2000,4550.164798780409,1058.7457649999124,130922.46007919312,360.3394495412844
1789886255,12,,Aggregated,1.600000,0.000000,2000,2500,3000,3300,7900,17000,21000,24000,131000,131000,131000,218,0,2000,4550.164798780409,1058.7457649999124,130922.46007919312,360.3394495412844
1789886256,12,,Aggregated,2.300000,0.000000,2000,2500,3000,3700,7600,17000,21000,24000,131000,131000,131000,222,0,2000,4543.772928392478,1058.7457649999124,130922.46007919312,357.4864864864865
1789886257,12,,Aggregated,2.300000,0.000000,2000,2500,3000,3700,7600,17000,21000,24000,131000,131000,131000,222,0,2000,4543.772928392478,1058.7457649999124,130922.46007919312,357.4864864864865
1789886258,12,,Aggregated,1.800000,0.000000,2000,2500,3000,3700,7600,17000,21000,24000,131000,131000,131000,224,0,2000,4517.7611489559395,1058.7457649999124,130922.46007919312,356.2767857142857
1789886259,12,,Aggregated,2.000000,0.000000,2000,2500,3000,3700,7600,17000,21000,24000,131000,131000,131000,225,0,2000,4504.834540485029,1058.7457649999124,130922.46007919312,355.68
1789886260,12,,Aggregated,1.500000,0.000000,2000,2500,3000,3400,7600,17000,21000,24000,131000,131000,131000,228,0,2000,4470.396992215494,1058.7457649999124,130922.46007919312,353.92105263157896
1789886261,12,,Aggregated,1.700000,0.000000,2000,2500,3000,3300,7400,17000,21000,24000,131000,131000,131000,232,0,2000,4440.603684918684,1058.7457649999124,130922.46007919312,351.80172413793105
1789886262,12,,Aggregated,1.700000,0.000000,2000,2500,3000,3300,7400,17000,21000,24000,131000,131000,131000,232,0,2000,4440.603684918684,1058.7457649999124,130922.46007919312,351.80172413793105
1789886263,12,,Aggregated,2.000000,0.000000,2000,2500,3000,3300,7400,17000,21000,24000,131000,131000,131000,234,0,2000,4415.856907372366,1058.7457649999124,130922.46007919312,351.0
1789886264,12,,Aggregated,2.000000,0.000000,2000,2500,3000,3300,7400,17000,21000,24000,131000,131000,131000,234,0,2000,4415.856907372366,1058.7457649999124,130922.46007919312,351.0
1789886265,12,,Aggregated,1.900000,0.000000,2000,2500,3000,3300,7400,17000,21000,24000,131000,131000,131000,237,0,2000,4385.733671523773,1058.7457649999124,130922.46007919312,349.36708860759495
1789886266,12,,Aggregated,1.700000,0.000000,2000,2500,3000,3300,6900,14000,21000,24000,131000,131000,131000,242,0,2000,4331.99745693445,1058.7457649999124,130922.46007919312,346.73553719008265
1789886267,12,,Aggregated,1.600000,0.000000,2000,2500,3000,3300,6900,14000,21000,24000,131000,131000,131000,243,0,2000,4318.926705379168,1058.7457649999124,130922.46007919312,346.22222222222223
1789886268,12,,Aggregated,1.900000,0.000000,2000,2500,3000,3300,6900,14000,21000,24000,131000,131000,131000,244,0,2000,4307.596107709588,1058.7457649999124,130922.46007919312,345.8606557377049
1789886269,12,,Aggregated,2.000000,0.000000,1900,2500,3000,3300,6900,14000,21000,24000,131000,131000,131000,247,0,1900,4277.235174575461,1058.7457649999124,130922.46007919312,344.64777327935224
1789886270,12,,Aggregated,2.000000,0.000000,1900,2500,3000,3300,6900,14000,21000,24000,131000,131000,131000,247,0,1900,4277.235174575461,1058.7457649999124,130922.46007919312,344.64777327935224
1789886271,12,,Aggregated,2.000000,0.000000,1900,2500,3000,3300,6900,14000,21000,24000,131000,131000,131000,250,0,1900,4247.926128576555,1058.7457649999124,130922.46007919312,343.176
1789886272,12,,Aggregated,2.000000,0.000000,1900,2500,3000,3300,6900,14000,21000,24000,131000,131000,131000,250,0,1900,4247.926128576555,1058.7457649999124,130922.46007919312,343.176
1789886273,12,,Aggregated,1.900000,0.000000,1900,2500,3000,3200,6900,14000,20000,24000,131000,131000,131000,253,0,1900,4215.736885130986,1058.7457649999124,130922.46007919312,341.7391304347826
1789886274,12,,Aggregated,1.800000,0.000000,1900,2500,3000,3200,6900,14000,20000,24000,131000,131000,131000,256,0,1900,4197.829543539615,1058.7457649999124,130922.46007919312,340.3359375
1789886275,12,,Aggregated,1.800000,0.000000,1900,2500,3000,3200,6900,14000,20000,24000,131000,131000,131000,259,0,1900,4164.899587054595,1051.6117229999509,130922.46007919312,339.2432432432432
1789886276,12,,Aggregated,1.900000,0.000000,1900,2500,3000,3200,6900,14000,21000,125000,157000,157000,157000,261,0,1900,4746.347204372409,1051.6117229999509,156608.1771850586,419.88122605363986
1789886277,12,,Aggregated,1.900000,0.000000,1900,2500,3000,3200,6900,14000,21000,125000,157000,157000,157000,261,0,1900,4746.347204372409,1051.6117229999509,156608.1771850586,419.88122605363986
1789886278,12,,Aggregated,1.900000,0.000000,1900,2500,3000,3200,6900,14000,21000,125000,157000,157000,157000,261,0,1900,4746.347204372409,1051.6117229999509,156608.1771850586,419.88122605363986
1789886279,12,,Aggregated,1.900000,0.000000,2000,2500,3000,3200,6900,14000,21000,125000,157000,157000,157000,262,0,2000,4739.723371153431,1051.6117229999509,156608.1771850586,418.5763358778626
1789886280,12,,Aggregated,1.800000,0.000000,2000,2500,3000,3300,6900,14000,21000,125000,157000,157000,157000,266,0,2000,4720.3329546774385,1051.6117229999509,156608.1771850586,415.6203007518797
1789886281,12,,Aggregated,1.800000,0.000000,2000,2500,3000,3300,6900,14000,21000,125000,157000,157000,157000,269,0,2000,4696.345327643867,1051.6117229999509,156608.1771850586,413.59479553903344
1789886282,12,,Aggregated,1.500000,0.000000,2000,2500,3000,3300,6900,14000,21000,125000,157000,157000,157000,273,0,2000,4668.462929224185,1051.6117229999509,156608.1771850586,411.05128205128204
1789886283,12,,Aggregated,1.500000,0.000000,2000,2500,3000,3300,6900,14000,21000,125000,157000,157000,157000,274,0,2000,4656.621011445994,1051.6117229999509,156608.1771850586,410.36131386861314
1789886284,12,,Aggregated,1.900000,0.000000,2000,2500,3000,3300,6900,14000,21000,125000,157000,157000,157000,275,0,2000,4645.800859506187,1051.6117229999509,156608.1771850586,409.67636363636365
1789886285,12,,Aggregated,1.900000,0.000000,2000,2500,3000,3300,6900,14000,21000,125000,157000,157000,157000,275,0,2000,4645.800859506187,1051.6117229999509,156608.1771850586,409.67636363636365
1789886286,12,,Aggregated,1.900000,0.000000,2000,2500,3000,3300,6900,14000,21000,125000,157000,157000,157000,275,0,2000,4645.800859506187,1051.6117229999509,156608.1771850586,409.67636363636365
1789886287,12,,Aggregated,1.900000,0.000000,2000,2500,3000,3300,6900,14000,21000,125000,157000,157000,157000,279,0,2000,4610.070649423658,1051.6117229999509,156608.1771850586,406.98566308243727
1789886288,12,,Aggregated,1.600000,0.000000,2000,2500,3000,3300,6900,13000,21000,125000,157000,157000,157000,282,0,2000,4592.048153291496,1051.6117229999509,156608.1771850586,405.14539007092196
1789886289,12,,Aggregated,1.400000,0.000000,2000,2500,3000,3300,6900,13000,21000,125000,157000,157000,157000,286,0,2000,4555.515509231474,1051.6117229999509,156608.1771850586,402.8356643356643
1789886290,12,,Aggregated,1.400000,0.000000,2000,2500,3000,3300,6900,13000,21000,125000,157000,157000,157000,286,0,2000,4555.515509231474,1051.6117229999509,156608.1771850586,402.8356643356643
1789886291,12,,Aggregated,2.100000,0.000000,2000,2500,3000,3300,6900,13000,21000,125000,157000,157000,157000,288,0,2000,4535.903833111815,1051.6117229999509,156608.1771850586,401.5798611111111
1789886292,12,,Aggregated,2.100000,0.000000,2000,2500,3000,3300,6900,13000,21000,125000,157000,157000,157000,288,0,2000,4535.903833111815,1051.6117229999509,156608.1771850586,401.5798611111111
1789886293,12,,Aggregated,2.100000,0.000000,2000,2500,3000,3300,6900,13000,21000,125000,157000,157000,157000,288,0,2000,4535.903833111815,1051.6117229999509,156608.1771850586,401.5798611111111
1789886294,12,,Aggregated,1.900000,0.000000,2000,2500,3000,3200,6500,13000,21000,125000,157000,157000,157000,291,0,2000,4509.382819134712,1051.6117229999509,156608.1771850586,399.72852233676974
1789886295,12,,Aggregated,1.400000,0.000000,2000,2500,3000,3200,6500,13000,21000,125000,157000,157000,157000,293,0,2000,4491.52202539318,1051.6117229999509,156608.1771850586,398.51535836177476
1789886296,12,,Aggregated,1.400000,0.000000,2000,2500,3000,3200,6500,13000,21000,125000,157000,157000,157000,297,0,2000,4460.429709222897,1051.6117229999509,156608.1771850586,396.38047138047136
1789886297,12,,Aggregated,1.600000,0.000000,2000,2500,3000,3200,6500,13000,21000,125000,157000,157000,157000,299,0,2000,4450.652587813381,1051.6117229999509,156608.1771850586,395.3344481605351
1789886298,12,,Aggregated,1.800000,0.000000,2000,2500,3000,3200,6500,13000,21000,125000,157000,157000,157000,300,0,2000,4441.629636254004,1051.6117229999509,156608.1771850586,394.75666666666666
1789886299,12,,Aggregated,2.200000,0.000000,2000,2500,3000,3100,5700,12000,20000,24000,157000,157000,157000,301,0,2000,4431.8556917249225,1051.6117229999509,156608.1771850586,394.1827242524917
1789886300,12,,Aggregated,2.200000,0.000000,2000,2500,3000,3100,5700,12000,20000,24000,157000,157000,157000,301,0,2000,4431.8556917249225,1051.6117229999509,156608.1771850586,394.1827242524917
1789886301,12,,Aggregated,1.800000,0.000000,2000,2500,3000,3100,5700,12000,20000,24000,157000,157000,157000,303,0,2000,4412.580198611223,1051.6117229999509,156608.1771850586,393.04620462046205
1789886302,12,,Aggregated,1.500000,0.000000,2000,2500,3000,3100,5700,12000,20000,24000,157000,157000,157000,307,0,2000,4380.514191814983,1051.6117229999509,156608.1771850586,390.93485342019545
1789886303,12,,Aggregated,1.500000,0.000000,2000,2500,3000,3100,5700,12000,20000,24000,157000,157000,157000,310,0,2000,4357.55637288129,1051.6117229999509,156608.1771850586,389.4161290322581
1789886304,12,,Aggregated,1.500000,0.000000,2000,2500,3000,3100,5000,12000,20000,24000,157000,157000,157000,313,0,2000,4333.079308300962,1051.6117229999509,156608.1771850586,387.926517571885
1789886305,12,,Aggregated,1.500000,0.000000,2000,2500,3000,3100,5000,12000,20000,24000,157000,157000,157000,313,0,2000,4333.079308300962,1051.6117229999509,156608.1771850586,387.926517571885
1789886306,12,,Aggregated,1.500000,0.000000,2000,2500,3000,3100,5000,12000,20000,24000,157000,157000,157000,313,0,2000,4333.079308300962,1051.6117229999509,156608.1771850586,387.926517571885
1789886307,12,,Aggregated,2.200000,0.000000,2000,2500,3000,3100,5000,12000,20000,24000,157000,157000,157000,316,0,2000,4308.760867013291,1051.6117229999509,156608.1771850586,386.3512658227848
1789886308,12,,Aggregated,2.200000,0.000000,2000,2500,3000,3100,5000,12000,20000,24000,157000,157000,157000,316,0,2000,4308.760867013291,1051.6117229999509,156608.1771850586,386.3512658227848
1789886309,12,,Aggregated,1.600000,0.000000,2000,2500,3000,3100,5000,12000,20000,24000,157000,157000,157000,319,0,2000,4286.76459309781,1051.6117229999509,156608.1771850586,384.91849529780563
1789886310,12,,Aggregated,1.700000,0.000000,2000,2500,3000,3000,5000,12000,20000,24000,157000,157000,157000,324,0,2000,4252.307697303098,1042.5054560000717,156608.1771850586,382.5154320987654
1789886311,12,,Aggregated,1.600000,0.000000,2000,2500,3000,3000,5000,12000,20000,24000,157000,157000,157000,325,0,2000,4245.467133043709,1042.5054560000717,156608.1771850586,382.1323076923077
1789886312,12,,Aggregated,1.600000,0.000000,2000,2500,3000,3000,5000,12000,20000,24000,157000,157000,157000,325,0,2000,4245.467133043709,1042.5054560000717,156608.1771850586,382.1323076923077
1789886313,12,,Aggregated,2.300000,0.000000,2000,2500,3000,3000,5000,12000,20000,24000,157000,157000,157000,327,0,2000,4226.264974581663,1042.5054560000717,156608.1771850586,381.15290519877675
1789886314,12,,Aggregated,2.200000,0.000000,2000,2500,3000,3000,5000,12000,20000,24000,157000,157000,157000,328,0,2000,4219.5420214396445,1042.5054560000717,156608.1771850586,380.6676829268293
1789886315,12,,Aggregated,1.800000,0.000000,2000,2400,3000,3000,5000,12000,20000,24000,157000,157000,157000,330,0,2000,4202.326961985466,1042.5054560000717,156608.1771850586,379.8151515151515
1789886316,12,,Aggregated,1.700000,0.000000,2000,2400,3000,3000,4900,12000,20000,24000,157000,157000,157000,331,0,2000,4195.344365994575,1042.5054560000717,156608.1771850586,379.33836858006043
1789886317,12,,Aggregated,1.500000,0.000000,2000,2400,2900,3000,4900,12000,20000,24000,157000,157000,157000,334,0,2000,4174.3246890125865,1042.5054560000717,156608.1771850586,378.0329341317365
1789886318,12,,Aggregated,1.700000,0.000000,2000,2400,3000,3000,4900,12000,20000,24000,157000,157000,157000,337,0,2000,4160.705423249864,1042.5054560000717,156608.1771850586,376.7507418397626
1789886319,12,,Aggregated,1.700000,0.000000,2000,2400,3000,3000,4900,12000,20000,24000,157000,157000,157000,337,0,2000,4160.705423249864,1042.5054560000717,156608.1771850586,376.7507418397626
1789886320,12,,Aggregated,1.800000,0.000000,2000,2400,3000,3000,4900,12000,20000,24000,157000,157000,157000,340,0,2000,4138.50373624472,1042.5054560000717,156608.1771850586,375.38529411764705
1789886321,12,,Aggregated,1.800000,0.000000,2000,2400,3000,3000,4900,12000,20000,24000,157000,157000,157000,340,0,2000,4138.50373624472,1042.5054560000717,156608.1771850586,375.38529411764705
1789886322,12,,Aggregated,1.800000,0.000000,2000,2400,2900,3000,4900,11000,20000,24000,157000,157000,157000,343,0,2000,4115.880621228007,1042.5054560000717,156608.1771850586,374.14868804664724
1789886323,12,,Aggregated,1.800000,0.000000,2000,2400,2900,3000,4900,11000,20000,24000,157000,157000,157000,343,0,2000,4115.880621228007,1042.5054560000717,156608.1771850586,374.14868804664724
1789886324,12,,Aggregated,1.500000,0.000000,2000,2400,2900,3000,4900,11000,20000,24000,157000,157000,157000,345,0,2000,4103.8065444092945,1042.5054560000717,156608.1771850586,373.26666666666665
1789886325,12,,Aggregated,1.800000,0.000000,2000,2400,2900,3000,4900,11000,20000,24000,157000,157000,157000,348,0,2000,4085.4581616155383,1042.5054560000717,156608.1771850586,372.16954022988506
1789886326,12,,Aggregated,1.800000,0.000000,2000,2400,2900,3000,4900,11000,20000,24000,157000,157000,157000,348,0,2000,4085.4581616155383,1042.5054560000717,156608.1771850586,372.16954022988506
1789886327,12,,Aggregated,1.700000,0.000000,2000,2400,2900,3000,4700,11000,19000,24000,157000,157000,157000,352,0,2000,4062.8809037647898,1042.5054560000717,156608.1771850586,370.4630681818182
1789886328,12,,Aggregated,1.700000,0.000000,2000,2400,2900,3000,4700,11000,19000,24000,157000,157000,157000,352,0,2000,4062.8809037647898,1042.5054560000717,156608.1771850586,370.4630681818182
1789886329,12,,Aggregated,1.800000,0.000000,1900,2400,2900,3000,4700,11000,19000,24000,157000,157000,157000,355,0,1900,4040.2208158231165,1042.5054560000717,156608.1771850586,369.3098591549296
1789886330,12,,Aggregated,1.800000,0.000000,1900,2400,2900,3000,4700,11000,19000,24000,157000,157000,157000,355,0,1900,4040.2208158231165,1042.5054560000717,156608.1771850586,369.3098591549296
1789886331,12,,Aggregated,1.800000,0.000000,1900,2400,2900,3000,4700,11000,19000,24000,157000,157000,157000,358,0,1900,4018.675264137443,1042.5054560000717,156608.1771850586,368.17597765363126
1789886332,12,,Aggregated,1.800000,0.000000,1900,2400,2900,3000,4700,11000,19000,24000,157000,157000,157000,358,0,1900,4018.675264137443,1042.5054560000717,156608.1771850586,368.17597765363126
1789886333,12,,Aggregated,1.500000,0.000000,1900,2400,2900,3000,4700,9500,19000,24000,157000,157000,157000,364,0,1900,3981.6522047560534,1042.5054560000717,156608.1771850586,365.86538461538464
1789886334,12,,Aggregated,1.500000,0.000000,1900,2400,2900,3000,4700,9500,19000,24000,157000,157000,157000,364,0,1900,3981.6522047560534,1042.5054560000717,156608.1771850586,365.86538461538464
1789886335,12,,Aggregated,1.500000,0.000000,1900,2400,2900,3000,4700,9500,19000,24000,157000,157000,157000,367,0,1900,3959.2543062294335,1042.5054560000717,156608.1771850586,364.7874659400545
1789886336,12,,Aggregated,1.500000,0.000000,1900,2400,2900,3000,4700,9500,19000,24000,157000,157000,157000,367,0,1900,3959.2543062294335,1042.5054560000717,156608.1771850586,364.7874659400545
1789886337,12,,Aggregated,1.900000,0.000000,1900,2300,2900,3000,4700,9500,19000,24000,157000,157000,157000,370,0,1900,3938.4245180464923,1042.5054560000717,156608.1771850586,363.727027027027
1789886338,12,,Aggregated,1.900000,0.000000,1900,2300,2900,3000,4700,9500,19000,24000,157000,157000,157000,370,0,1900,3938.4245180464923,1042.5054560000717,156608.1771850586,363.727027027027
1789886339,12,,Aggregated,1.900000,0.000000,1900,2300,2900,3000,4500,9500,19000,24000,157000,157000,157000,373,0,1900,3918.032524102423,1042.5054560000717,156608.1771850586,362.6836461126005
1789886340,12,,Aggregated,1.800000,0.000000,1900,2300,2900,3000,4500,9500,19000,24000,157000,157000,157000,376,0,1900,3905.8368713516084,1042.5054560000717,156608.1771850586,361.56117021276594
1789886341,12,,Aggregated,1.500000,0.000000,1900,2300,2900,3000,4500,9500,19000,24000,157000,157000,157000,378,0,1900,3892.2526506301724,1042.5054560000717,156608.1771850586,360.82275132275134
1789886342,12,,Aggregated,1.800000,0.000000,1900,2300,2900,3000,4500,9500,19000,24000,157000,157000,157000,379,0,1900,3888.049090829034,1042.5054560000717,156608.1771850586,360.5514511873351
1789886343,12,,Aggregated,1.800000,0.000000,1900,2300,2900,3000,4500,9500,19000,24000,157000,157000,157000,379,0,1900,3888.049090829034,1042.5054560000717,156608.1771850586,360.5514511873351
1789886344,12,,Aggregated,2.000000,0.000000,1900,2300,2800,3000,4500,9300,19000,24000,157000,157000,157000,382,0,1900,3873.1408193853463,1042.5054560000717,156608.1771850586,359.55759162303667
1789886345,12,,Aggregated,2.100000,0.000000,1900,2300,2800,3000,4500,9300,19000,24000,157000,157000,157000,385,0,1900,3852.473754829095,1042.5054560000717,156608.1771850586,358.5792207792208
1789886346,12,,Aggregated,2.100000,0.000000,1900,2300,2800,3000,4500,9300,19000,24000,157000,157000,157000,385,0,1900,3852.473754829095,1042.5054560000717,156608.1771850586,358.5792207792208
1789886347,12,,Aggregated,1.800000,0.000000,1900,2300,2800,3000,4500,9300,19000,24000,157000,157000,157000,387,0,1900,3840.400567610342,1042.5054560000717,156608.1771850586,357.87338501291987
1789886348,12,,Aggregated,1.800000,0.000000,1900,2300,2800,3000,4500,9300,19000,24000,157000,157000,157000,389,0,1900,3833.424048105923,1042.5054560000717,156608.1771850586,357.17480719794344
1789886349,12,,Aggregated,1.800000,0.000000,1900,2300,2800,3000,4400,9300,19000,24000,157000,157000,157000,391,0,1900,3826.395040082363,1042.5054560000717,156608.1771850586,356.57544757033247
1789886350,12,,Aggregated,1.800000,0.000000,1900,2300,2800,3000,4400,9300,19000,24000,157000,157000,157000,391,0,1900,3826.395040082363,1042.5054560000717,156608.1771850586,356.57544757033247
1789886352,12,,Aggregated,1.900000,0.000000,1900,2300,2800,3000,4400,9300,19000,24000,157000,157000,157000,394,0,1900,3812.2754536223483,1042.5054560000717,156608.1771850586,355.6421319796954
1789886353,12,,Aggregated,1.800000,0.000000,1900,2300,2800,3000,4400,9300,19000,24000,157000,157000,157000,395,0,1900,3806.521745076468,1042.5054560000717,156608.1771850586,355.39493670886077
1789886354,12,,Aggregated,1.500000,0.000000,1900,2300,2800,3000,4400,9300,19000,24000,157000,157000,157000,398,0,1900,3794.4920795331727,1042.5054560000717,156608.1771850586,354.3894472361809
1789886355,12,,Aggregated,1.600000,0.000000,1900,2300,2800,3000,4400,9300,19000,24000,157000,157000,157000,400,0,1900,3783.337150083002,1042.5054560000717,156608.1771850586,353.7275
1789886356,12,,Aggregated,1.600000,0.000000,1900,2300,2800,3000,4400,8000,18000,22000,157000,157000,157000,401,0,1900,3778.8323713995023,1042.5054560000717,156608.1771850586,353.3990024937656
1789886357,12,,Aggregated,1.900000,0.000000,1900,2200,2800,3000,4400,8000,18000,22000,157000,157000,157000,403,0,1900,3770.15064221638,1042.5054560000717,156608.1771850586,352.8362282878412
1789886358,12,,Aggregated,1.800000,0.000000,1900,2200,2800,3000,4400,8000,18000,22000,157000,157000,157000,406,0,1900,3750.4204825620677,1042.5054560000717,156608.1771850586,351.9581280788177
1789886359,12,,Aggregated,1.800000,0.000000,1900,2200,2800,3000,4400,8000,18000,22000,157000,157000,157000,406,0,1900,3750.4204825620677,1042.5054560000717,156608.1771850586,351.9581280788177
1789886360,12,,Aggregated,1.800000,0.000000,1900,2200,2800,3000,4400,8000,18000,22000,157000,157000,157000,410,0,1900,3729.215986202928,1042.5054560000717,156608.1771850586,350.7780487804878
1789886361,12,,Aggregated,1.900000,0.000000,1900,2200,2800,3000,4200,8000,18000,22000,157000,157000,157000,411,0,1900,3723.4739526549906,1042.5054560000717,156608.1771850586,350.4647201946472
1789886362,12,,Aggregated,1.900000,0.000000,1900,2200,2800,3000,4200,8000,18000,22000,157000,157000,157000,411,0,1900,3723.4739526549906,1042.5054560000717,156608.1771850586,350.4647201946472
1789886363,12,,Aggregated,1.900000,0.000000,1900,2200,2800,3000,4200,8000,18000,22000,157000,157000,157000,415,0,1900,3705.1155963667493,1042.5054560000717,156608.1771850586,349.31325301204816
1789886364,12,,Aggregated,1.900000,0.000000,1900,2200,2800,3000,4200,8000,18000,22000,157000,157000,157000,415,0,1900,3705.1155963667493,1042.5054560000717,156608.1771850586,349.31325301204816
1789886365,12,,Aggregated,1.700000,0.000000,1900,2200,2800,3000,4200,8000,18000,22000,157000,157000,157000,417,0,1900,3696.39356043693,1042.5054560000717,156608.1771850586,348.7026378896883
1789886366,12,,Aggregated,2.000000,0.000000,1900,2200,2800,3000,4400,9300,19000,24000,244000,244000,244000,420,0,1900,4260.595984834847,1042.5054560000717,243987.47324943542,380.1
1789886367,12,,Aggregated,2.000000,0.000000,1900,2200,2800,3000,4400,9300,19000,24000,244000,244000,244000,420,0,1900,4260.595984834847,1042.5054560000717,243987.47324943542,380.1
1789886368,12,,Aggregated,1.700000,0.000000,1900,2200,2800,3000,4200,8000,19000,24000,244000,244000,244000,424,0,1900,4241.363091685458,1042.5054560000717,243987.47324943542,378.60849056603774
1789886369,12,,Aggregated,1.700000,0.000000,1900,2200,2800,3000,4200,8000,19000,24000,244000,244000,244000,424,0,1900,4241.363091685458,1042.5054560000717,243987.47324943542,378.60849056603774
1789886370,12,,Aggregated,1.700000,0.000000,1900,2200,2800,3000,4200,8000,19000,24000,244000,244000,244000,424,0,1900,4241.363091685458,1042.5054560000717,243987.47324943542,378.60849056603774
1789886371,12,,Aggregated,1.800000,0.000000,1900,2300,2800,3000,4400,8000,19000,24000,244000,244000,244000,428,0,1900,4237.343773176714,1042.5054560000717,243987.47324943542,376.89252336448595
1789886372,12,,Aggregated,1.400000,0.000000,1900,2300,2800,3000,4400,8000,19000,24000,244000,244000,244000,431,0,1900,4227.674147736964,1042.5054560000717,243987.47324943542,375.8143851508121
1789886373,12,,Aggregated,1.400000,0.000000,1900,2300,2800,3000,4400,8000,19000,24000,244000,244000,244000,432,0,1900,4221.367137163501,1042.5054560000717,243987.47324943542,375.5416666666667
1789886374,12,,Aggregated,1.700000,0.000000,1900,2300,2800,3000,4400,8000,19000,24000,244000,244000,244000,435,0,1900,4201.166392789956,1042.5054560000717,243987.47324943542,374.5655172413793
1789886375,12,,Aggregated,1.900000,0.000000,1900,2300,2800,3000,4400,8000,19000,24000,244000,244000,244000,436,0,1900,4196.236209629888,1042.5054560000717,243987.47324943542,374.2155963302752
1789886376,12,,Aggregated,1.700000,0.000000,1900,2300,2800,3000,4400,8000,19000,24000,244000,244000,244000,437,0,1900,4191.844620452246,1042.5054560000717,243987.47324943542,373.86727688787187
1789886377,12,,Aggregated,1.900000,0.000000,1900,2300,2800,3000,4400,8000,19000,24000,244000,244000,244000,438,0,1900,4184.90281138957,1042.5054560000717,243987.47324943542,373.52054794520546
1789886378,12,,Aggregated,1.900000,0.000000,1900,2300,2800,3000,4400,8000,19000,24000,244000,244000,244000,439,0,1900,4178.840640523081,1042.5054560000717,243987.47324943542,373.17539863325743
1789886379,12,,Aggregated,1.700000,0.000000,1900,2300,2800,3000,4400,8000,19000,24000,244000,244000,244000,440,0,1900,4172.7960891264365,1042.5054560000717,243987.47324943542,372.83181818181816
1789886380,12,,Aggregated,1.500000,0.000000,1900,2300,2800,3000,4400,9300,21000,131000,256000,256000,256000,448,0,1900,5273.575537551559,1042.5054560000717,255619.2774772644,437.5
1789886381,12,,Aggregated,1.500000,0.000000,1900,2300,2800,3000,4400,9300,21000,131000,256000,256000,256000,450,0,1900,5260.890229502438,1042.5054560000717,255619.2774772644,436.6222222222222
1789886382,12,,Aggregated,1.500000,0.000000,1900,2300,2800,3000,4400,9300,21000,131000,256000,256000,256000,450,0,1900,5260.890229502438,1042.5054560000717,255619.2774772644,436.6222222222222
1789886383,12,,Aggregated,2.100000,0.000000,1900,2300,2800,3000,4400,9300,20000,131000,256000,256000,256000,451,0,1900,5256.098425115517,1042.5054560000717,255619.2774772644,435.8270509977827
1789886384,12,,Aggregated,2.200000,0.000000,2000,2400,2800,3000,4400,9300,20000,131000,256000,256000,256000,452,0,2000,5253.36919765951,1042.5054560000717,255619.2774772644,435.353982300885
1789886385,12,,Aggregated,2.200000,0.000000,2000,2400,2800,3000,4400,9300,20000,131000,256000,256000,256000,452,0,2000,5253.36919765951,1042.5054560000717,255619.2774772644,435.353982300885
1789886386,12,,Aggregated,1.900000,0.000000,2000,2400,2900,3000,4400,9300,20000,131000,256000,256000,256000,457,0,2000,5234.696328914879,1042.5054560000717,255619.2774772644,432.70459518599563
1789886387,12,,Aggregated,1.900000,0.000000,2000,2400,2900,3000,4400,9300,20000,131000,256000,256000,256000,457,0,2000,5234.696328914879,1042.5054560000717,255619.2774772644,432.70459518599563
1789886388,12,,Aggregated,1.600000,0.000000,2000,2400,2900,3000,4400,8000,20000,131000,256000,256000,256000,463,0,2000,5194.221668149238,1042.5054560000717,255619.2774772644,430.207343412527
1789886389,12,,Aggregated,1.600000,0.000000,2000,2400,2900,3000,4400,8000,20000,131000,256000,256000,256000,463,0,2000,5194.221668149238,1042.5054560000717,255619.2774772644,430.207343412527
1789886390,12,,Aggregated,2.000000,0.000000,2000,2400,2800,3000,4400,8000,20000,131000,256000,256000,256000,465,0,2000,5180.231464600212,1042.5054560000717,255619.2774772644,429.31182795698925
1789886391,12,,Aggregated,2.400000,0.000000,2000,2400,2800,3000,4400,8000,20000,131000,256000,256000,256000,467,0,2000,5164.297781601929,1042.5054560000717,255619.2774772644,428.423982869379
1789886392,12,,Aggregated,2.300000,0.000000,2000,2400,2800,3000,4400,8000,20000,131000,256000,256000,256000,468,0,2000,5155.6674887822655,1042.5054560000717,255619.2774772644,427.982905982906
1789886393,12,,Aggregated,2.000000,0.000000,2000,2400,2800,3000,4400,8000,20000,131000,256000,256000,256000,470,0,2000,5140.151340127871,1042.5054560000717,255619.2774772644,427.1063829787234
1789886394,12,,Aggregated,1.700000,0.000000,2000,2400,2800,3000,4200,8000,20000,131000,256000,256000,256000,473,0,2000,5118.321716735942,1042.5054560000717,255619.2774772644,425.8816067653277
1789886395,12,,Aggregated,1.800000,0.000000,2000,2400,2800,3000,4200,8000,20000,131000,256000,256000,256000,477,0,2000,5098.11767991635,1042.5054560000717,255619.2774772644,424.32285115303984
1789886396,12,,Aggregated,1.800000,0.000000,2000,2400,2800,3000,4200,8000,20000,131000,256000,256000,256000,477,0,2000,5098.11767991635,1042.5054560000717,255619.2774772644,424.32285115303984
1789886397,12,,Aggregated,2.100000,0.000000,2000,2400,2800,3000,4200,8000,20000,131000,256000,256000,256000,480,0,2000,5079.777550696045,1042.5054560000717,255619.2774772644,423.05833333333334
1789886398,12,,Aggregated,2.100000,0.000000,2000,2400,2800,3000,4200,8000,20000,131000,256000,256000,256000,480,0,2000,5079.777550696045,1042.5054560000717,255619.2774772644,423.05833333333334
1789886399,12,,Aggregated,2.000000,0.000000,2000,2400,2800,3000,4200,8000,20000,131000,256000,256000,256000,483,0,2000,5059.204355679295,1042.5054560000717,255619.2774772644,421.8095238095238
1789886400,12,,Aggregated,2.300000,0.000000,2000,2400,2800,3000,4200,8000,20000,131000,256000,256000,256000,484,0,2000,5053.851278620039,1042.5054560000717,255619.2774772644,421.39669421487605
1789886401,12,,Aggregated,1.700000,0.000000,2000,2400,2800,3000,4200,8000,20000,131000,256000,256000,256000,487,0,2000,5034.20184073942,1042.5054560000717,255619.2774772644,420.24229979466116
1789886402,12,,Aggregated,2.000000,0.000000,2000,2400,2800,3000,4200,8000,20000,131000,256000,256000,256000,490,0,2000,5012.857798834897,1042.5054560000717,255619.2774772644,419.17551020408166
1789886403,12,,Aggregated,1.900000,0.000000,2000,2400,2800,3000,4100,8000,20000,131000,256000,256000,256000,491,0,2000,5010.330335383092,1042.5054560000717,255619.2774772644,418.7739307535642
1789886404,12,,Aggregated,2.000000,0.000000,2000,2400,2800,3000,4100,8000,20000,131000,256000,256000,256000,492,0,2000,5004.618962817275,1042.5054560000717,255619.2774772644,418.3739837398374
1789886405,12,,Aggregated,2.200000,0.000000,2000,2400,2800,3000,4100,8000,20000,131000,256000,256000,256000,495,0,2000,4984.90583877394,1042.5054560000717,255619.2774772644,417.1838383838384
1789886406,12,,Aggregated,1.900000,0.000000,2000,2300,2800,3000,4100,8000,20000,131000,256000,256000,256000,498,0,2000,4965.510835676908,1042.5054560000717,255619.2774772644,416.00803212851406
1789886407,12,,Aggregated,1.900000,0.000000,2000,2300,2800,3000,4100,8000,20000,131000,256000,256000,256000,498,0,2000,4965.510835676908,1042.5054560000717,255619.2774772644,416.00803212851406
1789886408,12,,Aggregated,1.800000,0.000000,2000,2300,2800,3000,4100,7900,19000,125000,256000,256000,256000,502,0,2000,4937.731911067922,1042.5054560000717,255619.2774772644,414.6772908366534
1789886409,12,,Aggregated,2.000000,0.000000,2000,2300,2800,3000,4100,7900,19000,125000,256000,256000,256000,503,0,2000,4931.839985441543,1042.5054560000717,255619.2774772644,414.2942345924453
1789886410,12,,Aggregated,1.800000,0.000000,2000,2300,2800,3000,4100,7900,19000,125000,256000,256000,256000,505,0,2000,4920.676809520985,1042.5054560000717,255619.2774772644,413.53267326732674
1789886411,12,,Aggregated,2.000000,0.000000,2000,2300,2800,3000,4100,7900,19000,125000,256000,256000,256000,507,0,2000,4909.825897984416,1042.5054560000717,255619.2774772644,412.77712031558184
1789886412,12,,Aggregated,2.000000,0.000000,2000,2300,2800,3000,4100,7900,19000,125000,256000,256000,256000,509,0,2000,4896.002794556188,1042.5054560000717,255619.2774772644,412.02750491159134
1789886413,12,,Aggregated,2.100000,0.000000,2000,2300,2800,3000,4100,7900,19000,125000,256000,256000,256000,510,0,2000,4889.241306102154,1042.5054560000717,255619.2774772644,411.6549019607843
1789886414,12,,Aggregated,1.900000,0.000000,2000,2300,2800,3000,4000,7900,19000,125000,256000,256000,256000,511,0,2000,4885.818795475732,1042.5054560000717,255619.2774772644,411.2837573385519
1789886415,12,,Aggregated,1.900000,0.000000,2000,2300,2800,3000,4000,7900,19000,125000,256000,256000,256000,515,0,2000,4864.288559406021,1042.5054560000717,255619.2774772644,410.0233009708738
1789886416,12,,Aggregated,1.900000,0.000000,2000,2300,2700,3000,4000,7900,19000,125000,256000,256000,256000,517,0,2000,4851.099605023404,1042.5054560000717,255619.2774772644,409.29593810444874
1789886417,12,,Aggregated,1.900000,0.000000,2000,2300,2700,3000,4000,7900,19000,125000,256000,256000,256000,518,0,2000,4844.211016162354,1042.5054560000717,255619.2774772644,408.9343629343629
1789886418,12,,Aggregated,1.900000,0.000000,2000,2300,2700,3000,4000,7900,19000,125000,256000,256000,256000,519,0,2000,4837.683322726585,1042.5054560000717,255619.2774772644,408.5741811175337
1789886419,12,,Aggregated,1.800000,0.000000,1900,2300,2700,3000,4000,7600,19000,125000,256000,256000,256000,522,0,1900,4818.405761944633,1042.5054560000717,255619.2774772644,407.50191570881225
1789886420,12,,Aggregated,2.000000,0.000000,1900,2300,2700,3000,4000,7600,19000,125000,256000,256000,256000,523,0,1900,4811.781005267875,1042.5054560000717,255619.2774772644,407.1472275334608
1789886421,12,,Aggregated,1.900000,0.000000,1900,2300,2700,3000,4000,7600,19000,125000,256000,256000,256000,526,0,1900,4792.027474798665,1042.5054560000717,255619.2774772644,406.22813688212926
1789886422,12,,Aggregated,1.900000,0.000000,1900,2300,2700,3000,4000,7600,19000,125000,256000,256000,256000,527,0,1900,4787.5740155466765,1042.5054560000717,255619.2774772644,405.9468690702087
1789886423,12,,Aggregated,1.800000,0.000000,1900,2300,2700,3000,4000,7600,19000,125000,256000,256000,256000,529,0,1900,4774.970795622113,1042.5054560000717,255619.2774772644,405.2514177693762
1789886424,12,,Aggregated,1.900000,0.000000,1900,2300,2700,3000,4000,7600,19000,125000,256000,256000,256000,531,0,1900,4762.34943565555,1042.5054560000717,255619.2774772644,404.5612052730697
1789886425,12,,Aggregated,1.800000,0.000000,1900,2300,2700,3000,4000,7600,19000,125000,256000,256000,256000,534,0,1900,4743.530046917784,1042.5054560000717,255619.2774772644,403.5355805243446
1789886426,12,,Aggregated,2.000000,0.000000,1900,2300,2700,3000,4000,7600,19000,125000,256000,256000,256000,535,0,1900,4736.777003415132,1042.5054560000717,255619.2774772644,403.196261682243
1789886427,12,,Aggregated,2.000000,0.000000,1900,2300,2700,3000,4000,7600,19000,125000,256000,256000,256000,535,0,1900,4736.777003415132,1042.5054560000717,255619.2774772644,403.196261682243
1789886428,12,,Aggregated,2.000000,0.000000,1900,2200,2700,3000,4000,7600,19000,125000,256000,256000,256000,538,0,1900,4718.514659312441,1042.5054560000717,255619.2774772644,402.3197026022305
1789886429,12,,Aggregated,2.000000,0.000000,1900,2200,2700,3000,4000,7600,19000,125000,256000,256000,256000,538,0,1900,4718.514659312441,1042.5054560000717,255619.2774772644,402.3197026022305
1789886430,12,,Aggregated,1.700000,0.000000,1900,2200,2700,3000,3800,7400,19000,125000,256000,256000,256000,543,0,1900,4692.1460432359,1042.5054560000717,255619.2774772644,400.7255985267035
1789886431,12,,Aggregated,1.700000,0.000000,1900,2200,2700,3000,3800,7400,19000,125000,256000,256000,256000,543,0,1900,4692.1460432359,1042.5054560000717,255619.2774772644,400.7255985267035
1789886432,12,,Aggregated,1.600000,0.000000,1900,2200,2700,3000,3800,7400,19000,125000,256000,256000,256000,544,0,1900,4686.239649399067,1042.5054560000717,255619.2774772644,400.3970588235294
1789886433,12,,Aggregated,2.000000,0.000000,1900,2200,2700,3000,3800,7400,19000,125000,256000,256000,256000,546,0,1900,4678.320006009324,1042.5054560000717,255619.2774772644,399.7435897435897
1789886434,12,,Aggregated,2.000000,0.000000,1900,2200,2700,3000,3800,7400,19000,125000,256000,256000,256000,546,0,1900,4678.320006009324,1042.5054560000717,255619.2774772644,399.7435897435897
1789886435,12,,Aggregated,1.700000,0.000000,1900,2200,2700,3000,3800,7400,19000,125000,256000,256000,256000,550,0,1900,4661.415863703801,1042.5054560000717,255619.2774772644,398.58181818181816
1789886436,12,,Aggregated,1.500000,0.000000,1900,2200,2700,3000,3800,7400,18000,125000,256000,256000,256000,553,0,1900,4644.501312841031,1042.5054560000717,255619.2774772644,397.6889692585895
1789886437,12,,Aggregated,1.500000,0.000000,1900,2200,2700,3000,3800,7400,18000,125000,256000,256000,256000,553,0,1900,4644.501312841031,1042.5054560000717,255619.2774772644,397.6889692585895
1789886438,12,,Aggregated,1.600000,0.000000,1900,2200,2700,3000,3800,7400,18000,125000,256000,256000,256000,554,0,1900,4640.609352151788,1042.5054560000717,255619.2774772644,397.3718411552347
1789886439,12,,Aggregated,1.600000,0.000000,1900,2200,2700,3000,3800,7400,18000,125000,256000,256000,256000,556,0,1900,4633.901033282536,1042.5054560000717,255619.2774772644,396.7410071942446
1789886440,12,,Aggregated,1.800000,0.000000,1900,2200,2700,3000,3800,7400,18000,125000,256000,256000,256000,558,0,1900,4623.565294725968,1042.5054560000717,255619.2774772644,396.1146953405018
1789886441,12,,Aggregated,1.800000,0.000000,1900,2200,2700,2900,3800,6900,18000,125000,256000,256000,256000,561,0,1900,4607.08309516594,1042.5054560000717,255619.2774772644,395.24777183600713
1789886442,12,,Aggregated,1.500000,0.000000,1900,2200,2700,2900,3800,6900,18000,125000,256000,256000,256000,562,0,1900,4603.448585749275,1042.5054560000717,255619.2774772644,395.0035587188612
1789886443,12,,Aggregated,1.500000,0.000000,1900,2200,2600,2900,3800,6900,18000,125000,256000,256000,256000,565,0,1900,4586.659914051489,1042.5054560000717,255619.2774772644,394.14867256637166
1789886444,12,,Aggregated,1.500000,0.000000,1900,2200,2600,2900,3800,6900,18000,125000,256000,256000,256000,565,0,1900,4586.659914051489,1042.5054560000717,255619.2774772644,394.14867256637166
1789886445,12,,Aggregated,1.700000,0.000000,1900,2200,2600,2900,3800,6900,18000,125000,256000,256000,256000,568,0,1900,4570.912137447348,1042.5054560000717,255619.2774772644,393.23943661971833
1789886446,12,,Aggregated,1.900000,0.000000,1900,2200,2600,2900,3800,6900,18000,125000,256000,256000,256000,569,0,1900,4565.338155063433,1042.5054560000717,255619.2774772644,392.9384885764499
1789886447,12,,Aggregated,1.900000,0.000000,1900,2200,2600,2900,3800,6900,18000,125000,256000,256000,256000,570,0,1900,4561.58159757385,1042.5054560000717,255619.2774772644,392.63859649122804
1789886448,12,,Aggregated,1.800000,0.000000,1900,2200,2600,2900,3800,6900,18000,125000,256000,256000,256000,573,0,1900,4544.7610953404765,1042.5054560000717,255619.2774772644,391.80802792321117
1789886449,12,,Aggregated,1.900000,0.000000,1900,2200,2600,2900,3800,6900,18000,125000,256000,256000,256000,574,0,1900,4538.933159602949,1042.5054560000717,255619.2774772644,391.57491289198606
1789886450,12,,Aggregated,1.700000,0.000000,1900,2200,2600,2900,3800,6900,18000,125000,256000,256000,256000,577,0,1900,4525.3083162479925,1042.5054560000717,255619.2774772644,390.75563258232233
1789886451,12,,Aggregated,1.900000,0.000000,1900,2200,2600,2900,3800,6900,18000,125000,256000,256000,256000,578,0,1900,4519.808574558982,1042.5054560000717,255619.2774772644,390.4636678200692
1789886452,12,,Aggregated,1.800000,0.000000,1900,2200,2600,2900,3800,6900,18000,125000,256000,256000,256000,580,0,1900,4508.786079213951,1042.5054560000717,255619.2774772644,389.88275862068963
1789886453,12,,Aggregated,1.900000,0.000000,1900,2200,2600,2900,3700,6900,18000,125000,256000,256000,256000,581,0,1900,4503.960812349553,1042.5054560000717,255619.2774772644,389.5938037865749
1789886454,12,,Aggregated,2.000000,0.000000,1900,2200,2600,2900,3700,6900,18000,125000,256000,256000,256000,584,0,1900,4488.296197048101,1042.5054560000717,255619.2774772644,388.7945205479452
1789886455,12,,Aggregated,1.900000,0.000000,1900,2200,2600,2900,3700,6900,18000,125000,256000,256000,256000,585,0,1900,4483.050832458273,1042.5054560000717,255619.2774772644,388.57094017094016
1789886456,12,,Aggregated,1.600000,0.000000,1900,2200,2600,2900,3700,6900,18000,125000,256000,256000,256000,588,0,1900,4469.475230546074,1042.5054560000717,255619.2774772644,387.78231292517006
1789886457,12,,Aggregated,1.600000,0.000000,1900,2200,2600,2900,3700,6900,18000,125000,256000,256000,256000,588,0,1900,4469.475230546074,1042.5054560000717,255619.2774772644,387.78231292517006
1789886458,12,,Aggregated,1.700000,0.000000,1900,2200,2600,2900,3700,6900,18000,125000,256000,256000,256000,592,0,1900,4450.968549947793,1042.5054560000717,255619.2774772644,386.6621621621622
1789886459,12,,Aggregated,1.900000,0.000000,1900,2200,2600,2900,3700,6900,18000,125000,256000,256000,256000,593,0,1900,4445.9334814639,1042.5054560000717,255619.2774772644,386.3844856661046
1789886460,12,,Aggregated,1.800000,0.000000,1900,2200,2600,2900,3700,6900,18000,125000,256000,256000,256000,594,0,1900,4440.4979272712,1042.5054560000717,255619.2774772644,386.1077441077441
1789886461,12,,Aggregated,1.900000,0.000000,1900,2100,2600,2900,3700,6900,18000,125000,256000,256000,256000,596,0,1900,4430.962823929686,1042.5054560000717,255619.2774772644,385.61744966442956
1789886462,12,,Aggregated,1.900000,0.000000,1900,2100,2500,2900,3700,6900,18000,125000,256000,256000,256000,597,0,1900,4426.522760869503,1042.5054560000717,255619.2774772644,385.4036850921273
1789886463,12,,Aggregated,1.700000,0.000000,1900,2100,2500,2900,3700,6900,18000,125000,256000,256000,256000,600,0,1900,4413.32679258682,1042.5054560000717,255619.2774772644,384.64666666666665
1789886464,12,,Aggregated,1.800000,0.000000,1900,2100,2500,2900,3600,6900,17000,24000,256000,256000,256000,603,0,1900,4398.327713774612,1042.5054560000717,255619.2774772644,383.8374792703151
1789886465,12,,Aggregated,1.800000,0.000000,1900,2100,2500,2900,3600,6900,17000,24000,256000,256000,256000,603,0,1900,4398.327713774612,1042.5054560000717,255619.2774772644,383.8374792703151
1789886466,12,,Aggregated,1.900000,0.000000,1900,2100,2500,2900,3600,6900,17000,24000,256000,256000,256000,605,0,1900,4391.268606436509,1042.5054560000717,255619.2774772644,383.302479338843
1789886467,12,,Aggregated,1.900000,0.000000,1900,2100,2500,2900,3600,6900,17000,24000,256000,256000,256000,606,0,1900,4387.029273531501,1042.5054560000717,255619.2774772644,383.036303630363
1789886468,12,,Aggregated,1.800000,0.000000,1900,2100,2500,2900,3600,6900,17000,24000,256000,256000,256000,609,0,1900,4373.855872320343,1042.5054560000717,255619.2774772644,382.36124794745484
1789886469,12,,Aggregated,1.700000,0.000000,1800,2100,2500,2900,3500,6900,17000,24000,256000,256000,256000,612,0,1800,4357.723030384134,1042.5054560000717,255619.2774772644,381.63398692810455
1789886470,12,,Aggregated,1.700000,0.000000,1800,2100,2500,2900,3500,6900,17000,24000,256000,256000,256000,613,0,1800,4353.111423049086,1042.5054560000717,255619.2774772644,381.373572593801
1789886471,12,,Aggregated,1.700000,0.000000,1800,2100,2500,2900,3500,6900,17000,24000,256000,256000,256000,615,0,1800,4343.998585957869,1042.5054560000717,255619.2774772644,380.85528455284555
1789886472,12,,Aggregated,1.900000,0.000000,1800,2100,2500,2900,3500,6900,17000,24000,256000,256000,256000,616,0,1800,4338.840469060213,1042.5054560000717,255619.2774772644,380.5974025974026
1789886473,12,,Aggregated,1.800000,0.000000,1800,2100,2500,2900,3500,6900,17000,24000,256000,256000,256000,617,0,1800,4335.0270349418015,1042.5054560000717,255619.2774772644,380.34035656401943
1789886474,12,,Aggregated,1.900000,0.000000,1800,2000,2500,2900,3500,6900,17000,24000,256000,256000,256000,620,0,1800,4320.815495082404,1042.5054560000717,255619.2774772644,379.6322580645161
1789886475,12,,Aggregated,1.700000,0.000000,1800,2000,2500,2900,3500,6900,17000,24000,256000,256000,256000,623,0,1800,4307.996676277833,1042.5054560000717,255619.2774772644,378.9245585874799
1789886476,12,,Aggregated,1.700000,0.000000,1800,2000,2500,2900,3500,6900,17000,24000,256000,256000,256000,623,0,1800,4307.996676277833,1042.5054560000717,255619.2774772644,378.9245585874799
1789886477,12,,Aggregated,1.700000,0.000000,1800,2000,2500,2900,3500,6900,17000,24000,256000,256000,256000,624,0,1800,4303.430646287002,1042.5054560000717,255619.2774772644,378.6730769230769
1789886478,12,,Aggregated,1.700000,0.000000,1800,2000,2500,2900,3600,6900,18000,125000,353000,353000,353000,628,0,1800,4851.676332269633,1042.5054560000717,352935.91952323914,396.28184713375794
1789886479,12,,Aggregated,1.800000,0.000000,1800,2000,2500,2900,3600,6900,18000,125000,353000,353000,353000,629,0,1800,4846.773729083196,1042.5054560000717,352935.91952323914,396.0047694753577
1789886480,12,,Aggregated,1.900000,0.000000,1800,2000,2500,2900,3600,6900,18000,125000,353000,353000,353000,630,0,1800,4843.462330795764,1042.5054560000717,352935.91952323914,395.5
1789886481,12,,Aggregated,1.900000,0.000000,1800,2000,2500,2900,3600,6900,18000,125000,353000,353000,353000,630,0,1800,4843.462330795764,1042.5054560000717,352935.91952323914,395.5
1789886482,12,,Aggregated,1.700000,0.000000,1800,2100,2500,2900,3600,6900,18000,125000,353000,353000,353000,634,0,1800,4831.421228784435,1042.5054560000717,352935.91952323914,394.4621451104101
1789886483,12,,Aggregated,1.700000,0.000000,1800,2100,2500,2900,3600,6900,18000,125000,353000,353000,353000,634,0,1800,4831.421228784435,1042.5054560000717,352935.91952323914,394.4621451104101
1789886484,12,,Aggregated,1.500000,0.000000,1900,2100,2600,2900,3700,6900,19000,131000,361000,361000,361000,640,0,1900,5373.309371649966,1042.5054560000717,361139.11652565,419.490625
1789886485,12,,Aggregated,1.700000,0.000000,1900,2100,2500,2900,3700,6900,19000,131000,361000,361000,361000,642,0,1900,5363.294011766321,1042.5054560000717,361139.11652565,418.8753894080997
1789886486,12,,Aggregated,1.700000,0.000000,1900,2100,2500,2900,3700,6900,19000,131000,361000,361000,361000,642,0,1900,5363.294011766321,1042.5054560000717,361139.11652565,418.8753894080997
1789886487,12,,Aggregated,2.200000,0.000000,1900,2100,2600,2900,3700,6900,19000,131000,361000,361000,361000,645,0,1900,5350.219815689889,1042.5054560000717,361139.11652565,417.73643410852713
1789886488,12,,Aggregated,1.900000,0.000000,1900,2100,2600,2900,3700,6900,19000,131000,361000,361000,361000,648,0,1900,5333.117869240709,1042.5054560000717,361139.11652565,416.8858024691358
1789886489,12,,Aggregated,1.900000,0.000000,1800,2100,2500,2900,3700,6900,19000,131000,361000,361000,361000,649,0,1800,5326.75182016638,1042.5054560000717,361139.11652565,416.5855161787365
1789886490,12,,Aggregated,2.000000,0.000000,1800,2100,2500,2900,3600,6900,18000,131000,361000,361000,361000,652,0,1800,5307.517014391073,1042.5054560000717,361139.11652565,415.8006134969325
1789886491,12,,Aggregated,2.000000,0.000000,1800,2100,2500,2900,3600,6900,18000,131000,361000,361000,361000,652,0,1800,5307.517014391073,1042.5054560000717,361139.11652565,415.8006134969325
1789886492,12,,Aggregated,2.000000,0.000000,1800,2100,2500,2900,3600,6900,18000,131000,361000,361000,361000,655,0,1800,5293.514036444245,1042.5054560000717,361139.11652565,414.9129770992366
1789886493,12,,Aggregated,2.200000,0.000000,1800,2100,2500,2900,3600,6900,18000,131000,361000,361000,361000,657,0,1800,5285.291968427672,1042.5054560000717,361139.11652565,414.3257229832572
1789886494,12,,Aggregated,2.200000,0.000000,1800,2100,2500,2900,3600,6900,18000,131000,361000,361000,361000,657,0,1800,5285.291968427672,1042.5054560000717,361139.11652565,414.3257229832572
1789886495,12,,Aggregated,2.200000,0.000000,1800,2100,2500,2900,3600,6900,18000,131000,361000,361000,361000,657,0,1800,5285.291968427672,1042.5054560000717,361139.11652565,414.3257229832572
1789886496,12,,Aggregated,2.200000,0.000000,1900,2100,2500,2900,3600,6900,18000,131000,361000,361000,361000,660,0,1900,5271.050343606031,1042.5054560000717,361139.11652565,413.45151515151514
1789886497,12,,Aggregated,1.700000,0.000000,1900,2100,2500,2900,3500,6900,18000,131000,361000,361000,361000,663,0,1900,5255.8885065942395,1042.5054560000717,361139.11652565,412.6395173453997
1789886498,12,,Aggregated,1.800000,0.000000,1900,2100,2600,2900,3700,6900,18000,131000,361000,361000,361000,668,0,1900,5239.0401998622465,1042.5054560000717,361139.11652565,411.31437125748505
1789886499,12,,Aggregated,1.800000,0.000000,1900,2100,2600,2900,3700,6900,18000,131000,361000,361000,361000,668,0,1900,5239.0401998622465,1042.5054560000717,361139.11652565,411.31437125748505
1789886500,12,,Aggregated,2.100000,0.000000,1900,2100,2500,2900,3600,6900,18000,131000,361000,361000,361000,671,0,1900,5224.407916764504,1042.5054560000717,361139.11652565,410.46795827123697
1789886501,12,,Aggregated,2.100000,0.000000,1900,2100,2500,2900,3600,6900,18000,131000,361000,361000,361000,671,0,1900,5224.407916764504,1042.5054560000717,361139.11652565,410.46795827123697
1789886502,12,,Aggregated,1.700000,0.000000,1900,2100,2500,2900,3600,6900,18000,131000,361000,361000,361000,673,0,1900,5213.127343310524,1042.5054560000717,361139.11652565,409.9078751857355
1789886503,12,,Aggregated,1.700000,0.000000,1900,2100,2500,2900,3600,6900,18000,131000,361000,361000,361000,674,0,1900,5206.987064332319,1042.5054560000717,361139.11652565,409.6290801186944
1789886504,12,,Aggregated,1.700000,0.000000,1900,2100,2500,2900,3600,6900,18000,131000,361000,361000,361000,679,0,1900,5185.72515305152,1042.5054560000717,361139.11652565,408.3534609720177
1789886505,12,,Aggregated,1.800000,0.000000,1900,2100,2500,2900,3600,6900,18000,131000,361000,361000,361000,680,0,1900,5181.221327314679,1042.5054560000717,361139.11652565,408.07941176470587
1789886506,12,,Aggregated,1.700000,0.000000,1900,2100,2600,2900,3600,6900,19000,157000,383000,383000,383000,684,0,1900,5721.805938204876,1042.5054560000717,383231.8489551544,425.30847953216374
1789886507,12,,Aggregated,1.700000,0.000000,1900,2100,2600,2900,3600,6900,19000,157000,383000,383000,383000,684,0,1900,5721.805938204876,1042.5054560000717,383231.8489551544,425.30847953216374
1789886508,12,,Aggregated,1.700000,0.000000,1900,2100,2600,2900,3600,6900,19000,157000,383000,383000,383000,684,0,1900,5721.805938204876,1042.5054560000717,383231.8489551544,425.30847953216374
1789886509,12,,Aggregated,2.300000,0.000000,1900,2100,2600,2900,3700,6900,19000,157000,383000,383000,383000,686,0,1900,5715.670268852967,1042.5054560000717,383231.8489551544,424.50583090379007
1789886510,12,,Aggregated,1.800000,0.000000,1900,2100,2600,2900,3700,6900,19000,157000,383000,383000,383000,689,0,1900,5705.275914431253,1042.5054560000717,383231.8489551544,423.6240928882438
1789886511,12,,Aggregated,1.800000,0.000000,1900,2100,2600,2900,3700,6900,19000,157000,383000,383000,383000,694,0,1900,5677.896666660136,1042.5054560000717,383231.8489551544,422.3270893371758
1789886512,12,,Aggregated,1.800000,0.000000,1900,2100,2600,2900,3700,6900,19000,157000,383000,383000,383000,694,0,1900,5677.896666660136,1042.5054560000717,383231.8489551544,422.3270893371758
1789886513,12,,Aggregated,1.800000,0.000000,1900,2100,2600,2900,3700,6900,19000,157000,383000,383000,383000,697,0,1900,5661.897354561167,1042.5054560000717,383231.8489551544,421.4648493543759
1789886514,12,,Aggregated,2.200000,0.000000,1900,2100,2600,2900,3700,6900,19000,157000,383000,383000,383000,698,0,1900,5655.586352864089,1042.5054560000717,383231.8489551544,421.1790830945559
1789886515,12,,Aggregated,2.300000,0.000000,1900,2100,2600,2900,3700,6900,19000,157000,383000,383000,383000,699,0,1900,5649.429465048833,1042.5054560000717,383231.8489551544,420.89413447782545
1789886516,12,,Aggregated,2.300000,0.000000,1900,2100,2600,2900,3600,6500,18000,131000,383000,383000,383000,701,0,1900,5637.37437023985,1042.5054560000717,383231.8489551544,420.32667617689015
1789886517,12,,Aggregated,2.300000,0.000000,1900,2100,2600,2900,3600,6500,18000,131000,383000,383000,383000,702,0,1900,5631.370908659737,1042.5054560000717,383231.8489551544,420.0441595441595
1789886518,12,,Aggregated,1.600000,0.000000,1900,2100,2600,2900,3600,6500,18000,131000,383000,383000,383000,705,0,1900,5615.534235126427,1042.5054560000717,383231.8489551544,419.25248226950356
1789886519,12,,Aggregated,1.800000,0.000000,1900,2100,2600,2900,3600,6500,18000,131000,383000,383000,383000,709,0,1900,5594.37918363065,1042.5054560000717,383231.8489551544,418.1904090267983
1789886520,12,,Aggregated,1.800000,0.000000,1900,2100,2600,2900,3600,6500,18000,131000,383000,383000,383000,710,0,1900,5591.389632812859,1042.5054560000717,383231.8489551544,417.96478873239437
1789886521,12,,Aggregated,2.000000,0.000000,1900,2100,2600,2900,3500,6500,18000,131000,383000,383000,383000,711,0,1900,5585.283957889071,1042.5054560000717,383231.8489551544,417.68917018284105
1789886522,12,,Aggregated,2.000000,0.000000,1900,2100,2600,2900,3500,6500,18000,131000,383000,383000,383000,712,0,1900,5579.051701411697,1042.5054560000717,383231.8489551544,417.41432584269666
1789886523,12,,Aggregated,1.900000,0.000000,1900,2100,2600,2900,3500,6500,18000,131000,383000,383000,383000,715,0,1900,5562.260298458922,1042.5054560000717,383231.8489551544,416.5944055944056
1789886524,12,,Aggregated,1.800000,0.000000,1900,2100,2500,2900,3500,6500,18000,131000,383000,383000,383000,718,0,1900,5544.950295164526,1042.5054560000717,383231.8489551544,415.8314763231198
1789886525,12,,Aggregated,1.800000,0.000000,1900,2100,2500,2900,3500,6500,18000,131000,383000,383000,383000,718,0,1900,5544.950295164526,1042.5054560000717,383231.8489551544,415.8314763231198
1789886526,12,,Aggregated,1.600000,0.000000,1900,2100,2500,2900,3500,6500,18000,131000,383000,383000,383000,719,0,1900,5538.887522991836,1042.5054560000717,383231.8489551544,415.56189151599443
1789886527,12,,Aggregated,1.900000,0.000000,1900,2100,2500,2900,3500,5700,18000,131000,383000,383000,383000,722,0,1900,5525.827140019572,1042.5054560000717,383231.8489551544,414.8573407202216
1789886528,12,,Aggregated,2.000000,0.000000,1900,2100,2500,2900,3500,5700,18000,131000,383000,383000,383000,725,0,1900,5510.1630372456975,1042.5054560000717,383231.8489551544,414.05931034482757
1789886529,12,,Aggregated,2.000000,0.000000,1900,2100,2500,2900,3500,5700,18000,131000,383000,383000,383000,727,0,1900,5499.180133133603,1042.5054560000717,383231.8489551544,413.5309491059147
1789886530,12,,Aggregated,2.000000,0.000000,1900,2100,2500,2900,3500,5700,18000,131000,383000,383000,383000,728,0,1900,5493.201394969958,1042.5054560000717,383231.8489551544,413.3173076923077
1789886531,12,,Aggregated,2.100000,0.000000,1900,2100,2500,2900,3500,5700,18000,131000,383000,383000,383000,729,0,1900,5487.2611157025085,1042.5054560000717,383231.8489551544,413.0548696844993
1789886532,12,,Aggregated,1.800000,0.000000,1900,2100,2500,2900,3500,5700,18000,131000,383000,383000,383000,732,0,1900,5472.753099293894,1042.5054560000717,383231.8489551544,412.2718579234973
1789886533,12,,Aggregated,1.800000,0.000000,1900,2100,2500,2900,3500,5700,18000,131000,383000,383000,383000,732,0,1900,5472.753099293894,1042.5054560000717,383231.8489551544,412.2718579234973
1789886534,12,,Aggregated,1.800000,0.000000,1900,2100,2500,2900,3500,5700,18000,131000,383000,383000,383000,736,0,1900,5452.721137879252,1042.5054560000717,383231.8489551544,411.33559782608694
1789886535,12,,Aggregated,1.900000,0.000000,1900,2100,2500,2900,3500,5700,18000,131000,383000,383000,383000,737,0,1900,5446.795024704382,1042.5054560000717,383231.8489551544,411.078697421981
1789886536,12,,Aggregated,1.900000,0.000000,1900,2100,2500,2900,3500,5700,18000,131000,383000,383000,383000,739,0,1900,5437.873991101663,1042.5054560000717,383231.8489551544,410.56698240866035
1789886537,12,,Aggregated,2.000000,0.000000,1900,2100,2500,2900,3500,5400,18000,131000,383000,383000,383000,742,0,1900,5422.724945992089,1042.5054560000717,383231.8489551544,409.8530997304582
1789886538,12,,Aggregated,2.000000,0.000000,1900,2100,2500,2900,3500,5400,18000,131000,383000,383000,383000,742,0,1900,5422.724945992089,1042.5054560000717,383231.8489551544,409.8530997304582
1789886539,12,,Aggregated,2.000000,0.000000,1900,2100,2500,2900,3500,5400,18000,131000,383000,383000,383000,745,0,1900,5408.103225382723,1042.5054560000717,383231.8489551544,409.096644295302
1789886540,12,,Aggregated,2.000000,0.000000,1900,2100,2500,2900,3500,5400,18000,131000,383000,383000,383000,746,0,1900,5402.30836229508,1042.5054560000717,383231.8489551544,408.8941018766756
1789886541,12,,Aggregated,1.700000,0.000000,1900,2100,2500,2900,3500,5400,18000,131000,383000,383000,383000,749,0,1900,5388.576428918731,1042.5054560000717,383231.8489551544,408.1935914552737
1789886542,12,,Aggregated,2.000000,0.000000,1900,2100,2500,2900,3500,5400,18000,131000,383000,383000,383000,750,0,1900,5382.858921605507,1042.5054560000717,383231.8489551544,407.94533333333334
1789886543,12,,Aggregated,1.800000,0.000000,1900,2100,2500,2900,3500,5400,17000,131000,383000,383000,383000,751,0,1900,5378.398191265152,1042.5054560000717,383231.8489551544,407.6977363515313
1789886544,12,,Aggregated,1.900000,0.000000,1900,2100,2500,2900,3500,5400,17000,131000,383000,383000,383000,754,0,1900,5365.817369604946,1042.5054560000717,383231.8489551544,407.00663129973475
1789886545,12,,Aggregated,1.900000,0.000000,1900,2100,2500,2900,3500,5400,17000,131000,383000,383000,383000,755,0,1900,5360.65313154057,1042.5054560000717,383231.8489551544,406.7615894039735
1789886546,12,,Aggregated,1.900000,0.000000,1900,2100,2500,2900,3500,5400,17000,131000,383000,383000,383000,755,0,1900,5360.65313154057,1042.5054560000717,383231.8489551544,406.7615894039735
1789886547,12,,Aggregated,1.700000,0.000000,1900,2000,2500,2900,3500,5400,17000,131000,383000,383000,383000,759,0,1900,5340.590940661566,1042.5054560000717,383231.8489551544,405.8827404479578
1789886548,12,,Aggregated,1.700000,0.000000,1900,2000,2500,2900,3500,5400,17000,131000,383000,383000,383000,759,0,1900,5340.590940661566,1042.5054560000717,383231.8489551544,405.8827404479578
1789886549,12,,Aggregated,1.700000,0.000000,1900,2100,2500,2900,3500,5100,17000,131000,383000,383000,383000,761,0,1900,5332.496737152599,1042.5054560000717,383231.8489551544,405.3994743758213
1789886550,12,,Aggregated,1.700000,0.000000,1900,2100,2500,2900,3500,5400,17000,131000,383000,383000,383000,764,0,1900,5323.759760090482,1042.5054560000717,383231.8489551544,404.67931937172773
1789886551,12,,Aggregated,1.700000,0.000000,1900,2000,2500,2900,3500,5400,17000,131000,383000,383000,383000,765,0,1900,5318.408632435461,1042.5054560000717,383231.8489551544,404.4875816993464
1789886552,12,,Aggregated,1.400000,0.000000,1900,2100,2500,2900,3500,5700,17000,131000,383000,383000,383000,767,0,1900,5317.02147716835,1042.5054560000717,383231.8489551544,404.0117340286832
1789886553,12,,Aggregated,1.400000,0.000000,1900,2100,2500,2900,3500,5700,17000,131000,383000,383000,383000,767,0,1900,5317.02147716835,1042.5054560000717,383231.8489551544,404.0117340286832
1789886554,12,,Aggregated,1.600000,0.000000,1900,2000,2500,2900,3500,5700,17000,131000,383000,383000,383000,770,0,1900,5303.003718667694,1042.5054560000717,383231.8489551544,403.3961038961039
1789886555,12,,Aggregated,1.700000,0.000000,1900,2000,2500,2900,3500,5700,17000,131000,383000,383000,383000,771,0,1900,5299.760132434662,1042.5054560000717,383231.8489551544,403.1608300907912
1789886556,12,,Aggregated,1.700000,0.000000,1900,2000,2500,2900,3500,5700,17000,131000,383000,383000,383000,775,0,1900,5280.823349613063,1042.5054560000717,383231.8489551544,402.2258064516129
1789886557,12,,Aggregated,1.700000,0.000000,1900,2000,2500,2900,3500,5700,17000,131000,383000,383000,383000,775,0,1900,5280.823349613063,1042.5054560000717,383231.8489551544,402.2258064516129
1789886558,12,,Aggregated,1.600000,0.000000,1900,2000,2500,2900,3500,5700,17000,131000,383000,383000,383000,777,0,1900,5272.955747619204,1042.5054560000717,383231.8489551544,401.8082368082368
1789886559,12,,Aggregated,1.600000,0.000000,1900,2000,2500,2900,3500,5700,17000,131000,383000,383000,383000,779,0,1900,5264.570935487962,1042.5054560000717,383231.8489551544,401.3465982028241
1789886560,12,,Aggregated,1.600000,0.000000,1900,2000,2500,2800,3500,5400,17000,131000,383000,383000,383000,782,0,1900,5249.298101295554,1042.5054560000717,383231.8489551544,400.7506393861893
1789886561,12,,Aggregated,2.000000,0.000000,1900,2000,2500,2800,3500,5400,17000,131000,383000,383000,383000,783,0,1900,5244.522925456098,1042.5054560000717,383231.8489551544,400.52234993614303
1789886562,12,,Aggregated,2.000000,0.000000,1900,2000,2500,2800,3500,5400,17000,131000,383000,383000,383000,783,0,1900,5244.522925456098,1042.5054560000717,383231.8489551544,400.52234993614303
1789886563,12,,Aggregated,2.000000,0.000000,1900,2000,2500,2800,3500,5400,17000,131000,383000,383000,383000,783,0,1900,5244.522925456098,1042.5054560000717,383231.8489551544,400.52234993614303
1789886564,12,,Aggregated,1.700000,0.000000,1900,2000,2500,2800,3500,5400,17000,131000,383000,383000,383000,786,0,1900,5233.147528654104,1042.5054560000717,383231.8489551544,399.8409669211196
1789886565,12,,Aggregated,1.600000,0.000000,1900,2000,2500,2800,3500,5400,17000,131000,383000,383000,383000,791,0,1900,5214.18025007096,1042.5054560000717,383231.8489551544,398.7623261694058
1789886566,12,,Aggregated,1.600000,0.000000,1900,2000,2500,2800,3500,5400,17000,131000,383000,383000,383000,794,0,1900,5200.023208938448,1042.5054560000717,383231.8489551544,398.1801007556675
1789886567,12,,Aggregated,1.600000,0.000000,1900,2000,2500,2800,3500,5400,17000,131000,383000,383000,383000,794,0,1900,5200.023208938448,1042.5054560000717,383231.8489551544,398.1801007556675
1789886568,12,,Aggregated,1.800000,0.000000,1900,2000,2500,2800,3500,5400,17000,131000,383000,383000,383000,795,0,1900,5195.090285967457,1042.5054560000717,383231.8489551544,397.9584905660377
1789886569,12,,Aggregated,1.800000,0.000000,1900,2000,2500,2800,3500,5400,17000,131000,383000,383000,383000,795,0,1900,5195.090285967457,1042.5054560000717,383231.8489551544,397.9584905660377
1789886570,12,,Aggregated,1.900000,0.000000,1900,2000,2500,2800,3500,5400,17000,131000,383000,383000,383000,798,0,1900,5179.667298825973,1042.5054560000717,383231.8489551544,397.296992481203
1789886571,12,,Aggregated,1.600000,0.000000,1800,2000,2500,2800,3500,5400,17000,131000,383000,383000,383000,799,0,1800,5175.028658363112,1042.5054560000717,383231.8489551544,397.1226533166458
1789886572,12,,Aggregated,1.600000,0.000000,1800,2000,2500,2800,3400,5100,17000,125000,383000,383000,383000,801,0,1800,5165.444453891543,1042.5054560000717,383231.8489551544,396.685393258427
1789886573,12,,Aggregated,1.600000,0.000000,1800,2000,2500,2800,3400,5100,17000,125000,383000,383000,383000,803,0,1800,5160.063353861926,1042.5054560000717,383231.8489551544,396.2503113325031
1789886574,12,,Aggregated,1.600000,0.000000,1900,2000,2500,2800,3400,5100,17000,125000,383000,383000,383000,806,0,1900,5148.073223558471,1042.5054560000717,383231.8489551544,395.64640198511165
1789886575,12,,Aggregated,2.000000,0.000000,1900,2000,2500,2800,3500,5400,17000,131000,451000,451000,451000,808,0,1900,5698.167353730954,1042.5054560000717,450804.0828704834,408.01732673267327
1789886576,12,,Aggregated,2.000000,0.000000,1800,2000,2500,2800,3500,5400,17000,131000,451000,451000,451000,811,0,1800,5682.799724069805,1042.5054560000717,450804.0828704834,407.3292231812577
1789886577,12,,Aggregated,2.000000,0.000000,1800,2000,2500,2800,3500,5400,17000,131000,451000,451000,451000,811,0,1800,5682.799724069805,1042.5054560000717,450804.0828704834,407.3292231812577
1789886578,12,,Aggregated,2.000000,0.000000,1800,2000,2500,2800,3500,5400,17000,131000,451000,451000,451000,811,0,1800,5682.799724069805,1042.5054560000717,450804.0828704834,407.3292231812577
1789886579,12,,Aggregated,2.000000,0.000000,1800,2000,2500,2800,3500,5400,17000,131000,451000,451000,451000,811,0,1800,5682.799724069805,1042.5054560000717,450804.0828704834,407.3292231812577
1789886580,12,,Aggregated,2.000000,0.000000,1800,2000,2500,2800,3500,5400,17000,131000,451000,451000,451000,811,0,1800,5682.799724069805,1042.5054560000717,450804.0828704834,407.3292231812577
1789886581,12,,Aggregated,1.600000,0.000000,1900,2100,2500,2900,3500,5400,17000,131000,451000,451000,451000,819,0,1900,5663.796038545315,1042.5054560000717,450804.0828704834,405.4310134310134
1789886582,12,,Aggregated,1.600000,0.000000,1900,2100,2500,2900,3500,5400,17000,131000,451000,451000,451000,819,0,1900,5663.796038545315,1042.5054560000717,450804.0828704834,405.4310134310134
1789886583,12,,Aggregated,1.300000,0.000000,1900,2100,2500,2900,3500,5300,17000,131000,451000,451000,451000,821,0,1900,5656.488030230956,1042.5054560000717,450804.0828704834,405.02801461632157
1789886584,12,,Aggregated,1.700000,0.000000,1900,2100,2500,2900,3500,5300,17000,131000,451000,451000,451000,824,0,1900,5642.947893396378,1042.5054560000717,450804.0828704834,404.3616504854369
1789886585,12,,Aggregated,1.700000,0.000000,1900,2100,2500,2900,3500,5300,17000,131000,451000,451000,451000,824,0,1900,5642.947893396378,1042.5054560000717,450804.0828704834,404.3616504854369
1789886586,12,,Aggregated,1.700000,0.000000,1900,2100,2500,2900,3500,5300,17000,131000,451000,451000,451000,824,0,1900,5642.947893396378,1042.5054560000717,450804.0828704834,404.3616504854369
1789886587,12,,Aggregated,1.800000,0.000000,1900,2100,2500,2900,3500,5300,17000,131000,451000,451000,451000,825,0,1900,5637.7738326286235,1042.5054560000717,450804.0828704834,404.14060606060605
1789886588,12,,Aggregated,1.800000,0.000000,1900,2100,2500,2900,3500,5300,17000,131000,451000,451000,451000,826,0,1900,5633.280933135126,1042.5054560000717,450804.0828704834,403.9200968523002
1789886589,12,,Aggregated,1.600000,0.000000,1900,2100,2500,2900,3500,5300,17000,131000,451000,451000,451000,830,0,1900,5618.290027241706,1042.5054560000717,450804.0828704834,403.0867469879518
1789886590,12,,Aggregated,1.400000,0.000000,1900,2100,2500,2900,3600,5400,18000,157000,465000,465000,465000,835,0,1900,6155.131734106967,1042.5054560000717,465091.3233757019,417.60359281437127
1789886591,12,,Aggregated,1.500000,0.000000,1900,2100,2500,2900,3600,5400,18000,157000,465000,465000,465000,837,0,1900,6145.17108917959,1042.5054560000717,465091.3233757019,417.1362007168459
1789886592,12,,Aggregated,1.500000,0.000000,1900,2100,2500,2900,3600,5400,18000,157000,465000,465000,465000,837,0,1900,6145.17108917959,1042.5054560000717,465091.3233757019,417.1362007168459
1789886593,12,,Aggregated,2.400000,0.000000,1900,2100,2500,2900,3600,5400,18000,157000,465000,465000,465000,839,0,1900,6137.89635881802,1042.5054560000717,465091.3233757019,416.49940405244337
1789886594,12,,Aggregated,2.200000,0.000000,1900,2100,2500,2900,3600,5400,18000,157000,465000,465000,465000,840,0,1900,6132.520073163475,1042.5054560000717,465091.3233757019,416.26785714285717
1789886595,12,,Aggregated,1.800000,0.000000,1900,2100,2500,2900,3500,5300,18000,157000,465000,465000,465000,843,0,1900,6115.926881229325,1042.5054560000717,465091.3233757019,415.576512455516
1789886596,12,,Aggregated,1.600000,0.000000,1900,2100,2500,2900,3500,5300,18000,157000,465000,465000,465000,846,0,1900,6102.421181012197,1042.5054560000717,465091.3233757019,414.9751773049645
1789886597,12,,Aggregated,1.600000,0.000000,1900,2100,2500,2900,3500,5300,18000,157000,465000,465000,465000,847,0,1900,6097.476877420683,1042.5054560000717,465091.3233757019,414.7473435655254
1789886598,12,,Aggregated,1.600000,0.000000,1900,2100,2500,2900,3500,5300,17000,157000,465000,465000,465000,851,0,1900,6080.620269142559,1042.5054560000717,465091.3233757019,413.8836662749706
1789886599,12,,Aggregated,1.600000,0.000000,1900,2100,2500,2900,3500,5300,17000,157000,465000,465000,465000,851,0,1900,6080.620269142559,1042.5054560000717,465091.3233757019,413.8836662749706
1789886600,12,,Aggregated,2.500000,0.000000,1900,2100,2500,2900,3500,5300,17000,157000,465000,465000,465000,853,0,1900,6070.043605948788,1042.5054560000717,465091.3233757019,413.4337631887456
1789886601,12,,Aggregated,2.100000,0.000000,1900,2100,2500,2900,3500,5300,17000,157000,465000,465000,465000,856,0,1900,6054.460780781912,1042.5054560000717,465091.3233757019,412.7628504672897
1789886602,12,,Aggregated,2.100000,0.000000,1900,2100,2500,2900,3500,5300,17000,157000,465000,465000,465000,856,0,1900,6054.460780781912,1042.5054560000717,465091.3233757019,412.7628504672897
1789886603,12,,Aggregated,1.600000,0.000000,1900,2100,2500,2900,3500,5300,17000,157000,465000,465000,465000,860,0,1900,6034.210663310835,1042.5054560000717,465091.3233757019,411.9593023255814
1789886604,12,,Aggregated,1.600000,0.000000,1900,2100,2500,2900,3500,5100,17000,157000,465000,465000,465000,863,0,1900,6017.425033952861,1036.852434001048,465091.3233757019,411.3406720741599
1789886605,12,,Aggregated,2.000000,0.000000,1900,2100,2500,2900,3500,5100,17000,157000,465000,465000,465000,865,0,1900,6008.821711440831,1036.852434001048,465091.3233757019,410.9028901734104
1789886606,12,,Aggregated,2.300000,0.000000,1900,2100,2500,2900,3500,5100,17000,157000,465000,465000,465000,866,0,1900,6003.211761246327,1036.852434001048,465091.3233757019,410.6847575057737
1789886607,12,,Aggregated,2.300000,0.000000,1900,2100,2500,2900,3500,5100,17000,157000,465000,465000,465000,866,0,1900,6003.211761246327,1036.852434001048,465091.3233757019,410.6847575057737
1789886608,12,,Aggregated,2.200000,0.000000,1900,2100,2500,2900,3500,5100,17000,157000,465000,465000,465000,869,0,1900,5987.305553662049,1036.852434001048,465091.3233757019,410.03337169159954
1789886609,12,,Aggregated,1.900000,0.000000,1900,2100,2500,2900,3500,5100,17000,157000,465000,465000,465000,872,0,1900,5973.45439574922,1036.852434001048,465091.3233757019,409.427752293578
1789886610,12,,Aggregated,1.500000,0.000000,1900,2100,2500,2900,3500,5100,17000,157000,465000,465000,465000,876,0,1900,5955.0889524535605,1036.852434001048,465091.3233757019,408.6084474885845
1789886611,12,,Aggregated,1.500000,0.000000,1900,2100,2500,2900,3500,5100,17000,157000,465000,465000,465000,877,0,1900,5950.407784033429,1036.852434001048,465091.3233757019,408.4367160775371
1789886612,12,,Aggregated,2.100000,0.000000,1900,2100,2500,2900,3500,5100,17000,157000,465000,465000,465000,879,0,1900,5940.865181105027,1036.852434001048,465091.3233757019,408.0125142207053
1789886613,12,,Aggregated,2.100000,0.000000,1900,2100,2500,2900,3500,5100,17000,157000,465000,465000,465000,879,0,1900,5940.865181105027,1036.852434001048,465091.3233757019,408.0125142207053
1789886614,12,,Aggregated,2.100000,0.000000,1900,2100,2500,2900,3500,5000,17000,157000,465000,465000,465000,881,0,1900,5930.3445104714165,1036.852434001048,465091.3233757019,407.59023836549375
1789886615,12,,Aggregated,2.000000,0.000000,1900,2100,2500,2900,3500,5000,17000,157000,465000,465000,465000,882,0,1900,5924.999385830291,1036.852434001048,465091.3233757019,407.37981859410434
1789886616,12,,Aggregated,2.000000,0.000000,1900,2100,2500,2900,3500,5000,17000,157000,465000,465000,465000,883,0,1900,5919.879674017348,1036.852434001048,465091.3233757019,407.2106455266138
1789886617,12,,Aggregated,1.800000,0.000000,1900,2100,2500,2900,3500,5000,17000,157000,465000,465000,465000,887,0,1900,5903.7421454885225,1036.852434001048,465091.3233757019,406.37542277339344
1789886618,12,,Aggregated,1.800000,0.000000,1900,2100,2500,2900,3500,5000,17000,157000,465000,465000,465000,889,0,1900,5896.450133671901,1036.852434001048,465091.3233757019,406.0011248593926
1789886619,12,,Aggregated,1.700000,0.000000,1900,2100,2500,2900,3500,5000,17000,157000,465000,465000,465000,890,0,1900,5891.889769720587,1036.852434001048,465091.3233757019,405.7943820224719
1789886620,12,,Aggregated,1.700000,0.000000,1900,2100,2500,2900,3500,5100,18000,244000,486000,486000,486000,892,0,1900,6428.357773619945,1036.852434001048,486076.2240886688,420.9002242152466
1789886621,12,,Aggregated,1.700000,0.000000,1900,2100,2500,2900,3500,5100,18000,244000,486000,486000,486000,892,0,1900,6428.357773619945,1036.852434001048,486076.2240886688,420.9002242152466
1789886622,12,,Aggregated,1.700000,0.000000,1900,2100,2500,2900,3500,5100,18000,244000,486000,486000,486000,892,0,1900,6428.357773619945,1036.852434001048,486076.2240886688,420.9002242152466
1789886623,12,,Aggregated,1.500000,0.000000,1900,2100,2500,2900,3500,5100,18000,244000,486000,486000,486000,897,0,1900,6411.4849427257395,1036.852434001048,486076.2240886688,419.6711259754738
1789886624,12,,Aggregated,1.500000,0.000000,1900,2100,2500,2900,3500,5000,17000,157000,486000,486000,486000,902,0,1900,6388.833377076481,1036.852434001048,486076.2240886688,418.61529933481154
1789886625,12,,Aggregated,1.600000,0.000000,1900,2100,2500,2900,3500,5000,17000,157000,486000,486000,486000,904,0,1900,6378.151693881623,1036.852434001048,486076.2240886688,418.22013274336285
1789886626,12,,Aggregated,1.800000,0.000000,1900,2100,2500,2900,3500,5000,17000,157000,486000,486000,486000,905,0,1900,6372.946074513799,1036.852434001048,486076.2240886688,418.00331491712706
1789886627,12,,Aggregated,1.800000,0.000000,1900,2100,2500,2900,3500,5000,17000,157000,486000,486000,486000,905,0,1900,6372.946074513799,1036.852434001048,486076.2240886688,418.00331491712706
1789886628,12,,Aggregated,1.800000,0.000000,1900,2100,2500,2900,3500,5000,17000,157000,486000,486000,486000,905,0,1900,6372.946074513799,1036.852434001048,486076.2240886688,418.00331491712706
1789886629,12,,Aggregated,2.200000,0.000000,1900,2100,2500,2900,3500,5000,17000,157000,486000,486000,486000,907,0,1900,6362.733779673637,1036.852434001048,486076.2240886688,417.5711135611907
1789886630,12,,Aggregated,1.700000,0.000000,1900,2100,2500,2900,3500,5000,17000,157000,486000,486000,486000,908,0,1900,6358.032789985671,1036.852434001048,486076.2240886688,417.3557268722467
1789886631,12,,Aggregated,1.600000,0.000000,1900,2100,2500,2900,3500,5000,17000,157000,486000,486000,486000,913,0,1900,6333.3615367732655,1036.852434001048,486076.2240886688,416.36473165388827
1789886632,12,,Aggregated,1.500000,0.000000,1900,2100,2500,2900,3500,5000,17000,157000,486000,486000,486000,917,0,1900,6316.855154523436,1036.852434001048,486076.2240886688,415.55616139585607
1789886633,12,,Aggregated,1.500000,0.000000,1900,2100,2500,2900,3500,5000,17000,157000,486000,486000,486000,917,0,1900,6316.855154523436,1036.852434001048,486076.2240886688,415.55616139585607
1789886634,12,,Aggregated,2.100000,0.000000,1900,2100,2500,2900,3500,5000,17000,157000,486000,486000,486000,918,0,1900,6311.7736417374645,1036.852434001048,486076.2240886688,415.34531590413945
1789886635,12,,Aggregated,2.100000,0.000000,1900,2100,2500,2900,3500,5000,17000,157000,486000,486000,486000,918,0,1900,6311.7736417374645,1036.852434001048,486076.2240886688,415.34531590413945
1789886636,12,,Aggregated,2.200000,0.000000,1900,2100,2500,2900,3500,5000,17000,157000,486000,486000,486000,920,0,1900,6300.741803347815,1036.852434001048,486076.2240886688,414.925
1789886637,12,,Aggregated,1.600000,0.000000,1900,2100,2500,2900,3500,5000,17000,157000,486000,486000,486000,923,0,1900,6286.0253184961975,1036.852434001048,486076.2240886688,414.33694474539544
1789886638,12,,Aggregated,1.600000,0.000000,1900,2100,2500,2900,3500,5000,17000,157000,486000,486000,486000,925,0,1900,6277.86069092215,1036.852434001048,486076.2240886688,413.96
1789886639,12,,Aggregated,1.500000,0.000000,1900,2100,2500,2900,3500,5000,17000,157000,486000,486000,486000,930,0,1900,6254.213009562352,1036.852434001048,486076.2240886688,412.96666666666664
1789886640,12,,Aggregated,1.500000,0.000000,1900,2100,2500,2900,3500,5000,17000,157000,486000,486000,486000,930,0,1900,6254.213009562352,1036.852434001048,486076.2240886688,412.96666666666664
1789886641,12,,Aggregated,1.500000,0.000000,1900,2100,2500,2900,3500,5000,17000,157000,486000,486000,486000,930,0,1900,6254.213009562352,1036.852434001048,486076.2240886688,412.96666666666664
1789886642,12,,Aggregated,2.300000,0.000000,1900,2100,2500,2900,3500,5000,17000,157000,486000,486000,486000,933,0,1900,6239.874793846717,1036.852434001048,486076.2240886688,412.35262593783494
1789886643,12,,Aggregated,1.800000,0.000000,1900,2100,2500,2900,3500,5000,17000,157000,486000,486000,486000,934,0,1900,6234.329469661656,1036.852434001048,486076.2240886688,412.1873661670235
1789886644,12,,Aggregated,1.800000,0.000000,1900,2100,2500,2900,3500,5000,17000,157000,486000,486000,486000,935,0,1900,6229.01468710266,1036.852434001048,486076.2240886688,411.98395721925135
1789886645,12,,Aggregated,1.600000,0.000000,1900,2100,2500,2900,3500,5000,17000,157000,486000,486000,486000,938,0,1900,6214.64469825052,1036.852434001048,486076.2240886688,411.4147121535181
1789886646,12,,Aggregated,1.800000,0.000000,1900,2100,2500,2900,3500,5000,17000,157000,486000,486000,486000,943,0,1900,6193.60747552809,1036.852434001048,486076.2240886688,410.44856839872745
1789886647,12,,Aggregated,1.800000,0.000000,1900,2100,2500,2900,3500,5000,17000,157000,486000,486000,486000,943,0,1900,6193.60747552809,1036.852434001048,486076.2240886688,410.44856839872745
1789886648,12,,Aggregated,1.800000,0.000000,1900,2100,2500,2900,3500,5000,17000,157000,486000,486000,486000,943,0,1900,6193.60747552809,1036.852434001048,486076.2240886688,410.44856839872745
1789886649,12,,Aggregated,2.300000,0.000000,1900,2100,2500,2900,3500,5000,17000,157000,486000,486000,486000,945,0,1900,6183.961695296284,1036.852434001048,486076.2240886688,410.04973544973546
1789886650,12,,Aggregated,2.300000,0.000000,1900,2100,2500,2800,3500,5000,17000,157000,486000,486000,486000,946,0,1900,6178.780917170178,1036.852434001048,486076.2240886688,409.85095137420717
1789886651,12,,Aggregated,1.500000,0.000000,1900,2100,2500,2800,3500,5000,17000,157000,486000,486000,486000,949,0,1900,6165.3040226238045,1036.852434001048,486076.2240886688,409.2950474183351
1789886652,12,,Aggregated,1.500000,0.000000,1900,2100,2500,2800,3400,5000,17000,157000,486000,486000,486000,951,0,1900,6156.645166341735,1036.852434001048,486076.2240886688,408.9390115667718
1789886653,12,,Aggregated,1.600000,0.000000,1900,2100,2500,2800,3400,5000,17000,157000,486000,486000,486000,955,0,1900,6138.268460954965,1036.852434001048,486076.2240886688,408.1937172774869
1789886654,12,,Aggregated,1.600000,0.000000,1900,2100,2500,2800,3400,5000,17000,157000,486000,486000,486000,955,0,1900,6138.268460954965,1036.852434001048,486076.2240886688,408.1937172774869
1789886655,12,,Aggregated,1.900000,0.000000,1900,2100,2500,2800,3400,5000,17000,157000,486000,486000,486000,957,0,1900,6128.27287140647,1036.852434001048,486076.2240886688,407.8045977011494
1789886656,12,,Aggregated,1.900000,0.000000,1900,2100,2500,2800,3400,5000,17000,157000,486000,486000,486000,958,0,1900,6123.067078375774,1036.852434001048,486076.2240886688,407.6106471816284
1789886657,12,,Aggregated,1.800000,0.000000,1900,2100,2500,2800,3400,4900,17000,157000,486000,486000,486000,961,0,1900,6107.916755360032,1036.852434001048,486076.2240886688,407.0686784599376
1789886658,12,,Aggregated,1.800000,0.000000,1900,2100,2500,2800,3400,4900,17000,157000,486000,486000,486000,961,0,1900,6107.916755360032,1036.852434001048,486076.2240886688,407.0686784599376
1789886659,12,,Aggregated,1.500000,0.000000,1900,2100,2500,2800,3400,4900,17000,157000,486000,486000,486000,964,0,1900,6095.0310000788295,1036.852434001048,486076.2240886688,406.53008298755185
1789886660,12,,Aggregated,1.800000,0.000000,1900,2100,2500,2800,3400,4900,17000,157000,486000,486000,486000,966,0,1900,6086.638455744298,1036.852434001048,486076.2240886688,406.18530020703935
1789886661,12,,Aggregated,1.800000,0.000000,1900,2100,2500,2800,3400,4900,17000,157000,486000,486000,486000,968,0,1900,6078.236170663215,1036.852434001048,486076.2240886688,405.8047520661157
1789886662,12,,Aggregated,1.800000,0.000000,1900,2100,2500,2800,3400,4900,17000,157000,486000,486000,486000,970,0,1900,6069.349641155661,1036.852434001048,486076.2240886688,405.4257731958763
1789886663,12,,Aggregated,2.000000,0.000000,1900,2100,2500,2800,3400,4900,17000,157000,486000,486000,486000,973,0,1900,6053.88923982116,1036.852434001048,486076.2240886688,404.8972250770812
1789886664,12,,Aggregated,2.000000,0.000000,1900,2100,2500,2800,3400,4900,17000,157000,486000,486000,486000,973,0,1900,6053.88923982116,1036.852434001048,486076.2240886688,404.8972250770812
1789886665,12,,Aggregated,1.800000,0.000000,1900,2100,2500,2800,3400,4900,17000,157000,486000,486000,486000,975,0,1900,6044.553404712808,1036.852434001048,486076.2240886688,404.5220512820513
1789886666,12,,Aggregated,1.800000,0.000000,1900,2100,2500,2800,3400,4900,17000,157000,486000,486000,486000,976,0,1900,6041.004852027651,1036.852434001048,486076.2240886688,404.3719262295082
1789886667,12,,Aggregated,1.800000,0.000000,1900,2100,2500,2800,3400,4900,17000,157000,486000,486000,486000,978,0,1900,6032.690732771972,1036.852434001048,486076.2240886688,404.03578732106337
1789886668,12,,Aggregated,1.700000,0.000000,1900,2100,2500,2800,3400,4900,17000,157000,486000,486000,486000,979,0,1900,6028.482343704788,1036.852434001048,486076.2240886688,403.84984678243103
1789886669,12,,Aggregated,1.800000,0.000000,1900,2100,2500,2800,3400,4900,17000,157000,486000,486000,486000,982,0,1900,6015.886221562106,1036.852434001048,486076.2240886688,403.29429735234214
1789886670,12,,Aggregated,1.700000,0.000000,1900,2100,2500,2800,3400,4900,17000,157000,486000,486000,486000,984,0,1900,6006.946101803849,1036.852434001048,486076.2240886688,402.9623983739837
1789886671,12,,Aggregated,2.000000,0.000000,1900,2100,2500,2800,3400,4900,17000,157000,486000,486000,486000,985,0,1900,6003.824881664961,1036.852434001048,486076.2240886688,402.77868020304567
1789886672,12,,Aggregated,2.000000,0.000000,1900,2100,2500,2800,3400,4900,17000,157000,486000,486000,486000,987,0,1900,5994.296429328254,1036.852434001048,486076.2240886688,402.4123606889564
1789886673,12,,Aggregated,1.800000,0.000000,1900,2100,2500,2800,3400,4900,17000,157000,486000,486000,486000,989,0,1900,5985.2689559049395,1036.852434001048,486076.2240886688,402.0839231547017
1789886674,12,,Aggregated,1.800000,0.000000,1900,2100,2500,2800,3400,4900,17000,157000,486000,486000,486000,990,0,1900,5980.608677597966,1036.852434001048,486076.2240886688,401.93838383838386
1789886675,12,,Aggregated,1.700000,0.000000,1900,2000,2500,2800,3400,4900,17000,157000,486000,486000,486000,993,0,1900,5966.648245122847,1034.9111989999074,486076.2240886688,401.39476334340384
1789886676,12,,Aggregated,1.700000,0.000000,1900,2000,2500,2800,3400,4900,17000,157000,486000,486000,486000,994,0,1900,5962.371821360148,1034.9111989999074,486076.2240886688,401.25050301810865
1789886677,12,,Aggregated,1.900000,0.000000,1900,2000,2500,2800,3400,4900,17000,157000,486000,486000,486000,996,0,1900,5954.436078829303,1034.9111989999074,486076.2240886688,400.890562248996
1789886678,12,,Aggregated,1.800000,0.000000,1900,2000,2500,2800,3400,4900,17000,157000,486000,486000,486000,999,0,1900,5940.7981003303175,1034.9111989999074,486076.2240886688,400.3533533533533
1789886679,12,,Aggregated,1.800000,0.000000,1900,2000,2500,2800,3400,4900,17000,157000,486000,486000,486000,999,0,1900,5940.7981003303175,1034.9111989999074,486076.2240886688,400.3533533533533
1789886680,12,,Aggregated,1.800000,0.000000,1900,2000,2500,2800,3300,4800,17000,131000,465000,486000,486000,1002,0,1900,5926.509192332322,1034.9111989999074,486076.2240886688,399.89121756487026
1789886681,12,,Aggregated,1.800000,0.000000,1900,2000,2500,2800,3300,4800,17000,131000,465000,486000,486000,1004,0,1900,5917.923988520901,1034.9111989999074,486076.2240886688,399.53685258964146
1789886682,12,,Aggregated,1.900000,0.000000,1800,2000,2500,2800,3300,4800,17000,131000,465000,486000,486000,1005,0,1800,5913.590803211924,1034.9111989999074,486076.2240886688,399.36019900497513
1789886683,12,,Aggregated,1.800000,0.000000,1800,2000,2500,2800,3300,4800,17000,131000,465000,486000,486000,1008,0,1800,5900.234389958315,1034.9111989999074,486076.2240886688,398.86805555555554
1789886684,12,,Aggregated,1.800000,0.000000,1800,2000,2500,2800,3300,4800,17000,131000,465000,486000,486000,1008,0,1800,5900.234389958315,1034.9111989999074,486076.2240886688,398.86805555555554
1789886685,12,,Aggregated,1.700000,0.000000,1800,2000,2500,2800,3300,4800,17000,131000,465000,486000,486000,1009,0,1800,5896.3187432755,1034.9111989999074,486076.2240886688,398.69276511397425
1789886686,12,,Aggregated,1.800000,0.000000,1800,2000,2500,2800,3300,4800,17000,131000,465000,486000,486000,1014,0,1800,5878.53382646152,1034.9111989999074,486076.2240886688,397.8925049309665
1789886687,12,,Aggregated,1.800000,0.000000,1800,2000,2500,2800,3300,4800,17000,131000,465000,486000,486000,1014,0,1800,5878.53382646152,1034.9111989999074,486076.2240886688,397.8925049309665
1789886688,12,,Aggregated,1.600000,0.000000,1800,2000,2500,2800,3300,4800,17000,131000,465000,486000,486000,1017,0,1800,5865.345308018665,1034.9111989999074,486076.2240886688,397.37364798426745
1789886689,12,,Aggregated,2.000000,0.000000,1800,2000,2500,2800,3300,4800,17000,131000,465000,486000,486000,1018,0,1800,5861.180045806465,1034.9111989999074,486076.2240886688,397.2367387033399
1789886690,12,,Aggregated,2.000000,0.000000,1800,2000,2500,2800,3300,4800,17000,131000,465000,486000,486000,1018,0,1800,5861.180045806465,1034.9111989999074,486076.2240886688,397.2367387033399
1789886691,12,,Aggregated,1.800000,0.000000,1800,2000,2500,2800,3300,4700,17000,131000,465000,486000,486000,1021,0,1800,5850.129596673831,1034.9111989999074,486076.2240886688,396.72184133202745
1789886692,12,,Aggregated,1.800000,0.000000,1800,2000,2500,2800,3300,4700,17000,131000,465000,486000,486000,1021,0,1800,5850.129596673831,1034.9111989999074,486076.2240886688,396.72184133202745
1789886693,12,,Aggregated,1.600000,0.000000,1800,2000,2500,2800,3300,4700,17000,131000,465000,486000,486000,1024,0,1800,5836.850735240214,1034.9111989999074,486076.2240886688,396.2451171875
1789886694,12,,Aggregated,1.700000,0.000000,1800,2000,2500,2800,3300,4700,17000,131000,465000,486000,486000,1028,0,1800,5823.218350066127,1034.9111989999074,486076.2240886688,395.59824902723733
1789886695,12,,Aggregated,1.800000,0.000000,1800,2000,2500,2800,3300,4700,17000,131000,465000,486000,486000,1030,0,1800,5814.959853852405,1034.9111989999074,486076.2240886688,395.29223300970875
1789886696,12,,Aggregated,1.800000,0.000000,1800,2000,2500,2800,3300,4700,17000,131000,465000,486000,486000,1030,0,1800,5814.959853852405,1034.9111989999074,486076.2240886688,395.29223300970875
1789886697,12,,Aggregated,1.900000,0.000000,1800,2000,2500,2800,3300,4700,17000,131000,465000,486000,486000,1032,0,1800,5805.888419682147,1034.9111989999074,486076.2240886688,394.9563953488372
1789886698,12,,Aggregated,1.900000,0.000000,1800,2000,2500,2800,3300,4700,17000,131000,465000,486000,486000,1033,0,1800,5801.5705477047195,1034.9111989999074,486076.2240886688,394.7889641819942
1789886699,12,,Aggregated,1.700000,0.000000,1800,2000,2500,2800,3300,4700,17000,131000,465000,486000,486000,1036,0,1800,5788.377563964261,1034.9111989999074,486076.2240886688,394.3233590733591
1789886700,12,,Aggregated,1.700000,0.000000,1800,2000,2500,2800,3300,4700,17000,131000,465000,486000,486000,1037,0,1800,5783.967164157159,1034.9111989999074,486076.2240886688,394.15718418514945
1789886701,12,,Aggregated,1.700000,0.000000,1800,2000,2500,2800,3300,4700,17000,131000,465000,486000,486000,1038,0,1800,5779.536470665679,1034.9111989999074,486076.2240886688,393.9913294797688
1789886702,12,,Aggregated,1.800000,0.000000,1800,2000,2500,2800,3300,4700,17000,157000,465000,486000,486000,1041,0,1800,6199.286556969672,1034.9111989999074,486076.2240886688,406.16234390009606
1789886703,12,,Aggregated,1.800000,0.000000,1800,2000,2500,2800,3300,4700,17000,157000,465000,486000,486000,1041,0,1800,6199.286556969672,1034.9111989999074,486076.2240886688,406.16234390009606
1789886704,12,,Aggregated,1.800000,0.000000,1800,2000,2500,2800,3300,4800,17000,244000,465000,486000,486000,1043,0,1800,6628.439482085621,1034.9111989999074,486076.2240886688,420.8044103547459
1789886705,12,,Aggregated,1.900000,0.000000,1800,2000,2500,2800,3300,4800,17000,244000,465000,486000,486000,1047,0,1800,6615.847017432951,1034.9111989999074,486076.2240886688,419.90735434574975
1789886706,12,,Aggregated,1.700000,0.000000,1800,2000,2500,2800,3300,4800,17000,244000,465000,486000,486000,1049,0,1800,6606.585632938322,1034.9111989999074,486076.2240886688,419.56434699714015
1789886707,12,,Aggregated,1.900000,0.000000,1800,2000,2500,2800,3300,4800,17000,244000,465000,486000,486000,1050,0,1800,6603.804588038383,1034.9111989999074,486076.2240886688,419.2390476190476
1789886708,12,,Aggregated,1.900000,0.000000,1800,2000,2500,2800,3400,4900,17000,244000,465000,486000,486000,1054,0,1800,6593.672510122674,1034.9111989999074,486076.2240886688,418.55882352941177
1789886709,12,,Aggregated,1.800000,0.000000,1800,2100,2500,2800,3400,4900,17000,244000,465000,486000,486000,1056,0,1800,6585.370447612971,1034.9111989999074,486076.2240886688,418.186553030303
1789886710,12,,Aggregated,1.800000,0.000000,1800,2100,2500,2800,3400,4900,17000,244000,465000,486000,486000,1056,0,1800,6585.370447612971,1034.9111989999074,486076.2240886688,418.186553030303
1789886711,12,,Aggregated,2.200000,0.000000,1800,2000,2500,2800,3400,4900,17000,244000,465000,486000,486000,1059,0,1800,6570.303147306229,1034.9111989999074,486076.2240886688,417.6307837582625
1789886712,12,,Aggregated,2.000000,0.000000,1800,2000,2500,2800,3300,4800,17000,244000,465000,486000,486000,1062,0,1800,6557.444321037943,1034.9111989999074,486076.2240886688,417.1120527306968
1789886713,12,,Aggregated,1.900000,0.000000,1800,2100,2500,2800,3300,4800,17000,244000,465000,486000,486000,1063,0,1800,6553.744027312601,1034.9111989999074,486076.2240886688,416.92850423330196
1789886714,12,,Aggregated,1.900000,0.000000,1800,2100,2500,2800,3300,4800,17000,244000,465000,486000,486000,1064,0,1800,6549.060697184488,1034.9111989999074,486076.2240886688,416.7453007518797
1789886715,12,,Aggregated,2.100000,0.000000,1800,2000,2500,2800,3300,4800,17000,244000,465000,486000,486000,1067,0,1800,6536.162560723799,1034.9111989999074,486076.2240886688,416.23149015932523
1789886716,12,,Aggregated,2.000000,0.000000,1800,2000,2500,2800,3300,4800,17000,244000,465000,486000,486000,1069,0,1800,6527.680893483905,1034.9111989999074,486076.2240886688,415.9017773620206
1789886717,12,,Aggregated,1.700000,0.000000,1800,2000,2500,2800,3300,4800,17000,244000,465000,486000,486000,1072,0,1800,6513.858150261468,1034.9111989999074,486076.2240886688,415.35914179104475
1789886718,12,,Aggregated,1.700000,0.000000,1800,2000,2500,2800,3300,4800,17000,244000,465000,486000,486000,1073,0,1800,6509.065711372126,1034.9111989999074,486076.2240886688,415.1789375582479
1789886719,12,,Aggregated,2.000000,0.000000,1800,2000,2500,2800,3300,4800,17000,244000,465000,486000,486000,1076,0,1800,6495.35076773819,1034.9111989999074,486076.2240886688,414.67379182156134
1789886720,12,,Aggregated,2.000000,0.000000,1800,2000,2500,2800,3300,4800,17000,244000,465000,486000,486000,1076,0,1800,6495.35076773819,1034.9111989999074,486076.2240886688,414.67379182156134
1789886721,12,,Aggregated,2.000000,0.000000,1800,2000,2500,2800,3300,4800,17000,244000,465000,486000,486000,1078,0,1800,6485.898152982647,1034.9111989999074,486076.2240886688,414.31632653061223
1789886722,12,,Aggregated,2.000000,0.000000,1800,2000,2500,2800,3300,4700,17000,244000,465000,486000,486000,1081,0,1800,6472.616749883712,1034.9111989999074,486076.2240886688,413.8159111933395
1789886723,12,,Aggregated,2.000000,0.000000,1800,2000,2500,2800,3300,4700,17000,244000,465000,486000,486000,1083,0,1800,6465.469280506271,1034.9111989999074,486076.2240886688,413.49492151431207
1789886724,12,,Aggregated,1.900000,0.000000,1800,2000,2500,2800,3300,4700,17000,244000,465000,486000,486000,1086,0,1800,6452.624881357543,1034.9111989999074,486076.2240886688,412.9659300184162
1789886725,12,,Aggregated,2.000000,0.000000,1800,2000,2500,2800,3300,4700,17000,244000,465000,486000,486000,1089,0,1800,6439.178572608165,1034.9111989999074,486076.2240886688,412.4729109274564
1789886726,12,,Aggregated,2.000000,0.000000,1800,2000,2500,2800,3300,4700,17000,244000,465000,486000,486000,1090,0,1800,6435.120171741552,1034.9111989999074,486076.2240886688,412.29816513761466
1789886727,12,,Aggregated,2.300000,0.000000,1800,2000,2500,2800,3300,4700,17000,244000,465000,486000,486000,1091,0,1800,6430.179883632717,1034.9111989999074,486076.2240886688,412.1237396883593
1789886728,12,,Aggregated,2.100000,0.000000,1800,2000,2500,2800,3300,4700,17000,244000,465000,486000,486000,1094,0,1800,6415.779619758038,1034.9111989999074,486076.2240886688,411.63528336380256
1789886729,12,,Aggregated,2.100000,0.000000,1800,2000,2500,2800,3300,4700,17000,244000,465000,486000,486000,1095,0,1800,6411.054313778352,1034.9111989999074,486076.2240886688,411.4949771689498
1789886730,12,,Aggregated,1.900000,0.000000,1800,2000,2500,2800,3300,4700,17000,244000,465000,486000,486000,1097,0,1800,6403.914280877208,1034.9111989999074,486076.2240886688,411.14949863263445
1789886731,12,,Aggregated,1.900000,0.000000,1800,2000,2500,2800,3300,4700,17000,157000,465000,486000,486000,1101,0,1800,6387.491814286376,1034.9111989999074,486076.2240886688,410.46230699364213
1789886732,12,,Aggregated,2.000000,0.000000,1800,2000,2500,2800,3300,4700,17000,157000,465000,486000,486000,1103,0,1800,6379.488794876972,1034.9111989999074,486076.2240886688,410.1532184950136
1789886733,12,,Aggregated,2.000000,0.000000,1800,2000,2500,2800,3300,4700,17000,157000,465000,486000,486000,1104,0,1800,6375.0574276216485,1034.9111989999074,486076.2240886688,409.98278985507244
1789886734,12,,Aggregated,2.000000,0.000000,1800,2000,2500,2800,3300,4700,17000,157000,465000,486000,486000,1104,0,1800,6375.0574276216485,1034.9111989999074,486076.2240886688,409.98278985507244
1789886735,12,,Aggregated,2.200000,0.000000,1800,2000,2500,2800,3300,4700,17000,157000,465000,486000,486000,1107,0,1800,6361.908842730169,1034.9111989999074,486076.2240886688,409.50587172538394
1789886736,12,,Aggregated,2.100000,0.000000,1800,2000,2500,2800,3300,4700,17000,157000,465000,486000,486000,1109,0,1800,6354.262320050764,1034.9111989999074,486076.2240886688,409.1677186654644
1789886737,12,,Aggregated,1.900000,0.000000,1800,2000,2500,2800,3300,4700,17000,157000,465000,486000,486000,1113,0,1800,6336.789198914014,1034.9111989999074,486076.2240886688,408.5274034141959
1789886738,12,,Aggregated,1.900000,0.000000,1800,2000,2500,2800,3300,4700,17000,157000,465000,486000,486000,1113,0,1800,6336.789198914014,1034.9111989999074,486076.2240886688,408.5274034141959
1789886739,12,,Aggregated,2.100000,0.000000,1800,2000,2500,2700,3300,4700,17000,157000,465000,486000,486000,1116,0,1800,6323.758184668725,1034.9111989999074,486076.2240886688,408.0546594982079
1789886740,12,,Aggregated,2.100000,0.000000,1800,2000,2500,2700,3300,4700,17000,157000,465000,486000,486000,1116,0,1800,6323.758184668725,1034.9111989999074,486076.2240886688,408.0546594982079
1789886741,12,,Aggregated,1.900000,0.000000,1800,2000,2500,2700,3300,4700,17000,157000,465000,486000,486000,1118,0,1800,6315.256827241768,1034.9111989999074,486076.2240886688,407.721824686941
1789886742,12,,Aggregated,2.000000,0.000000,1800,2000,2500,2700,3300,4700,17000,157000,465000,486000,486000,1120,0,1800,6306.171543891339,1034.9111989999074,486076.2240886688,407.4223214285714
1789886743,12,,Aggregated,1.900000,0.000000,1800,2000,2500,2700,3300,4500,17000,157000,465000,486000,486000,1122,0,1800,6297.59619217228,1034.9111989999074,486076.2240886688,407.0918003565062
1789886744,12,,Aggregated,1.800000,0.000000,1800,2000,2500,2700,3300,4500,17000,157000,465000,486000,486000,1123,0,1800,6293.255652698395,1034.9111989999074,486076.2240886688,406.92698130008904
1789886745,12,,Aggregated,1.700000,0.000000,1800,2000,2500,2700,3300,4500,17000,157000,465000,486000,486000,1126,0,1800,6282.902448477173,1034.9111989999074,486076.2240886688,406.4662522202487
1789886746,12,,Aggregated,1.800000,0.000000,1800,2000,2500,2800,3300,4700,17000,244000,470000,486000,486000,1129,0,1800,6686.023544076001,1034.9111989999074,486076.2240886688,419.3162090345438
1789886747,12,,Aggregated,1.800000,0.000000,1800,2000,2500,2800,3300,4700,17000,244000,470000,486000,486000,1129,0,1800,6686.023544076001,1034.9111989999074,486076.2240886688,419.3162090345438
1789886748,12,,Aggregated,1.800000,0.000000,1800,2000,2500,2800,3300,4700,17000,244000,470000,486000,486000,1129,0,1800,6686.023544076001,1034.9111989999074,486076.2240886688,419.3162090345438
1789886749,12,,Aggregated,1.800000,0.000000,1800,2000,2500,2800,3300,4700,17000,244000,470000,486000,486000,1130,0,1800,6682.733348788322,1034.9111989999074,486076.2240886688,419.0141592920354
1789886750,12,,Aggregated,1.600000,0.000000,1800,2000,2500,2800,3300,4700,17000,244000,470000,486000,486000,1134,0,1800,6670.293807653267,1034.9111989999074,486076.2240886688,418.3509700176367
1789886751,12,,Aggregated,1.600000,0.000000,1800,2000,2500,2800,3300,4700,17000,244000,470000,486000,486000,1136,0,1800,6662.415489166201,1034.9111989999074,486076.2240886688,418.0369718309859
1789886752,12,,Aggregated,1.700000,0.000000,1800,2000,2500,2800,3300,4700,17000,244000,470000,486000,486000,1140,0,1800,6647.550041469125,1034.9111989999074,486076.2240886688,417.38070175438594
1789886753,12,,Aggregated,2.000000,0.000000,1800,2000,2500,2800,3300,4500,17000,244000,470000,486000,486000,1142,0,1800,6639.642763745011,1034.9111989999074,486076.2240886688,417.0385288966725
1789886754,12,,Aggregated,2.000000,0.000000,1800,2000,2500,2800,3300,4500,17000,244000,470000,486000,486000,1142,0,1800,6639.642763745011,1034.9111989999074,486076.2240886688,417.0385288966725
1789886755,12,,Aggregated,2.000000,0.000000,1800,2000,2500,2800,3300,4500,17000,244000,470000,486000,486000,1142,0,1800,6639.642763745011,1034.9111989999074,486076.2240886688,417.0385288966725
1789886756,12,,Aggregated,2.000000,0.000000,1800,2000,2500,2800,3300,4500,17000,244000,470000,486000,486000,1145,0,1800,6626.288220793712,1034.9111989999074,486076.2240886688,416.5589519650655
1789886757,12,,Aggregated,1.900000,0.000000,1800,2000,2500,2800,3300,4500,17000,244000,470000,486000,486000,1147,0,1800,6617.233118152398,1034.9111989999074,486076.2240886688,416.2510897994769
1789886758,12,,Aggregated,1.900000,0.000000,1800,2000,2500,2800,3300,4500,17000,244000,470000,486000,486000,1149,0,1800,6610.109967059007,1034.9111989999074,486076.2240886688,415.9129677980853
1789886759,12,,Aggregated,1.600000,0.000000,1800,2000,2500,2800,3300,4500,17000,244000,470000,486000,486000,1154,0,1800,6591.2733264495655,1034.9111989999074,486076.2240886688,415.10398613518197
1789886760,12,,Aggregated,1.600000,0.000000,1800,2000,2500,2800,3300,4500,17000,244000,470000,486000,486000,1154,0,1800,6591.2733264495655,1034.9111989999074,486076.2240886688,415.10398613518197
1789886761,12,,Aggregated,2.000000,0.000000,1800,2000,2500,2800,3300,4500,17000,244000,470000,486000,486000,1155,0,1800,6586.538623482943,1034.9111989999074,486076.2240886688,414.9367965367965
1789886762,12,,Aggregated,2.000000,0.000000,1800,2000,2500,2800,3300,4500,17000,244000,470000,486000,486000,1155,0,1800,6586.538623482943,1034.9111989999074,486076.2240886688,414.9367965367965
1789886763,12,,Aggregated,2.100000,0.000000,1800,2000,2500,2700,3300,4500,17000,244000,470000,486000,486000,1158,0,1800,6573.3191909696025,1034.9111989999074,486076.2240886688,414.4680483592401
1789886764,12,,Aggregated,1.600000,0.000000,1800,2000,2500,2700,3300,4500,17000,244000,470000,486000,486000,1160,0,1800,6564.55578281276,1034.9111989999074,486076.2240886688,414.1362068965517
1789886765,12,,Aggregated,1.800000,0.000000,1800,2000,2500,2800,3300,4500,17000,244000,470000,486000,486000,1165,0,1800,6544.030507157769,1018.6759869993693,486076.2240886688,413.34248927038624
1789886766,12,,Aggregated,1.600000,0.000000,1800,2000,2500,2700,3300,4500,17000,244000,470000,486000,486000,1167,0,1800,6536.198485793317,1018.6759869993693,486076.2240886688,413.0454155955441
1789886767,12,,Aggregated,1.600000,0.000000,1800,2000,2500,2700,3300,4500,17000,244000,470000,486000,486000,1167,0,1800,6536.198485793317,1018.6759869993693,486076.2240886688,413.0454155955441
1789886768,12,,Aggregated,1.900000,0.000000,1800,2000,2500,2700,3300,4500,17000,244000,470000,486000,486000,1168,0,1800,6531.851132465582,1018.6759869993693,486076.2240886688,412.8818493150685
1789886769,12,,Aggregated,2.200000,0.000000,1800,2000,2500,2700,3300,4500,17000,244000,470000,486000,486000,1171,0,1800,6518.7132530245935,1018.6759869993693,486076.2240886688,412.42356959863366
1789886770,12,,Aggregated,2.200000,0.000000,1800,2000,2500,2700,3300,4500,17000,244000,470000,486000,486000,1171,0,1800,6518.7132530245935,1018.6759869993693,486076.2240886688,412.42356959863366
1789886771,12,,Aggregated,1.900000,0.000000,1800,2000,2500,2700,3300,4500,17000,244000,470000,486000,486000,1174,0,1800,6505.945671997273,1018.6759869993693,486076.2240886688,411.93696763202723
1789886772,12,,Aggregated,1.700000,0.000000,1800,2000,2500,2700,3300,4500,17000,244000,470000,486000,486000,1175,0,1800,6502.087762266211,1018.6759869993693,486076.2240886688,411.8059574468085
1789886773,12,,Aggregated,1.800000,0.000000,1800,2000,2500,2700,3300,4500,17000,244000,470000,486000,486000,1180,0,1800,6483.477699795591,1018.6759869993693,486076.2240886688,411.0322033898305
1789886774,12,,Aggregated,1.800000,0.000000,1800,2000,2500,2700,3300,4500,17000,244000,470000,486000,486000,1180,0,1800,6483.477699795591,1018.6759869993693,486076.2240886688,411.0322033898305
1789886775,12,,Aggregated,1.700000,0.000000,1800,2000,2500,2700,3300,4500,17000,244000,470000,486000,486000,1183,0,1800,6470.236831357396,1018.6759869993693,486076.2240886688,410.5832628909552
1789886776,12,,Aggregated,1.700000,0.000000,1800,2000,2500,2700,3300,4500,17000,244000,470000,486000,486000,1183,0,1800,6470.236831357396,1018.6759869993693,486076.2240886688,410.5832628909552
1789886777,12,,Aggregated,1.900000,0.000000,1800,2000,2500,2700,3300,4500,17000,244000,470000,486000,486000,1186,0,1800,6457.912910805059,1018.6759869993693,486076.2240886688,410.106239460371
1789886778,12,,Aggregated,1.900000,0.000000,1800,2000,2500,2700,3300,4500,17000,244000,470000,486000,486000,1186,0,1800,6457.912910805059,1018.6759869993693,486076.2240886688,410.106239460371
1789886779,12,,Aggregated,1.600000,0.000000,1800,2000,2500,2700,3300,4500,17000,244000,470000,486000,486000,1190,0,1800,6441.634890310756,1018.6759869993693,486076.2240886688,409.5042016806723
1789886780,12,,Aggregated,1.800000,0.000000,1800,2000,2500,2700,3300,4500,17000,244000,470000,486000,486000,1192,0,1800,6434.955681691109,1018.6759869993693,486076.2240886688,409.2197986577181
1789886781,12,,Aggregated,1.800000,0.000000,1800,2000,2500,2700,3300,4500,17000,244000,470000,486000,486000,1193,0,1800,6432.058774465885,1018.6759869993693,486076.2240886688,409.0628667225482
1789886782,12,,Aggregated,1.900000,0.000000,1800,2000,2500,2700,3300,4500,17000,244000,470000,486000,486000,1195,0,1800,6423.8562334542285,1018.6759869993693,486076.2240886688,408.77991631799165
1789886783,12,,Aggregated,2.000000,0.000000,1800,2000,2500,2700,3300,4500,17000,244000,470000,486000,486000,1197,0,1800,6414.866905538683,1018.6759869993693,486076.2240886688,408.46783625730995
1789886784,12,,Aggregated,1.900000,0.000000,1800,2000,2500,2700,3300,4500,17000,244000,470000,486000,486000,1198,0,1800,6410.803542377966,1018.6759869993693,486076.2240886688,408.3121869782972
1789886785,12,,Aggregated,2.000000,0.000000,1800,2000,2500,2700,3300,4500,17000,244000,470000,486000,486000,1199,0,1800,6406.714550968976,1018.6759869993693,486076.2240886688,408.15679733110926
1789886786,12,,Aggregated,1.700000,0.000000,1800,2000,2500,2700,3300,4400,17000,157000,470000,486000,486000,1201,0,1800,6399.046886393674,1018.6759869993693,486076.2240886688,407.8767693588676
1789886787,12,,Aggregated,1.800000,0.000000,1800,2000,2500,2700,3300,4400,17000,157000,470000,486000,486000,1204,0,1800,6387.978694621097,1018.6759869993693,486076.2240886688,407.4435215946844
1789886788,12,,Aggregated,1.600000,0.000000,1800,2000,2500,2700,3300,4400,17000,157000,470000,486000,486000,1205,0,1800,6384.901990786556,1018.6759869993693,486076.2240886688,407.2896265560166
1789886789,12,,Aggregated,1.800000,0.000000,1800,2000,2500,2700,3300,4400,17000,157000,470000,486000,486000,1209,0,1800,6369.569349601159,1018.6759869993693,486076.2240886688,406.70636889991727
1789886790,12,,Aggregated,1.800000,0.000000,1800,2000,2500,2700,3300,4400,17000,157000,470000,486000,486000,1209,0,1800,6369.569349601159,1018.6759869993693,486076.2240886688,406.70636889991727
1789886791,12,,Aggregated,1.900000,0.000000,1800,2000,2500,2700,3300,4400,17000,157000,470000,486000,486000,1210,0,1800,6365.916975888266,1018.6759869993693,486076.2240886688,406.55371900826447
1789886792,12,,Aggregated,1.900000,0.000000,1800,2000,2500,2700,3300,4400,17000,157000,470000,486000,486000,1213,0,1800,6353.542276634627,1018.6759869993693,486076.2240886688,406.1269579554823
1789886793,12,,Aggregated,1.700000,0.000000,1800,2000,2500,2700,3300,4400,17000,157000,470000,486000,486000,1214,0,1800,6349.274943606097,1018.6759869993693,486076.2240886688,406.004942339374
1789886794,12,,Aggregated,1.700000,0.000000,1800,2000,2500,2700,3300,4400,17000,157000,470000,486000,486000,1217,0,1800,6337.506095886444,1018.6759869993693,486076.2240886688,405.55135579293346
1789886795,12,,Aggregated,1.800000,0.000000,1800,2000,2500,2700,3300,4400,17000,157000,470000,486000,486000,1220,0,1800,6325.676638349838,1018.6759869993693,486076.2240886688,405.1295081967213
1789886796,12,,Aggregated,1.800000,0.000000,1800,2000,2500,2700,3300,4400,17000,157000,470000,486000,486000,1220,0,1800,6325.676638349838,1018.6759869993693,486076.2240886688,405.1295081967213
1789886797,12,,Aggregated,1.900000,0.000000,1800,2000,2500,2700,3200,4400,17000,157000,470000,486000,486000,1222,0,1800,6318.266276088217,1018.6759869993693,486076.2240886688,404.82978723404256
1789886798,12,,Aggregated,2.100000,0.000000,1800,2000,2500,2700,3200,4400,17000,157000,470000,486000,486000,1224,0,1800,6309.790881633006,1018.6759869993693,486076.2240886688,404.56045751633985
1789886799,12,,Aggregated,1.900000,0.000000,1800,2000,2500,2700,3200,4400,17000,157000,470000,486000,486000,1226,0,1800,6301.908266539805,1018.6759869993693,486076.2240886688,404.2920065252855
1789886800,12,,Aggregated,1.800000,0.000000,1800,2000,2500,2700,3200,4400,17000,157000,470000,486000,486000,1229,0,1800,6289.223317231734,1018.6759869993693,486076.2240886688,403.84703010577704
1789886801,12,,Aggregated,1.800000,0.000000,1800,2000,2500,2700,3200,4400,17000,157000,470000,486000,486000,1229,0,1800,6289.223317231734,1018.6759869993693,486076.2240886688,403.84703010577704
1789886802,12,,Aggregated,1.700000,0.000000,1800,2000,2500,2700,3200,4400,17000,157000,470000,486000,486000,1230,0,1800,6285.429051161627,1018.6759869993693,486076.2240886688,403.72845528455287
1789886803,12,,Aggregated,2.000000,0.000000,1800,2000,2500,2700,3200,4400,17000,157000,470000,486000,486000,1233,0,1800,6275.052632047689,1018.6759869993693,486076.2240886688,403.28629359286293
1789886804,12,,Aggregated,1.900000,0.000000,1800,2000,2500,2700,3200,4400,17000,157000,470000,486000,486000,1235,0,1800,6266.995243071092,1018.6759869993693,486076.2240886688,403.02186234817816
1789886805,12,,Aggregated,1.700000,0.000000,1800,2000,2500,2700,3200,4400,17000,157000,470000,486000,486000,1238,0,1800,6256.254634454604,1018.6759869993693,486076.2240886688,402.6122778675283
1789886806,12,,Aggregated,1.900000,0.000000,1800,2000,2500,2700,3200,4400,17000,157000,470000,486000,486000,1240,0,1800,6248.057388810323,1018.6759869993693,486076.2240886688,402.3209677419355
1789886807,12,,Aggregated,1.800000,0.000000,1800,2000,2400,2700,3200,4400,17000,157000,470000,486000,486000,1241,0,1800,6244.222590336664,1018.6759869993693,486076.2240886688,402.1756647864625
1789886808,12,,Aggregated,1.800000,0.000000,1800,2000,2400,2700,3200,4400,17000,157000,470000,486000,486000,1242,0,1800,6240.4115023186805,1018.6759869993693,486076.2240886688,402.0595813204509
1789886809,12,,Aggregated,1.800000,0.000000,1800,2000,2400,2700,3200,4400,17000,157000,470000,486000,486000,1242,0,1800,6240.4115023186805,1018.6759869993693,486076.2240886688,402.0595813204509
1789886810,12,,Aggregated,1.900000,0.000000,1800,2000,2400,2700,3200,4400,17000,157000,470000,486000,486000,1245,0,1800,6229.561382398233,1018.6759869993693,486076.2240886688,401.625702811245
1789886812,12,,Aggregated,1.800000,0.000000,1800,2000,2400,2700,3200,4400,17000,157000,470000,486000,486000,1247,0,1800,6221.700053721572,1018.6759869993693,486076.2240886688,401.36647955092224
1789886813,12,,Aggregated,1.600000,0.000000,1800,2000,2400,2700,3200,4400,17000,157000,470000,486000,486000,1249,0,1800,6215.330540185589,1018.6759869993693,486076.2240886688,401.0792634107286
1789886814,12,,Aggregated,1.600000,0.000000,1800,2000,2400,2700,3200,4400,14000,157000,470000,486000,486000,1253,0,1800,6202.019914951952,1018.6759869993693,486076.2240886688,400.536312849162
1789886815,12,,Aggregated,1.600000,0.000000,1800,2000,2400,2700,3200,4400,14000,157000,470000,486000,486000,1253,0,1800,6202.019914951952,1018.6759869993693,486076.2240886688,400.536312849162
1789886816,12,,Aggregated,1.900000,0.000000,1800,2000,2400,2700,3200,4400,14000,157000,470000,486000,486000,1254,0,1800,6198.237353532532,1018.6759869993693,486076.2240886688,400.42264752791067
1789886817,12,,Aggregated,2.000000,0.000000,1800,2000,2400,2700,3200,4400,14000,157000,470000,486000,486000,1257,0,1800,6186.049634246458,1018.6759869993693,486076.2240886688,399.99681782020684
1789886818,12,,Aggregated,2.000000,0.000000,1800,2000,2400,2700,3200,4400,14000,157000,470000,486000,486000,1257,0,1800,6186.049634246458,1018.6759869993693,486076.2240886688,399.99681782020684
1789886819,12,,Aggregated,1.600000,0.000000,1800,2000,2400,2700,3200,4400,14000,157000,470000,486000,486000,1260,0,1800,6175.390004101428,1018.6759869993693,486076.2240886688,399.6015873015873
1789886820,12,,Aggregated,1.600000,0.000000,1800,2000,2400,2700,3200,4400,14000,157000,470000,486000,486000,1260,0,1800,6175.390004101428,1018.6759869993693,486076.2240886688,399.6015873015873
1789886821,12,,Aggregated,1.600000,0.000000,1800,2000,2400,2700,3200,4400,14000,157000,470000,486000,486000,1264,0,1800,6161.979448098734,1018.6759869993693,486076.2240886688,399.0395569620253
1789886822,12,,Aggregated,1.800000,0.000000,1800,2000,2400,2700,3200,4400,14000,157000,470000,486000,486000,1266,0,1800,6155.115575740759,1018.6759869993693,486076.2240886688,398.8135860979463
1789886823,12,,Aggregated,1.800000,0.000000,1800,2000,2400,2700,3200,4400,14000,157000,470000,486000,486000,1267,0,1800,6151.3407256580895,1018.6759869993693,486076.2240886688,398.6740331491713
1789886824,12,,Aggregated,1.900000,0.000000,1800,2000,2400,2700,3200,4400,14000,157000,470000,486000,486000,1269,0,1800,6144.774044885577,1018.6759869993693,486076.2240886688,398.3955870764381
1789886825,12,,Aggregated,1.900000,0.000000,1800,2000,2400,2700,3200,4400,14000,157000,470000,486000,486000,1269,0,1800,6144.774044885577,1018.6759869993693,486076.2240886688,398.3955870764381
1789886826,12,,Aggregated,1.800000,0.000000,1800,2000,2400,2700,3200,4400,14000,157000,470000,486000,486000,1272,0,1800,6134.649825101256,1018.6759869993693,486076.2240886688,398.00786163522014
1789886827,12,,Aggregated,1.600000,0.000000,1800,2000,2400,2700,3200,4400,14000,157000,470000,486000,486000,1273,0,1800,6130.648803224507,1018.6759869993693,486076.2240886688,397.86959937156325
1789886828,12,,Aggregated,1.600000,0.000000,1800,2000,2400,2700,3200,4400,14000,157000,470000,486000,486000,1276,0,1800,6121.275059750626,1018.6759869993693,486076.2240886688,397.4561128526646
1789886829,12,,Aggregated,1.800000,0.000000,1800,2000,2400,2700,3200,4400,17000,244000,470000,486000,486000,1279,0,1800,6461.22534095651,1018.6759869993693,486076.2240886688,409.2580140734949
1789886830,12,,Aggregated,1.600000,0.000000,1800,2000,2400,2700,3200,4400,17000,244000,470000,486000,486000,1280,0,1800,6457.4102056479505,1018.6759869993693,486076.2240886688,409.11171875
1789886831,12,,Aggregated,1.600000,0.000000,1800,2000,2400,2700,3200,4400,17000,244000,470000,486000,486000,1280,0,1800,6457.4102056479505,1018.6759869993693,486076.2240886688,409.11171875
1789886832,12,,Aggregated,1.900000,0.000000,1800,2000,2400,2700,3200,4400,17000,244000,470000,486000,486000,1283,0,1800,6450.68798245158,1018.6759869993693,486076.2240886688,408.5619641465316
1789886833,12,,Aggregated,2.000000,0.000000,1800,2000,2400,2700,3200,4400,17000,244000,470000,486000,486000,1285,0,1800,6443.561177713913,1018.6759869993693,486076.2240886688,408.2996108949416
1789886834,12,,Aggregated,1.600000,0.000000,1800,2000,2400,2700,3200,4400,17000,244000,470000,486000,486000,1288,0,1800,6434.900489850448,1018.6759869993693,486076.2240886688,407.89363354037266
1789886835,12,,Aggregated,1.700000,0.000000,1800,2000,2400,2700,3200,4400,17000,244000,470000,486000,486000,1290,0,1800,6427.762837963084,1018.6759869993693,486076.2240886688,407.60542635658913
1789886836,12,,Aggregated,1.800000,0.000000,1800,2000,2400,2700,3200,4400,17000,244000,470000,486000,486000,1292,0,1800,6420.051402713143,1018.6759869993693,486076.2240886688,407.34287925696594
1789886837,12,,Aggregated,1.900000,0.000000,1800,2000,2400,2700,3200,4400,17000,244000,470000,486000,486000,1293,0,1800,6416.598244352962,1018.6759869993693,486076.2240886688,407.199535962877
1789886838,12,,Aggregated,1.900000,0.000000,1800,2000,2400,2700,3200,4400,17000,244000,470000,486000,486000,1293,0,1800,6416.598244352962,1018.6759869993693,486076.2240886688,407.199535962877
1789886839,12,,Aggregated,2.000000,0.000000,1800,2000,2400,2700,3200,4400,17000,244000,470000,486000,486000,1296,0,1800,6404.757722224831,1018.6759869993693,486076.2240886688,406.7708333333333
1789886840,12,,Aggregated,2.000000,0.000000,1800,2000,2400,2700,3200,4400,17000,244000,470000,486000,486000,1300,0,1800,6389.975355324908,1018.6759869993693,486076.2240886688,406.2576923076923
1789886841,12,,Aggregated,1.700000,0.000000,1800,2000,2400,2700,3200,4400,14000,157000,470000,486000,486000,1301,0,1800,6387.110718916511,1018.6759869993693,486076.2240886688,406.11606456571866
1789886842,12,,Aggregated,1.700000,0.000000,1800,2000,2400,2700,3200,4400,14000,157000,470000,486000,486000,1304,0,1800,6376.510500468852,1018.6759869993693,486076.2240886688,405.6924846625767
1789886843,12,,Aggregated,2.000000,0.000000,1800,2000,2400,2700,3200,4400,17000,244000,477000,486000,486000,1307,0,1800,6729.573780531602,1018.6759869993693,486076.2240886688,420.4835501147666
1789886844,12,,Aggregated,2.000000,0.000000,1800,2000,2400,2700,3200,4400,17000,244000,477000,486000,486000,1307,0,1800,6729.573780531602,1018.6759869993693,486076.2240886688,420.4835501147666
1789886845,12,,Aggregated,2.000000,0.000000,1800,2000,2400,2700,3200,4400,17000,244000,477000,486000,486000,1307,0,1800,6729.573780531602,1018.6759869993693,486076.2240886688,420.4835501147666
1789886846,12,,Aggregated,2.200000,0.000000,1800,2000,2400,2700,3200,4400,17000,244000,477000,486000,486000,1310,0,1800,6720.54750068153,1018.6759869993693,486076.2240886688,419.91908396946565
1789886847,12,,Aggregated,2.200000,0.000000,1800,2000,2400,2700,3200,4400,17000,244000,477000,486000,486000,1310,0,1800,6720.54750068153,1018.6759869993693,486076.2240886688,419.91908396946565
1789886848,12,,Aggregated,1.700000,0.000000,1800,2000,2400,2700,3200,4400,17000,244000,477000,486000,486000,1313,0,1800,6710.212639357811,1018.6759869993693,486076.2240886688,419.4942878903275
1789886849,12,,Aggregated,1.800000,0.000000,1800,2000,2400,2700,3200,4400,17000,244000,477000,486000,486000,1317,0,1800,6699.363094854827,1018.6759869993693,486076.2240886688,418.9217919514047
1789886850,12,,Aggregated,2.000000,0.000000,1800,2000,2400,2700,3300,4400,17000,244000,477000,486000,486000,1319,0,1800,6694.492343060506,1018.6759869993693,486076.2240886688,418.6504927975739
1789886851,12,,Aggregated,2.000000,0.000000,1800,2000,2500,2700,3300,4400,17000,244000,477000,486000,486000,1320,0,1800,6691.746986476369,1018.6759869993693,486076.2240886688,418.50151515151515
1789886852,12,,Aggregated,2.100000,0.000000,1800,2000,2400,2700,3200,4400,17000,244000,477000,486000,486000,1321,0,1800,6687.80254900591,1018.6759869993693,486076.2240886688,418.35276305828916
1789886853,12,,Aggregated,1.800000,0.000000,1800,2000,2400,2700,3200,4400,17000,244000,477000,486000,486000,1323,0,1800,6679.916224265916,1018.6759869993693,486076.2240886688,418.0559334845049
1789886854,12,,Aggregated,1.900000,0.000000,1800,2000,2400,2700,3200,4400,17000,244000,477000,486000,486000,1325,0,1800,6671.690706561364,1018.6759869993693,486076.2240886688,417.76
1789886855,12,,Aggregated,1.700000,0.000000,1800,2000,2400,2700,3200,4400,17000,244000,477000,486000,486000,1330,0,1800,6654.148971150232,1018.6759869993693,486076.2240886688,417.0781954887218
1789886856,12,,Aggregated,1.600000,0.000000,1800,2000,2400,2700,3200,4400,17000,244000,477000,486000,486000,1331,0,1800,6650.670598021643,1018.6759869993693,486076.2240886688,416.93163035311795
1789886857,12,,Aggregated,1.800000,0.000000,1800,2000,2400,2700,3200,4400,17000,244000,477000,486000,486000,1334,0,1800,6639.154494188763,1018.6759869993693,486076.2240886688,416.52023988006
1789886858,12,,Aggregated,1.800000,0.000000,1800,2000,2400,2700,3200,4400,17000,244000,477000,486000,486000,1334,0,1800,6639.154494188763,1018.6759869993693,486076.2240886688,416.52023988006
1789886859,12,,Aggregated,2.100000,0.000000,1800,2000,2400,2700,3200,4400,17000,244000,477000,486000,486000,1335,0,1800,6635.3597323871245,1018.6759869993693,486076.2240886688,416.37453183520597
1789886860,12,,Aggregated,2.400000,0.000000,1800,2000,2400,2700,3200,4400,17000,244000,477000,486000,486000,1338,0,1800,6624.407594444553,1018.6759869993693,486076.2240886688,415.9387144992526
1789886861,12,,Aggregated,2.400000,0.000000,1800,2000,2400,2700,3200,4400,17000,244000,477000,486000,486000,1338,0,1800,6624.407594444553,1018.6759869993693,486076.2240886688,415.9387144992526
1789886862,12,,Aggregated,1.800000,0.000000,1800,2000,2400,2700,3200,4400,17000,244000,477000,486000,486000,1342,0,1800,6609.8782813776525,1018.6759869993693,486076.2240886688,415.4143070044709
1789886863,12,,Aggregated,2.000000,0.000000,1800,2000,2400,2700,3200,4400,17000,244000,477000,486000,486000,1344,0,1800,6602.467551665781,1018.6759869993693,486076.2240886688,415.1532738095238
1789886864,12,,Aggregated,1.800000,0.000000,1800,2000,2400,2700,3200,4400,17000,244000,477000,486000,486000,1346,0,1800,6596.322330423336,1018.6759869993693,486076.2240886688,414.8662704309064
1789886865,12,,Aggregated,2.100000,0.000000,1800,2000,2400,2700,3200,4400,17000,244000,477000,486000,486000,1347,0,1800,6592.602966784565,1018.6759869993693,486076.2240886688,414.7230883444692
1789886866,12,,Aggregated,2.100000,0.000000,1800,2000,2400,2700,3200,4400,17000,244000,477000,486000,486000,1349,0,1800,6585.061455785625,1018.6759869993693,486076.2240886688,414.4373610081542
1789886867,12,,Aggregated,2.100000,0.000000,1800,2000,2400,2700,3200,4400,17000,244000,477000,486000,486000,1350,0,1800,6581.1716174665235,1018.6759869993693,486076.2240886688,414.2948148148148
1789886868,12,,Aggregated,1.700000,0.000000,1800,2000,2400,2700,3200,4400,14000,244000,477000,486000,486000,1354,0,1800,6567.6630812140365,1018.6759869993693,486076.2240886688,413.77991137370753
1789886869,12,,Aggregated,1.600000,0.000000,1800,2000,2400,2700,3200,4400,14000,244000,477000,486000,486000,1356,0,1800,6559.977500207822,1018.6759869993693,486076.2240886688,413.5206489675516
1789886870,12,,Aggregated,1.600000,0.000000,1800,2000,2400,2700,3200,4400,14000,244000,477000,486000,486000,1358,0,1800,6552.070014295883,1018.6759869993693,486076.2240886688,413.2385861561119
1789886871,12,,Aggregated,2.000000,0.000000,1800,2000,2400,2700,3200,4400,14000,244000,477000,486000,486000,1359,0,1800,6549.280086258137,1018.6759869993693,486076.2240886688,413.0978660779985
1789886872,12,,Aggregated,2.000000,0.000000,1800,2000,2400,2700,3200,4400,14000,244000,477000,486000,486000,1361,0,1800,6541.430981024839,1018.6759869993693,486076.2240886688,412.817046289493
1789886873,12,,Aggregated,2.000000,0.000000,1800,2000,2400,2700,3200,4400,14000,244000,477000,486000,486000,1363,0,1800,6534.338839001322,1018.6759869993693,486076.2240886688,412.5575935436537
1789886874,12,,Aggregated,1.900000,0.000000,1800,2000,2400,2700,3200,4400,14000,244000,477000,486000,486000,1365,0,1800,6526.8179670745785,1018.6759869993693,486076.2240886688,412.27838827838826
1789886875,12,,Aggregated,1.900000,0.000000,1800,2000,2400,2700,3200,4400,14000,244000,477000,486000,486000,1366,0,1800,6523.228795488141,1018.6759869993693,486076.2240886688,412.1654465592972
1789886876,12,,Aggregated,1.900000,0.000000,1800,2000,2400,2700,3200,4400,14000,244000,477000,486000,486000,1370,0,1800,6510.148679053869,1018.6759869993693,486076.2240886688,411.63649635036495
1789886877,12,,Aggregated,1.700000,0.000000,1800,2000,2400,2700,3200,4400,17000,255000,486000,496000,496000,1373,0,1800,6860.021562793555,1018.6759869993693,496239.12239074707,421.3022578295703
1789886878,12,,Aggregated,1.700000,0.000000,1800,2000,2400,2700,3200,4400,17000,255000,486000,496000,496000,1373,0,1800,6860.021562793555,1018.6759869993693,496239.12239074707,421.3022578295703
1789886879,12,,Aggregated,1.700000,0.000000,1800,2000,2400,2700,3200,4400,17000,255000,486000,496000,496000,1373,0,1800,6860.021562793555,1018.6759869993693,496239.12239074707,421.3022578295703
1789886880,12,,Aggregated,2.300000,0.000000,1800,2000,2400,2700,3200,4400,17000,255000,486000,496000,496000,1374,0,1800,6857.396012379586,1018.6759869993693,496239.12239074707,421.0524017467249
1789886881,12,,Aggregated,1.900000,0.000000,1800,2000,2400,2700,3300,4400,17000,255000,486000,496000,496000,1379,0,1800,6841.713075918453,1018.6759869993693,496239.12239074707,420.38288614938364
1789886882,12,,Aggregated,1.800000,0.000000,1800,2000,2400,2700,3300,4400,17000,255000,486000,496000,496000,1380,0,1800,6838.644764128657,1018.6759869993693,496239.12239074707,420.2391304347826
1789886883,12,,Aggregated,1.600000,0.000000,1800,2000,2400,2700,3200,4400,17000,255000,486000,496000,496000,1384,0,1800,6823.917423720048,1018.6759869993693,496239.12239074707,419.6921965317919
1789886884,12,,Aggregated,2.000000,0.000000,1800,2000,2400,2700,3200,4400,17000,255000,486000,496000,496000,1386,0,1800,6816.434962092747,1018.6759869993693,496239.12239074707,419.4069264069264
1789886885,12,,Aggregated,2.000000,0.000000,1800,2000,2400,2700,3200,4400,17000,255000,486000,496000,496000,1386,0,1800,6816.434962092747,1018.6759869993693,496239.12239074707,419.4069264069264
1789886886,12,,Aggregated,2.000000,0.000000,1800,2000,2400,2700,3200,4400,17000,255000,486000,496000,496000,1386,0,1800,6816.434962092747,1018.6759869993693,496239.12239074707,419.4069264069264
1789886887,12,,Aggregated,2.300000,0.000000,1800,2000,2400,2700,3200,4400,17000,255000,486000,496000,496000,1389,0,1800,6804.703484247333,1018.6759869993693,496239.12239074707,419.00647948164146
1789886888,12,,Aggregated,2.000000,0.000000,1800,2000,2400,2700,3200,4400,17000,255000,486000,496000,496000,1390,0,1800,6800.805819739961,1018.6759869993693,496239.12239074707,418.8906474820144
1789886889,12,,Aggregated,1.600000,0.000000,1800,2000,2400,2700,3200,4400,17000,255000,486000,496000,496000,1393,0,1800,6791.052650010443,1018.6759869993693,496239.12239074707,418.4666188083273
1789886890,12,,Aggregated,1.600000,0.000000,1800,2000,2400,2700,3200,4400,17000,255000,486000,496000,496000,1398,0,1800,6773.387637924566,1018.6759869993693,496239.12239074707,417.78969957081546
1789886891,12,,Aggregated,1.600000,0.000000,1800,2000,2400,2700,3200,4400,17000,255000,486000,496000,496000,1398,0,1800,6773.387637924566,1018.6759869993693,496239.12239074707,417.78969957081546
1789886892,12,,Aggregated,2.000000,0.000000,1800,2000,2400,2700,3200,4400,17000,255000,486000,496000,496000,1399,0,1800,6770.335275141916,1018.6759869993693,496239.12239074707,417.64974982130093
1789886893,12,,Aggregated,2.000000,0.000000,1800,2000,2400,2700,3200,4400,17000,255000,486000,496000,496000,1399,0,1800,6770.335275141916,1018.6759869993693,496239.12239074707,417.64974982130093
1789886894,12,,Aggregated,1.900000,0.000000,1800,2000,2400,2700,3200,4400,14000,244000,486000,496000,496000,1402,0,1800,6758.9416640274885,1018.6759869993693,496239.12239074707,417.28245363766047
1789886895,12,,Aggregated,1.900000,0.000000,1800,2000,2400,2700,3200,4400,14000,244000,486000,496000,496000,1404,0,1800,6751.2286995830045,1018.6759869993693,496239.12239074707,417.0042735042735
1789886896,12,,Aggregated,1.500000,0.000000,1800,2000,2400,2700,3200,4400,14000,244000,486000,496000,496000,1407,0,1800,6739.177210864634,1018.6759869993693,496239.12239074707,416.61407249466953
1789886897,12,,Aggregated,1.600000,0.000000,1800,2000,2400,2700,3200,4400,14000,244000,486000,496000,496000,1409,0,1800,6734.191654795982,1018.6759869993693,496239.12239074707,416.3378282469837
1789886898,12,,Aggregated,1.800000,0.000000,1800,2000,2400,2700,3200,4400,14000,244000,486000,496000,496000,1411,0,1800,6728.164855390176,1018.6759869993693,496239.12239074707,416.0623671155209
1789886899,12,,Aggregated,1.800000,0.000000,1800,2000,2400,2700,3200,4400,14000,244000,486000,496000,496000,1411,0,1800,6728.164855390176,1018.6759869993693,496239.12239074707,416.0623671155209
1789886900,12,,Aggregated,2.000000,0.000000,1800,2000,2400,2700,3200,4400,14000,244000,486000,496000,496000,1414,0,1800,6716.471860395712,1018.6759869993693,496239.12239074707,415.67609618104666
1789886901,12,,Aggregated,1.800000,0.000000,1800,2000,2400,2700,3200,4400,14000,244000,486000,496000,496000,1416,0,1800,6709.47566529134,1018.6759869993693,496239.12239074707,415.4279661016949
1789886902,12,,Aggregated,1.800000,0.000000,1800,2000,2400,2700,3200,4400,14000,244000,486000,496000,496000,1419,0,1800,6698.888831390091,1018.6759869993693,496239.12239074707,415.0443974630021
1789886903,12,,Aggregated,1.600000,0.000000,1800,2000,2400,2700,3200,4300,14000,244000,486000,496000,496000,1422,0,1800,6688.059843406849,1018.6759869993693,496239.12239074707,414.63713080168776
1789886904,12,,Aggregated,1.700000,0.000000,1800,2000,2400,2700,3200,4300,14000,244000,486000,496000,496000,1424,0,1800,6680.141930341668,1018.6759869993693,496239.12239074707,414.3665730337079
1789886905,12,,Aggregated,1.700000,0.000000,1800,2000,2400,2700,3200,4300,14000,244000,486000,496000,496000,1424,0,1800,6680.141930341668,1018.6759869993693,496239.12239074707,414.3665730337079
1789886906,12,,Aggregated,2.200000,0.000000,1800,2000,2400,2700,3200,4300,14000,244000,486000,496000,496000,1426,0,1800,6672.864546755636,1018.6759869993693,496239.12239074707,414.12201963534363
1789886907,12,,Aggregated,2.200000,0.000000,1800,2000,2400,2700,3200,4300,14000,244000,486000,496000,496000,1427,0,1800,6669.350801388603,1018.6759869993693,496239.12239074707,413.9873861247372
1789886908,12,,Aggregated,1.700000,0.000000,1800,2000,2400,2700,3200,4300,14000,244000,486000,496000,496000,1430,0,1800,6658.034730137438,1018.6759869993693,496239.12239074707,413.5846153846154
1789886909,12,,Aggregated,1.700000,0.000000,1800,2000,2400,2700,3200,4300,14000,244000,486000,496000,496000,1432,0,1800,6651.443902632357,1018.6759869993693,496239.12239074707,413.3421787709497
1789886910,12,,Aggregated,1.800000,0.000000,1800,2000,2400,2700,3200,4300,14000,244000,486000,496000,496000,1436,0,1800,6637.248962627114,1018.6759869993693,496239.12239074707,412.8342618384401
1789886911,12,,Aggregated,1.800000,0.000000,1800,2000,2400,2700,3200,4300,14000,244000,486000,496000,496000,1436,0,1800,6637.248962627114,1018.6759869993693,496239.12239074707,412.8342618384401
1789886912,12,,Aggregated,1.800000,0.000000,1800,2000,2400,2700,3200,4300,14000,244000,486000,496000,496000,1436,0,1800,6637.248962627114,1018.6759869993693,496239.12239074707,412.8342618384401
1789886913,12,,Aggregated,2.200000,0.000000,1800,2000,2400,2700,3200,4300,14000,244000,486000,496000,496000,1439,0,1800,6626.043021127545,1018.6759869993693,496239.12239074707,412.4614315496873
1789886914,12,,Aggregated,2.100000,0.000000,1800,2000,2400,2700,3200,4300,14000,244000,486000,496000,496000,1440,0,1800,6622.3123821948175,1018.6759869993693,496239.12239074707,412.32916666666665
1789886915,12,,Aggregated,1.700000,0.000000,1800,2000,2400,2600,3200,4200,14000,244000,486000,496000,496000,1442,0,1800,6614.845410121734,1018.6759869993693,496239.12239074707,412.0651872399445
1789886916,12,,Aggregated,1.700000,0.000000,1800,2000,2400,2600,3200,4200,14000,244000,486000,496000,496000,1443,0,1800,6611.4673820696735,1018.6759869993693,496239.12239074707,411.93347193347194
1789886917,12,,Aggregated,1.600000,0.000000,1800,2000,2400,2600,3200,4200,14000,244000,486000,496000,496000,1447,0,1800,6599.1909238974,1018.6759869993693,496239.12239074707,411.43331029716654
1789886918,12,,Aggregated,1.800000,0.000000,1800,2000,2400,2700,3200,4200,14000,244000,486000,496000,496000,1448,0,1800,6596.694073534211,1018.6759869993693,496239.12239074707,411.3273480662983
1789886919,12,,Aggregated,1.900000,0.000000,1800,2000,2400,2700,3200,4200,14000,244000,486000,496000,496000,1450,0,1800,6589.272874909336,1018.6759869993693,496239.12239074707,411.09103448275863
1789886920,12,,Aggregated,2.000000,0.000000,1800,2000,2400,2600,3200,4200,13000,244000,486000,496000,496000,1452,0,1800,6582.23764664913,1018.6759869993693,496239.12239074707,410.8305785123967
1789886921,12,,Aggregated,2.000000,0.000000,1800,2000,2400,2600,3200,4200,13000,244000,486000,496000,496000,1454,0,1800,6574.893590107658,1018.6759869993693,496239.12239074707,410.57083906464925
1789886922,12,,Aggregated,1.500000,0.000000,1800,2000,2400,2600,3200,4200,13000,244000,486000,496000,496000,1455,0,1800,6571.543589542637,1018.6759869993693,496239.12239074707,410.44123711340205
1789886923,12,,Aggregated,1.800000,0.000000,1800,2000,2400,2600,3200,4200,13000,244000,486000,496000,496000,1457,0,1800,6564.841453825352,1018.6759869993693,496239.12239074707,410.18256691832534
1789886924,12,,Aggregated,1.800000,0.000000,1800,2000,2400,2600,3200,4200,13000,244000,486000,496000,496000,1458,0,1800,6561.163864449614,1018.6759869993693,496239.12239074707,410.0781893004115
1789886925,12,,Aggregated,1.600000,0.000000,1800,2000,2400,2600,3200,4200,13000,244000,486000,496000,496000,1462,0,1800,6549.392649413503,1018.6759869993693,496239.12239074707,409.6128590971272
1789886926,12,,Aggregated,1.600000,0.000000,1800,2000,2400,2600,3200,4200,13000,244000,486000,496000,496000,1463,0,1800,6545.783515590938,1018.6759869993693,496239.12239074707,409.4846206425154
1789886927,12,,Aggregated,1.800000,0.000000,1800,2000,2400,2600,3200,4200,13000,244000,486000,496000,496000,1466,0,1800,6535.262569931474,1018.6759869993693,496239.12239074707,409.10095497953614
1789886928,12,,Aggregated,1.800000,0.000000,1800,2000,2400,2600,3200,4200,13000,244000,486000,496000,496000,1466,0,1800,6535.262569931474,1018.6759869993693,496239.12239074707,409.10095497953614
1789886929,12,,Aggregated,1.800000,0.000000,1800,2000,2400,2600,3200,4200,13000,244000,486000,496000,496000,1466,0,1800,6535.262569931474,1018.6759869993693,496239.12239074707,409.10095497953614
1789886930,12,,Aggregated,1.700000,0.000000,1700,2000,2400,2600,3200,4200,13000,244000,486000,496000,496000,1469,0,1700,6525.178866032363,1018.6759869993693,496239.12239074707,408.71885636487406
1789886931,12,,Aggregated,1.700000,0.000000,1700,2000,2400,2600,3200,4200,13000,244000,486000,496000,496000,1469,0,1700,6525.178866032363,1018.6759869993693,496239.12239074707,408.71885636487406
1789886932,12,,Aggregated,1.600000,0.000000,1800,2000,2400,2600,3200,4200,13000,244000,486000,496000,496000,1472,0,1800,6516.191250861781,1018.6759869993693,496239.12239074707,408.36005434782606
1789886933,12,,Aggregated,1.500000,0.000000,1800,2000,2400,2600,3200,4200,14000,255000,486000,496000,496000,1477,0,1800,6809.0763803152995,1018.6759869993693,496239.12239074707,416.78199052132703
1789886934,12,,Aggregated,1.500000,0.000000,1800,2000,2400,2600,3200,4200,14000,255000,486000,496000,496000,1479,0,1800,6801.970415964635,1018.6759869993693,496239.12239074707,416.51859364435427
1789886935,12,,Aggregated,1.500000,0.000000,1800,2000,2400,2600,3200,4200,14000,255000,486000,496000,496000,1479,0,1800,6801.970415964635,1018.6759869993693,496239.12239074707,416.51859364435427
1789886936,12,,Aggregated,1.500000,0.000000,1800,2000,2400,2600,3200,4200,14000,255000,486000,496000,496000,1479,0,1800,6801.970415964635,1018.6759869993693,496239.12239074707,416.51859364435427
1789886937,12,,Aggregated,2.100000,0.000000,1800,2000,2400,2700,3200,4200,14000,255000,486000,496000,496000,1480,0,1800,6799.656379895065,1018.6759869993693,496239.12239074707,416.28986486486485
1789886938,12,,Aggregated,1.600000,0.000000,1800,2000,2400,2700,3200,4200,14000,255000,486000,496000,496000,1484,0,1800,6789.097702598178,1018.6759869993693,496239.12239074707,415.78504043126685
1789886939,12,,Aggregated,1.600000,0.000000,1800,2000,2400,2700,3200,4200,14000,255000,486000,496000,496000,1484,0,1800,6789.097702598178,1018.6759869993693,496239.12239074707,415.78504043126685
1789886940,12,,Aggregated,1.600000,0.000000,1800,2000,2400,2700,3200,4200,14000,255000,486000,496000,496000,1488,0,1800,6776.279255130844,1018.6759869993693,496239.12239074707,415.3125
1789886941,12,,Aggregated,1.600000,0.000000,1800,2000,2400,2700,3200,4200,17000,256000,486000,496000,496000,1493,0,1800,7066.177061549527,1018.6759869993693,496239.12239074707,422.84259879437377
1789886942,12,,Aggregated,1.600000,0.000000,1800,2000,2400,2700,3200,4200,17000,256000,486000,496000,496000,1493,0,1800,7066.177061549527,1018.6759869993693,496239.12239074707,422.84259879437377
1789886943,12,,Aggregated,2.400000,0.000000,1800,2000,2400,2700,3200,4200,17000,256000,486000,496000,496000,1494,0,1800,7063.232579806857,1018.6759869993693,496239.12239074707,422.61178045515396
1789886944,12,,Aggregated,2.400000,0.000000,1800,2000,2400,2700,3200,4200,17000,256000,486000,496000,496000,1494,0,1800,7063.232579806857,1018.6759869993693,496239.12239074707,422.61178045515396
1789886945,12,,Aggregated,1.900000,0.000000,1800,2000,2400,2700,3200,4200,17000,256000,486000,496000,496000,1498,0,1800,7049.526085705904,1018.6759869993693,496239.12239074707,422.1001335113485
1789886946,12,,Aggregated,1.900000,0.000000,1800,2000,2400,2700,3200,4200,14000,255000,486000,496000,496000,1502,0,1800,7034.620036963011,1018.6759869993693,496239.12239074707,421.61517976031956
1789886947,12,,Aggregated,1.500000,0.000000,1800,2000,2400,2700,3200,4200,14000,255000,486000,496000,496000,1506,0,1800,7020.161205121808,1018.6759869993693,496239.12239074707,421.08499335989376
1789886948,12,,Aggregated,1.800000,0.000000,1800,2000,2400,2700,3200,4200,14000,255000,486000,496000,496000,1507,0,1800,7016.276349811841,1018.6759869993693,496239.12239074707,420.9528865295289
1789886949,12,,Aggregated,1.800000,0.000000,1800,2000,2400,2700,3200,4200,14000,255000,486000,496000,496000,1507,0,1800,7016.276349811841,1018.6759869993693,496239.12239074707,420.9528865295289
1789886950,12,,Aggregated,2.500000,0.000000,1800,2000,2400,2700,3200,4200,14000,255000,486000,496000,496000,1508,0,1800,7012.55574655202,1018.6759869993693,496239.12239074707,420.8209549071618
1789886951,12,,Aggregated,2.500000,0.000000,1800,2000,2400,2700,3200,4200,14000,255000,486000,496000,496000,1508,0,1800,7012.55574655202,1018.6759869993693,496239.12239074707,420.8209549071618
1789886952,12,,Aggregated,1.900000,0.000000,1800,2000,2400,2700,3200,4200,14000,255000,486000,496000,496000,1514,0,1800,6992.453629143624,1018.6759869993693,496239.12239074707,420.0568031704095
1789886953,12,,Aggregated,1.500000,0.000000,1800,2000,2400,2700,3200,4200,14000,255000,486000,496000,496000,1516,0,1800,6986.659295536574,1018.6759869993693,496239.12239074707,419.8430079155673
1789886954,12,,Aggregated,1.800000,0.000000,1800,2000,2400,2700,3200,4200,14000,255000,486000,496000,496000,1520,0,1800,6973.331660725951,1018.6759869993693,496239.12239074707,419.32236842105266
1789886955,12,,Aggregated,1.800000,0.000000,1800,2000,2400,2700,3200,4200,14000,255000,486000,496000,496000,1520,0,1800,6973.331660725951,1018.6759869993693,496239.12239074707,419.32236842105266
1789886956,12,,Aggregated,2.100000,0.000000,1800,2000,2400,2700,3200,4200,14000,255000,486000,496000,496000,1521,0,1800,6969.688245891154,1018.6759869993693,496239.12239074707,419.19263642340565
1789886957,12,,Aggregated,2.100000,0.000000,1800,2000,2400,2700,3200,4200,14000,255000,486000,496000,496000,1521,0,1800,6969.688245891154,1018.6759869993693,496239.12239074707,419.19263642340565
1789886958,12,,Aggregated,1.900000,0.000000,1800,2000,2400,2700,3200,4200,14000,255000,486000,496000,496000,1524,0,1800,6958.744471853966,1018.6759869993693,496239.12239074707,418.8044619422572
1789886959,12,,Aggregated,1.500000,0.000000,1800,2000,2400,2700,3200,4200,14000,255000,486000,496000,496000,1528,0,1800,6945.23347973197,1018.6759869993693,496239.12239074707,418.336387434555
1789886960,12,,Aggregated,1.500000,0.000000,1800,2000,2400,2700,3200,4200,14000,255000,486000,496000,496000,1528,0,1800,6945.23347973197,1018.6759869993693,496239.12239074707,418.336387434555
1789886961,12,,Aggregated,1.800000,0.000000,1800,2000,2400,2700,3200,4200,14000,255000,486000,496000,496000,1532,0,1800,6933.919514261389,1018.6759869993693,496239.12239074707,417.8472584856397
1789886962,12,,Aggregated,1.800000,0.000000,1800,2000,2400,2700,3200,4200,14000,255000,486000,496000,496000,1533,0,1800,6930.696957511056,1018.6759869993693,496239.12239074707,417.7195042400522
1789886963,12,,Aggregated,2.100000,0.000000,1800,2000,2400,2700,3200,4200,14000,255000,486000,496000,496000,1535,0,1800,6925.264878744916,1018.6759869993693,496239.12239074707,417.4644951140065
1789886964,12,,Aggregated,2.300000,0.000000,1800,2000,2400,2700,3200,4200,14000,255000,486000,496000,496000,1536,0,1800,6921.478327455367,1018.6759869993693,496239.12239074707,417.3372395833333
1789886965,12,,Aggregated,2.100000,0.000000,1800,2000,2400,2700,3200,4200,14000,255000,486000,496000,496000,1538,0,1800,6914.625901080263,1018.6759869993693,496239.12239074707,417.08322496749025
1789886966,12,,Aggregated,2.100000,0.000000,1800,2000,2400,2700,3200,4200,14000,255000,486000,496000,496000,1540,0,1800,6907.354023188601,1018.6759869993693,496239.12239074707,416.82987012987013
1789886967,12,,Aggregated,1.700000,0.000000,1800,2000,2400,2600,3200,4200,14000,255000,486000,496000,496000,1541,0,1800,6904.006018958108,1018.6759869993693,496239.12239074707,416.70343932511355
1789886968,12,,Aggregated,1.900000,0.000000,1800,2000,2400,2700,3200,4200,14000,255000,486000,496000,496000,1546,0,1800,6889.6266865695,1018.6759869993693,496239.12239074707,416.143596377749
1789886969,12,,Aggregated,1.900000,0.000000,1800,2000,2400,2700,3200,4200,14000,255000,486000,496000,496000,1548,0,1800,6882.286469386592,1018.6759869993693,496239.12239074707,415.89276485788116
1789886970,12,,Aggregated,1.900000,0.000000,1800,2000,2400,2700,3200,4200,14000,255000,486000,496000,496000,1548,0,1800,6882.286469386592,1018.6759869993693,496239.12239074707,415.89276485788116
1789886971,12,,Aggregated,2.300000,0.000000,1800,2000,2400,2700,3200,4200,14000,255000,486000,496000,496000,1550,0,1800,6875.621334322223,1018.6759869993693,496239.12239074707,415.6425806451613
1789886972,12,,Aggregated,2.300000,0.000000,1800,2000,2400,2600,3200,4200,13000,255000,486000,496000,496000,1552,0,1800,6868.519011127219,1018.6759869993693,496239.12239074707,415.3930412371134
1789886973,12,,Aggregated,2.000000,0.000000,1800,2000,2400,2600,3200,4200,13000,255000,486000,496000,496000,1553,0,1800,6865.485630805179,1018.6759869993693,496239.12239074707,415.26851255634256
1789886974,12,,Aggregated,1.900000,0.000000,1800,2000,2400,2600,3200,4200,13000,255000,486000,496000,496000,1557,0,1800,6852.082787487118,1018.6759869993693,496239.12239074707,414.81824020552347
1789886975,12,,Aggregated,1.800000,0.000000,1800,2000,2400,2600,3200,4200,13000,255000,486000,496000,496000,1560,0,1800,6843.271078940028,1018.6759869993693,496239.12239074707,414.4705128205128
1789886976,12,,Aggregated,1.800000,0.000000,1800,2000,2400,2600,3200,4200,13000,255000,486000,496000,496000,1560,0,1800,6843.271078940028,1018.6759869993693,496239.12239074707,414.4705128205128
1789886977,12,,Aggregated,1.800000,0.000000,1800,2000,2400,2600,3200,4100,13000,255000,486000,496000,496000,1561,0,1800,6839.751642072675,1018.6759869993693,496239.12239074707,414.3472133247918
1789886978,12,,Aggregated,2.000000,0.000000,1800,2000,2400,2600,3200,4100,13000,255000,486000,496000,496000,1562,0,1800,6836.105590445867,1018.6759869993693,496239.12239074707,414.22407170294497
1789886979,12,,Aggregated,2.100000,0.000000,1800,2000,2400,2600,3200,4100,13000,255000,486000,496000,496000,1565,0,1800,6825.897028710188,1018.6759869993693,496239.12239074707,413.8555910543131
1789886980,12,,Aggregated,2.100000,0.000000,1800,2000,2400,2600,3200,4100,13000,255000,486000,496000,496000,1566,0,1800,6822.232344913438,1018.6759869993693,496239.12239074707,413.7330779054917
1789886981,12,,Aggregated,1.700000,0.000000,1800,2000,2400,2600,3200,4100,13000,255000,486000,496000,496000,1568,0,1800,6814.937949278981,1018.6759869993693,496239.12239074707,413.51147959183675
1789886982,12,,Aggregated,1.600000,0.000000,1800,2000,2400,2600,3200,4100,13000,255000,486000,496000,496000,1571,0,1800,6804.990947391116,1018.6759869993693,496239.12239074707,413.19159770846596
1789886983,12,,Aggregated,1.600000,0.000000,1800,2000,2400,2600,3200,4100,13000,255000,486000,496000,496000,1571,0,1800,6804.990947391116,1018.6759869993693,496239.12239074707,413.19159770846596
1789886984,12,,Aggregated,1.900000,0.000000,1800,2000,2400,2600,3200,4100,13000,255000,486000,496000,496000,1574,0,1800,6796.188311623534,1018.6759869993693,496239.12239074707,412.8271918678526
1789886985,12,,Aggregated,1.900000,0.000000,1800,2000,2400,2600,3200,4100,13000,255000,486000,496000,496000,1574,0,1800,6796.188311623534,1018.6759869993693,496239.12239074707,412.8271918678526
1789886986,12,,Aggregated,1.800000,0.000000,1800,2000,2400,2600,3200,4100,13000,255000,486000,496000,496000,1578,0,1800,6783.019375712572,1018.6759869993693,496239.12239074707,412.34347275031683
1789886987,12,,Aggregated,1.900000,0.000000,1800,2000,2400,2600,3200,4100,13000,255000,486000,496000,496000,1580,0,1800,6776.063995308505,1018.6759869993693,496239.12239074707,412.1253164556962
1789886988,12,,Aggregated,1.900000,0.000000,1800,2000,2400,2600,3200,4100,13000,255000,486000,496000,496000,1580,0,1800,6776.063995308505,1018.6759869993693,496239.12239074707,412.1253164556962
1789886989,12,,Aggregated,1.800000,0.000000,1800,2000,2400,2600,3100,4100,13000,255000,486000,496000,496000,1583,0,1800,6766.7433271790505,1018.6759869993693,496239.12239074707,411.8104864181933
1789886990,12,,Aggregated,1.800000,0.000000,1800,2000,2400,2600,3100,4100,13000,255000,486000,496000,496000,1583,0,1800,6766.7433271790505,1018.6759869993693,496239.12239074707,411.8104864181933
1789886991,12,,Aggregated,1.800000,0.000000,1800,2000,2400,2600,3100,4100,13000,255000,486000,496000,496000,1586,0,1800,6757.180399962444,1018.6759869993693,496239.12239074707,411.4514501891551
1789886992,12,,Aggregated,1.900000,0.000000,1800,2000,2400,2600,3100,4100,13000,255000,486000,496000,496000,1588,0,1800,6750.545498856699,1018.6759869993693,496239.12239074707,411.21284634760707
1789886993,12,,Aggregated,1.700000,0.000000,1800,2000,2400,2600,3100,4100,13000,255000,486000,496000,496000,1589,0,1800,6747.404245492408,1018.6759869993693,496239.12239074707,411.09376966645686
1789886994,12,,Aggregated,1.800000,0.000000,1800,2000,2400,2600,3100,4100,13000,255000,486000,496000,496000,1591,0,1800,6741.841933096442,1018.6759869993693,496239.12239074707,410.8786926461345
1789886995,12,,Aggregated,1.700000,0.000000,1800,2000,2400,2600,3100,4100,13000,255000,486000,496000,496000,1595,0,1800,6729.2150557400855,1018.6759869993693,496239.12239074707,410.4501567398119
1789886996,12,,Aggregated,1.700000,0.000000,1800,2000,2400,2600,3100,4100,13000,255000,486000,496000,496000,1595,0,1800,6729.2150557400855,1018.6759869993693,496239.12239074707,410.4501567398119
1789886997,12,,Aggregated,1.800000,0.000000,1800,2000,2400,2600,3100,4100,13000,255000,486000,496000,496000,1598,0,1800,6719.384682456469,1018.6759869993693,496239.12239074707,410.09637046307887
1789886998,12,,Aggregated,1.800000,0.000000,1800,2000,2400,2600,3100,4100,13000,255000,486000,496000,496000,1598,0,1800,6719.384682456469,1018.6759869993693,496239.12239074707,410.09637046307887
1789886999,12,,Aggregated,1.700000,0.000000,1800,2000,2400,2600,3100,4000,12000,244000,486000,496000,496000,1601,0,1800,6709.536727027756,1018.6759869993693,496239.12239074707,409.7439100562149
1789887000,12,,Aggregated,1.800000,0.000000,1800,2000,2400,2600,3100,4000,12000,244000,486000,496000,496000,1602,0,1800,6706.062700503394,1018.6759869993693,496239.12239074707,409.6267166042447
1789887001,12,,Aggregated,1.800000,0.000000,1800,2000,2400,2600,3100,4000,12000,244000,486000,496000,496000,1605,0,1800,6696.861334881892,1018.6759869993693,496239.12239074707,409.29844236760124
1789887002,12,,Aggregated,1.800000,0.000000,1800,2000,2400,2600,3100,4000,12000,244000,486000,496000,496000,1605,0,1800,6696.861334881892,1018.6759869993693,496239.12239074707,409.29844236760124
1789887003,12,,Aggregated,1.900000,0.000000,1800,2000,2400,2600,3100,4000,12000,244000,486000,496000,496000,1607,0,1800,6692.006739737049,1018.6759869993693,496239.12239074707,409.1101431238332
1789887004,12,,Aggregated,1.700000,0.000000,1800,2000,2400,2600,3100,4000,12000,244000,486000,496000,496000,1610,0,1800,6682.43539324872,1018.6759869993693,496239.12239074707,408.7614906832298
1789887005,12,,Aggregated,1.700000,0.000000,1800,2000,2400,2600,3100,4000,12000,244000,486000,496000,496000,1612,0,1800,6675.571560717393,1018.6759869993693,496239.12239074707,408.529776674938
1789887006,12,,Aggregated,1.900000,0.000000,1700,2000,2400,2600,3100,4000,12000,244000,486000,496000,496000,1614,0,1700,6669.335826539305,1018.6759869993693,496239.12239074707,408.29863692688974
1789887007,12,,Aggregated,1.900000,0.000000,1700,2000,2400,2600,3100,4000,12000,244000,486000,496000,496000,1614,0,1700,6669.335826539305,1018.6759869993693,496239.12239074707,408.29863692688974
1789887008,12,,Aggregated,1.700000,0.000000,1700,2000,2400,2600,3100,4000,12000,244000,486000,496000,496000,1615,0,1700,6665.963298740209,1018.6759869993693,496239.12239074707,408.1832817337461
1789887009,12,,Aggregated,1.800000,0.000000,1700,2000,2400,2600,3100,4100,13000,255000,496000,503000,503000,1619,0,1700,6964.285255957978,1018.6759869993693,503060.1661205292,417.36812847436687
1789887010,12,,Aggregated,1.700000,0.000000,1700,2000,2400,2600,3100,4100,13000,255000,496000,503000,503000,1620,0,1700,6961.026196095042,1018.6759869993693,503060.1661205292,417.24753086419753
1789887011,12,,Aggregated,1.700000,0.000000,1700,2000,2400,2600,3100,4100,13000,255000,496000,503000,503000,1620,0,1700,6961.026196095042,1018.6759869993693,503060.1661205292,417.24753086419753
1789887012,12,,Aggregated,1.700000,0.000000,1700,2000,2400,2600,3100,4100,13000,255000,496000,503000,503000,1620,0,1700,6961.026196095042,1018.6759869993693,503060.1661205292,417.24753086419753
1789887013,12,,Aggregated,1.700000,0.000000,1800,2000,2400,2600,3200,4100,13000,255000,496000,503000,503000,1625,0,1800,6951.715767467057,1018.6759869993693,503060.1661205292,416.6024615384615
1789887014,12,,Aggregated,1.700000,0.000000,1800,2000,2400,2600,3200,4100,13000,255000,496000,503000,503000,1629,0,1800,6941.052817966217,1018.6759869993693,503060.1661205292,416.1246163290362
1789887015,12,,Aggregated,1.800000,0.000000,1800,2000,2400,2600,3200,4100,13000,255000,496000,503000,503000,1631,0,1800,6934.028571470245,1018.6759869993693,503060.1661205292,415.9086450030656
1789887016,12,,Aggregated,1.800000,0.000000,1800,2000,2400,2600,3200,4100,13000,255000,496000,503000,503000,1632,0,1800,6930.603312644588,1018.6759869993693,503060.1661205292,415.78982843137254
1789887017,12,,Aggregated,1.900000,0.000000,1800,2000,2400,2600,3200,4100,13000,255000,496000,503000,503000,1633,0,1800,6927.1673460232505,1018.6759869993693,503060.1661205292,415.671157379057
1789887018,12,,Aggregated,1.900000,0.000000,1800,2000,2400,2600,3200,4100,13000,255000,496000,503000,503000,1633,0,1800,6927.1673460232505,1018.6759869993693,503060.1661205292,415.671157379057
1789887019,12,,Aggregated,1.900000,0.000000,1800,2000,2400,2600,3200,4100,13000,255000,496000,503000,503000,1634,0,1800,6923.796101682355,1018.6759869993693,503060.1661205292,415.5746634026928
1789887020,12,,Aggregated,1.800000,0.000000,1800,2000,2400,2600,3200,4100,13000,255000,496000,503000,503000,1638,0,1800,6911.859956776538,1018.6759869993693,503060.1661205292,415.12393162393164
1789887021,12,,Aggregated,1.800000,0.000000,1800,2000,2400,2600,3100,4000,13000,255000,496000,503000,503000,1641,0,1800,6903.575469179748,1018.6759869993693,503060.1661205292,414.77087141986595
1789887022,12,,Aggregated,1.500000,0.000000,1800,2000,2400,2600,3100,4000,13000,255000,496000,503000,503000,1644,0,1800,6894.751507931247,1018.6759869993693,503060.1661205292,414.44099756690997
1789887023,12,,Aggregated,1.500000,0.000000,1800,2000,2400,2600,3100,4000,13000,255000,496000,503000,503000,1644,0,1800,6894.751507931247,1018.6759869993693,503060.1661205292,414.44099756690997
1789887024,12,,Aggregated,2.100000,0.000000,1800,2000,2400,2600,3100,4000,13000,255000,496000,503000,503000,1645,0,1800,6891.789491330681,1018.6759869993693,503060.1661205292,414.3240121580547
1789887025,12,,Aggregated,2.400000,0.000000,1800,2000,2400,2600,3100,4000,13000,255000,496000,503000,503000,1646,0,1800,6888.752230917965,1018.6759869993693,503060.1661205292,414.20716889428917
1789887026,12,,Aggregated,1.900000,0.000000,1800,2000,2400,2600,3100,4000,13000,255000,496000,503000,503000,1647,0,1800,6885.5502181426655,1018.6759869993693,503060.1661205292,414.1123254401943
1789887027,12,,Aggregated,1.600000,0.000000,1800,2000,2400,2600,3100,4000,12000,255000,496000,503000,503000,1651,0,1800,6873.029364674724,1018.6759869993693,503060.1661205292,413.6686856450636
1789887028,12,,Aggregated,1.600000,0.000000,1800,2000,2400,2600,3100,4000,12000,255000,496000,503000,503000,1652,0,1800,6869.996425513299,1018.6759869993693,503060.1661205292,413.5526634382567
1789887029,12,,Aggregated,1.500000,0.000000,1800,2000,2400,2600,3100,4000,12000,255000,496000,503000,503000,1657,0,1800,6856.049428399499,1018.6759869993693,503060.1661205292,412.9963789981895
1789887030,12,,Aggregated,1.500000,0.000000,1800,2000,2400,2600,3100,4000,12000,255000,496000,503000,503000,1657,0,1800,6856.049428399499,1018.6759869993693,503060.1661205292,412.9963789981895
1789887031,12,,Aggregated,1.900000,0.000000,1800,2000,2400,2600,3100,4000,12000,255000,496000,503000,503000,1658,0,1800,6853.100611941479,1018.6759869993693,503060.1661205292,412.88118214716525
1789887032,12,,Aggregated,2.300000,0.000000,1800,2000,2400,2600,3100,4000,12000,255000,496000,503000,503000,1660,0,1800,6846.318820169862,1018.6759869993693,503060.1661205292,412.67289156626504
1789887033,12,,Aggregated,2.300000,0.000000,1800,2000,2400,2600,3100,4000,12000,255000,496000,503000,503000,1660,0,1800,6846.318820169862,1018.6759869993693,503060.1661205292,412.67289156626504
1789887034,12,,Aggregated,1.700000,0.000000,1800,2000,2400,2600,3100,4000,12000,255000,496000,503000,503000,1663,0,1800,6837.295842122654,1018.6759869993693,503060.1661205292,412.3289236319904
1789887035,12,,Aggregated,1.600000,0.000000,1800,2000,2400,2600,3100,4000,12000,255000,496000,503000,503000,1669,0,1800,6819.069102949053,1018.6759869993693,503060.1661205292,411.66626722588376
1789887036,12,,Aggregated,1.600000,0.000000,1800,2000,2400,2600,3100,4000,12000,255000,496000,503000,503000,1669,0,1800,6819.069102949053,1018.6759869993693,503060.1661205292,411.66626722588376
1789887037,12,,Aggregated,1.800000,0.000000,1800,2000,2400,2600,3100,4000,12000,255000,496000,503000,503000,1671,0,1800,6813.497697434454,1018.6759869993693,503060.1661205292,411.46080191502097
1789887038,12,,Aggregated,2.200000,0.000000,1800,2000,2400,2600,3100,4000,12000,255000,496000,503000,503000,1673,0,1800,6807.069606393887,1018.6759869993693,503060.1661205292,411.25582785415423
1789887039,12,,Aggregated,2.200000,0.000000,1800,2000,2400,2600,3100,4000,12000,255000,496000,503000,503000,1673,0,1800,6807.069606393887,1018.6759869993693,503060.1661205292,411.25582785415423
1789887040,12,,Aggregated,1.900000,0.000000,1800,2000,2400,2600,3100,4000,12000,255000,496000,503000,503000,1676,0,1800,6797.411763700462,1018.6759869993693,503060.1661205292,410.9170644391408
1789887041,12,,Aggregated,1.900000,0.000000,1800,2000,2400,2600,3100,4000,12000,255000,496000,503000,503000,1678,0,1800,6790.873164772928,1018.6759869993693,503060.1661205292,410.7133492252682
1789887042,12,,Aggregated,1.700000,0.000000,1800,2000,2400,2600,3100,4000,12000,255000,496000,503000,503000,1682,0,1800,6780.112610714014,1018.6759869993693,503060.1661205292,410.26456599286564
1789887043,12,,Aggregated,2.000000,0.000000,1800,2000,2400,2600,3100,4000,12000,255000,496000,503000,503000,1684,0,1800,6773.661629464353,1018.6759869993693,503060.1661205292,410.062351543943
1789887044,12,,Aggregated,2.000000,0.000000,1800,2000,2400,2600,3100,4000,12000,255000,496000,503000,503000,1684,0,1800,6773.661629464353,1018.6759869993693,503060.1661205292,410.062351543943
1789887045,12,,Aggregated,2.000000,0.000000,1800,2000,2400,2600,3100,4000,12000,255000,496000,503000,503000,1684,0,1800,6773.661629464353,1018.6759869993693,503060.1661205292,410.062351543943
1789887046,12,,Aggregated,2.300000,0.000000,1800,2000,2400,2600,3100,4000,13000,256000,496000,503000,503000,1686,0,1800,7037.779755843555,1018.6759869993693,503060.1661205292,418.15599051008303
1789887047,12,,Aggregated,2.100000,0.000000,1800,2000,2400,2600,3100,4000,13000,256000,496000,503000,503000,1689,0,1800,7028.179202302685,1018.6759869993693,503060.1661205292,417.8075784487863
1789887048,12,,Aggregated,2.100000,0.000000,1800,2000,2400,2600,3100,4000,13000,256000,496000,503000,503000,1689,0,1800,7028.179202302685,1018.6759869993693,503060.1661205292,417.8075784487863
1789887049,12,,Aggregated,1.800000,0.000000,1800,2000,2400,2600,3100,4000,13000,256000,496000,503000,503000,1693,0,1800,7019.425761587262,1018.6759869993693,503060.1661205292,417.30242173656234
1789887050,12,,Aggregated,1.800000,0.000000,1800,2000,2400,2600,3100,4000,13000,256000,496000,503000,503000,1693,0,1800,7019.425761587262,1018.6759869993693,503060.1661205292,417.30242173656234
1789887051,12,,Aggregated,1.800000,0.000000,1800,2000,2400,2600,3200,4000,13000,256000,496000,503000,503000,1697,0,1800,7010.047657680751,1018.6759869993693,503060.1661205292,416.8420742486741
1789887052,12,,Aggregated,1.800000,0.000000,1800,2000,2400,2600,3200,4000,13000,256000,496000,503000,503000,1697,0,1800,7010.047657680751,1018.6759869993693,503060.1661205292,416.8420742486741
1789887053,12,,Aggregated,1.900000,0.000000,1800,2000,2400,2600,3200,4000,12000,255000,496000,503000,503000,1701,0,1800,6998.852508821419,1018.6759869993693,503060.1661205292,416.4050558495003
1789887054,12,,Aggregated,1.800000,0.000000,1800,2000,2400,2600,3200,4000,12000,255000,496000,503000,503000,1702,0,1800,6996.195130800372,1018.6759869993693,503060.1661205292,416.29083431257345
1789887055,12,,Aggregated,1.800000,0.000000,1800,2000,2400,2600,3200,4000,12000,255000,496000,503000,503000,1702,0,1800,6996.195130800372,1018.6759869993693,503060.1661205292,416.29083431257345
1789887056,12,,Aggregated,1.800000,0.000000,1800,2000,2400,2600,3200,4000,12000,255000,496000,503000,503000,1705,0,1800,6986.177645243538,1018.6759869993693,503060.1661205292,415.99120234604106
1789887057,12,,Aggregated,1.800000,0.000000,1800,2000,2400,2600,3200,4000,12000,255000,496000,503000,503000,1707,0,1800,6980.00716791402,1018.6759869993693,503060.1661205292,415.7639132981839
1789887058,12,,Aggregated,1.800000,0.000000,1800,2000,2400,2600,3200,4000,12000,255000,496000,503000,503000,1709,0,1800,6974.693669714589,1018.6759869993693,503060.1661205292,415.53715623171445
1789887059,12,,Aggregated,1.600000,0.000000,1800,2000,2400,2600,3200,4000,12000,255000,496000,503000,503000,1713,0,1800,6962.592491296107,1018.6759869993693,503060.1661205292,415.10624635143023
1789887060,12,,Aggregated,1.600000,0.000000,1800,2000,2400,2600,3200,4000,12000,255000,496000,503000,503000,1713,0,1800,6962.592491296107,1018.6759869993693,503060.1661205292,415.10624635143023
1789887061,12,,Aggregated,2.000000,0.000000,1800,2000,2400,2600,3200,4000,12000,255000,496000,503000,503000,1715,0,1800,6956.496577184391,1018.6759869993693,503060.1661205292,414.8810495626822
1789887062,12,,Aggregated,2.000000,0.000000,1800,2000,2400,2600,3200,4000,12000,255000,496000,503000,503000,1717,0,1800,6950.1918499820795,1018.6759869993693,503060.1661205292,414.69831100757136
1789887063,12,,Aggregated,1.700000,0.000000,1800,2000,2400,2600,3200,4000,12000,255000,496000,503000,503000,1719,0,1800,6944.306290598157,1018.6759869993693,503060.1661205292,414.4741128563118
1789887064,12,,Aggregated,1.700000,0.000000,1800,2000,2400,2600,3200,4000,12000,255000,496000,503000,503000,1721,0,1800,6937.741551514371,1018.6759869993693,503060.1661205292,414.25043579314354
1789887065,12,,Aggregated,1.600000,0.000000,1800,2000,2400,2600,3200,4000,12000,255000,496000,503000,503000,1725,0,1800,6925.348684279554,1018.6759869993693,503060.1661205292,413.8231884057971
1789887066,12,,Aggregated,1.600000,0.000000,1800,2000,2400,2600,3200,4000,12000,255000,496000,503000,503000,1725,0,1800,6925.348684279554,1018.6759869993693,503060.1661205292,413.8231884057971
1789887067,12,,Aggregated,1.900000,0.000000,1800,2000,2400,2600,3200,4000,12000,255000,496000,503000,503000,1727,0,1800,6919.774897003029,1018.6759869993693,503060.1661205292,413.6010422698321
1789887068,12,,Aggregated,1.900000,0.000000,1800,2000,2400,2600,3200,4000,12000,255000,496000,503000,503000,1727,0,1800,6919.774897003029,1018.6759869993693,503060.1661205292,413.6010422698321
1789887069,12,,Aggregated,2.100000,0.000000,1800,2000,2400,2600,3200,4000,12000,255000,496000,503000,503000,1730,0,1800,6910.72754208337,1018.6759869993693,503060.1661205292,413.31040462427745
1789887070,12,,Aggregated,1.800000,0.000000,1700,2000,2400,2600,3100,4000,12000,255000,496000,503000,503000,1732,0,1700,6904.621606814798,1018.6759869993693,503060.1661205292,413.1056581986143
1789887071,12,,Aggregated,2.000000,0.000000,1800,2000,2400,2600,3100,4000,12000,255000,496000,503000,503000,1734,0,1800,6900.081538686406,1018.6759869993693,503060.1661205292,412.8852364475202
1789887072,12,,Aggregated,1.700000,0.000000,1800,2000,2400,2600,3100,4000,12000,255000,496000,503000,503000,1736,0,1800,6894.232421710961,1018.6759869993693,503060.1661205292,412.6653225806452
1789887073,12,,Aggregated,1.800000,0.000000,1700,2000,2400,2600,3100,4000,12000,255000,496000,503000,503000,1739,0,1700,6884.540653743662,1018.6759869993693,503060.1661205292,412.33640023001726
1789887074,12,,Aggregated,1.800000,0.000000,1800,2000,2400,2600,3100,4000,13000,256000,498000,503000,503000,1741,0,1800,7164.663559643541,1018.6759869993693,503060.1661205292,422.1344055140724
1789887075,12,,Aggregated,1.800000,0.000000,1800,2000,2400,2600,3100,4000,13000,256000,498000,503000,503000,1741,0,1800,7164.663559643541,1018.6759869993693,503060.1661205292,422.1344055140724
1789887076,12,,Aggregated,1.800000,0.000000,1800,2000,2400,2600,3100,4000,13000,256000,498000,503000,503000,1741,0,1800,7164.663559643541,1018.6759869993693,503060.1661205292,422.1344055140724
1789887077,12,,Aggregated,2.000000,0.000000,1800,2000,2400,2700,3200,4000,13000,256000,498000,503000,503000,1744,0,1800,7158.528420699201,1018.6759869993693,503060.1661205292,421.7488532110092
1789887078,12,,Aggregated,1.600000,0.000000,1800,2000,2400,2700,3200,4000,13000,256000,498000,503000,503000,1747,0,1800,7149.7884754553,1018.6759869993693,503060.1661205292,421.40583858042356
1789887079,12,,Aggregated,1.500000,0.000000,1800,2000,2400,2700,3200,4000,12000,256000,498000,503000,503000,1751,0,1800,7140.886563920852,1018.6759869993693,503060.1661205292,420.97087378640776
1789887080,12,,Aggregated,1.700000,0.000000,1800,2000,2400,2700,3200,4000,12000,256000,498000,503000,503000,1754,0,1800,7131.312942261353,1018.6759869993693,503060.1661205292,420.63055872291903
1789887081,12,,Aggregated,1.700000,0.000000,1800,2000,2400,2700,3200,4000,12000,256000,498000,503000,503000,1754,0,1800,7131.312942261353,1018.6759869993693,503060.1661205292,420.63055872291903
1789887082,12,,Aggregated,1.700000,0.000000,1800,2000,2400,2700,3200,4000,12000,256000,498000,503000,503000,1754,0,1800,7131.312942261353,1018.6759869993693,503060.1661205292,420.63055872291903
1789887083,12,,Aggregated,1.700000,0.000000,1800,2000,2400,2700,3200,4000,12000,256000,498000,503000,503000,1754,0,1800,7131.312942261353,1018.6759869993693,503060.1661205292,420.63055872291903
1789887084,12,,Aggregated,2.200000,0.000000,1800,2000,2400,2700,3200,4000,12000,256000,498000,503000,503000,1757,0,1800,7121.546539851117,1018.6759869993693,503060.1661205292,420.33238474672737
1789887085,12,,Aggregated,1.700000,0.000000,1800,2000,2400,2700,3200,4000,12000,256000,498000,503000,503000,1759,0,1800,7115.331042783634,1018.6759869993693,503060.1661205292,420.1068789084707
1789887086,12,,Aggregated,1.700000,0.000000,1800,2000,2400,2600,3200,4000,12000,256000,498000,503000,503000,1761,0,1800,7109.369789085414,1018.6759869993693,503060.1661205292,419.88188529244746
1789887087,12,,Aggregated,1.600000,0.000000,1800,2000,2400,2600,3200,4000,12000,256000,498000,503000,503000,1767,0,1800,7093.126522279804,1018.6759869993693,503060.1661205292,419.2303338992643
1789887088,12,,Aggregated,1.600000,0.000000,1800,2000,2400,2600,3200,4000,12000,256000,498000,503000,503000,1767,0,1800,7093.126522279804,1018.6759869993693,503060.1661205292,419.2303338992643
1789887089,12,,Aggregated,1.600000,0.000000,1800,2000,2400,2600,3200,4000,12000,256000,498000,503000,503000,1767,0,1800,7093.126522279804,1018.6759869993693,503060.1661205292,419.2303338992643
1789887090,12,,Aggregated,2.300000,0.000000,1800,2000,2400,2600,3200,4000,12000,256000,498000,503000,503000,1769,0,1800,7086.9525177775095,1018.6759869993693,503060.1661205292,419.048049745619
1789887091,12,,Aggregated,2.000000,0.000000,1800,2000,2400,2600,3200,4000,12000,256000,498000,503000,503000,1770,0,1800,7084.131870721702,1018.6759869993693,503060.1661205292,418.9367231638418
1789887092,12,,Aggregated,2.000000,0.000000,1800,2000,2400,2600,3200,4000,12000,256000,498000,503000,503000,1772,0,1800,7077.603582553845,1018.6759869993693,503060.1661205292,418.71444695259595
1789887093,12,,Aggregated,1.500000,0.000000,1800,2000,2400,2600,3200,4000,12000,256000,498000,503000,503000,1776,0,1800,7065.857370232778,1018.6759869993693,503060.1661205292,418.27139639639637
1789887094,12,,Aggregated,1.500000,0.000000,1800,2000,2400,2600,3200,4000,12000,256000,498000,503000,503000,1776,0,1800,7065.857370232778,1018.6759869993693,503060.1661205292,418.27139639639637
1789887095,12,,Aggregated,1.800000,0.000000,1800,2000,2400,2700,3200,4000,12000,256000,498000,503000,503000,1780,0,1800,7057.150110744613,1018.6759869993693,503060.1661205292,417.8505617977528
1789887096,12,,Aggregated,1.800000,0.000000,1800,2000,2400,2700,3200,4000,12000,256000,498000,503000,503000,1780,0,1800,7057.150110744613,1018.6759869993693,503060.1661205292,417.8505617977528
1789887097,12,,Aggregated,1.900000,0.000000,1800,2000,2400,2700,3200,4000,12000,256000,498000,503000,503000,1782,0,1800,7050.859474924473,1018.6759869993693,503060.1661205292,417.6711560044893
1789887098,12,,Aggregated,1.900000,0.000000,1800,2000,2400,2700,3200,4000,12000,256000,498000,503000,503000,1785,0,1800,7041.473749755413,1018.6759869993693,503060.1661205292,417.3422969187675
1789887099,12,,Aggregated,1.900000,0.000000,1800,2000,2400,2700,3200,4000,12000,256000,498000,503000,503000,1785,0,1800,7041.473749755413,1018.6759869993693,503060.1661205292,417.3422969187675
1789887100,12,,Aggregated,1.500000,0.000000,1800,2000,2400,2600,3200,4000,12000,256000,498000,503000,503000,1788,0,1800,7032.465436959963,1018.6759869993693,503060.1661205292,417.0145413870246
1789887101,12,,Aggregated,1.800000,0.000000,1800,2000,2400,2700,3200,4000,12000,256000,498000,503000,503000,1790,0,1800,7026.935011694086,1018.6759869993693,503060.1661205292,416.8167597765363
1789887102,12,,Aggregated,1.800000,0.000000,1700,2000,2400,2600,3200,4000,12000,256000,498000,503000,503000,1792,0,1700,7020.728980426013,1018.6759869993693,503060.1661205292,416.59933035714283
1789887103,12,,Aggregated,1.900000,0.000000,1700,2000,2400,2700,3200,4000,12000,256000,498000,503000,503000,1795,0,1700,7011.989773247584,1018.6759869993693,503060.1661205292,416.3142061281337
1789887104,12,,Aggregated,1.900000,0.000000,1700,2000,2400,2700,3200,4000,12000,256000,498000,503000,503000,1795,0,1700,7011.989773247584,1018.6759869993693,503060.1661205292,416.3142061281337
1789887105,12,,Aggregated,2.000000,0.000000,1700,2000,2400,2600,3200,4000,12000,256000,498000,503000,503000,1798,0,1700,7002.7083866175835,1018.6759869993693,503060.1661205292,415.9899888765295
1789887106,12,,Aggregated,1.900000,0.000000,1700,2000,2400,2600,3200,4000,12000,256000,498000,503000,503000,1800,0,1700,6996.24834470023,1018.6759869993693,503060.1661205292,415.77444444444444
1789887107,12,,Aggregated,1.900000,0.000000,1700,2000,2400,2600,3200,4000,12000,255000,498000,503000,503000,1801,0,1700,6993.171204769802,1018.6759869993693,503060.1661205292,415.6668517490283
1789887108,12,,Aggregated,1.800000,0.000000,1700,2000,2400,2600,3200,4000,12000,255000,498000,503000,503000,1804,0,1700,6983.799919823955,1018.6759869993693,503060.1661205292,415.3647450110865
1789887109,12,,Aggregated,1.900000,0.000000,1700,2000,2400,2600,3200,4000,12000,255000,498000,503000,503000,1807,0,1700,6974.377626551973,1018.6759869993693,503060.1661205292,415.0835639180963
1789887110,12,,Aggregated,1.900000,0.000000,1700,2000,2400,2600,3200,4000,12000,255000,498000,503000,503000,1807,0,1700,6974.377626551973,1018.6759869993693,503060.1661205292,415.0835639180963
1789887111,12,,Aggregated,1.900000,0.000000,1700,2000,2400,2600,3200,4000,12000,255000,498000,503000,503000,1809,0,1700,6968.272656508245,1018.6759869993693,503060.1661205292,414.8700939745716
1789887112,12,,Aggregated,1.900000,0.000000,1700,2000,2400,2600,3200,4000,12000,255000,498000,503000,503000,1810,0,1700,6965.294564322328,1018.6759869993693,503060.1661205292,414.7635359116022
1789887113,12,,Aggregated,1.900000,0.000000,1700,2000,2400,2600,3200,4000,12000,255000,498000,503000,503000,1813,0,1700,6956.341175946175,1018.6759869993693,503060.1661205292,414.4445670159956
1789887114,12,,Aggregated,1.800000,0.000000,1700,2000,2400,2600,3200,4000,12000,255000,498000,503000,503000,1816,0,1700,6947.575258478203,1018.6759869993693,503060.1661205292,414.1464757709251
1789887115,12,,Aggregated,1.800000,0.000000,1700,2000,2400,2600,3200,4000,12000,255000,498000,503000,503000,1816,0,1700,6947.575258478203,1018.6759869993693,503060.1661205292,414.1464757709251
1789887116,12,,Aggregated,1.800000,0.000000,1700,2000,2400,2600,3200,4000,12000,255000,498000,503000,503000,1819,0,1700,6938.976988839701,1018.6759869993693,503060.1661205292,413.86915887850466
1789887117,12,,Aggregated,1.900000,0.000000,1700,2000,2400,2600,3200,4000,12000,255000,498000,503000,503000,1820,0,1700,6935.866255883747,1018.6759869993693,503060.1661205292,413.7637362637363
1789887118,12,,Aggregated,1.800000,0.000000,1700,2000,2400,2600,3200,4000,12000,255000,498000,503000,503000,1822,0,1700,6929.838788002973,1018.6759869993693,503060.1661205292,413.5532381997805
1789887119,12,,Aggregated,1.800000,0.000000,1700,2000,2400,2600,3200,4000,12000,255000,498000,503000,503000,1824,0,1700,6924.109964919636,1018.6759869993693,503060.1661205292,413.343201754386
1789887120,12,,Aggregated,1.800000,0.000000,1700,2000,2400,2600,3200,4000,12000,255000,498000,503000,503000,1827,0,1700,6915.141068471492,1018.6759869993693,503060.1661205292,413.0487137383689
1789887121,12,,Aggregated,1.800000,0.000000,1700,2000,2400,2600,3200,4000,12000,255000,498000,503000,503000,1828,0,1700,6912.262998687864,1018.6759869993693,503060.1661205292,412.9442013129103
1789887122,12,,Aggregated,1.800000,0.000000,1700,2000,2400,2600,3200,4000,12000,255000,498000,503000,503000,1828,0,1700,6912.262998687864,1018.6759869993693,503060.1661205292,412.9442013129103
1789887123,12,,Aggregated,1.700000,0.000000,1700,2000,2400,2600,3100,4000,12000,255000,498000,503000,503000,1831,0,1700,6903.511631566038,1018.6759869993693,503060.1661205292,412.67067176406334
1789887124,12,,Aggregated,1.800000,0.000000,1700,2000,2400,2600,3100,4000,12000,255000,498000,503000,503000,1832,0,1700,6900.7035124112535,1018.6759869993693,503060.1661205292,412.5665938864629
1789887125,12,,Aggregated,1.900000,0.000000,1700,2000,2400,2600,3100,4000,12000,255000,498000,503000,503000,1834,0,1700,6895.761929516039,1018.6759869993693,503060.1661205292,412.3587786259542
1789887126,12,,Aggregated,1.900000,0.000000,1700,2000,2400,2600,3100,4000,12000,255000,498000,503000,503000,1836,0,1700,6889.681481437591,1018.6759869993693,503060.1661205292,412.1514161220044
1789887127,12,,Aggregated,1.700000,0.000000,1700,2000,2400,2600,3100,4000,12000,255000,498000,503000,503000,1839,0,1700,6880.546771111157,1018.6759869993693,503060.1661205292,411.86079390973356
1789887128,12,,Aggregated,1.700000,0.000000,1700,2000,2400,2600,3100,4000,12000,255000,498000,503000,503000,1839,0,1700,6880.546771111157,1018.6759869993693,503060.1661205292,411.86079390973356
1789887129,12,,Aggregated,1.900000,0.000000,1700,2000,2400,2600,3100,4000,12000,255000,498000,503000,503000,1843,0,1700,6870.275474025185,1018.6759869993693,503060.1661205292,411.485621269669
1789887130,12,,Aggregated,1.900000,0.000000,1700,2000,2400,2600,3100,4000,12000,255000,498000,503000,503000,1843,0,1700,6870.275474025185,1018.6759869993693,503060.1661205292,411.485621269669
1789887131,12,,Aggregated,1.700000,0.000000,1700,2000,2400,2600,3100,4000,12000,255000,498000,503000,503000,1845,0,1700,6864.369759647379,1018.6759869993693,503060.1661205292,411.280216802168
1789887132,12,,Aggregated,1.700000,0.000000,1700,2000,2400,2600,3100,4000,12000,255000,498000,503000,503000,1846,0,1700,6861.379683728285,1018.6759869993693,503060.1661205292,411.1776814734561
1789887133,12,,Aggregated,1.700000,0.000000,1700,2000,2400,2600,3100,4000,12000,255000,498000,503000,503000,1848,0,1700,6855.278490031611,1018.6759869993693,503060.1661205292,410.99242424242425
1789887134,12,,Aggregated,1.700000,0.000000,1700,2000,2400,2600,3100,4000,11000,255000,498000,503000,503000,1851,0,1700,6847.9717269878,1018.6759869993693,503060.1661205292,410.68611561318204
1789887135,12,,Aggregated,1.500000,0.000000,1700,2000,2400,2600,3100,4000,11000,255000,498000,503000,503000,1852,0,1700,6845.042455083919,1018.6759869993693,503060.1661205292,410.5842332613391
1789887136,12,,Aggregated,1.500000,0.000000,1700,2000,2400,2600,3100,4000,11000,255000,498000,503000,503000,1854,0,1700,6839.243911352435,1018.6759869993693,503060.1661205292,410.4153182308522
1789887137,12,,Aggregated,1.800000,0.000000,1700,2000,2400,2600,3100,4000,11000,255000,498000,503000,503000,1855,0,1700,6836.213718336613,1018.6759869993693,503060.1661205292,410.31374663072774
1789887138,12,,Aggregated,1.800000,0.000000,1700,2000,2400,2600,3100,4000,11000,255000,498000,503000,503000,1856,0,1700,6833.417277523393,1018.6759869993693,503060.1661205292,410.2122844827586
1789887139,12,,Aggregated,1.600000,0.000000,1700,2000,2400,2600,3100,4000,12000,256000,503000,520000,520000,1861,0,1700,7099.571232141301,1018.6759869993693,519919.1589355469,416.77538957549706
1789887140,12,,Aggregated,1.600000,0.000000,1700,2000,2400,2600,3100,4000,12000,256000,503000,520000,520000,1863,0,1700,7093.6790754927315,1018.6759869993693,519919.1589355469,416.56629092860976
1789887141,12,,Aggregated,1.600000,0.000000,1700,2000,2400,2600,3100,4000,12000,256000,503000,520000,520000,1863,0,1700,7093.6790754927315,1018.6759869993693,519919.1589355469,416.56629092860976
1789887142,12,,Aggregated,1.600000,0.000000,1700,2000,2400,2600,3100,4000,12000,256000,503000,520000,520000,1863,0,1700,7093.6790754927315,1018.6759869993693,519919.1589355469,416.56629092860976
1789887143,12,,Aggregated,1.900000,0.000000,1700,2000,2400,2600,3200,4000,12000,256000,503000,520000,520000,1867,0,1700,7084.630680985519,1018.6759869993693,519919.1589355469,416.0915907873594
1789887144,12,,Aggregated,1.700000,0.000000,1700,2000,2400,2600,3200,4000,12000,256000,503000,520000,520000,1869,0,1700,7080.034241433366,1018.6759869993693,519919.1589355469,415.88389513108615
1789887145,12,,Aggregated,1.900000,0.000000,1700,2000,2400,2600,3200,4000,12000,256000,503000,520000,520000,1871,0,1700,7075.717126433438,1018.6759869993693,519919.1589355469,415.69588455371456
1789887146,12,,Aggregated,1.600000,0.000000,1700,2000,2400,2600,3200,4000,12000,256000,503000,520000,520000,1874,0,1700,7067.48222414459,1018.6759869993693,519919.1589355469,415.40501600853787
1789887147,12,,Aggregated,1.600000,0.000000,1700,2000,2400,2600,3200,4000,12000,256000,503000,520000,520000,1876,0,1700,7061.5438653240735,1018.6759869993693,519919.1589355469,415.1988272921109
1789887148,12,,Aggregated,1.600000,0.000000,1700,2000,2400,2600,3200,4000,12000,256000,503000,520000,520000,1876,0,1700,7061.5438653240735,1018.6759869993693,519919.1589355469,415.1988272921109
1789887149,12,,Aggregated,1.600000,0.000000,1700,2000,2400,2600,3200,4000,12000,256000,503000,520000,520000,1876,0,1700,7061.5438653240735,1018.6759869993693,519919.1589355469,415.1988272921109
1789887150,12,,Aggregated,2.100000,0.000000,1700,2000,2400,2600,3200,4000,12000,256000,503000,520000,520000,1879,0,1700,7053.587083024991,1018.6759869993693,519919.1589355469,414.9095263437999
1789887151,12,,Aggregated,1.900000,0.000000,1700,2000,2400,2600,3200,4000,12000,256000,503000,520000,520000,1881,0,1700,7048.436753154683,1018.6759869993693,519919.1589355469,414.7044125465178
1789887152,12,,Aggregated,1.500000,0.000000,1700,2000,2400,2600,3200,4000,12000,256000,503000,520000,520000,1884,0,1700,7040.24214617779,1018.6759869993693,519919.1589355469,414.4166666666667
1789887153,12,,Aggregated,1.700000,0.000000,1700,2000,2400,2600,3200,4000,12000,256000,503000,520000,520000,1886,0,1700,7034.184335545578,1018.6759869993693,519919.1589355469,414.2317073170732
1789887154,12,,Aggregated,1.700000,0.000000,1700,2000,2400,2600,3200,4000,12000,256000,503000,520000,520000,1887,0,1700,7031.23633262213,1018.6759869993693,519919.1589355469,414.12983571807104
1789887155,12,,Aggregated,2.000000,0.000000,1700,2000,2400,2600,3200,4000,12000,256000,503000,520000,520000,1888,0,1700,7029.432071914174,1018.6759869993693,519919.1589355469,414.0280720338983
1789887156,12,,Aggregated,2.000000,0.000000,1700,2000,2400,2600,3200,4000,12000,256000,503000,520000,520000,1888,0,1700,7029.432071914174,1018.6759869993693,519919.1589355469,414.0280720338983
1789887157,12,,Aggregated,1.800000,0.000000,1700,2000,2400,2600,3200,4000,12000,256000,503000,520000,520000,1891,0,1700,7020.477175224729,1018.6759869993693,519919.1589355469,413.74246430460073
1789887158,12,,Aggregated,1.800000,0.000000,1700,2000,2400,2600,3200,4000,12000,256000,503000,520000,520000,1891,0,1700,7020.477175224729,1018.6759869993693,519919.1589355469,413.74246430460073
1789887159,12,,Aggregated,1.400000,0.000000,1700,2000,2400,2600,3200,4000,12000,256000,503000,520000,520000,1898,0,1700,7006.258590244449,1018.6759869993693,519919.1589355469,413.0732349841939
1789887160,12,,Aggregated,1.400000,0.000000,1700,2000,2400,2600,3200,4000,12000,256000,503000,520000,520000,1899,0,1700,7003.489159014725,1018.6759869993693,519919.1589355469,412.97261716693
1789887161,12,,Aggregated,1.400000,0.000000,1700,2000,2400,2600,3200,4000,12000,256000,503000,520000,520000,1899,0,1700,7003.489159014725,1018.6759869993693,519919.1589355469,412.97261716693
1789887162,12,,Aggregated,2.300000,0.000000,1700,2000,2400,2600,3200,4000,11000,255000,503000,520000,520000,1901,0,1700,6997.443385291934,1018.6759869993693,519919.1589355469,412.77169910573383
1789887163,12,,Aggregated,1.900000,0.000000,1700,2000,2400,2600,3200,4000,11000,255000,503000,520000,520000,1904,0,1700,6988.703184173825,1018.6759869993693,519919.1589355469,412.49002100840335
1789887164,12,,Aggregated,1.900000,0.000000,1700,2000,2400,2600,3200,4000,11000,255000,503000,520000,520000,1904,0,1700,6988.703184173825,1018.6759869993693,519919.1589355469,412.49002100840335
1789887165,12,,Aggregated,1.600000,0.000000,1700,2000,2400,2600,3200,4000,11000,255000,503000,520000,520000,1907,0,1700,6979.90955093286,1018.6759869993693,519919.1589355469,412.209229155742
1789887166,12,,Aggregated,1.700000,0.000000,1700,2000,2400,2600,3200,4000,11000,255000,503000,520000,520000,1911,0,1700,6969.365432046553,1018.6759869993693,519919.1589355469,411.8299319727891
1789887167,12,,Aggregated,1.700000,0.000000,1700,2000,2400,2600,3200,4000,11000,255000,503000,520000,520000,1912,0,1700,6967.4448153901485,1018.6759869993693,519919.1589355469,411.73064853556485
1789887168,12,,Aggregated,1.900000,0.000000,1700,2000,2400,2600,3200,4000,11000,255000,503000,520000,520000,1913,0,1700,6964.515546399353,1018.6759869993693,519919.1589355469,411.6314688970204
1789887169,12,,Aggregated,1.900000,0.000000,1700,2000,2400,2600,3200,4000,11000,255000,503000,520000,520000,1913,0,1700,6964.515546399353,1018.6759869993693,519919.1589355469,411.6314688970204
1789887170,12,,Aggregated,2.100000,0.000000,1700,2000,2400,2600,3200,4000,11000,255000,503000,520000,520000,1916,0,1700,6956.635173049563,1018.6759869993693,519919.1589355469,411.35334029227556
1789887171,12,,Aggregated,2.200000,0.000000,1700,2000,2400,2600,3200,4000,11000,255000,503000,520000,520000,1918,0,1700,6950.531655514579,1018.6759869993693,519919.1589355469,411.174661105318
1789887172,12,,Aggregated,1.500000,0.000000,1700,2000,2400,2600,3200,4000,11000,255000,503000,520000,520000,1922,0,1700,6939.209693914133,1018.6759869993693,519919.1589355469,410.7996878251821
1789887173,12,,Aggregated,1.700000,0.000000,1700,2000,2400,2600,3200,4000,11000,255000,503000,520000,520000,1923,0,1700,6936.501232867896,1018.6759869993693,519919.1589355469,410.7015080603224
1789887174,12,,Aggregated,2.000000,0.000000,1700,2000,2400,2600,3200,4000,11000,255000,503000,520000,520000,1925,0,1700,6931.219570896085,1018.6759869993693,519919.1589355469,410.50545454545454
1789887175,12,,Aggregated,2.000000,0.000000,1700,2000,2400,2600,3200,4000,11000,255000,503000,520000,520000,1925,0,1700,6931.219570896085,1018.6759869993693,519919.1589355469,410.50545454545454
1789887176,12,,Aggregated,2.000000,0.000000,1700,2000,2400,2600,3200,4000,11000,255000,503000,520000,520000,1926,0,1700,6928.529990683783,1018.6759869993693,519919.1589355469,410.40758047767395
1789887177,12,,Aggregated,2.100000,0.000000,1700,2000,2400,2600,3200,4000,11000,255000,503000,520000,520000,1929,0,1700,6920.02189740019,1018.6759869993693,519919.1589355469,410.1518921721099
1789887178,12,,Aggregated,1.800000,0.000000,1700,2000,2400,2600,3200,4000,11000,255000,503000,520000,520000,1930,0,1700,6917.13543007304,1018.6759869993693,519919.1589355469,410.05440414507774
1789887179,12,,Aggregated,1.600000,0.000000,1700,2000,2400,2600,3200,4000,11000,255000,503000,520000,520000,1935,0,1700,6904.364996705409,1018.6759869993693,519919.1589355469,409.5870801033592
1789887180,12,,Aggregated,1.600000,0.000000,1700,2000,2400,2600,3200,4000,11000,255000,503000,520000,520000,1935,0,1700,6904.364996705409,1018.6759869993693,519919.1589355469,409.5870801033592
1789887181,12,,Aggregated,1.700000,0.000000,1700,2000,2400,2600,3200,4000,11000,255000,503000,520000,520000,1937,0,1700,6899.096627620529,1018.6759869993693,519919.1589355469,409.3933918430563
1789887182,12,,Aggregated,1.700000,0.000000,1700,2000,2400,2600,3200,4000,11000,255000,503000,520000,520000,1937,0,1700,6899.096627620529,1018.6759869993693,519919.1589355469,409.3933918430563
1789887183,12,,Aggregated,1.900000,0.000000,1700,2000,2400,2600,3200,4000,11000,255000,503000,520000,520000,1939,0,1700,6893.4904019963715,1018.6759869993693,519919.1589355469,409.2186694172254
1789887184,12,,Aggregated,1.700000,0.000000,1700,2000,2400,2600,3100,4000,11000,255000,503000,520000,520000,1941,0,1700,6887.856236619251,1018.6759869993693,519919.1589355469,409.0257599175683
1789887185,12,,Aggregated,1.600000,0.000000,1700,2000,2400,2600,3100,4000,11000,255000,503000,520000,520000,1943,0,1700,6882.944951747281,1018.6759869993693,519919.1589355469,408.85177560473494
1789887186,12,,Aggregated,1.500000,0.000000,1700,2000,2400,2600,3100,4000,11000,255000,503000,520000,520000,1945,0,1700,6877.417826059624,1018.6759869993693,519919.1589355469,408.6781491002571
1789887187,12,,Aggregated,1.600000,0.000000,1700,2000,2400,2600,3100,4000,11000,255000,503000,520000,520000,1949,0,1700,6867.291434119019,1018.6759869993693,519919.1589355469,408.29502308876346
1789887188,12,,Aggregated,1.600000,0.000000,1700,2000,2400,2600,3100,4000,11000,255000,503000,520000,520000,1949,0,1700,6867.291434119019,1018.6759869993693,519919.1589355469,408.29502308876346
1789887189,12,,Aggregated,1.800000,0.000000,1700,2000,2400,2600,3100,4000,11000,255000,503000,520000,520000,1950,0,1700,6864.332448298958,1018.6759869993693,519919.1589355469,408.19948717948716
1789887190,12,,Aggregated,2.000000,0.000000,1700,2000,2400,2600,3100,4000,9500,255000,503000,520000,520000,1952,0,1700,6858.756132363201,1018.6759869993693,519919.1589355469,408.02715163934425
1789887191,12,,Aggregated,1.900000,0.000000,1700,2000,2400,2600,3100,4000,9500,255000,503000,520000,520000,1953,0,1700,6855.935665154617,1018.6759869993693,519919.1589355469,407.93189964157705
1789887192,12,,Aggregated,1.600000,0.000000,1700,2000,2400,2600,3100,4000,9500,255000,503000,520000,520000,1955,0,1700,6850.460542359575,1018.6759869993693,519919.1589355469,407.76010230179025
1789887193,12,,Aggregated,1.700000,0.000000,1700,2000,2400,2600,3100,4000,11000,256000,503000,520000,520000,1959,0,1700,7091.2711475141,1018.6759869993693,519919.1589355469,417.13884635017865
1789887194,12,,Aggregated,1.700000,0.000000,1700,2000,2400,2600,3100,4000,11000,256000,503000,520000,520000,1961,0,1700,7085.521513322347,1018.6759869993693,519919.1589355469,416.95410504844466
1789887195,12,,Aggregated,1.700000,0.000000,1700,2000,2400,2600,3100,4000,11000,256000,503000,520000,520000,1961,0,1700,7085.521513322347,1018.6759869993693,519919.1589355469,416.95410504844466
1789887196,12,,Aggregated,1.700000,0.000000,1700,2000,2400,2600,3100,4000,11000,256000,503000,520000,520000,1961,0,1700,7085.521513322347,1018.6759869993693,519919.1589355469,416.95410504844466
1789887197,12,,Aggregated,2.000000,0.000000,1700,2000,2400,2600,3200,4000,11000,256000,503000,520000,520000,1966,0,1700,7076.1106767004685,1018.6759869993693,519919.1589355469,416.4033570701933
1789887198,12,,Aggregated,1.700000,0.000000,1700,2000,2400,2600,3200,4000,11000,256000,503000,520000,520000,1967,0,1700,7073.771958815008,1018.6759869993693,519919.1589355469,416.3045246568378
1789887199,12,,Aggregated,1.700000,0.000000,1700,2000,2400,2600,3200,4000,11000,256000,503000,520000,520000,1969,0,1700,7068.063395615094,1018.6759869993693,519919.1589355469,416.1254443880142
1789887200,12,,Aggregated,1.700000,0.000000,1700,2000,2400,2600,3200,4000,11000,256000,503000,520000,520000,1969,0,1700,7068.063395615094,1018.6759869993693,519919.1589355469,416.1254443880142
1789887201,12,,Aggregated,2.000000,0.000000,1700,2000,2400,2600,3200,4000,11000,256000,503000,520000,520000,1974,0,1700,7057.481210087193,1018.6759869993693,519919.1589355469,415.65197568389056
1789887202,12,,Aggregated,2.000000,0.000000,1700,2000,2400,2600,3200,4000,11000,256000,503000,520000,520000,1974,0,1700,7057.481210087193,1018.6759869993693,519919.1589355469,415.65197568389056
1789887203,12,,Aggregated,2.000000,0.000000,1700,2000,2400,2600,3200,4000,11000,256000,503000,520000,520000,1974,0,1700,7057.481210087193,1018.6759869993693,519919.1589355469,415.65197568389056
1789887204,12,,Aggregated,2.000000,0.000000,1700,2000,2400,2600,3200,4000,11000,256000,503000,520000,520000,1974,0,1700,7057.481210087193,1018.6759869993693,519919.1589355469,415.65197568389056
1789887205,12,,Aggregated,1.900000,0.000000,1700,2000,2400,2600,3200,4000,11000,256000,503000,520000,520000,1979,0,1700,7045.607195533665,1018.6759869993693,519919.1589355469,415.18089944416374
1789887206,12,,Aggregated,1.900000,0.000000,1700,2000,2400,2600,3200,4000,11000,256000,503000,520000,520000,1979,0,1700,7045.607195533665,1018.6759869993693,519919.1589355469,415.18089944416374
1789887207,12,,Aggregated,1.900000,0.000000,1700,2000,2400,2600,3200,4000,11000,256000,503000,520000,520000,1979,0,1700,7045.607195533665,1018.6759869993693,519919.1589355469,415.18089944416374
1789887208,12,,Aggregated,1.800000,0.000000,1700,2000,2400,2600,3200,4000,11000,256000,503000,520000,520000,1983,0,1700,7037.977058387857,1018.6759869993693,519919.1589355469,414.7912254160363
1789887209,12,,Aggregated,1.800000,0.000000,1700,2000,2400,2600,3200,4000,11000,256000,503000,520000,520000,1984,0,1700,7035.8745493261695,1018.6759869993693,519919.1589355469,414.6940524193548
1789887210,12,,Aggregated,1.300000,0.000000,1700,2000,2400,2600,3200,4000,12000,353000,507000,520000,520000,1986,0,1700,7287.168838648751,1018.6759869993693,519919.1589355469,421.8710976837865
1789887211,12,,Aggregated,1.400000,0.000000,1700,2000,2400,2700,3200,4100,12000,353000,507000,520000,520000,1989,0,1700,7281.257108291313,1018.6759869993693,519919.1589355469,421.6058320764203
1789887212,12,,Aggregated,1.500000,0.000000,1700,2000,2400,2700,3200,4100,12000,353000,507000,520000,520000,1990,0,1700,7278.985542142925,1018.6759869993693,519919.1589355469,421.5055276381909
1789887213,12,,Aggregated,1.700000,0.000000,1700,2000,2400,2700,3200,4100,12000,353000,507000,520000,520000,1991,0,1700,7276.627904586851,1018.6759869993693,519919.1589355469,421.4234053239578
1789887214,12,,Aggregated,1.700000,0.000000,1700,2000,2400,2700,3200,4100,12000,353000,507000,520000,520000,1991,0,1700,7276.627904586851,1018.6759869993693,519919.1589355469,421.4234053239578
1789887215,12,,Aggregated,1.700000,0.000000,1700,2000,2400,2700,3200,4100,12000,353000,507000,520000,520000,1991,0,1700,7276.627904586851,1018.6759869993693,519919.1589355469,421.4234053239578
1789887216,12,,Aggregated,1.700000,0.000000,1700,2000,2400,2700,3200,4100,12000,353000,507000,520000,520000,1997,0,1700,7265.549770879028,1018.6759869993693,519919.1589355469,420.7521281922884
1789887217,12,,Aggregated,1.600000,0.000000,1700,2000,2400,2700,3200,4100,12000,353000,507000,520000,520000,1998,0,1700,7263.786558857567,1018.6759869993693,519919.1589355469,420.65265265265265
1789887218,12,,Aggregated,1.200000,0.000000,1700,2000,2400,2700,3200,4200,12000,353000,507000,520000,520000,2000,0,1700,7260.609118906709,1018.6759869993693,519919.1589355469,420.472
1789887219,12,,Aggregated,1.800000,0.000000,1700,2000,2400,2700,3200,4100,11000,256000,503000,520000,520000,2004,0,1700,7249.03104838045,1018.6759869993693,519919.1589355469,420.0938123752495
1789887220,12,,Aggregated,1.900000,0.000000,1700,2000,2400,2700,3200,4100,11000,256000,503000,520000,520000,2005,0,1700,7247.462302405696,1018.6759869993693,519919.1589355469,420.0129675810474
1789887221,12,,Aggregated,1.900000,0.000000,1700,2000,2400,2700,3200,4100,11000,256000,503000,520000,520000,2005,0,1700,7247.462302405696,1018.6759869993693,519919.1589355469,420.0129675810474
1789887222,12,,Aggregated,1.900000,0.000000,1700,2000,2400,2700,3200,4100,11000,256000,503000,520000,520000,2005,0,1700,7247.462302405696,1018.6759869993693,519919.1589355469,420.0129675810474
1789887223,12,,Aggregated,1.900000,0.000000,1700,2000,2400,2700,3200,4100,11000,256000,503000,520000,520000,2010,0,1700,7234.974919713641,1018.6759869993693,519919.1589355469,419.52039800995027
1789887224,12,,Aggregated,1.600000,0.000000,1700,2000,2400,2700,3200,4100,11000,256000,503000,520000,520000,2012,0,1700,7230.610191157265,1018.6759869993693,519919.1589355469,419.32405566600397
1789887225,12,,Aggregated,1.500000,0.000000,1700,2000,2400,2700,3200,4100,11000,256000,503000,520000,520000,2015,0,1700,7221.833556899462,1018.6759869993693,519919.1589355469,419.0481389578164
1789887226,12,,Aggregated,1.900000,0.000000,1700,2000,2400,2700,3200,4100,11000,256000,503000,520000,520000,2017,0,1700,7215.990532782555,1018.6759869993693,519919.1589355469,418.8884481903818
1789887227,12,,Aggregated,2.100000,0.000000,1700,2000,2400,2700,3200,4100,11000,256000,503000,520000,520000,2018,0,1700,7213.030567873842,1018.6759869993693,519919.1589355469,418.79088206144695
1789887228,12,,Aggregated,2.100000,0.000000,1700,2000,2400,2700,3200,4100,11000,256000,503000,520000,520000,2018,0,1700,7213.030567873842,1018.6759869993693,519919.1589355469,418.79088206144695
1789887229,12,,Aggregated,2.100000,0.000000,1700,2000,2400,2700,3200,4100,11000,256000,503000,520000,520000,2018,0,1700,7213.030567873842,1018.6759869993693,519919.1589355469,418.79088206144695
1789887230,12,,Aggregated,2.000000,0.000000,1700,2000,2400,2700,3200,4100,11000,256000,503000,520000,520000,2021,0,1700,7204.547556470268,1018.6759869993693,519919.1589355469,418.4987629886195
1789887231,12,,Aggregated,1.800000,0.000000,1700,2000,2400,2700,3200,4100,11000,256000,503000,520000,520000,2026,0,1700,7192.369627663087,1018.6759869993693,519919.1589355469,418.0138203356367
1789887232,12,,Aggregated,1.400000,0.000000,1700,2000,2400,2700,3200,4100,11000,256000,503000,520000,520000,2029,0,1700,7184.615185273245,1018.6759869993693,519919.1589355469,417.7594874322326
1789887233,12,,Aggregated,1.600000,0.000000,1700,2000,2400,2700,3200,4100,11000,256000,503000,520000,520000,2030,0,1700,7181.886860911533,1018.6759869993693,519919.1589355469,417.6807881773399
1789887234,12,,Aggregated,2.100000,0.000000,1700,2000,2400,2700,3200,4100,11000,256000,503000,520000,520000,2031,0,1700,7178.940752599908,1018.6759869993693,519919.1589355469,417.58444116198916
1789887235,12,,Aggregated,2.100000,0.000000,1700,2000,2400,2700,3200,4100,11000,256000,503000,520000,520000,2031,0,1700,7178.940752599908,1018.6759869993693,519919.1589355469,417.58444116198916
1789887236,12,,Aggregated,2.000000,0.000000,1700,2000,2400,2700,3200,4100,11000,256000,503000,520000,520000,2034,0,1700,7170.603408766181,1018.6759869993693,519919.1589355469,417.2959685349066
1789887237,12,,Aggregated,1.900000,0.000000,1700,2000,2400,2700,3200,4100,11000,256000,503000,520000,520000,2035,0,1700,7167.7529855682615,1018.6759869993693,519919.1589355469,417.2
1789887238,12,,Aggregated,1.600000,0.000000,1700,2000,2400,2700,3200,4100,11000,256000,503000,520000,520000,2037,0,1700,7162.757508633977,1018.6759869993693,519919.1589355469,417.00834560628374
1789887239,12,,Aggregated,1.700000,0.000000,1700,2000,2400,2700,3200,4100,11000,256000,503000,520000,520000,2041,0,1700,7153.025468583249,1018.6759869993693,519919.1589355469,416.66144047035766
1789887240,12,,Aggregated,1.700000,0.000000,1700,2000,2400,2700,3200,4100,11000,256000,503000,520000,520000,2043,0,1700,7148.4922562606025,1018.6759869993693,519919.1589355469,416.48849730788055
1789887241,12,,Aggregated,1.700000,0.000000,1700,2000,2400,2700,3200,4100,11000,256000,503000,520000,520000,2043,0,1700,7148.4922562606025,1018.6759869993693,519919.1589355469,416.48849730788055
1789887242,12,,Aggregated,2.300000,0.000000,1700,2000,2400,2700,3200,4100,11000,256000,503000,520000,520000,2046,0,1700,7140.151910885832,1018.6759869993693,519919.1589355469,416.20332355816225
1789887243,12,,Aggregated,2.300000,0.000000,1700,2000,2400,2700,3200,4100,11000,256000,503000,520000,520000,2046,0,1700,7140.151910885832,1018.6759869993693,519919.1589355469,416.20332355816225
1789887244,12,,Aggregated,1.700000,0.000000,1700,2000,2400,2700,3200,4100,11000,256000,503000,520000,520000,2047,0,1700,7137.2779732811,1018.6759869993693,519919.1589355469,416.1084513922814
1789887245,12,,Aggregated,1.700000,0.000000,1700,2000,2400,2700,3200,4100,9500,256000,503000,520000,520000,2052,0,1700,7124.122102228268,1018.6759869993693,519919.1589355469,415.6530214424951
1789887246,12,,Aggregated,1.600000,0.000000,1700,2000,2400,2700,3200,4100,9500,256000,503000,520000,520000,2053,0,1700,7121.845895045011,1018.6759869993693,519919.1589355469,415.5762299074525
1789887247,12,,Aggregated,1.600000,0.000000,1700,2000,2400,2700,3200,4100,9500,256000,503000,520000,520000,2055,0,1700,7116.405788303362,1018.6759869993693,519919.1589355469,415.4053527980535
1789887248,12,,Aggregated,1.600000,0.000000,1700,2000,2400,2700,3200,4100,9500,256000,503000,520000,520000,2055,0,1700,7116.405788303362,1018.6759869993693,519919.1589355469,415.4053527980535
1789887249,12,,Aggregated,1.900000,0.000000,1700,2000,2400,2700,3200,4100,9500,256000,503000,520000,520000,2058,0,1700,7108.518900758703,1018.6759869993693,519919.1589355469,415.1234207968902
1789887250,12,,Aggregated,2.000000,0.000000,1700,2000,2400,2700,3200,4100,9500,256000,503000,520000,520000,2059,0,1700,7105.803823698112,1018.6759869993693,519919.1589355469,415.0296260320544
1789887251,12,,Aggregated,1.800000,0.000000,1700,2000,2400,2700,3200,4100,9500,256000,503000,520000,520000,2061,0,1700,7100.395111889575,1018.6759869993693,519919.1589355469,414.84230955846675
1789887252,12,,Aggregated,1.700000,0.000000,1700,2000,2400,2700,3200,4100,9500,256000,503000,520000,520000,2062,0,1700,7097.648719063732,1018.6759869993693,519919.1589355469,414.74878758486904
1789887253,12,,Aggregated,1.600000,0.000000,1700,2000,2400,2700,3200,4100,9500,256000,503000,520000,520000,2067,0,1700,7085.687109273544,1018.6759869993693,519919.1589355469,414.3328495403967
1789887255,12,,Aggregated,1.600000,0.000000,1700,2000,2400,2700,3200,4100,9500,256000,503000,520000,520000,2067,0,1700,7085.687109273544,1018.6759869993693,519919.1589355469,414.3328495403967
1789887256,12,,Aggregated,1.600000,0.000000,1700,2000,2400,2700,3200,4100,9500,256000,503000,520000,520000,2067,0,1700,7085.687109273544,1018.6759869993693,519919.1589355469,414.3328495403967
1789887257,12,,Aggregated,2.100000,0.000000,1700,2000,2400,2700,3200,4100,9500,256000,503000,520000,520000,2070,0,1700,7078.294313071697,1018.6759869993693,519919.1589355469,414.05410628019325
1789887258,12,,Aggregated,2.000000,0.000000,1700,2000,2400,2700,3200,4100,9500,256000,503000,520000,520000,2072,0,1700,7072.65866914016,1018.6759869993693,519919.1589355469,413.86872586872585
1789887259,12,,Aggregated,1.500000,0.000000,1700,2000,2400,2700,3200,4100,9500,256000,503000,520000,520000,2074,0,1700,7067.916078104828,1018.6759869993693,519919.1589355469,413.6837029893925
1789887260,12,,Aggregated,1.700000,0.000000,1700,2000,2400,2700,3200,4100,9500,256000,503000,520000,520000,2076,0,1700,7062.309067861952,1018.6759869993693,519919.1589355469,413.51637764932565
1789887261,12,,Aggregated,1.700000,0.000000,1700,2000,2400,2700,3200,4100,9500,256000,503000,520000,520000,2077,0,1700,7059.703983756579,1018.6759869993693,519919.1589355469,413.4415021665864
1789887262,12,,Aggregated,1.900000,0.000000,1700,2000,2400,2700,3200,4100,11000,353000,507000,520000,520000,2080,0,1700,7299.850835304712,1018.6759869993693,519919.1589355469,421.1783653846154
1789887263,12,,Aggregated,1.900000,0.000000,1700,2000,2400,2700,3200,4100,11000,353000,507000,520000,520000,2080,0,1700,7299.850835304712,1018.6759869993693,519919.1589355469,421.1783653846154
1789887264,12,,Aggregated,1.900000,0.000000,1700,2000,2400,2700,3200,4100,11000,353000,507000,520000,520000,2080,0,1700,7299.850835304712,1018.6759869993693,519919.1589355469,421.1783653846154
1789887265,12,,Aggregated,1.900000,0.000000,1700,2000,2400,2700,3200,4100,11000,353000,507000,520000,520000,2080,0,1700,7299.850835304712,1018.6759869993693,519919.1589355469,421.1783653846154
1789887266,12,,Aggregated,1.800000,0.000000,1700,2000,2400,2700,3200,4100,11000,353000,507000,520000,520000,2084,0,1700,7292.85454635403,1018.6759869993693,519919.1589355469,420.72696737044146
1789887267,12,,Aggregated,1.300000,0.000000,1700,2000,2400,2700,3200,4100,11000,353000,507000,520000,520000,2088,0,1700,7284.504785244157,1018.6759869993693,519919.1589355469,420.36350574712645
1789887268,12,,Aggregated,1.300000,0.000000,1700,2000,2400,2700,3200,4100,11000,353000,507000,520000,520000,2091,0,1700,7277.832201217982,1018.6759869993693,519919.1589355469,420.1133428981349
1789887269,12,,Aggregated,1.700000,0.000000,1700,2000,2400,2700,3200,4100,11000,353000,507000,520000,520000,2092,0,1700,7275.129793406692,1018.6759869993693,519919.1589355469,420.01864244741876
1789887270,12,,Aggregated,1.800000,0.000000,1700,2000,2400,2700,3200,4100,11000,353000,507000,520000,520000,2093,0,1700,7272.592144662589,1018.6759869993693,519919.1589355469,419.9240324892499
1789887271,12,,Aggregated,1.800000,0.000000,1700,2000,2400,2700,3200,4100,11000,353000,507000,520000,520000,2093,0,1700,7272.592144662589,1018.6759869993693,519919.1589355469,419.9240324892499
1789887272,12,,Aggregated,1.800000,0.000000,1700,2000,2400,2700,3200,4100,11000,353000,507000,520000,520000,2095,0,1700,7266.647712778902,1018.6759869993693,519919.1589355469,419.73508353221956
1789887273,12,,Aggregated,1.700000,0.000000,1700,2000,2400,2700,3200,4100,11000,353000,507000,520000,520000,2096,0,1700,7264.159182737022,1018.6759869993693,519919.1589355469,419.64074427480915
1789887274,12,,Aggregated,1.600000,0.000000,1700,2000,2400,2700,3200,4100,9500,256000,507000,520000,520000,2101,0,1700,7250.992200851405,1018.6759869993693,519919.1589355469,419.20466444550215
1789887275,12,,Aggregated,1.500000,0.000000,1700,2000,2400,2700,3200,4100,9500,256000,507000,520000,520000,2104,0,1700,7244.524394724241,1018.6759869993693,519919.1589355469,418.94058935361215
1789887276,12,,Aggregated,1.600000,0.000000,1700,2000,2400,2700,3200,4100,9500,256000,507000,520000,520000,2105,0,1700,7242.013800075441,1018.6759869993693,519919.1589355469,418.84703087885987
1789887277,12,,Aggregated,2.100000,0.000000,1700,2000,2400,2700,3200,4100,9500,256000,507000,520000,520000,2106,0,1700,7239.421060484712,1018.6759869993693,519919.1589355469,418.75356125356126
1789887278,12,,Aggregated,2.400000,0.000000,1700,2000,2400,2700,3200,4100,9500,256000,507000,520000,520000,2108,0,1700,7233.77837500987,1018.6759869993693,519919.1589355469,418.5668880455408
1789887279,12,,Aggregated,2.100000,0.000000,1700,2000,2400,2700,3200,4100,9500,256000,507000,520000,520000,2109,0,1700,7230.9436604541515,1018.6759869993693,519919.1589355469,418.4736842105263
1789887280,12,,Aggregated,1.800000,0.000000,1700,2000,2400,2700,3200,4100,9500,256000,507000,520000,520000,2112,0,1700,7222.473660113546,1018.6759869993693,519919.1589355469,418.21164772727275
1789887281,12,,Aggregated,1.800000,0.000000,1700,2000,2400,2700,3200,4100,9500,256000,507000,520000,520000,2112,0,1700,7222.473660113546,1018.6759869993693,519919.1589355469,418.21164772727275
1789887282,12,,Aggregated,1.700000,0.000000,1700,2000,2400,2700,3200,4100,9500,256000,507000,520000,520000,2117,0,1700,7210.635891246959,1018.6759869993693,519919.1589355469,417.78223901747754
1789887283,12,,Aggregated,1.900000,0.000000,1700,2000,2400,2700,3200,4100,9500,256000,507000,520000,520000,2118,0,1700,7208.367282697738,1018.6759869993693,519919.1589355469,417.6898016997167
1789887284,12,,Aggregated,1.900000,0.000000,1700,2000,2400,2700,3200,4100,9500,256000,507000,520000,520000,2118,0,1700,7208.367282697738,1018.6759869993693,519919.1589355469,417.6898016997167
1789887285,12,,Aggregated,2.200000,0.000000,1700,2000,2400,2700,3200,4100,9500,256000,507000,520000,520000,2120,0,1700,7203.4238339635895,1018.6759869993693,519919.1589355469,417.5051886792453
1789887286,12,,Aggregated,2.200000,0.000000,1700,2000,2400,2700,3200,4000,9500,256000,507000,520000,520000,2121,0,1700,7200.804046101749,1018.6759869993693,519919.1589355469,417.4130127298444
1789887287,12,,Aggregated,1.700000,0.000000,1700,2000,2400,2700,3200,4000,9500,256000,507000,520000,520000,2124,0,1700,7193.453624146803,1018.6759869993693,519919.1589355469,417.1539548022599
1789887288,12,,Aggregated,1.600000,0.000000,1700,2000,2400,2700,3200,4000,9500,256000,507000,520000,520000,2128,0,1700,7183.071483644647,1018.6759869993693,519919.1589355469,416.80404135338347
1789887289,12,,Aggregated,1.600000,0.000000,1700,2000,2400,2700,3200,4000,9500,256000,507000,520000,520000,2129,0,1700,7180.665541543828,1018.6759869993693,519919.1589355469,416.7294504462189
1789887290,12,,Aggregated,1.800000,0.000000,1700,2000,2400,2700,3200,4000,9500,256000,507000,520000,520000,2131,0,1700,7175.321213569127,1018.6759869993693,519919.1589355469,416.54669169404036
1789887291,12,,Aggregated,1.800000,0.000000,1700,2000,2400,2700,3200,4000,9500,256000,507000,520000,520000,2131,0,1700,7175.321213569127,1018.6759869993693,519919.1589355469,416.54669169404036
1789887292,12,,Aggregated,2.000000,0.000000,1700,2000,2400,2700,3200,4000,9500,256000,507000,520000,520000,2133,0,1700,7170.004807705489,1018.6759869993693,519919.1589355469,416.36427566807316
1789887293,12,,Aggregated,1.900000,0.000000,1700,2000,2400,2700,3200,4000,9500,256000,507000,520000,520000,2136,0,1700,7162.469190313112,1018.6759869993693,519919.1589355469,416.1081460674157
1789887294,12,,Aggregated,1.900000,0.000000,1700,2000,2400,2700,3200,4000,9500,256000,507000,520000,520000,2139,0,1700,7154.358457741847,1018.6759869993693,519919.1589355469,415.835904628331
1789887295,12,,Aggregated,1.600000,0.000000,1700,2000,2400,2700,3200,4000,9500,256000,507000,520000,520000,2140,0,1700,7151.736535340566,1018.6759869993693,519919.1589355469,415.74532710280374
1789887296,12,,Aggregated,1.800000,0.000000,1700,2000,2400,2700,3200,4000,9500,256000,507000,520000,520000,2143,0,1700,7144.7431505948725,1018.6759869993693,519919.1589355469,415.50583294447034
1789887297,12,,Aggregated,1.800000,0.000000,1700,2000,2400,2700,3200,4000,9500,256000,507000,520000,520000,2143,0,1700,7144.7431505948725,1018.6759869993693,519919.1589355469,415.50583294447034
1789887298,12,,Aggregated,2.000000,0.000000,1700,2000,2400,2700,3200,4000,9500,256000,507000,520000,520000,2144,0,1700,7142.025305606256,1018.6759869993693,519919.1589355469,415.41557835820896
1789887299,12,,Aggregated,2.200000,0.000000,1700,2000,2400,2700,3200,4000,9500,256000,507000,520000,520000,2147,0,1700,7133.932473225809,1018.6759869993693,519919.1589355469,415.145319049837
1789887300,12,,Aggregated,1.900000,0.000000,1700,2000,2400,2700,3200,4000,9500,256000,507000,520000,520000,2148,0,1700,7131.190163086504,1018.6759869993693,519919.1589355469,415.05540037243946
1789887301,12,,Aggregated,1.600000,0.000000,1700,2000,2400,2700,3200,4000,9300,256000,507000,520000,520000,2151,0,1700,7123.93387328164,1018.6759869993693,519919.1589355469,414.8028823802882
1789887302,12,,Aggregated,1.800000,0.000000,1700,2000,2400,2700,3200,4000,9300,256000,507000,520000,520000,2152,0,1700,7121.2672634483315,1018.6759869993693,519919.1589355469,414.7300185873606
1789887303,12,,Aggregated,1.700000,0.000000,1700,2000,2400,2700,3200,4000,9300,256000,507000,520000,520000,2154,0,1700,7116.8653852366815,1018.6759869993693,519919.1589355469,414.5510677808728
1789887304,12,,Aggregated,2.000000,0.000000,1700,2000,2400,2700,3200,4000,9500,353000,507000,520000,520000,2157,0,1700,7322.519291625929,1018.6759869993693,519919.1589355469,419.8307834955957
1789887305,12,,Aggregated,2.000000,0.000000,1700,2000,2400,2700,3200,4000,9500,353000,507000,520000,520000,2157,0,1700,7322.519291625929,1018.6759869993693,519919.1589355469,419.8307834955957
1789887306,12,,Aggregated,1.800000,0.000000,1700,2000,2400,2700,3200,4000,9500,353000,507000,520000,520000,2158,0,1700,7320.026845835092,1018.6759869993693,519919.1589355469,419.73911028730305
1789887307,12,,Aggregated,1.800000,0.000000,1700,2000,2400,2700,3200,4000,9500,353000,507000,520000,520000,2158,0,1700,7320.026845835092,1018.6759869993693,519919.1589355469,419.73911028730305
1789887308,12,,Aggregated,1.700000,0.000000,1700,2000,2400,2700,3200,4000,9500,353000,507000,520000,520000,2162,0,1700,7313.098855543538,1018.6759869993693,519919.1589355469,419.3066604995375
1789887309,12,,Aggregated,1.500000,0.000000,1700,2000,2400,2700,3200,4000,9500,353000,507000,520000,520000,2166,0,1700,7305.03769089064,1018.6759869993693,519919.1589355469,418.97553093259467
1789887310,12,,Aggregated,1.500000,0.000000,1700,2000,2400,2700,3200,4000,9500,353000,507000,520000,520000,2166,0,1700,7305.03769089064,1018.6759869993693,519919.1589355469,418.97553093259467
1789887311,12,,Aggregated,1.800000,0.000000,1700,2000,2400,2700,3200,4000,9500,353000,507000,520000,520000,2169,0,1700,7297.490860199229,1018.6759869993693,519919.1589355469,418.70308898109727
1789887312,12,,Aggregated,1.900000,0.000000,1700,2000,2500,2700,3200,4100,11000,361000,507000,520000,520000,2172,0,1700,7512.557074600426,1018.6759869993693,519919.1589355469,425.19567219152856
1789887313,12,,Aggregated,1.900000,0.000000,1700,2000,2500,2700,3200,4100,11000,361000,507000,520000,520000,2172,0,1700,7512.557074600426,1018.6759869993693,519919.1589355469,425.19567219152856
1789887314,12,,Aggregated,1.900000,0.000000,1700,2000,2500,2700,3200,4100,11000,361000,507000,520000,520000,2172,0,1700,7512.557074600426,1018.6759869993693,519919.1589355469,425.19567219152856
1789887315,12,,Aggregated,2.000000,0.000000,1700,2000,2500,2700,3200,4100,11000,361000,507000,520000,520000,2173,0,1700,7510.513562369592,1018.6759869993693,519919.1589355469,425.0358950759319
1789887316,12,,Aggregated,1.500000,0.000000,1700,2000,2500,2700,3200,4100,11000,361000,507000,520000,520000,2178,0,1700,7500.033437742939,1018.6759869993693,519919.1589355469,424.5863177226814
