Timestamp,User Count,Type,Name,Requests/s,Failures/s,50%,66%,75%,80%,90%,95%,98%,99%,99.9%,99.99%,100%,Total Request Count,Total Failure Count,Total Median Response Time,Total Average Response Time,Total Min Response Time,Total Max Response Time,Total Average Content Size
1789883334,0,,Aggregated,0.000000,0.000000,N/A,N/A,N/A,N/A,N/A,N/A,N/A,N/A,N/A,N/A,N/A,0,0,0,0.0,0,0,0
1789883335,6,,Aggregated,0.000000,0.000000,N/A,N/A,N/A,N/A,N/A,N/A,N/A,N/A,N/A,N/A,N/A,0,0,0,0.0,0,0,0
1789883336,6,,Aggregated,0.000000,0.000000,N/A,N/A,N/A,N/A,N/A,N/A,N/A,N/A,N/A,N/A,N/A,0,0,0,0.0,0,0,0
1789883337,6,,Aggregated,0.000000,0.000000,N/A,N/A,N/A,N/A,N/A,N/A,N/A,N/A,N/A,N/A,N/A,0,0,0,0.0,0,0,0
1789883338,6,,Aggregated,0.000000,0.000000,N/A,N/A,N/A,N/A,N/A,N/A,N/A,N/A,N/A,N/A,N/A,0,0,0,0.0,0,0,0
1789883339,6,,Aggregated,0.000000,0.000000,N/A,N/A,N/A,N/A,N/A,N/A,N/A,N/A,N/A,N/A,N/A,0,0,0,0.0,0,0,0
1789883340,6,,Aggregated,0.000000,0.000000,N/A,N/A,N/A,N/A,N/A,N/A,N/A,N/A,N/A,N/A,N/A,0,0,0,0.0,0,0,0
1789883341,6,,Aggregated,0.000000,0.000000,N/A,N/A,N/A,N/A,N/A,N/A,N/A,N/A,N/A,N/A,N/A,0,0,0,0.0,0,0,0
1789883342,6,,Aggregated,0.000000,0.000000,N/A,N/A,N/A,N/A,N/A,N/A,N/A,N/A,N/A,N/A,N/A,0,0,0,0.0,0,0,0
1789883343,6,,Aggregated,0.000000,0.000000,N/A,N/A,N/A,N/A,N/A,N/A,N/A,N/A,N/A,N/A,N/A,0,0,0,0.0,0,0,0
1789883344,6,,Aggregated,0.000000,0.000000,N/A,N/A,N/A,N/A,N/A,N/A,N/A,N/A,N/A,N/A,N/A,0,0,0,0.0,0,0,0
1789883345,6,,Aggregated,0.000000,0.000000,N/A,N/A,N/A,N/A,N/A,N/A,N/A,N/A,N/A,N/A,N/A,0,0,0,0.0,0,0,0
1789883346,6,,Aggregated,0.000000,0.000000,N/A,N/A,N/A,N/A,N/A,N/A,N/A,N/A,N/A,N/A,N/A,0,0,0,0.0,0,0,0
1789883347,6,,Aggregated,0.000000,0.000000,N/A,N/A,N/A,N/A,N/A,N/A,N/A,N/A,N/A,N/A,N/A,0,0,0,0.0,0,0,0
1789883348,6,,Aggregated,0.000000,0.000000,N/A,N/A,N/A,N/A,N/A,N/A,N/A,N/A,N/A,N/A,N/A,0,0,0,0.0,0,0,0
1789883349,6,,Aggregated,0.000000,0.000000,N/A,N/A,N/A,N/A,N/A,N/A,N/A,N/A,N/A,N/A,N/A,0,0,0,0.0,0,0,0
1789883350,6,,Aggregated,0.000000,0.000000,16000,16000,16000,16000,16000,16000,16000,16000,16000,16000,16000,2,2,15609.472668000308,15602.17825000018,15594.88383200005,15609.472668000308,0.0
1789883351,6,,Aggregated,0.000000,0.000000,16000,16000,16000,16000,16000,16000,16000,16000,16000,16000,16000,2,2,15609.472668000308,15602.17825000018,15594.88383200005,15609.472668000308,0.0
1789883352,6,,Aggregated,0.000000,0.000000,16000,16000,16000,16000,16000,16000,16000,16000,16000,16000,16000,2,2,15609.472668000308,15602.17825000018,15594.88383200005,15609.472668000308,0.0
1789883353,6,,Aggregated,0.000000,0.000000,16000,16000,16000,16000,16000,16000,16000,16000,16000,16000,16000,2,2,15609.472668000308,15602.17825000018,15594.88383200005,15609.472668000308,0.0
1789883354,6,,Aggregated,0.000000,0.000000,16000,16000,16000,16000,16000,16000,16000,16000,16000,16000,16000,2,2,15609.472668000308,15602.17825000018,15594.88383200005,15609.472668000308,0.0
1789883355,6,,Aggregated,0.000000,0.000000,16000,16000,16000,16000,16000,16000,16000,16000,16000,16000,16000,2,2,15609.472668000308,15602.17825000018,15594.88383200005,15609.472668000308,0.0
1789883356,6,,Aggregated,0.000000,0.000000,16000,16000,16000,16000,16000,16000,16000,16000,16000,16000,16000,2,2,15609.472668000308,15602.17825000018,15594.88383200005,15609.472668000308,0.0
1789883357,6,,Aggregated,0.200000,0.200000,22000,22000,23000,23000,23000,23000,23000,23000,23000,23000,23000,4,2,22000,19049.185553250027,15594.88383200005,22552.03265199998,195.0
1789883358,6,,Aggregated,0.200000,0.200000,22000,22000,23000,23000,23000,23000,23000,23000,23000,23000,23000,4,2,22000,19049.185553250027,15594.88383200005,22552.03265199998,195.0
1789883359,6,,Aggregated,0.200000,0.200000,23000,23000,25000,25000,25000,25000,25000,25000,25000,25000,25000,6,2,23000,20903.132419500103,15594.88383200005,24639.945405000617,260.0
1789883360,6,,Aggregated,0.200000,0.200000,23000,23000,25000,25000,25000,25000,25000,25000,25000,25000,25000,6,2,23000,20903.132419500103,15594.88383200005,24639.945405000617,260.0
1789883361,6,,Aggregated,0.200000,0.200000,23000,23000,25000,25000,25000,25000,25000,25000,25000,25000,25000,6,2,23000,20903.132419500103,15594.88383200005,24639.945405000617,260.0
1789883362,6,,Aggregated,0.200000,0.200000,23000,23000,25000,25000,25000,25000,25000,25000,25000,25000,25000,6,2,23000,20903.132419500103,15594.88383200005,24639.945405000617,260.0
1789883363,6,,Aggregated,0.200000,0.200000,23000,23000,25000,25000,25000,25000,25000,25000,25000,25000,25000,6,2,23000,20903.132419500103,15594.88383200005,24639.945405000617,260.0
1789883364,6,,Aggregated,0.400000,0.000000,22000,23000,25000,25000,25000,25000,25000,25000,25000,25000,25000,7,2,22000,18938.296726714467,7149.282570000651,24639.945405000617,233.71428571428572
1789883365,6,,Aggregated,0.400000,0.000000,22000,23000,25000,25000,25000,25000,25000,25000,25000,25000,25000,7,2,22000,18938.296726714467,7149.282570000651,24639.945405000617,233.71428571428572
1789883366,6,,Aggregated,0.400000,0.000000,22000,23000,25000,25000,25000,25000,25000,25000,25000,25000,25000,7,2,22000,18938.296726714467,7149.282570000651,24639.945405000617,233.71428571428572
1789883367,6,,Aggregated,0.400000,0.000000,22000,23000,25000,25000,25000,25000,25000,25000,25000,25000,25000,7,2,22000,18938.296726714467,7149.282570000651,24639.945405000617,233.71428571428572
1789883368,6,,Aggregated,0.400000,0.000000,22000,23000,25000,25000,25000,25000,25000,25000,25000,25000,25000,7,2,22000,18938.296726714467,7149.282570000651,24639.945405000617,233.71428571428572
1789883369,6,,Aggregated,0.400000,0.000000,22000,23000,25000,25000,25000,25000,25000,25000,25000,25000,25000,7,2,22000,18938.296726714467,7149.282570000651,24639.945405000617,233.71428571428572
1789883370,6,,Aggregated,0.400000,0.000000,22000,23000,25000,25000,25000,25000,25000,25000,25000,25000,25000,7,2,22000,18938.296726714467,7149.282570000651,24639.945405000617,233.71428571428572
1789883371,6,,Aggregated,0.400000,0.000000,22000,23000,25000,25000,25000,25000,25000,25000,25000,25000,25000,7,2,22000,18938.296726714467,7149.282570000651,24639.945405000617,233.71428571428572
1789883372,6,,Aggregated,0.400000,0.000000,22000,23000,25000,25000,25000,25000,25000,25000,25000,25000,25000,7,2,22000,18938.296726714467,7149.282570000651,24639.945405000617,233.71428571428572
1789883373,6,,Aggregated,0.100000,0.000000,16000,22000,23000,25000,25000,25000,25000,25000,25000,25000,25000,9,2,16000,18013.044002222363,7149.282570000651,24639.945405000617,198.66666666666666
1789883374,6,,Aggregated,0.100000,0.000000,16000,22000,23000,23000,25000,25000,25000,25000,25000,25000,25000,11,2,16000,16855.302402727335,7149.282570000651,24639.945405000617,192.8181818181818
1789883375,6,,Aggregated,0.100000,0.000000,16000,22000,23000,23000,25000,25000,25000,25000,25000,25000,25000,11,2,16000,16855.302402727335,7149.282570000651,24639.945405000617,192.8181818181818
1789883376,6,,Aggregated,0.100000,0.000000,16000,22000,23000,23000,25000,25000,25000,25000,25000,25000,25000,11,2,16000,16855.302402727335,7149.282570000651,24639.945405000617,192.8181818181818
1789883377,6,,Aggregated,0.100000,0.000000,16000,22000,23000,23000,25000,25000,25000,25000,25000,25000,25000,11,2,16000,16855.302402727335,7149.282570000651,24639.945405000617,192.8181818181818
1789883378,6,,Aggregated,0.100000,0.000000,16000,22000,23000,23000,25000,25000,25000,25000,25000,25000,25000,11,2,16000,16855.302402727335,7149.282570000651,24639.945405000617,192.8181818181818
1789883379,6,,Aggregated,0.100000,0.000000,16000,22000,23000,23000,25000,25000,25000,25000,25000,25000,25000,11,2,16000,16855.302402727335,7149.282570000651,24639.945405000617,192.8181818181818
1789883380,6,,Aggregated,0.100000,0.000000,16000,22000,23000,23000,25000,25000,25000,25000,25000,25000,25000,11,2,16000,16855.302402727335,7149.282570000651,24639.945405000617,192.8181818181818
1789883381,6,,Aggregated,0.400000,0.000000,16000,16000,22000,23000,25000,25000,25000,25000,25000,25000,25000,13,2,16000,15290.069594461576,6386.62775299963,24639.945405000617,202.69230769230768
1789883382,6,,Aggregated,0.400000,0.000000,15000,16000,22000,23000,25000,25000,25000,25000,25000,25000,25000,15,2,15000,13971.703497733386,5402.293604999613,24639.945405000617,207.53333333333333
1789883383,6,,Aggregated,0.400000,0.000000,15000,16000,22000,23000,25000,25000,25000,25000,25000,25000,25000,15,2,15000,13971.703497733386,5402.293604999613,24639.945405000617,207.53333333333333
1789883384,6,,Aggregated,0.400000,0.000000,15000,16000,22000,23000,25000,25000,25000,25000,25000,25000,25000,15,2,15000,13971.703497733386,5402.293604999613,24639.945405000617,207.53333333333333
1789883385,6,,Aggregated,0.800000,0.000000,14000,16000,16000,22000,25000,25000,25000,25000,25000,25000,25000,18,2,14000,11917.734887722267,1518.1688550001127,24639.945405000617,213.77777777777777
1789883386,6,,Aggregated,0.800000,0.000000,14000,16000,16000,22000,25000,25000,25000,25000,25000,25000,25000,18,2,14000,11917.734887722267,1518.1688550001127,24639.945405000617,213.77777777777777
1789883387,6,,Aggregated,0.400000,0.000000,8100,16000,16000,22000,25000,25000,25000,25000,25000,25000,25000,19,2,8100,11454.793086210599,1518.1688550001127,24639.945405000617,216.05263157894737
1789883388,6,,Aggregated,0.400000,0.000000,8100,16000,16000,22000,25000,25000,25000,25000,25000,25000,25000,19,2,8100,11454.793086210599,1518.1688550001127,24639.945405000617,216.05263157894737
1789883389,6,,Aggregated,0.400000,0.000000,8100,16000,16000,22000,25000,25000,25000,25000,25000,25000,25000,19,2,8100,11454.793086210599,1518.1688550001127,24639.945405000617,216.05263157894737
1789883390,6,,Aggregated,0.800000,0.000000,7100,15000,16000,16000,23000,25000,25000,25000,25000,25000,25000,22,2,7100,10267.447952090979,1518.1688550001127,24639.945405000617,220.0
1789883391,6,,Aggregated,0.800000,0.000000,7100,15000,16000,16000,23000,25000,25000,25000,25000,25000,25000,22,2,7100,10267.447952090979,1518.1688550001127,24639.945405000617,220.0
1789883392,6,,Aggregated,0.800000,0.000000,7100,15000,16000,16000,23000,25000,25000,25000,25000,25000,25000,22,2,7100,10267.447952090979,1518.1688550001127,24639.945405000617,220.0
1789883393,6,,Aggregated,0.800000,0.000000,7100,15000,16000,16000,23000,25000,25000,25000,25000,25000,25000,22,2,7100,10267.447952090979,1518.1688550001127,24639.945405000617,220.0
1789883394,6,,Aggregated,1.100000,0.000000,7000,15000,16000,16000,23000,25000,25000,25000,25000,25000,25000,23,2,7000,10041.027854434857,1518.1688550001127,24639.945405000617,221.6086956521739
1789883395,6,,Aggregated,1.100000,0.000000,7000,15000,16000,16000,23000,25000,25000,25000,25000,25000,25000,23,2,7000,10041.027854434857,1518.1688550001127,24639.945405000617,221.6086956521739
1789883396,6,,Aggregated,1.100000,0.000000,7000,15000,16000,16000,23000,25000,25000,25000,25000,25000,25000,23,2,7000,10041.027854434857,1518.1688550001127,24639.945405000617,221.6086956521739
1789883397,6,,Aggregated,1.100000,0.000000,7000,15000,16000,16000,23000,25000,25000,25000,25000,25000,25000,23,2,7000,10041.027854434857,1518.1688550001127,24639.945405000617,221.6086956521739
1789883398,6,,Aggregated,1.100000,0.000000,7000,15000,16000,16000,23000,25000,25000,25000,25000,25000,25000,23,2,7000,10041.027854434857,1518.1688550001127,24639.945405000617,221.6086956521739
1789883399,6,,Aggregated,1.100000,0.000000,7000,15000,16000,16000,23000,25000,25000,25000,25000,25000,25000,23,2,7000,10041.027854434857,1518.1688550001127,24639.945405000617,221.6086956521739
1789883400,6,,Aggregated,1.100000,0.000000,7000,15000,16000,16000,23000,25000,25000,25000,25000,25000,25000,23,2,7000,10041.027854434857,1518.1688550001127,24639.945405000617,221.6086956521739
1789883401,6,,Aggregated,1.100000,0.000000,7000,15000,16000,16000,23000,25000,25000,25000,25000,25000,25000,23,2,7000,10041.027854434857,1518.1688550001127,24639.945405000617,221.6086956521739
1789883402,6,,Aggregated,1.100000,0.000000,7000,15000,16000,16000,23000,25000,25000,25000,25000,25000,25000,23,2,7000,10041.027854434857,1518.1688550001127,24639.945405000617,221.6086956521739
1789883403,6,,Aggregated,0.100000,0.000000,8000,14000,16000,16000,23000,25000,25000,25000,25000,25000,25000,26,2,8000,9811.286890307761,1518.1688550001127,24639.945405000617,224.30769230769232
1789883404,6,,Aggregated,0.100000,0.000000,8000,14000,16000,16000,23000,25000,25000,25000,25000,25000,25000,26,2,8000,9811.286890307761,1518.1688550001127,24639.945405000617,224.30769230769232
1789883405,6,,Aggregated,0.100000,0.000000,8000,14000,16000,16000,23000,25000,25000,25000,25000,25000,25000,26,2,8000,9811.286890307761,1518.1688550001127,24639.945405000617,224.30769230769232
1789883406,6,,Aggregated,0.300000,0.000000,7700,8100,16000,16000,23000,25000,25000,25000,25000,25000,25000,27,2,7700,9732.25095729635,1518.1688550001127,24639.945405000617,225.5185185185185
1789883407,6,,Aggregated,0.300000,0.000000,7700,8100,16000,16000,23000,25000,25000,25000,25000,25000,25000,27,2,7700,9732.25095729635,1518.1688550001127,24639.945405000617,225.5185185185185
1789883408,6,,Aggregated,0.300000,0.000000,7700,8100,16000,16000,23000,25000,25000,25000,25000,25000,25000,27,2,7700,9732.25095729635,1518.1688550001127,24639.945405000617,225.5185185185185
1789883409,6,,Aggregated,0.300000,0.000000,7700,8100,16000,16000,23000,25000,25000,25000,25000,25000,25000,27,2,7700,9732.25095729635,1518.1688550001127,24639.945405000617,225.5185185185185
1789883410,6,,Aggregated,0.300000,0.000000,7700,8100,16000,16000,23000,25000,25000,25000,25000,25000,25000,27,2,7700,9732.25095729635,1518.1688550001127,24639.945405000617,225.5185185185185
1789883411,6,,Aggregated,0.300000,0.000000,7700,8100,16000,16000,23000,25000,25000,25000,25000,25000,25000,27,2,7700,9732.25095729635,1518.1688550001127,24639.945405000617,225.5185185185185
1789883412,6,,Aggregated,0.400000,0.000000,7100,8100,15000,16000,23000,25000,25000,25000,25000,25000,25000,30,2,7100,9171.07160546672,1518.1688550001127,24639.945405000617,227.46666666666667
1789883413,6,,Aggregated,0.400000,0.000000,7100,8100,15000,16000,23000,25000,25000,25000,25000,25000,25000,30,2,7100,9171.07160546672,1518.1688550001127,24639.945405000617,227.46666666666667
1789883414,6,,Aggregated,0.400000,0.000000,7100,8100,15000,16000,23000,25000,25000,25000,25000,25000,25000,30,2,7100,9171.07160546672,1518.1688550001127,24639.945405000617,227.46666666666667
1789883415,6,,Aggregated,0.700000,0.000000,7000,8100,15000,16000,22000,25000,25000,25000,25000,25000,25000,31,2,7000,8987.526108129068,1518.1688550001127,24639.945405000617,228.41935483870967
1789883416,6,,Aggregated,0.700000,0.000000,7000,8100,15000,16000,22000,25000,25000,25000,25000,25000,25000,31,2,7000,8987.526108129068,1518.1688550001127,24639.945405000617,228.41935483870967
1789883417,6,,Aggregated,0.700000,0.000000,7000,8100,15000,16000,22000,25000,25000,25000,25000,25000,25000,31,2,7000,8987.526108129068,1518.1688550001127,24639.945405000617,228.41935483870967
1789883418,6,,Aggregated,0.700000,0.000000,7000,8100,15000,16000,22000,25000,25000,25000,25000,25000,25000,31,2,7000,8987.526108129068,1518.1688550001127,24639.945405000617,228.41935483870967
1789883419,6,,Aggregated,0.700000,0.000000,7000,8100,15000,16000,22000,25000,25000,25000,25000,25000,25000,31,2,7000,8987.526108129068,1518.1688550001127,24639.945405000617,228.41935483870967
1789883420,6,,Aggregated,0.700000,0.000000,7000,8100,15000,16000,22000,25000,25000,25000,25000,25000,25000,31,2,7000,8987.526108129068,1518.1688550001127,24639.945405000617,228.41935483870967
1789883421,6,,Aggregated,0.700000,0.000000,7000,8100,15000,16000,22000,25000,25000,25000,25000,25000,25000,31,2,7000,8987.526108129068,1518.1688550001127,24639.945405000617,228.41935483870967
1789883422,6,,Aggregated,0.700000,0.000000,7000,8100,15000,16000,22000,25000,25000,25000,25000,25000,25000,31,2,7000,8987.526108129068,1518.1688550001127,24639.945405000617,228.41935483870967
1789883423,6,,Aggregated,0.400000,0.000000,6400,8100,14000,16000,22000,25000,25000,25000,25000,25000,25000,34,2,6400,8734.459306058854,1518.1688550001127,24639.945405000617,229.88235294117646
1789883424,6,,Aggregated,0.400000,0.000000,6100,8100,14000,16000,22000,25000,25000,25000,25000,25000,25000,35,2,6100,8603.262766114314,1518.1688550001127,24639.945405000617,230.65714285714284
1789883425,6,,Aggregated,0.400000,0.000000,6100,8100,14000,16000,22000,25000,25000,25000,25000,25000,25000,35,2,6100,8603.262766114314,1518.1688550001127,24639.945405000617,230.65714285714284
1789883426,6,,Aggregated,0.400000,0.000000,6100,8100,14000,16000,22000,25000,25000,25000,25000,25000,25000,35,2,6100,8603.262766114314,1518.1688550001127,24639.945405000617,230.65714285714284
1789883427,6,,Aggregated,0.400000,0.000000,6100,8100,14000,16000,22000,25000,25000,25000,25000,25000,25000,35,2,6100,8603.262766114314,1518.1688550001127,24639.945405000617,230.65714285714284
1789883428,6,,Aggregated,0.400000,0.000000,6100,8100,14000,16000,22000,25000,25000,25000,25000,25000,25000,35,2,6100,8603.262766114314,1518.1688550001127,24639.945405000617,230.65714285714284
1789883429,6,,Aggregated,0.400000,0.000000,6100,8100,14000,16000,22000,25000,25000,25000,25000,25000,25000,35,2,6100,8603.262766114314,1518.1688550001127,24639.945405000617,230.65714285714284
1789883430,6,,Aggregated,0.400000,0.000000,6100,8100,14000,16000,22000,25000,25000,25000,25000,25000,25000,35,2,6100,8603.262766114314,1518.1688550001127,24639.945405000617,230.65714285714284
1789883431,6,,Aggregated,0.400000,0.000000,6100,8000,8100,15000,22000,25000,25000,25000,25000,25000,25000,37,2,6100,8286.170657189237,1518.1688550001127,24639.945405000617,231.1081081081081
1789883432,6,,Aggregated,0.400000,0.000000,6100,8000,8100,15000,22000,25000,25000,25000,25000,25000,25000,37,2,6100,8286.170657189237,1518.1688550001127,24639.945405000617,231.1081081081081
1789883433,6,,Aggregated,0.400000,0.000000,6100,8000,8100,15000,22000,25000,25000,25000,25000,25000,25000,38,2,6100,8177.070919236893,1518.1688550001127,24639.945405000617,231.78947368421052
1789883434,6,,Aggregated,0.400000,0.000000,6100,8000,8100,15000,22000,25000,25000,25000,25000,25000,25000,38,2,6100,8177.070919236893,1518.1688550001127,24639.945405000617,231.78947368421052
1789883435,6,,Aggregated,0.400000,0.000000,6100,8000,8100,15000,22000,25000,25000,25000,25000,25000,25000,38,2,6100,8177.070919236893,1518.1688550001127,24639.945405000617,231.78947368421052
1789883436,6,,Aggregated,0.400000,0.000000,6100,8000,8100,15000,22000,25000,25000,25000,25000,25000,25000,38,2,6100,8177.070919236893,1518.1688550001127,24639.945405000617,231.78947368421052
1789883437,6,,Aggregated,0.400000,0.000000,6100,8000,8100,15000,22000,25000,25000,25000,25000,25000,25000,38,2,6100,8177.070919236893,1518.1688550001127,24639.945405000617,231.78947368421052
1789883438,6,,Aggregated,0.400000,0.000000,6100,8000,8100,15000,22000,25000,25000,25000,25000,25000,25000,38,2,6100,8177.070919236893,1518.1688550001127,24639.945405000617,231.78947368421052
1789883439,6,,Aggregated,0.400000,0.000000,6100,8000,8100,15000,22000,25000,25000,25000,25000,25000,25000,38,2,6100,8177.070919236893,1518.1688550001127,24639.945405000617,231.78947368421052
1789883440,6,,Aggregated,0.400000,0.000000,6100,8000,8100,15000,22000,25000,25000,25000,25000,25000,25000,38,2,6100,8177.070919236893,1518.1688550001127,24639.945405000617,231.78947368421052
1789883441,6,,Aggregated,0.300000,0.000000,6100,7700,8100,15000,22000,25000,25000,25000,25000,25000,25000,40,2,6100,8029.6086800750345,1518.1688550001127,24639.945405000617,232.15
1789883442,6,,Aggregated,0.300000,0.000000,5400,7700,8100,14000,16000,23000,25000,25000,25000,25000,25000,41,2,5400,7935.870400951255,1518.1688550001127,24639.945405000617,232.7560975609756
1789883443,6,,Aggregated,0.300000,0.000000,5400,7700,8100,14000,16000,23000,25000,25000,25000,25000,25000,41,2,5400,7935.870400951255,1518.1688550001127,24639.945405000617,232.7560975609756
1789883444,6,,Aggregated,0.300000,0.000000,5400,7700,8100,14000,16000,23000,25000,25000,25000,25000,25000,41,2,5400,7935.870400951255,1518.1688550001127,24639.945405000617,232.7560975609756
1789883445,6,,Aggregated,0.300000,0.000000,5400,7700,8100,14000,16000,23000,25000,25000,25000,25000,25000,41,2,5400,7935.870400951255,1518.1688550001127,24639.945405000617,232.7560975609756
1789883446,6,,Aggregated,0.300000,0.000000,5400,7700,8100,14000,16000,23000,25000,25000,25000,25000,25000,41,2,5400,7935.870400951255,1518.1688550001127,24639.945405000617,232.7560975609756
1789883447,6,,Aggregated,0.300000,0.000000,6100,7700,8100,15000,19000,23000,25000,25000,25000,25000,25000,42,2,6100,8193.464999523843,1518.1688550001127,24639.945405000617,233.33333333333334
1789883448,6,,Aggregated,0.300000,0.000000,6100,7700,8100,15000,19000,23000,25000,25000,25000,25000,25000,42,2,6100,8193.464999523843,1518.1688550001127,24639.945405000617,233.33333333333334
1789883449,6,,Aggregated,0.400000,0.000000,5400,7700,8100,15000,19000,23000,25000,25000,25000,25000,25000,44,2,5400,7963.723881886402,1518.1688550001127,24639.945405000617,233.5909090909091
1789883450,6,,Aggregated,0.400000,0.000000,5400,7100,8100,15000,19000,23000,25000,25000,25000,25000,25000,45,2,5400,7844.822987066699,1518.1688550001127,24639.945405000617,234.11111111111111
1789883451,6,,Aggregated,0.400000,0.000000,5400,7100,8100,15000,19000,23000,25000,25000,25000,25000,25000,45,2,5400,7844.822987066699,1518.1688550001127,24639.945405000617,234.11111111111111
1789883452,6,,Aggregated,0.400000,0.000000,5400,7100,8100,15000,19000,23000,25000,25000,25000,25000,25000,45,2,5400,7844.822987066699,1518.1688550001127,24639.945405000617,234.11111111111111
1789883453,6,,Aggregated,0.400000,0.000000,5400,7100,8100,15000,19000,23000,25000,25000,25000,25000,25000,45,2,5400,7844.822987066699,1518.1688550001127,24639.945405000617,234.11111111111111
1789883454,6,,Aggregated,0.400000,0.000000,5400,7100,8100,15000,19000,23000,25000,25000,25000,25000,25000,45,2,5400,7844.822987066699,1518.1688550001127,24639.945405000617,234.11111111111111
1789883455,6,,Aggregated,0.400000,0.000000,5400,7100,8100,15000,19000,23000,25000,25000,25000,25000,25000,45,2,5400,7844.822987066699,1518.1688550001127,24639.945405000617,234.11111111111111
1789883456,6,,Aggregated,0.400000,0.000000,5400,7100,8100,15000,19000,23000,25000,25000,25000,25000,25000,45,2,5400,7844.822987066699,1518.1688550001127,24639.945405000617,234.11111111111111
1789883457,6,,Aggregated,0.400000,0.000000,5400,7100,8100,14000,19000,23000,25000,25000,25000,25000,25000,46,2,5400,7782.612937978289,1518.1688550001127,24639.945405000617,234.6086956521739
1789883458,6,,Aggregated,0.400000,0.000000,5200,7000,8100,14000,19000,23000,25000,25000,25000,25000,25000,48,2,5200,7589.953976854209,1518.1688550001127,24639.945405000617,235.54166666666666
1789883459,6,,Aggregated,0.400000,0.000000,5200,7000,8100,14000,19000,23000,25000,25000,25000,25000,25000,48,2,5200,7589.953976854209,1518.1688550001127,24639.945405000617,235.54166666666666
1789883460,6,,Aggregated,0.400000,0.000000,5200,7000,8100,14000,19000,23000,25000,25000,25000,25000,25000,48,2,5200,7589.953976854209,1518.1688550001127,24639.945405000617,235.54166666666666
1789883461,6,,Aggregated,0.400000,0.000000,5200,7000,8100,14000,19000,23000,25000,25000,25000,25000,25000,48,2,5200,7589.953976854209,1518.1688550001127,24639.945405000617,235.54166666666666
1789883462,6,,Aggregated,0.400000,0.000000,5200,7000,8100,14000,19000,23000,25000,25000,25000,25000,25000,48,2,5200,7589.953976854209,1518.1688550001127,24639.945405000617,235.54166666666666
1789883463,6,,Aggregated,0.400000,0.000000,5200,7000,8100,14000,19000,23000,25000,25000,25000,25000,25000,48,2,5200,7589.953976854209,1518.1688550001127,24639.945405000617,235.54166666666666
1789883464,6,,Aggregated,0.400000,0.000000,5200,7000,8100,14000,19000,23000,25000,25000,25000,25000,25000,48,2,5200,7589.953976854209,1518.1688550001127,24639.945405000617,235.54166666666666
1789883465,6,,Aggregated,0.400000,0.000000,5200,7000,8100,14000,19000,23000,25000,25000,25000,25000,25000,48,2,5200,7589.953976854209,1518.1688550001127,24639.945405000617,235.54166666666666
1789883466,6,,Aggregated,0.400000,0.000000,5200,7000,8100,14000,19000,23000,25000,25000,25000,25000,25000,48,2,5200,7589.953976854209,1518.1688550001127,24639.945405000617,235.54166666666666
1789883467,6,,Aggregated,0.400000,0.000000,5200,7000,8100,14000,19000,23000,25000,25000,25000,25000,25000,48,2,5200,7589.953976854209,1518.1688550001127,24639.945405000617,235.54166666666666
1789883468,6,,Aggregated,0.300000,0.000000,5200,6400,8100,8100,16000,23000,25000,25000,25000,25000,25000,51,2,5200,7473.302597333358,1518.1688550001127,24639.945405000617,236.72549019607843
1789883469,6,,Aggregated,0.200000,0.000000,5300,7000,8100,14000,16000,23000,25000,25000,25000,25000,25000,52,2,5300,7623.713857903883,1518.1688550001127,24639.945405000617,236.42307692307693
1789883470,6,,Aggregated,0.200000,0.000000,5300,7000,8100,14000,16000,23000,25000,25000,25000,25000,25000,52,2,5300,7623.713857903883,1518.1688550001127,24639.945405000617,236.42307692307693
1789883471,6,,Aggregated,0.200000,0.000000,5300,7000,8100,14000,16000,23000,25000,25000,25000,25000,25000,52,2,5300,7623.713857903883,1518.1688550001127,24639.945405000617,236.42307692307693
1789883472,6,,Aggregated,0.200000,0.000000,5300,7000,8100,14000,16000,23000,25000,25000,25000,25000,25000,52,2,5300,7623.713857903883,1518.1688550001127,24639.945405000617,236.42307692307693
1789883473,6,,Aggregated,0.200000,0.000000,5300,7000,8100,14000,16000,23000,25000,25000,25000,25000,25000,52,2,5300,7623.713857903883,1518.1688550001127,24639.945405000617,236.42307692307693
1789883474,6,,Aggregated,0.200000,0.000000,5300,7000,8100,14000,16000,23000,25000,25000,25000,25000,25000,52,2,5300,7623.713857903883,1518.1688550001127,24639.945405000617,236.42307692307693
1789883475,6,,Aggregated,0.200000,0.000000,5300,7000,8100,14000,16000,23000,25000,25000,25000,25000,25000,52,2,5300,7623.713857903883,1518.1688550001127,24639.945405000617,236.42307692307693
1789883476,6,,Aggregated,0.200000,0.000000,5300,7000,8100,14000,16000,23000,25000,25000,25000,25000,25000,52,2,5300,7623.713857903883,1518.1688550001127,24639.945405000617,236.42307692307693
1789883477,6,,Aggregated,0.200000,0.000000,5300,7000,8100,14000,16000,23000,25000,25000,25000,25000,25000,52,2,5300,7623.713857903883,1518.1688550001127,24639.945405000617,236.42307692307693
1789883478,6,,Aggregated,0.200000,0.000000,5300,7000,8100,14000,16000,23000,25000,25000,25000,25000,25000,52,2,5300,7623.713857903883,1518.1688550001127,24639.945405000617,236.42307692307693
1789883479,6,,Aggregated,0.200000,0.000000,5300,7000,8100,14000,16000,23000,25000,25000,25000,25000,25000,52,2,5300,7623.713857903883,1518.1688550001127,24639.945405000617,236.42307692307693
1789883480,6,,Aggregated,0.200000,0.000000,5300,7000,8100,14000,16000,23000,25000,25000,25000,25000,25000,52,2,5300,7623.713857903883,1518.1688550001127,24639.945405000617,236.42307692307693
1789883481,6,,Aggregated,0.200000,0.000000,5300,7000,8100,14000,16000,23000,25000,25000,25000,25000,25000,52,2,5300,7623.713857903883,1518.1688550001127,24639.945405000617,236.42307692307693
1789883482,6,,Aggregated,0.200000,0.000000,5300,7000,8100,14000,16000,23000,25000,25000,25000,25000,25000,52,2,5300,7623.713857903883,1518.1688550001127,24639.945405000617,236.42307692307693
1789883483,6,,Aggregated,0.000000,0.000000,5300,7000,8100,14000,16000,23000,25000,25000,25000,25000,25000,53,2,5300,7647.235012528328,1518.1688550001127,24639.945405000617,236.81132075471697
1789883484,6,,Aggregated,0.000000,0.000000,5300,7000,8100,14000,16000,23000,25000,25000,25000,25000,25000,53,2,5300,7647.235012528328,1518.1688550001127,24639.945405000617,236.81132075471697
1789883485,6,,Aggregated,0.000000,0.000000,5300,7000,8100,14000,16000,23000,25000,25000,25000,25000,25000,53,2,5300,7647.235012528328,1518.1688550001127,24639.945405000617,236.81132075471697
1789883486,6,,Aggregated,0.000000,0.000000,5300,7000,8100,14000,16000,23000,25000,25000,25000,25000,25000,53,2,5300,7647.235012528328,1518.1688550001127,24639.945405000617,236.81132075471697
1789883487,6,,Aggregated,0.100000,0.000000,5400,7700,14000,14000,19000,25000,25000,130000,130000,130000,130000,56,2,5400,10061.059620244285,1518.1688550001127,130005.16486167908,477.94642857142856
1789883488,6,,Aggregated,0.100000,0.000000,5400,7700,14000,14000,19000,25000,25000,130000,130000,130000,130000,56,2,5400,10061.059620244285,1518.1688550001127,130005.16486167908,477.94642857142856
1789883489,6,,Aggregated,0.100000,0.000000,5400,7700,14000,14000,19000,25000,25000,130000,130000,130000,130000,56,2,5400,10061.059620244285,1518.1688550001127,130005.16486167908,477.94642857142856
1789883490,6,,Aggregated,0.300000,0.000000,5400,8000,14000,15000,19000,25000,25000,130000,130000,130000,130000,57,2,5400,10177.529427275083,1518.1688550001127,130005.16486167908,474.0701754385965
1789883491,6,,Aggregated,0.400000,0.000000,5400,8000,14000,15000,19000,25000,25000,130000,130000,130000,130000,58,2,5400,10082.436059149664,1518.1688550001127,130005.16486167908,467.2068965517241
1789883492,6,,Aggregated,0.400000,0.000000,5400,7700,14000,15000,19000,25000,25000,130000,130000,130000,130000,59,2,5400,9972.61245474034,1518.1688550001127,130005.16486167908,463.64406779661016
1789883493,6,,Aggregated,0.400000,0.000000,5400,7700,14000,15000,19000,25000,25000,130000,130000,130000,130000,59,2,5400,9972.61245474034,1518.1688550001127,130005.16486167908,463.64406779661016
1789883494,6,,Aggregated,0.400000,0.000000,5400,7700,14000,15000,19000,25000,25000,130000,130000,130000,130000,59,2,5400,9972.61245474034,1518.1688550001127,130005.16486167908,463.64406779661016
1789883495,6,,Aggregated,0.400000,0.000000,5400,7700,14000,15000,19000,25000,25000,130000,130000,130000,130000,59,2,5400,9972.61245474034,1518.1688550001127,130005.16486167908,463.64406779661016
1789883496,6,,Aggregated,0.400000,0.000000,5400,7700,14000,15000,19000,25000,25000,130000,130000,130000,130000,59,2,5400,9972.61245474034,1518.1688550001127,130005.16486167908,463.64406779661016
1789883497,6,,Aggregated,0.600000,0.000000,5400,7700,14000,15000,19000,25000,25000,130000,130000,130000,130000,60,2,5400,9874.241467311322,1518.1688550001127,130005.16486167908,460.06666666666666
1789883498,6,,Aggregated,0.600000,0.000000,5400,7700,14000,15000,19000,25000,25000,130000,130000,130000,130000,60,2,5400,9874.241467311322,1518.1688550001127,130005.16486167908,460.06666666666666
1789883499,6,,Aggregated,0.600000,0.000000,5400,7700,14000,15000,19000,25000,25000,130000,130000,130000,130000,60,2,5400,9874.241467311322,1518.1688550001127,130005.16486167908,460.06666666666666
1789883500,6,,Aggregated,0.600000,0.000000,5400,7700,14000,15000,19000,25000,25000,130000,130000,130000,130000,60,2,5400,9874.241467311322,1518.1688550001127,130005.16486167908,460.06666666666666
1789883501,6,,Aggregated,0.400000,0.000000,5400,8000,14000,15000,19000,25000,130000,144000,144000,144000,144000,64,2,5400,11808.211931592497,1518.1688550001127,144134.26566123962,667.21875
1789883502,6,,Aggregated,0.400000,0.000000,5400,8000,14000,15000,19000,25000,130000,144000,144000,144000,144000,64,2,5400,11808.211931592497,1518.1688550001127,144134.26566123962,667.21875
1789883503,6,,Aggregated,0.400000,0.000000,5400,8000,14000,15000,19000,25000,130000,144000,144000,144000,144000,64,2,5400,11808.211931592497,1518.1688550001127,144134.26566123962,667.21875
1789883504,6,,Aggregated,0.400000,0.000000,5400,8000,14000,15000,19000,25000,130000,144000,144000,144000,144000,64,2,5400,11808.211931592497,1518.1688550001127,144134.26566123962,667.21875
1789883505,6,,Aggregated,0.400000,0.000000,5400,8000,14000,15000,19000,25000,130000,144000,144000,144000,144000,64,2,5400,11808.211931592497,1518.1688550001127,144134.26566123962,667.21875
1789883506,6,,Aggregated,0.400000,0.000000,5400,8000,14000,15000,19000,25000,130000,144000,144000,144000,144000,64,2,5400,11808.211931592497,1518.1688550001127,144134.26566123962,667.21875
1789883507,6,,Aggregated,0.400000,0.000000,5400,8000,14000,15000,19000,25000,130000,144000,144000,144000,144000,64,2,5400,11808.211931592497,1518.1688550001127,144134.26566123962,667.21875
1789883508,6,,Aggregated,0.400000,0.000000,5400,8000,14000,15000,19000,25000,130000,144000,144000,144000,144000,64,2,5400,11808.211931592497,1518.1688550001127,144134.26566123962,667.21875
1789883509,6,,Aggregated,0.400000,0.000000,5400,8000,14000,15000,19000,25000,130000,144000,144000,144000,144000,64,2,5400,11808.211931592497,1518.1688550001127,144134.26566123962,667.21875
1789883510,6,,Aggregated,0.400000,0.000000,5400,8000,14000,15000,19000,25000,130000,144000,144000,144000,144000,64,2,5400,11808.211931592497,1518.1688550001127,144134.26566123962,667.21875
1789883511,6,,Aggregated,0.400000,0.000000,5400,8000,14000,15000,19000,25000,130000,144000,144000,144000,144000,64,2,5400,11808.211931592497,1518.1688550001127,144134.26566123962,667.21875
1789883512,6,,Aggregated,0.400000,0.000000,6100,8100,13000,14000,19000,25000,130000,144000,144000,144000,144000,67,2,6100,11735.93791032716,1518.1688550001127,144134.26566123962,646.1492537313433
1789883513,6,,Aggregated,0.400000,0.000000,6100,8100,13000,14000,19000,25000,130000,144000,144000,144000,144000,67,2,6100,11735.93791032716,1518.1688550001127,144134.26566123962,646.1492537313433
1789883514,6,,Aggregated,0.400000,0.000000,6100,8100,13000,14000,19000,25000,130000,144000,144000,144000,144000,67,2,6100,11735.93791032716,1518.1688550001127,144134.26566123962,646.1492537313433
1789883515,6,,Aggregated,0.400000,0.000000,6100,8100,13000,14000,19000,25000,130000,144000,144000,144000,144000,67,2,6100,11735.93791032716,1518.1688550001127,144134.26566123962,646.1492537313433
1789883516,6,,Aggregated,0.400000,0.000000,6100,8100,13000,14000,19000,25000,130000,144000,144000,144000,144000,67,2,6100,11735.93791032716,1518.1688550001127,144134.26566123962,646.1492537313433
1789883517,6,,Aggregated,0.400000,0.000000,6100,8100,13000,14000,19000,25000,130000,144000,144000,144000,144000,67,2,6100,11735.93791032716,1518.1688550001127,144134.26566123962,646.1492537313433
1789883518,6,,Aggregated,0.300000,0.000000,5400,8000,11000,14000,19000,25000,130000,144000,144000,144000,144000,69,2,5400,11503.016278448096,1518.1688550001127,144134.26566123962,634.3478260869565
1789883519,6,,Aggregated,0.300000,0.000000,5400,8000,11000,14000,19000,25000,130000,144000,144000,144000,144000,69,2,5400,11503.016278448096,1518.1688550001127,144134.26566123962,634.3478260869565
1789883520,6,,Aggregated,0.300000,0.000000,5400,8000,11000,14000,19000,25000,130000,144000,144000,144000,144000,69,2,5400,11503.016278448096,1518.1688550001127,144134.26566123962,634.3478260869565
1789883521,6,,Aggregated,0.300000,0.000000,5400,8000,11000,14000,19000,25000,130000,144000,144000,144000,144000,69,2,5400,11503.016278448096,1518.1688550001127,144134.26566123962,634.3478260869565
1789883522,6,,Aggregated,0.500000,0.000000,5400,8000,11000,14000,19000,25000,130000,144000,144000,144000,144000,70,2,5400,11404.630926784559,1518.1688550001127,144134.26566123962,628.9571428571429
1789883523,6,,Aggregated,0.500000,0.000000,5400,8000,11000,14000,19000,25000,130000,144000,144000,144000,144000,70,2,5400,11404.630926784559,1518.1688550001127,144134.26566123962,628.9571428571429
1789883524,6,,Aggregated,0.500000,0.000000,5400,8000,11000,14000,19000,25000,130000,144000,144000,144000,144000,70,2,5400,11404.630926784559,1518.1688550001127,144134.26566123962,628.9571428571429
1789883525,6,,Aggregated,0.300000,0.000000,5400,7700,11000,14000,17000,25000,130000,144000,144000,144000,144000,71,2,5400,11323.801139055206,1518.1688550001127,144134.26566123962,623.2112676056338
1789883526,6,,Aggregated,0.300000,0.000000,5400,7700,11000,14000,17000,25000,130000,144000,144000,144000,144000,71,2,5400,11323.801139055206,1518.1688550001127,144134.26566123962,623.2112676056338
1789883527,6,,Aggregated,0.300000,0.000000,5400,7700,11000,14000,17000,25000,130000,144000,144000,144000,144000,72,2,5400,11223.225872151666,1518.1688550001127,144134.26566123962,618.125
1789883528,6,,Aggregated,0.300000,0.000000,5400,7700,11000,14000,17000,25000,130000,144000,144000,144000,144000,72,2,5400,11223.225872151666,1518.1688550001127,144134.26566123962,618.125
1789883529,6,,Aggregated,0.300000,0.000000,5400,7700,11000,14000,17000,25000,130000,144000,144000,144000,144000,72,2,5400,11223.225872151666,1518.1688550001127,144134.26566123962,618.125
1789883530,6,,Aggregated,0.300000,0.000000,5400,7700,8900,14000,17000,25000,130000,144000,144000,144000,144000,73,2,5400,11113.042270944105,1518.1688550001127,144134.26566123962,613.1780821917808
1789883531,6,,Aggregated,0.300000,0.000000,5400,7700,8900,14000,17000,25000,130000,144000,144000,144000,144000,73,2,5400,11113.042270944105,1518.1688550001127,144134.26566123962,613.1780821917808
1789883532,6,,Aggregated,0.300000,0.000000,5400,7700,8900,14000,17000,25000,130000,144000,144000,144000,144000,73,2,5400,11113.042270944105,1518.1688550001127,144134.26566123962,613.1780821917808
1789883533,6,,Aggregated,0.300000,0.000000,5400,7700,8900,14000,17000,25000,130000,144000,144000,144000,144000,73,2,5400,11113.042270944105,1518.1688550001127,144134.26566123962,613.1780821917808
1789883534,6,,Aggregated,0.300000,0.000000,5400,7700,8900,14000,17000,25000,130000,144000,144000,144000,144000,73,2,5400,11113.042270944105,1518.1688550001127,144134.26566123962,613.1780821917808
1789883535,6,,Aggregated,0.300000,0.000000,5400,7700,8900,14000,17000,25000,130000,144000,144000,144000,144000,73,2,5400,11113.042270944105,1518.1688550001127,144134.26566123962,613.1780821917808
1789883536,6,,Aggregated,0.300000,0.000000,5400,7700,8900,14000,17000,25000,130000,144000,144000,144000,144000,73,2,5400,11113.042270944105,1518.1688550001127,144134.26566123962,613.1780821917808
1789883537,6,,Aggregated,0.300000,0.000000,5400,7700,8900,14000,17000,25000,130000,144000,144000,144000,144000,73,2,5400,11113.042270944105,1518.1688550001127,144134.26566123962,613.1780821917808
1789883538,6,,Aggregated,0.300000,0.000000,5400,7700,8900,14000,17000,25000,130000,144000,144000,144000,144000,73,2,5400,11113.042270944105,1518.1688550001127,144134.26566123962,613.1780821917808
1789883539,6,,Aggregated,0.100000,0.000000,5400,7700,11000,14000,17000,25000,130000,144000,144000,144000,144000,75,2,5400,11069.097395625591,1518.1688550001127,144134.26566123962,603.68
1789883540,6,,Aggregated,0.100000,0.000000,5400,7700,11000,14000,17000,25000,130000,144000,144000,144000,144000,75,2,5400,11069.097395625591,1518.1688550001127,144134.26566123962,603.68
1789883541,6,,Aggregated,0.100000,0.000000,5400,7700,11000,14000,17000,25000,130000,144000,144000,144000,144000,75,2,5400,11069.097395625591,1518.1688550001127,144134.26566123962,603.68
1789883542,6,,Aggregated,0.100000,0.000000,5400,7700,11000,14000,17000,25000,130000,144000,144000,144000,144000,75,2,5400,11069.097395625591,1518.1688550001127,144134.26566123962,603.68
1789883543,6,,Aggregated,0.300000,0.000000,5700,7800,11000,14000,17000,25000,130000,144000,144000,144000,144000,76,2,5700,11025.942178248935,1518.1688550001127,144134.26566123962,599.1184210526316
1789883544,6,,Aggregated,0.300000,0.000000,5700,7800,11000,14000,17000,25000,130000,144000,144000,144000,144000,76,2,5700,11025.942178248935,1518.1688550001127,144134.26566123962,599.1184210526316
1789883545,6,,Aggregated,0.300000,0.000000,5700,7800,11000,14000,17000,25000,130000,144000,144000,144000,144000,76,2,5700,11025.942178248935,1518.1688550001127,144134.26566123962,599.1184210526316
1789883546,6,,Aggregated,0.300000,0.000000,5700,7800,11000,14000,17000,25000,130000,144000,144000,144000,144000,76,2,5700,11025.942178248935,1518.1688550001127,144134.26566123962,599.1184210526316
1789883547,6,,Aggregated,0.300000,0.000000,5700,7800,11000,14000,17000,25000,130000,144000,144000,144000,144000,76,2,5700,11025.942178248935,1518.1688550001127,144134.26566123962,599.1184210526316
1789883548,6,,Aggregated,0.300000,0.000000,5400,7700,8900,14000,17000,25000,130000,144000,144000,144000,144000,77,2,5400,10943.124939856092,1518.1688550001127,144134.26566123962,594.6753246753246
1789883549,6,,Aggregated,0.300000,0.000000,5400,7700,8900,14000,17000,25000,130000,144000,144000,144000,144000,78,2,5400,10858.899470857932,1518.1688550001127,144134.26566123962,590.3461538461538
1789883550,6,,Aggregated,0.300000,0.000000,5400,7700,8900,14000,17000,25000,130000,144000,144000,144000,144000,78,2,5400,10858.899470857932,1518.1688550001127,144134.26566123962,590.3461538461538
1789883551,6,,Aggregated,0.300000,0.000000,5400,7700,8900,14000,17000,25000,130000,144000,144000,144000,144000,78,2,5400,10858.899470857932,1518.1688550001127,144134.26566123962,590.3461538461538
1789883552,6,,Aggregated,0.300000,0.000000,5400,7700,8900,14000,17000,25000,130000,144000,144000,144000,144000,78,2,5400,10858.899470857932,1518.1688550001127,144134.26566123962,590.3461538461538
1789883553,6,,Aggregated,0.300000,0.000000,5400,7700,8900,14000,17000,25000,130000,144000,144000,144000,144000,78,2,5400,10858.899470857932,1518.1688550001127,144134.26566123962,590.3461538461538
1789883554,6,,Aggregated,0.300000,0.000000,5400,7700,8900,14000,17000,25000,130000,144000,144000,144000,144000,78,2,5400,10858.899470857932,1518.1688550001127,144134.26566123962,590.3461538461538
1789883555,6,,Aggregated,0.300000,0.000000,5400,7700,8900,14000,17000,25000,130000,144000,144000,144000,144000,78,2,5400,10858.899470857932,1518.1688550001127,144134.26566123962,590.3461538461538
1789883556,6,,Aggregated,0.300000,0.000000,5400,7700,8900,14000,17000,25000,130000,144000,144000,144000,144000,78,2,5400,10858.899470857932,1518.1688550001127,144134.26566123962,590.3461538461538
1789883557,6,,Aggregated,0.200000,0.000000,5700,7800,11000,14000,22000,51000,144000,198000,198000,198000,198000,80,2,5700,13708.496626286287,1518.1688550001127,198436.34486198425,832.75
1789883558,6,,Aggregated,0.200000,0.000000,5400,7800,11000,14000,19000,25000,144000,198000,198000,198000,198000,82,2,5400,13474.81068121833,1518.1688550001127,198436.34486198425,818.7073170731708
1789883559,6,,Aggregated,0.200000,0.000000,5400,7800,11000,14000,19000,25000,144000,198000,198000,198000,198000,83,2,5400,13446.906490071116,1518.1688550001127,198436.34486198425,811.9397590361446
1789883560,6,,Aggregated,0.200000,0.000000,5400,7800,11000,14000,19000,25000,144000,198000,198000,198000,198000,83,2,5400,13446.906490071116,1518.1688550001127,198436.34486198425,811.9397590361446
1789883561,6,,Aggregated,0.200000,0.000000,5400,7800,11000,14000,19000,25000,144000,198000,198000,198000,198000,83,2,5400,13446.906490071116,1518.1688550001127,198436.34486198425,811.9397590361446
1789883562,6,,Aggregated,0.200000,0.000000,5400,7800,11000,14000,19000,25000,144000,198000,198000,198000,198000,83,2,5400,13446.906490071116,1518.1688550001127,198436.34486198425,811.9397590361446
1789883563,6,,Aggregated,0.200000,0.000000,5400,7800,11000,14000,19000,25000,144000,198000,198000,198000,198000,83,2,5400,13446.906490071116,1518.1688550001127,198436.34486198425,811.9397590361446
1789883564,6,,Aggregated,0.200000,0.000000,5400,7800,11000,14000,19000,25000,144000,198000,198000,198000,198000,83,2,5400,13446.906490071116,1518.1688550001127,198436.34486198425,811.9397590361446
1789883565,6,,Aggregated,0.500000,0.000000,5400,7700,11000,14000,19000,25000,144000,198000,198000,198000,198000,86,2,5400,13125.366043219807,1518.1688550001127,198436.34486198425,790.4767441860465
1789883566,6,,Aggregated,0.500000,0.000000,5400,7700,11000,14000,19000,25000,144000,198000,198000,198000,198000,87,2,5400,13003.766764205791,1518.1688550001127,198436.34486198425,784.3448275862069
1789883567,6,,Aggregated,0.500000,0.000000,5400,7700,11000,14000,19000,25000,144000,198000,198000,198000,198000,87,2,5400,13003.766764205791,1518.1688550001127,198436.34486198425,784.3448275862069
1789883568,6,,Aggregated,0.500000,0.000000,5400,7700,11000,14000,19000,25000,144000,198000,198000,198000,198000,87,2,5400,13003.766764205791,1518.1688550001127,198436.34486198425,784.3448275862069
1789883569,6,,Aggregated,0.500000,0.000000,5400,7700,11000,14000,19000,25000,144000,198000,198000,198000,198000,87,2,5400,13003.766764205791,1518.1688550001127,198436.34486198425,784.3448275862069
1789883570,6,,Aggregated,0.500000,0.000000,5400,7700,11000,14000,19000,25000,144000,198000,198000,198000,198000,87,2,5400,13003.766764205791,1518.1688550001127,198436.34486198425,784.3448275862069
1789883571,6,,Aggregated,0.500000,0.000000,5400,7700,11000,14000,19000,25000,144000,198000,198000,198000,198000,87,2,5400,13003.766764205791,1518.1688550001127,198436.34486198425,784.3448275862069
1789883572,6,,Aggregated,0.500000,0.000000,5400,7700,11000,14000,19000,25000,144000,198000,198000,198000,198000,87,2,5400,13003.766764205791,1518.1688550001127,198436.34486198425,784.3448275862069
1789883573,6,,Aggregated,0.500000,0.000000,5400,7700,11000,14000,19000,25000,144000,198000,198000,198000,198000,87,2,5400,13003.766764205791,1518.1688550001127,198436.34486198425,784.3448275862069
1789883574,6,,Aggregated,0.500000,0.000000,5400,7700,11000,14000,19000,25000,144000,198000,198000,198000,198000,87,2,5400,13003.766764205791,1518.1688550001127,198436.34486198425,784.3448275862069
1789883575,6,,Aggregated,0.500000,0.000000,5400,7700,11000,14000,19000,25000,144000,198000,198000,198000,198000,87,2,5400,13003.766764205791,1518.1688550001127,198436.34486198425,784.3448275862069
1789883576,6,,Aggregated,0.400000,0.000000,5700,7700,9400,14000,19000,25000,144000,198000,198000,198000,198000,90,2,5700,12804.343445921153,1518.1688550001127,198436.34486198425,766.3666666666667
1789883577,6,,Aggregated,0.300000,0.000000,5700,7700,9400,13000,17000,25000,144000,198000,198000,198000,198000,91,2,5700,12728.271871647301,1518.1688550001127,198436.34486198425,760.7692307692307
1789883578,6,,Aggregated,0.300000,0.000000,5700,7700,9400,13000,17000,25000,144000,198000,198000,198000,198000,91,2,5700,12728.271871647301,1518.1688550001127,198436.34486198425,760.7692307692307
1789883579,6,,Aggregated,0.300000,0.000000,5700,7700,9400,13000,17000,25000,144000,198000,198000,198000,198000,91,2,5700,12728.271871647301,1518.1688550001127,198436.34486198425,760.7692307692307
1789883580,6,,Aggregated,0.300000,0.000000,5700,7700,9400,13000,17000,25000,144000,198000,198000,198000,198000,91,2,5700,12728.271871647301,1518.1688550001127,198436.34486198425,760.7692307692307
1789883581,6,,Aggregated,0.300000,0.000000,5700,7700,9400,13000,17000,25000,144000,198000,198000,198000,198000,91,2,5700,12728.271871647301,1518.1688550001127,198436.34486198425,760.7692307692307
1789883582,6,,Aggregated,0.300000,0.000000,5700,7700,9400,13000,17000,25000,144000,198000,198000,198000,198000,91,2,5700,12728.271871647301,1518.1688550001127,198436.34486198425,760.7692307692307
1789883583,6,,Aggregated,0.300000,0.000000,5700,7700,9400,13000,17000,25000,144000,198000,198000,198000,198000,91,2,5700,12728.271871647301,1518.1688550001127,198436.34486198425,760.7692307692307
1789883584,6,,Aggregated,0.300000,0.000000,5700,7700,9400,13000,17000,25000,144000,198000,198000,198000,198000,91,2,5700,12728.271871647301,1518.1688550001127,198436.34486198425,760.7692307692307
1789883585,6,,Aggregated,0.300000,0.000000,5700,7700,9400,13000,17000,25000,144000,198000,198000,198000,198000,91,2,5700,12728.271871647301,1518.1688550001127,198436.34486198425,760.7692307692307
1789883586,6,,Aggregated,0.300000,0.000000,5700,7700,9400,13000,17000,25000,144000,198000,198000,198000,198000,91,2,5700,12728.271871647301,1518.1688550001127,198436.34486198425,760.7692307692307
1789883587,6,,Aggregated,0.400000,0.000000,5800,7700,9400,13000,17000,25000,144000,198000,198000,198000,198000,92,2,5800,12689.853593085923,1518.1688550001127,198436.34486198425,754.9021739130435
1789883588,6,,Aggregated,0.400000,0.000000,5800,7700,9400,13000,17000,25000,144000,198000,198000,198000,198000,92,2,5800,12689.853593085923,1518.1688550001127,198436.34486198425,754.9021739130435
1789883589,6,,Aggregated,0.400000,0.000000,5800,7700,9400,13000,17000,25000,144000,198000,198000,198000,198000,92,2,5800,12689.853593085923,1518.1688550001127,198436.34486198425,754.9021739130435
1789883590,6,,Aggregated,0.400000,0.000000,5800,7700,9400,13000,17000,25000,144000,198000,198000,198000,198000,92,2,5800,12689.853593085923,1518.1688550001127,198436.34486198425,754.9021739130435
1789883591,6,,Aggregated,0.100000,0.000000,5800,7800,9200,13000,17000,25000,144000,198000,198000,198000,198000,93,2,5800,12648.838600235536,1518.1688550001127,198436.34486198425,749.5483870967741
1789883592,6,,Aggregated,0.100000,0.000000,5800,7800,9200,13000,17000,25000,144000,198000,198000,198000,198000,93,2,5800,12648.838600235536,1518.1688550001127,198436.34486198425,749.5483870967741
1789883593,6,,Aggregated,0.100000,0.000000,5800,7800,9200,13000,17000,25000,144000,198000,198000,198000,198000,93,2,5800,12648.838600235536,1518.1688550001127,198436.34486198425,749.5483870967741
1789883594,6,,Aggregated,0.200000,0.000000,5900,8000,11000,13000,17000,25000,144000,198000,198000,198000,198000,95,2,5900,12658.925053020055,1518.1688550001127,198436.34486198425,739.1789473684211
1789883595,6,,Aggregated,0.200000,0.000000,5900,8000,11000,13000,17000,25000,144000,198000,198000,198000,198000,95,2,5900,12658.925053020055,1518.1688550001127,198436.34486198425,739.1789473684211
1789883596,6,,Aggregated,0.200000,0.000000,5900,8000,11000,13000,17000,25000,144000,198000,198000,198000,198000,95,2,5900,12658.925053020055,1518.1688550001127,198436.34486198425,739.1789473684211
1789883597,6,,Aggregated,0.200000,0.000000,5900,8000,11000,13000,17000,25000,144000,198000,198000,198000,198000,95,2,5900,12658.925053020055,1518.1688550001127,198436.34486198425,739.1789473684211
1789883598,6,,Aggregated,0.200000,0.000000,5900,8000,11000,13000,17000,25000,144000,198000,198000,198000,198000,95,2,5900,12658.925053020055,1518.1688550001127,198436.34486198425,739.1789473684211
1789883599,6,,Aggregated,0.400000,0.000000,5900,8000,11000,13000,17000,25000,144000,198000,198000,198000,198000,96,2,5900,12601.859092749013,1518.1688550001127,198436.34486198425,733.78125
1789883600,6,,Aggregated,0.400000,0.000000,5900,8000,11000,13000,17000,25000,144000,198000,198000,198000,198000,96,2,5900,12601.859092749013,1518.1688550001127,198436.34486198425,733.78125
1789883601,6,,Aggregated,0.400000,0.000000,5900,8000,11000,13000,17000,25000,144000,198000,198000,198000,198000,96,2,5900,12601.859092749013,1518.1688550001127,198436.34486198425,733.78125
1789883602,6,,Aggregated,0.400000,0.000000,5900,8000,9400,13000,17000,25000,144000,198000,198000,198000,198000,97,2,5900,12534.168639163976,1518.1688550001127,198436.34486198425,728.8659793814433
1789883603,6,,Aggregated,0.400000,0.000000,5900,8000,9400,13000,17000,25000,144000,198000,198000,198000,198000,97,2,5900,12534.168639163976,1518.1688550001127,198436.34486198425,728.8659793814433
1789883604,6,,Aggregated,0.300000,0.000000,5900,7800,9400,13000,17000,25000,144000,198000,198000,198000,198000,99,2,5900,12385.334695372787,1518.1688550001127,198436.34486198425,719.2929292929293
1789883605,6,,Aggregated,0.300000,0.000000,5900,7800,9400,13000,17000,25000,144000,198000,198000,198000,198000,99,2,5900,12385.334695372787,1518.1688550001127,198436.34486198425,719.2929292929293
1789883606,6,,Aggregated,0.300000,0.000000,5900,7800,9400,13000,17000,25000,144000,198000,198000,198000,198000,99,2,5900,12385.334695372787,1518.1688550001127,198436.34486198425,719.2929292929293
1789883607,6,,Aggregated,0.300000,0.000000,5900,7800,9400,13000,17000,25000,144000,198000,198000,198000,198000,99,2,5900,12385.334695372787,1518.1688550001127,198436.34486198425,719.2929292929293
1789883608,6,,Aggregated,0.300000,0.000000,5900,7800,9400,13000,17000,25000,144000,198000,198000,198000,198000,99,2,5900,12385.334695372787,1518.1688550001127,198436.34486198425,719.2929292929293
1789883609,6,,Aggregated,0.300000,0.000000,5900,7800,9400,13000,17000,25000,144000,198000,198000,198000,198000,99,2,5900,12385.334695372787,1518.1688550001127,198436.34486198425,719.2929292929293
1789883610,6,,Aggregated,0.300000,0.000000,5900,7800,9400,13000,17000,25000,144000,198000,198000,198000,198000,99,2,5900,12385.334695372787,1518.1688550001127,198436.34486198425,719.2929292929293
1789883611,6,,Aggregated,0.300000,0.000000,5900,7800,9400,13000,17000,25000,144000,198000,198000,198000,198000,99,2,5900,12385.334695372787,1518.1688550001127,198436.34486198425,719.2929292929293
1789883612,6,,Aggregated,0.300000,0.000000,5900,7800,9400,13000,17000,25000,144000,198000,198000,198000,198000,99,2,5900,12385.334695372787,1518.1688550001127,198436.34486198425,719.2929292929293
1789883613,6,,Aggregated,0.300000,0.000000,5900,8000,9400,13000,17000,25000,144000,198000,198000,198000,198000,100,2,5900,12354.126204239057,1518.1688550001127,198436.34486198425,714.59
1789883614,6,,Aggregated,0.300000,0.000000,5900,7800,9300,13000,16000,25000,130000,144000,198000,198000,198000,101,2,5900,12301.953711573327,1518.1688550001127,198436.34486198425,710.059405940594
1789883615,6,,Aggregated,0.300000,0.000000,5900,7800,9300,13000,16000,25000,130000,144000,198000,198000,198000,101,2,5900,12301.953711573327,1518.1688550001127,198436.34486198425,710.059405940594
1789883616,6,,Aggregated,0.300000,0.000000,6000,7800,9300,13000,16000,25000,130000,144000,198000,198000,198000,102,2,6000,12252.25148121477,1518.1688550001127,198436.34486198425,705.6176470588235
1789883617,6,,Aggregated,0.300000,0.000000,6000,7800,9300,13000,16000,25000,130000,144000,198000,198000,198000,102,2,6000,12252.25148121477,1518.1688550001127,198436.34486198425,705.6176470588235
1789883618,6,,Aggregated,0.300000,0.000000,6000,7800,9300,13000,16000,25000,130000,144000,198000,198000,198000,102,2,6000,12252.25148121477,1518.1688550001127,198436.34486198425,705.6176470588235
1789883619,6,,Aggregated,0.300000,0.000000,6100,8000,10000,13000,17000,25000,133000,144000,198000,198000,198000,104,2,6100,13396.111264992069,1518.1688550001127,198436.34486198425,858.8365384615385
1789883620,6,,Aggregated,0.300000,0.000000,6100,8000,10000,13000,17000,25000,133000,144000,198000,198000,198000,104,2,6100,13396.111264992069,1518.1688550001127,198436.34486198425,858.8365384615385
1789883621,6,,Aggregated,0.300000,0.000000,6100,8000,10000,13000,17000,25000,133000,144000,198000,198000,198000,104,2,6100,13396.111264992069,1518.1688550001127,198436.34486198425,858.8365384615385
1789883622,6,,Aggregated,0.300000,0.000000,6100,8000,10000,13000,17000,25000,133000,144000,198000,198000,198000,104,2,6100,13396.111264992069,1518.1688550001127,198436.34486198425,858.8365384615385
1789883623,6,,Aggregated,0.300000,0.000000,6100,8000,10000,13000,17000,25000,133000,144000,198000,198000,198000,104,2,6100,13396.111264992069,1518.1688550001127,198436.34486198425,858.8365384615385
1789883624,6,,Aggregated,0.300000,0.000000,6100,8000,10000,13000,17000,25000,133000,144000,198000,198000,198000,104,2,6100,13396.111264992069,1518.1688550001127,198436.34486198425,858.8365384615385
1789883625,6,,Aggregated,0.300000,0.000000,6100,8000,10000,13000,17000,25000,133000,144000,198000,198000,198000,104,2,6100,13396.111264992069,1518.1688550001127,198436.34486198425,858.8365384615385
1789883626,6,,Aggregated,0.300000,0.000000,6100,8000,10000,13000,17000,25000,133000,144000,198000,198000,198000,104,2,6100,13396.111264992069,1518.1688550001127,198436.34486198425,858.8365384615385
1789883627,6,,Aggregated,0.300000,0.000000,6100,8000,9400,13000,17000,25000,133000,144000,198000,198000,198000,106,2,6100,13271.340394162022,1518.1688550001127,198436.34486198425,847.4811320754717
1789883628,6,,Aggregated,0.300000,0.000000,6100,8100,9400,13000,17000,25000,133000,144000,198000,198000,198000,107,2,6100,13226.511530870785,1518.1688550001127,198436.34486198425,840.2710280373832
1789883629,6,,Aggregated,0.300000,0.000000,6100,8100,9400,13000,17000,25000,133000,144000,198000,198000,198000,107,2,6100,13226.511530870785,1518.1688550001127,198436.34486198425,840.2710280373832
1789883630,6,,Aggregated,0.300000,0.000000,6100,8100,9400,13000,17000,25000,133000,144000,198000,198000,198000,107,2,6100,13226.511530870785,1518.1688550001127,198436.34486198425,840.2710280373832
1789883631,6,,Aggregated,0.300000,0.000000,6100,8100,9400,13000,17000,25000,133000,144000,198000,198000,198000,107,2,6100,13226.511530870785,1518.1688550001127,198436.34486198425,840.2710280373832
1789883632,6,,Aggregated,0.300000,0.000000,6100,8100,9400,13000,17000,25000,133000,144000,198000,198000,198000,107,2,6100,13226.511530870785,1518.1688550001127,198436.34486198425,840.2710280373832
1789883633,6,,Aggregated,0.300000,0.000000,6100,8100,9400,13000,17000,25000,133000,144000,198000,198000,198000,107,2,6100,13226.511530870785,1518.1688550001127,198436.34486198425,840.2710280373832
1789883634,6,,Aggregated,0.300000,0.000000,6100,8100,9400,13000,17000,25000,133000,144000,198000,198000,198000,107,2,6100,13226.511530870785,1518.1688550001127,198436.34486198425,840.2710280373832
1789883635,6,,Aggregated,0.300000,0.000000,6100,8100,9400,13000,17000,25000,133000,144000,198000,198000,198000,107,2,6100,13226.511530870785,1518.1688550001127,198436.34486198425,840.2710280373832
1789883636,6,,Aggregated,0.300000,0.000000,6100,8100,9400,13000,17000,25000,133000,144000,198000,198000,198000,107,2,6100,13226.511530870785,1518.1688550001127,198436.34486198425,840.2710280373832
1789883637,6,,Aggregated,0.300000,0.000000,6100,8100,9400,13000,17000,25000,133000,144000,198000,198000,198000,107,2,6100,13226.511530870785,1518.1688550001127,198436.34486198425,840.2710280373832
1789883638,6,,Aggregated,0.300000,0.000000,6100,8100,9400,13000,17000,25000,133000,144000,198000,198000,198000,107,2,6100,13226.511530870785,1518.1688550001127,198436.34486198425,840.2710280373832
1789883639,6,,Aggregated,0.300000,0.000000,6100,8100,9400,13000,17000,25000,133000,144000,198000,198000,198000,107,2,6100,13226.511530870785,1518.1688550001127,198436.34486198425,840.2710280373832
1789883640,6,,Aggregated,0.300000,0.000000,6100,8100,9400,13000,17000,25000,133000,144000,198000,198000,198000,107,2,6100,13226.511530870785,1518.1688550001127,198436.34486198425,840.2710280373832
1789883641,6,,Aggregated,0.000000,0.000000,6100,8100,9600,13000,17000,25000,133000,144000,198000,198000,198000,110,2,6100,13144.839500910675,1518.1688550001127,198436.34486198425,824.3636363636364
1789883642,6,,Aggregated,0.000000,0.000000,6100,8100,9600,13000,17000,25000,133000,144000,198000,198000,198000,110,2,6100,13144.839500910675,1518.1688550001127,198436.34486198425,824.3636363636364
1789883643,6,,Aggregated,0.000000,0.000000,6100,8100,9600,13000,17000,25000,133000,144000,198000,198000,198000,110,2,6100,13144.839500910675,1518.1688550001127,198436.34486198425,824.3636363636364
1789883644,6,,Aggregated,0.000000,0.000000,6100,8100,9600,13000,17000,25000,133000,144000,198000,198000,198000,110,2,6100,13144.839500910675,1518.1688550001127,198436.34486198425,824.3636363636364
1789883645,6,,Aggregated,0.000000,0.000000,6100,8100,9600,13000,17000,25000,133000,144000,198000,198000,198000,110,2,6100,13144.839500910675,1518.1688550001127,198436.34486198425,824.3636363636364
1789883646,6,,Aggregated,0.300000,0.000000,6300,8200,11000,13000,19000,51000,144000,198000,288000,288000,288000,112,2,6300,15720.059088452846,1518.1688550001127,287795.0417995453,1010.5803571428571
1789883648,6,,Aggregated,0.300000,0.000000,6300,8200,11000,13000,19000,51000,144000,198000,288000,288000,288000,112,2,6300,15720.059088452846,1518.1688550001127,287795.0417995453,1010.5803571428571
1789883649,6,,Aggregated,0.300000,0.000000,6300,8200,11000,13000,19000,51000,144000,198000,288000,288000,288000,112,2,6300,15720.059088452846,1518.1688550001127,287795.0417995453,1010.5803571428571
1789883650,6,,Aggregated,0.300000,0.000000,6300,8200,11000,13000,19000,51000,144000,198000,288000,288000,288000,112,2,6300,15720.059088452846,1518.1688550001127,287795.0417995453,1010.5803571428571
1789883651,6,,Aggregated,0.300000,0.000000,6300,8200,11000,13000,19000,51000,144000,198000,288000,288000,288000,112,2,6300,15720.059088452846,1518.1688550001127,287795.0417995453,1010.5803571428571
1789883652,6,,Aggregated,0.300000,0.000000,6300,8200,11000,13000,19000,51000,144000,198000,288000,288000,288000,112,2,6300,15720.059088452846,1518.1688550001127,287795.0417995453,1010.5803571428571
1789883653,6,,Aggregated,0.300000,0.000000,6300,8200,11000,13000,19000,51000,144000,198000,288000,288000,288000,112,2,6300,15720.059088452846,1518.1688550001127,287795.0417995453,1010.5803571428571
1789883654,6,,Aggregated,0.500000,0.000000,6300,8200,10000,13000,19000,51000,144000,198000,288000,288000,288000,113,2,6300,15644.21062878512,1518.1688550001127,287795.0417995453,1002.3097345132743
1789883655,6,,Aggregated,0.500000,0.000000,6300,8200,10000,13000,19000,51000,144000,198000,288000,288000,288000,113,2,6300,15644.21062878512,1518.1688550001127,287795.0417995453,1002.3097345132743
1789883656,6,,Aggregated,0.500000,0.000000,6300,8200,10000,13000,19000,51000,144000,198000,288000,288000,288000,113,2,6300,15644.21062878512,1518.1688550001127,287795.0417995453,1002.3097345132743
1789883657,6,,Aggregated,0.500000,0.000000,6300,8200,10000,13000,19000,51000,144000,198000,288000,288000,288000,113,2,6300,15644.21062878512,1518.1688550001127,287795.0417995453,1002.3097345132743
1789883658,6,,Aggregated,0.300000,0.000000,6300,8500,11000,13000,19000,51000,144000,198000,288000,288000,288000,114,2,6300,15600.34052513788,1518.1688550001127,287795.0417995453,995.7719298245614
1789883659,6,,Aggregated,0.300000,0.000000,6300,8500,11000,13000,19000,51000,144000,198000,288000,288000,288000,115,2,6300,15594.403221545379,1518.1688550001127,287795.0417995453,989.3478260869565
1789883660,6,,Aggregated,0.300000,0.000000,6300,8500,11000,13000,19000,51000,144000,198000,288000,288000,288000,115,2,6300,15594.403221545379,1518.1688550001127,287795.0417995453,989.3478260869565
1789883661,6,,Aggregated,0.300000,0.000000,6300,8500,11000,13000,19000,51000,144000,198000,288000,288000,288000,115,2,6300,15594.403221545379,1518.1688550001127,287795.0417995453,989.3478260869565
1789883662,6,,Aggregated,0.300000,0.000000,6300,8500,11000,13000,19000,51000,144000,198000,288000,288000,288000,115,2,6300,15594.403221545379,1518.1688550001127,287795.0417995453,989.3478260869565
1789883663,6,,Aggregated,0.300000,0.000000,6300,8500,11000,13000,19000,51000,144000,198000,288000,288000,288000,115,2,6300,15594.403221545379,1518.1688550001127,287795.0417995453,989.3478260869565
1789883664,6,,Aggregated,0.300000,0.000000,6300,8500,11000,13000,19000,51000,144000,198000,288000,288000,288000,115,2,6300,15594.403221545379,1518.1688550001127,287795.0417995453,989.3478260869565
1789883665,6,,Aggregated,0.300000,0.000000,6500,8600,11000,14000,22000,130000,163000,198000,288000,288000,288000,118,2,6500,16804.669017440017,1518.1688550001127,287795.0417995453,1097.677966101695
1789883666,6,,Aggregated,0.300000,0.000000,6500,8600,11000,14000,22000,130000,163000,198000,288000,288000,288000,118,2,6500,16804.669017440017,1518.1688550001127,287795.0417995453,1097.677966101695
1789883667,6,,Aggregated,0.300000,0.000000,6500,8600,11000,14000,22000,130000,163000,198000,288000,288000,288000,118,2,6500,16804.669017440017,1518.1688550001127,287795.0417995453,1097.677966101695
1789883668,6,,Aggregated,0.300000,0.000000,6500,8600,11000,14000,22000,130000,163000,198000,288000,288000,288000,118,2,6500,16804.669017440017,1518.1688550001127,287795.0417995453,1097.677966101695
1789883669,6,,Aggregated,0.300000,0.000000,6500,8600,11000,14000,22000,130000,163000,198000,288000,288000,288000,118,2,6500,16804.669017440017,1518.1688550001127,287795.0417995453,1097.677966101695
1789883670,6,,Aggregated,0.300000,0.000000,6500,8600,11000,14000,22000,130000,163000,198000,288000,288000,288000,118,2,6500,16804.669017440017,1518.1688550001127,287795.0417995453,1097.677966101695
1789883671,6,,Aggregated,0.400000,0.000000,6500,8600,11000,14000,22000,130000,163000,198000,288000,288000,288000,119,2,6500,16731.624921671613,1518.1688550001127,287795.0417995453,1090.6134453781513
1789883672,6,,Aggregated,0.400000,0.000000,6500,8600,11000,14000,22000,130000,163000,198000,288000,288000,288000,119,2,6500,16731.624921671613,1518.1688550001127,287795.0417995453,1090.6134453781513
1789883673,6,,Aggregated,0.300000,0.000000,7000,8600,11000,13000,19000,51000,163000,198000,288000,288000,288000,122,2,7000,16506.45600556493,1518.1688550001127,287795.0417995453,1068.6311475409836
1789883674,6,,Aggregated,0.300000,0.000000,7000,8600,11000,13000,19000,51000,163000,198000,288000,288000,288000,122,2,7000,16506.45600556493,1518.1688550001127,287795.0417995453,1068.6311475409836
1789883675,6,,Aggregated,0.300000,0.000000,7000,8600,11000,13000,19000,51000,163000,198000,288000,288000,288000,122,2,7000,16506.45600556493,1518.1688550001127,287795.0417995453,1068.6311475409836
1789883676,6,,Aggregated,0.300000,0.000000,7000,8600,11000,13000,19000,51000,163000,198000,288000,288000,288000,122,2,7000,16506.45600556493,1518.1688550001127,287795.0417995453,1068.6311475409836
1789883677,6,,Aggregated,0.300000,0.000000,7000,8600,11000,13000,19000,51000,163000,198000,288000,288000,288000,122,2,7000,16506.45600556493,1518.1688550001127,287795.0417995453,1068.6311475409836
1789883678,6,,Aggregated,0.300000,0.000000,7000,8600,11000,13000,19000,51000,163000,198000,288000,288000,288000,122,2,7000,16506.45600556493,1518.1688550001127,287795.0417995453,1068.6311475409836
1789883679,6,,Aggregated,0.300000,0.000000,7000,8600,11000,13000,19000,51000,163000,198000,288000,288000,288000,122,2,7000,16506.45600556493,1518.1688550001127,287795.0417995453,1068.6311475409836
1789883680,6,,Aggregated,0.300000,0.000000,7000,8600,11000,13000,19000,51000,163000,198000,288000,288000,288000,122,2,7000,16506.45600556493,1518.1688550001127,287795.0417995453,1068.6311475409836
1789883681,6,,Aggregated,0.300000,0.000000,7000,8600,11000,13000,19000,51000,163000,198000,288000,288000,288000,122,2,7000,16506.45600556493,1518.1688550001127,287795.0417995453,1068.6311475409836
1789883682,6,,Aggregated,0.400000,0.000000,7000,8600,11000,13000,19000,51000,163000,198000,288000,288000,288000,124,2,7000,16356.266165370336,1518.1688550001127,287795.0417995453,1055.25
1789883683,6,,Aggregated,0.400000,0.000000,7000,8600,11000,13000,19000,51000,163000,198000,288000,288000,288000,124,2,7000,16356.266165370336,1518.1688550001127,287795.0417995453,1055.25
1789883684,6,,Aggregated,0.300000,0.000000,7000,8600,11000,13000,19000,51000,163000,198000,288000,288000,288000,126,2,7000,16210.12766306286,1518.1688550001127,287795.0417995453,1042.579365079365
1789883685,6,,Aggregated,0.300000,0.000000,7000,8600,11000,13000,19000,51000,163000,198000,288000,288000,288000,126,2,7000,16210.12766306286,1518.1688550001127,287795.0417995453,1042.579365079365
1789883686,6,,Aggregated,0.300000,0.000000,7000,8600,11000,13000,19000,51000,163000,198000,288000,288000,288000,126,2,7000,16210.12766306286,1518.1688550001127,287795.0417995453,1042.579365079365
1789883687,6,,Aggregated,0.300000,0.000000,7000,8600,11000,13000,19000,51000,163000,198000,288000,288000,288000,126,2,7000,16210.12766306286,1518.1688550001127,287795.0417995453,1042.579365079365
1789883688,6,,Aggregated,0.400000,0.000000,7000,8500,11000,13000,19000,51000,163000,198000,288000,288000,288000,127,2,7000,16111.954136290711,1518.1688550001127,287795.0417995453,1036.1102362204724
1789883689,6,,Aggregated,0.400000,0.000000,7000,8500,11000,13000,19000,51000,163000,198000,288000,288000,288000,127,2,7000,16111.954136290711,1518.1688550001127,287795.0417995453,1036.1102362204724
1789883690,6,,Aggregated,0.400000,0.000000,7000,8500,11000,13000,19000,51000,163000,198000,288000,288000,288000,127,2,7000,16111.954136290711,1518.1688550001127,287795.0417995453,1036.1102362204724
1789883691,6,,Aggregated,0.500000,0.000000,7000,8500,11000,13000,19000,51000,163000,198000,288000,288000,288000,128,2,7000,16019.68923403844,1518.1688550001127,287795.0417995453,1030.0234375
1789883692,6,,Aggregated,0.500000,0.000000,7000,8500,11000,13000,19000,51000,163000,198000,288000,288000,288000,128,2,7000,16019.68923403844,1518.1688550001127,287795.0417995453,1030.0234375
1789883693,6,,Aggregated,0.500000,0.000000,6500,8200,10000,13000,19000,51000,163000,198000,288000,288000,288000,130,2,6500,15827.010194437853,1518.1688550001127,287795.0417995453,1017.8538461538461
1789883694,6,,Aggregated,0.500000,0.000000,6500,8200,10000,13000,19000,51000,163000,198000,288000,288000,288000,130,2,6500,15827.010194437853,1518.1688550001127,287795.0417995453,1017.8538461538461
1789883695,6,,Aggregated,0.500000,0.000000,6500,8200,10000,13000,19000,51000,163000,198000,288000,288000,288000,130,2,6500,15827.010194437853,1518.1688550001127,287795.0417995453,1017.8538461538461
1789883696,6,,Aggregated,0.500000,0.000000,6500,8200,10000,13000,19000,51000,163000,198000,288000,288000,288000,130,2,6500,15827.010194437853,1518.1688550001127,287795.0417995453,1017.8538461538461
1789883697,6,,Aggregated,0.500000,0.000000,6500,8200,10000,13000,19000,51000,163000,198000,288000,288000,288000,130,2,6500,15827.010194437853,1518.1688550001127,287795.0417995453,1017.8538461538461
1789883698,6,,Aggregated,0.500000,0.000000,6500,8200,10000,13000,19000,51000,163000,198000,288000,288000,288000,130,2,6500,15827.010194437853,1518.1688550001127,287795.0417995453,1017.8538461538461
1789883699,6,,Aggregated,0.400000,0.000000,6400,8200,10000,13000,18000,51000,163000,198000,288000,288000,288000,131,2,6400,15738.012409495583,1518.1688550001127,287795.0417995453,1011.7709923664122
1789883700,6,,Aggregated,0.400000,0.000000,6400,8200,10000,13000,18000,51000,163000,198000,288000,288000,288000,131,2,6400,15738.012409495583,1518.1688550001127,287795.0417995453,1011.7709923664122
1789883701,6,,Aggregated,0.400000,0.000000,6400,8200,10000,13000,18000,51000,163000,198000,288000,288000,288000,131,2,6400,15738.012409495583,1518.1688550001127,287795.0417995453,1011.7709923664122
1789883702,6,,Aggregated,0.400000,0.000000,6400,8200,10000,13000,18000,51000,163000,198000,288000,288000,288000,134,2,6400,15555.748904618811,1518.1688550001127,287795.0417995453,994.8731343283582
1789883703,6,,Aggregated,0.400000,0.000000,6400,8200,10000,13000,18000,51000,163000,198000,288000,288000,288000,134,2,6400,15555.748904618811,1518.1688550001127,287795.0417995453,994.8731343283582
1789883704,6,,Aggregated,0.400000,0.000000,6400,8200,10000,13000,18000,51000,163000,198000,288000,288000,288000,134,2,6400,15555.748904618811,1518.1688550001127,287795.0417995453,994.8731343283582
1789883705,6,,Aggregated,0.400000,0.000000,6400,8200,10000,13000,18000,51000,163000,198000,288000,288000,288000,134,2,6400,15555.748904618811,1518.1688550001127,287795.0417995453,994.8731343283582
1789883706,6,,Aggregated,0.400000,0.000000,6400,8200,10000,13000,18000,51000,163000,198000,288000,288000,288000,134,2,6400,15555.748904618811,1518.1688550001127,287795.0417995453,994.8731343283582
1789883707,6,,Aggregated,0.400000,0.000000,6400,8200,10000,13000,18000,51000,163000,198000,288000,288000,288000,134,2,6400,15555.748904618811,1518.1688550001127,287795.0417995453,994.8731343283582
1789883708,6,,Aggregated,0.400000,0.000000,6400,8200,10000,13000,18000,51000,163000,198000,288000,288000,288000,134,2,6400,15555.748904618811,1518.1688550001127,287795.0417995453,994.8731343283582
1789883709,6,,Aggregated,0.400000,0.000000,6400,8200,10000,13000,18000,51000,163000,198000,288000,288000,288000,134,2,6400,15555.748904618811,1518.1688550001127,287795.0417995453,994.8731343283582
1789883710,6,,Aggregated,0.400000,0.000000,6400,8200,10000,13000,18000,51000,163000,198000,288000,288000,288000,135,2,6400,15488.325846821635,1518.1688550001127,287795.0417995453,989.1407407407407
1789883711,6,,Aggregated,0.400000,0.000000,6400,8200,10000,13000,18000,51000,163000,198000,288000,288000,288000,135,2,6400,15488.325846821635,1518.1688550001127,287795.0417995453,989.1407407407407
1789883712,6,,Aggregated,0.400000,0.000000,6400,8200,10000,13000,18000,51000,163000,198000,288000,288000,288000,135,2,6400,15488.325846821635,1518.1688550001127,287795.0417995453,989.1407407407407
1789883713,6,,Aggregated,0.400000,0.000000,6400,8200,10000,13000,18000,51000,163000,198000,288000,288000,288000,135,2,6400,15488.325846821635,1518.1688550001127,287795.0417995453,989.1407407407407
1789883714,6,,Aggregated,0.400000,0.000000,6400,8200,10000,13000,18000,51000,163000,198000,288000,288000,288000,135,2,6400,15488.325846821635,1518.1688550001127,287795.0417995453,989.1407407407407
1789883715,6,,Aggregated,0.400000,0.000000,6400,8200,10000,13000,18000,51000,163000,198000,288000,288000,288000,135,2,6400,15488.325846821635,1518.1688550001127,287795.0417995453,989.1407407407407
1789883716,6,,Aggregated,0.100000,0.000000,6500,8200,10000,13000,18000,51000,163000,198000,288000,288000,288000,136,2,6500,15440.143010300886,1518.1688550001127,287795.0417995453,983.7573529411765
1789883717,6,,Aggregated,0.100000,0.000000,6500,8200,10000,13000,18000,51000,163000,198000,288000,288000,288000,136,2,6500,15440.143010300886,1518.1688550001127,287795.0417995453,983.7573529411765
1789883718,6,,Aggregated,0.100000,0.000000,6500,8200,10000,13000,18000,51000,163000,198000,288000,288000,288000,136,2,6500,15440.143010300886,1518.1688550001127,287795.0417995453,983.7573529411765
1789883719,6,,Aggregated,0.100000,0.000000,6500,8200,10000,13000,18000,51000,163000,198000,288000,288000,288000,136,2,6500,15440.143010300886,1518.1688550001127,287795.0417995453,983.7573529411765
1789883720,6,,Aggregated,0.100000,0.000000,6500,8200,10000,13000,18000,51000,163000,198000,288000,288000,288000,136,2,6500,15440.143010300886,1518.1688550001127,287795.0417995453,983.7573529411765
1789883721,6,,Aggregated,0.100000,0.000000,6500,8200,10000,13000,18000,51000,163000,198000,288000,288000,288000,136,2,6500,15440.143010300886,1518.1688550001127,287795.0417995453,983.7573529411765
1789883722,6,,Aggregated,0.100000,0.000000,6500,8200,10000,13000,18000,51000,163000,198000,288000,288000,288000,136,2,6500,15440.143010300886,1518.1688550001127,287795.0417995453,983.7573529411765
1789883723,6,,Aggregated,0.100000,0.000000,6500,8200,10000,13000,18000,51000,163000,198000,288000,288000,288000,136,2,6500,15440.143010300886,1518.1688550001127,287795.0417995453,983.7573529411765
1789883724,6,,Aggregated,0.100000,0.000000,6500,8200,10000,13000,18000,51000,163000,198000,288000,288000,288000,136,2,6500,15440.143010300886,1518.1688550001127,287795.0417995453,983.7573529411765
1789883725,6,,Aggregated,0.100000,0.000000,6500,8200,10000,13000,18000,51000,163000,198000,288000,288000,288000,136,2,6500,15440.143010300886,1518.1688550001127,287795.0417995453,983.7573529411765
1789883726,6,,Aggregated,0.100000,0.000000,6500,8500,10000,13000,19000,51000,163000,198000,288000,288000,288000,137,2,6500,15473.150376174603,1518.1688550001127,287795.0417995453,978.4525547445255
1789883727,6,,Aggregated,0.100000,0.000000,6500,8500,10000,13000,19000,51000,163000,198000,288000,288000,288000,137,2,6500,15473.150376174603,1518.1688550001127,287795.0417995453,978.4525547445255
1789883728,6,,Aggregated,0.100000,0.000000,6500,8600,11000,13000,20000,51000,163000,198000,288000,288000,288000,138,2,6500,15511.673202035656,1518.1688550001127,287795.0417995453,973.2246376811594
1789883729,6,,Aggregated,0.100000,0.000000,6500,8600,11000,13000,20000,51000,163000,198000,288000,288000,288000,138,2,6500,15511.673202035656,1518.1688550001127,287795.0417995453,973.2246376811594
1789883730,6,,Aggregated,0.100000,0.000000,6500,8600,11000,13000,20000,51000,163000,198000,288000,288000,288000,138,2,6500,15511.673202035656,1518.1688550001127,287795.0417995453,973.2246376811594
1789883731,6,,Aggregated,0.200000,0.000000,6500,8600,11000,13000,20000,51000,163000,198000,288000,288000,288000,139,2,6500,15510.966431208062,1518.1688550001127,287795.0417995453,967.8129496402878
1789883732,6,,Aggregated,0.200000,0.000000,6500,8600,11000,13000,20000,51000,163000,198000,288000,288000,288000,139,2,6500,15510.966431208062,1518.1688550001127,287795.0417995453,967.8129496402878
1789883733,6,,Aggregated,0.200000,0.000000,6500,8600,11000,13000,20000,51000,163000,198000,288000,288000,288000,139,2,6500,15510.966431208062,1518.1688550001127,287795.0417995453,967.8129496402878
1789883734,6,,Aggregated,0.200000,0.000000,6500,8600,11000,13000,20000,51000,163000,198000,288000,288000,288000,139,2,6500,15510.966431208062,1518.1688550001127,287795.0417995453,967.8129496402878
1789883735,6,,Aggregated,0.200000,0.000000,6500,8600,11000,13000,20000,51000,163000,198000,288000,288000,288000,139,2,6500,15510.966431208062,1518.1688550001127,287795.0417995453,967.8129496402878
1789883736,6,,Aggregated,0.300000,0.000000,6500,8600,11000,13000,19000,27000,163000,198000,288000,288000,288000,141,2,6500,15427.874677971067,1518.1688550001127,287795.0417995453,957.7304964539007
1789883737,6,,Aggregated,0.300000,0.000000,6500,8600,11000,13000,19000,27000,163000,198000,288000,288000,288000,141,2,6500,15427.874677971067,1518.1688550001127,287795.0417995453,957.7304964539007
1789883738,6,,Aggregated,0.300000,0.000000,6500,8600,11000,13000,19000,27000,163000,198000,288000,288000,288000,141,2,6500,15427.874677971067,1518.1688550001127,287795.0417995453,957.7304964539007
1789883739,6,,Aggregated,0.300000,0.000000,6500,8600,11000,13000,19000,27000,163000,198000,288000,288000,288000,141,2,6500,15427.874677971067,1518.1688550001127,287795.0417995453,957.7304964539007
1789883740,6,,Aggregated,0.300000,0.000000,6500,8600,11000,13000,19000,27000,163000,198000,288000,288000,288000,142,2,6500,15350.70639816141,1518.1688550001127,287795.0417995453,952.7394366197183
1789883741,6,,Aggregated,0.300000,0.000000,6500,8600,11000,13000,19000,27000,163000,198000,288000,288000,288000,142,2,6500,15350.70639816141,1518.1688550001127,287795.0417995453,952.7394366197183
1789883742,6,,Aggregated,0.300000,0.000000,6500,8600,11000,13000,19000,27000,163000,198000,288000,288000,288000,142,2,6500,15350.70639816141,1518.1688550001127,287795.0417995453,952.7394366197183
1789883743,6,,Aggregated,0.300000,0.000000,6500,8600,11000,13000,19000,27000,163000,198000,288000,288000,288000,142,2,6500,15350.70639816141,1518.1688550001127,287795.0417995453,952.7394366197183
1789883744,6,,Aggregated,0.300000,0.000000,6500,8600,11000,13000,19000,27000,163000,198000,288000,288000,288000,142,2,6500,15350.70639816141,1518.1688550001127,287795.0417995453,952.7394366197183
1789883745,6,,Aggregated,0.300000,0.000000,6500,8600,11000,13000,20000,51000,188000,198000,288000,288000,288000,146,2,6500,16363.713390945359,1518.1688550001127,287795.0417995453,1078.445205479452
1789883746,6,,Aggregated,0.300000,0.000000,6500,8600,11000,13000,20000,51000,188000,198000,288000,288000,288000,146,2,6500,16363.713390945359,1518.1688550001127,287795.0417995453,1078.445205479452
1789883747,6,,Aggregated,0.300000,0.000000,6500,8600,11000,13000,20000,51000,188000,198000,288000,288000,288000,146,2,6500,16363.713390945359,1518.1688550001127,287795.0417995453,1078.445205479452
1789883748,6,,Aggregated,0.500000,0.000000,6500,8600,11000,13000,20000,51000,188000,198000,288000,288000,288000,147,2,6500,16272.536933700832,1518.1688550001127,287795.0417995453,1071.639455782313
1789883749,6,,Aggregated,0.500000,0.000000,6500,8600,11000,13000,20000,51000,188000,198000,288000,288000,288000,147,2,6500,16272.536933700832,1518.1688550001127,287795.0417995453,1071.639455782313
1789883750,6,,Aggregated,0.500000,0.000000,6500,8600,11000,13000,20000,51000,188000,198000,288000,288000,288000,147,2,6500,16272.536933700832,1518.1688550001127,287795.0417995453,1071.639455782313
1789883751,6,,Aggregated,0.500000,0.000000,6500,8600,11000,13000,20000,51000,188000,198000,288000,288000,288000,147,2,6500,16272.536933700832,1518.1688550001127,287795.0417995453,1071.639455782313
1789883752,6,,Aggregated,0.500000,0.000000,6500,8600,11000,13000,20000,51000,188000,198000,288000,288000,288000,147,2,6500,16272.536933700832,1518.1688550001127,287795.0417995453,1071.639455782313
1789883753,6,,Aggregated,0.600000,0.000000,6400,8600,11000,13000,20000,51000,188000,198000,288000,288000,288000,149,2,6400,16091.065233993439,1518.1688550001127,287795.0417995453,1060.4697986577182
1789883754,6,,Aggregated,0.600000,0.000000,6400,8600,11000,13000,20000,51000,188000,198000,288000,288000,288000,149,2,6400,16091.065233993439,1518.1688550001127,287795.0417995453,1060.4697986577182
1789883755,6,,Aggregated,0.600000,0.000000,6400,8600,11000,13000,20000,51000,188000,198000,288000,288000,288000,149,2,6400,16091.065233993439,1518.1688550001127,287795.0417995453,1060.4697986577182
1789883756,6,,Aggregated,0.600000,0.000000,6400,8600,11000,13000,20000,51000,188000,198000,288000,288000,288000,149,2,6400,16091.065233993439,1518.1688550001127,287795.0417995453,1060.4697986577182
1789883757,6,,Aggregated,0.600000,0.000000,6400,8600,11000,13000,20000,51000,188000,198000,288000,288000,288000,149,2,6400,16091.065233993439,1518.1688550001127,287795.0417995453,1060.4697986577182
1789883758,6,,Aggregated,0.600000,0.000000,6400,8600,11000,13000,20000,51000,188000,198000,288000,288000,288000,149,2,6400,16091.065233993439,1518.1688550001127,287795.0417995453,1060.4697986577182
1789883759,6,,Aggregated,0.600000,0.000000,6400,8600,11000,13000,20000,51000,188000,198000,288000,288000,288000,149,2,6400,16091.065233993439,1518.1688550001127,287795.0417995453,1060.4697986577182
1789883760,6,,Aggregated,0.300000,0.000000,6400,8600,11000,13000,19000,51000,163000,198000,288000,288000,288000,152,2,6400,15909.995982013306,1518.1688550001127,287795.0417995453,1044.6184210526317
1789883761,6,,Aggregated,0.300000,0.000000,6400,8600,11000,13000,19000,51000,163000,198000,288000,288000,288000,152,2,6400,15909.995982013306,1518.1688550001127,287795.0417995453,1044.6184210526317
1789883762,6,,Aggregated,0.300000,0.000000,6400,8600,11000,13000,19000,51000,163000,198000,288000,288000,288000,152,2,6400,15909.995982013306,1518.1688550001127,287795.0417995453,1044.6184210526317
1789883763,6,,Aggregated,0.500000,0.000000,6400,8500,11000,13000,19000,51000,163000,198000,288000,288000,288000,153,2,6400,15816.709613875964,1518.1688550001127,287795.0417995453,1039.4771241830065
1789883764,6,,Aggregated,0.500000,0.000000,6400,8600,11000,14000,20000,130000,163000,198000,288000,288000,288000,155,2,6400,16637.14890516082,1518.1688550001127,287795.0417995453,1125.3677419354838
1789883765,6,,Aggregated,0.500000,0.000000,6400,8600,11000,14000,20000,130000,163000,198000,288000,288000,288000,155,2,6400,16637.14890516082,1518.1688550001127,287795.0417995453,1125.3677419354838
1789883766,6,,Aggregated,0.500000,0.000000,6400,8600,11000,14000,20000,130000,163000,198000,288000,288000,288000,155,2,6400,16637.14890516082,1518.1688550001127,287795.0417995453,1125.3677419354838
1789883767,6,,Aggregated,0.500000,0.000000,6400,8600,11000,14000,20000,130000,163000,198000,288000,288000,288000,155,2,6400,16637.14890516082,1518.1688550001127,287795.0417995453,1125.3677419354838
1789883768,6,,Aggregated,0.500000,0.000000,6400,8600,11000,14000,20000,130000,163000,198000,288000,288000,288000,155,2,6400,16637.14890516082,1518.1688550001127,287795.0417995453,1125.3677419354838
1789883769,6,,Aggregated,0.500000,0.000000,6400,8600,11000,14000,20000,130000,163000,198000,288000,288000,288000,155,2,6400,16637.14890516082,1518.1688550001127,287795.0417995453,1125.3677419354838
1789883770,6,,Aggregated,0.500000,0.000000,6400,8600,11000,14000,20000,130000,163000,198000,288000,288000,288000,155,2,6400,16637.14890516082,1518.1688550001127,287795.0417995453,1125.3677419354838
1789883771,6,,Aggregated,0.500000,0.000000,6400,8600,11000,14000,20000,130000,163000,198000,288000,288000,288000,155,2,6400,16637.14890516082,1518.1688550001127,287795.0417995453,1125.3677419354838
1789883772,6,,Aggregated,0.500000,0.000000,6400,8600,11000,14000,20000,130000,163000,198000,288000,288000,288000,155,2,6400,16637.14890516082,1518.1688550001127,287795.0417995453,1125.3677419354838
1789883773,6,,Aggregated,0.500000,0.000000,6400,8600,11000,14000,20000,130000,163000,198000,288000,288000,288000,155,2,6400,16637.14890516082,1518.1688550001127,287795.0417995453,1125.3677419354838
1789883774,6,,Aggregated,0.500000,0.000000,6400,8600,11000,14000,20000,130000,163000,198000,288000,288000,288000,155,2,6400,16637.14890516082,1518.1688550001127,287795.0417995453,1125.3677419354838
1789883775,6,,Aggregated,0.500000,0.000000,6400,8600,11000,14000,20000,130000,163000,198000,288000,288000,288000,155,2,6400,16637.14890516082,1518.1688550001127,287795.0417995453,1125.3677419354838
1789883776,6,,Aggregated,0.300000,0.000000,6500,8900,11000,14000,20000,130000,163000,198000,288000,288000,288000,159,2,6500,16493.480228873745,1518.1688550001127,287795.0417995453,1102.4025157232704
1789883777,6,,Aggregated,0.300000,0.000000,6500,8900,11000,14000,20000,130000,163000,198000,288000,288000,288000,159,2,6500,16493.480228873745,1518.1688550001127,287795.0417995453,1102.4025157232704
1789883778,6,,Aggregated,0.300000,0.000000,6500,8900,11000,14000,20000,130000,163000,198000,288000,288000,288000,159,2,6500,16493.480228873745,1518.1688550001127,287795.0417995453,1102.4025157232704
1789883779,6,,Aggregated,0.300000,0.000000,6500,8900,11000,14000,20000,130000,163000,198000,288000,288000,288000,159,2,6500,16493.480228873745,1518.1688550001127,287795.0417995453,1102.4025157232704
1789883780,6,,Aggregated,0.300000,0.000000,6500,8900,11000,14000,20000,130000,163000,198000,288000,288000,288000,159,2,6500,16493.480228873745,1518.1688550001127,287795.0417995453,1102.4025157232704
1789883781,6,,Aggregated,0.400000,0.000000,6500,8900,11000,14000,20000,130000,163000,198000,288000,288000,288000,160,2,6500,16410.227494649534,1518.1688550001127,287795.0417995453,1096.9
1789883782,6,,Aggregated,0.400000,0.000000,6500,8900,11000,14000,20000,130000,163000,198000,288000,288000,288000,160,2,6500,16410.227494649534,1518.1688550001127,287795.0417995453,1096.9
1789883783,6,,Aggregated,0.500000,0.000000,6400,8600,11000,13000,19000,51000,163000,198000,288000,288000,288000,163,2,6400,16154.56855717746,1518.1688550001127,287795.0417995453,1081.4478527607362
1789883784,6,,Aggregated,0.500000,0.000000,6400,8600,11000,13000,19000,51000,163000,198000,288000,288000,288000,163,2,6400,16154.56855717746,1518.1688550001127,287795.0417995453,1081.4478527607362
1789883785,6,,Aggregated,0.500000,0.000000,6400,8600,11000,13000,19000,51000,163000,198000,288000,288000,288000,163,2,6400,16154.56855717746,1518.1688550001127,287795.0417995453,1081.4478527607362
1789883786,6,,Aggregated,0.500000,0.000000,6400,8600,11000,13000,19000,51000,163000,198000,288000,288000,288000,163,2,6400,16154.56855717746,1518.1688550001127,287795.0417995453,1081.4478527607362
1789883787,6,,Aggregated,0.500000,0.000000,6400,8600,11000,13000,19000,51000,163000,198000,288000,288000,288000,163,2,6400,16154.56855717746,1518.1688550001127,287795.0417995453,1081.4478527607362
1789883788,6,,Aggregated,0.500000,0.000000,6400,8600,11000,13000,19000,51000,163000,198000,288000,288000,288000,163,2,6400,16154.56855717746,1518.1688550001127,287795.0417995453,1081.4478527607362
1789883789,6,,Aggregated,0.500000,0.000000,6400,8600,11000,13000,19000,51000,163000,198000,288000,288000,288000,163,2,6400,16154.56855717746,1518.1688550001127,287795.0417995453,1081.4478527607362
1789883790,6,,Aggregated,0.400000,0.000000,6500,8600,11000,13000,19000,51000,163000,198000,288000,288000,288000,164,2,6500,16097.866676938569,1518.1688550001127,287795.0417995453,1076.2073170731708
1789883791,6,,Aggregated,0.400000,0.000000,6500,8600,11000,13000,19000,51000,163000,198000,288000,288000,288000,164,2,6500,16097.866676938569,1518.1688550001127,287795.0417995453,1076.2073170731708
1789883792,6,,Aggregated,0.400000,0.000000,6500,8600,11000,13000,19000,51000,163000,198000,288000,288000,288000,164,2,6500,16097.866676938569,1518.1688550001127,287795.0417995453,1076.2073170731708
1789883793,6,,Aggregated,0.400000,0.000000,6500,8600,11000,13000,19000,51000,163000,198000,288000,288000,288000,164,2,6500,16097.866676938569,1518.1688550001127,287795.0417995453,1076.2073170731708
1789883794,6,,Aggregated,0.400000,0.000000,6500,8600,11000,13000,19000,51000,163000,198000,288000,288000,288000,164,2,6500,16097.866676938569,1518.1688550001127,287795.0417995453,1076.2073170731708
1789883795,6,,Aggregated,0.400000,0.000000,6500,8600,11000,13000,19000,51000,163000,198000,288000,288000,288000,164,2,6500,16097.866676938569,1518.1688550001127,287795.0417995453,1076.2073170731708
1789883796,6,,Aggregated,0.400000,0.000000,6500,8600,11000,13000,19000,51000,163000,198000,288000,288000,288000,164,2,6500,16097.866676938569,1518.1688550001127,287795.0417995453,1076.2073170731708
1789883797,6,,Aggregated,0.400000,0.000000,6500,8600,11000,13000,19000,51000,163000,198000,288000,288000,288000,164,2,6500,16097.866676938569,1518.1688550001127,287795.0417995453,1076.2073170731708
1789883798,6,,Aggregated,0.400000,0.000000,6500,8600,11000,13000,19000,51000,163000,198000,288000,288000,288000,164,2,6500,16097.866676938569,1518.1688550001127,287795.0417995453,1076.2073170731708
1789883799,6,,Aggregated,0.100000,0.000000,6900,8900,11000,13000,19000,51000,163000,198000,288000,288000,288000,168,2,6900,15964.19985914836,1518.1688550001127,287795.0417995453,1056.5
1789883800,6,,Aggregated,0.100000,0.000000,6900,8900,11000,13000,19000,51000,163000,198000,288000,288000,288000,168,2,6900,15964.19985914836,1518.1688550001127,287795.0417995453,1056.5
1789883801,6,,Aggregated,0.100000,0.000000,6900,8900,11000,13000,19000,51000,163000,198000,288000,288000,288000,168,2,6900,15964.19985914836,1518.1688550001127,287795.0417995453,1056.5
1789883802,6,,Aggregated,0.100000,0.000000,6900,8900,11000,13000,19000,51000,163000,198000,288000,288000,288000,168,2,6900,15964.19985914836,1518.1688550001127,287795.0417995453,1056.5
1789883803,6,,Aggregated,0.100000,0.000000,6900,8900,11000,13000,19000,51000,163000,198000,288000,288000,288000,168,2,6900,15964.19985914836,1518.1688550001127,287795.0417995453,1056.5
1789883804,6,,Aggregated,0.100000,0.000000,6900,8900,11000,13000,19000,51000,163000,198000,288000,288000,288000,168,2,6900,15964.19985914836,1518.1688550001127,287795.0417995453,1056.5
1789883805,6,,Aggregated,0.100000,0.000000,6900,8900,11000,13000,19000,51000,163000,198000,288000,288000,288000,168,2,6900,15964.19985914836,1518.1688550001127,287795.0417995453,1056.5
1789883806,6,,Aggregated,0.100000,0.000000,6900,8900,11000,13000,19000,51000,163000,198000,288000,288000,288000,168,2,6900,15964.19985914836,1518.1688550001127,287795.0417995453,1056.5
1789883807,6,,Aggregated,0.100000,0.000000,6900,8900,11000,13000,19000,51000,163000,198000,288000,288000,288000,168,2,6900,15964.19985914836,1518.1688550001127,287795.0417995453,1056.5
1789883808,6,,Aggregated,0.100000,0.000000,6900,8900,11000,13000,19000,51000,163000,198000,288000,288000,288000,168,2,6900,15964.19985914836,1518.1688550001127,287795.0417995453,1056.5
1789883809,6,,Aggregated,0.100000,0.000000,6900,8900,11000,13000,19000,51000,163000,198000,288000,288000,288000,168,2,6900,15964.19985914836,1518.1688550001127,287795.0417995453,1056.5
1789883810,6,,Aggregated,0.100000,0.000000,6900,8900,11000,13000,19000,51000,163000,198000,288000,288000,288000,168,2,6900,15964.19985914836,1518.1688550001127,287795.0417995453,1056.5
1789883811,6,,Aggregated,0.100000,0.000000,6900,8900,11000,13000,19000,51000,163000,198000,288000,288000,288000,168,2,6900,15964.19985914836,1518.1688550001127,287795.0417995453,1056.5
1789883812,6,,Aggregated,0.000000,0.000000,7000,8900,11000,13000,19000,51000,163000,198000,288000,288000,288000,170,2,7000,15865.790742899557,1518.1688550001127,287795.0417995453,1047.1
1789883813,6,,Aggregated,0.000000,0.000000,7000,8900,11000,13000,18000,51000,163000,198000,288000,288000,288000,171,2,7000,15825.56509982412,1518.1688550001127,287795.0417995453,1042.485380116959
1789883814,6,,Aggregated,0.000000,0.000000,7000,8900,11000,13000,18000,51000,163000,198000,288000,288000,288000,171,2,7000,15825.56509982412,1518.1688550001127,287795.0417995453,1042.485380116959
1789883815,6,,Aggregated,0.000000,0.000000,7000,8900,11000,13000,18000,51000,163000,198000,288000,288000,288000,171,2,7000,15825.56509982412,1518.1688550001127,287795.0417995453,1042.485380116959
1789883816,6,,Aggregated,0.000000,0.000000,7000,8900,11000,13000,18000,51000,163000,198000,288000,288000,288000,171,2,7000,15825.56509982412,1518.1688550001127,287795.0417995453,1042.485380116959
1789883817,6,,Aggregated,0.000000,0.000000,7000,8900,11000,13000,18000,51000,163000,198000,288000,288000,288000,171,2,7000,15825.56509982412,1518.1688550001127,287795.0417995453,1042.485380116959
1789883818,6,,Aggregated,0.300000,0.000000,6900,8900,11000,13000,18000,51000,163000,198000,288000,288000,288000,173,2,6900,15686.727932739448,1518.1688550001127,287795.0417995453,1033.4104046242774
1789883819,6,,Aggregated,0.300000,0.000000,6900,8600,11000,13000,18000,51000,163000,198000,288000,288000,288000,174,2,6900,15615.779704085773,1518.1688550001127,287795.0417995453,1028.9540229885058
1789883820,6,,Aggregated,0.300000,0.000000,6900,8600,11000,13000,18000,51000,163000,198000,288000,288000,288000,174,2,6900,15615.779704085773,1518.1688550001127,287795.0417995453,1028.9540229885058
1789883821,6,,Aggregated,0.300000,0.000000,6900,8600,11000,13000,18000,51000,163000,198000,288000,288000,288000,174,2,6900,15615.779704085773,1518.1688550001127,287795.0417995453,1028.9540229885058
1789883822,6,,Aggregated,0.300000,0.000000,6900,8600,11000,13000,18000,51000,163000,198000,288000,288000,288000,174,2,6900,15615.779704085773,1518.1688550001127,287795.0417995453,1028.9540229885058
1789883823,6,,Aggregated,0.300000,0.000000,6900,8600,11000,13000,18000,51000,163000,198000,288000,288000,288000,174,2,6900,15615.779704085773,1518.1688550001127,287795.0417995453,1028.9540229885058
1789883824,6,,Aggregated,0.600000,0.000000,7000,8900,11000,13000,20000,130000,177000,198000,288000,288000,288000,176,2,7000,16573.110040963118,1518.1688550001127,287795.0417995453,1103.5511363636363
1789883825,6,,Aggregated,0.600000,0.000000,7000,8900,11000,13000,20000,130000,177000,198000,288000,288000,288000,176,2,7000,16573.110040963118,1518.1688550001127,287795.0417995453,1103.5511363636363
1789883826,6,,Aggregated,0.600000,0.000000,7000,8900,11000,13000,20000,130000,177000,198000,288000,288000,288000,176,2,7000,16573.110040963118,1518.1688550001127,287795.0417995453,1103.5511363636363
1789883827,6,,Aggregated,0.600000,0.000000,7000,8900,11000,13000,20000,130000,177000,198000,288000,288000,288000,176,2,7000,16573.110040963118,1518.1688550001127,287795.0417995453,1103.5511363636363
1789883828,6,,Aggregated,0.500000,0.000000,6500,8900,11000,13000,20000,130000,177000,198000,288000,288000,288000,179,2,6500,16367.8626207682,1518.1688550001127,287795.0417995453,1088.3687150837989
1789883829,6,,Aggregated,0.500000,0.000000,6500,8900,11000,13000,20000,130000,177000,198000,288000,288000,288000,179,2,6500,16367.8626207682,1518.1688550001127,287795.0417995453,1088.3687150837989
1789883830,6,,Aggregated,0.500000,0.000000,6500,8900,11000,13000,20000,130000,177000,198000,288000,288000,288000,179,2,6500,16367.8626207682,1518.1688550001127,287795.0417995453,1088.3687150837989
1789883831,6,,Aggregated,0.500000,0.000000,6500,8900,11000,13000,20000,130000,177000,198000,288000,288000,288000,179,2,6500,16367.8626207682,1518.1688550001127,287795.0417995453,1088.3687150837989
1789883832,6,,Aggregated,0.500000,0.000000,6500,8900,11000,13000,20000,130000,177000,198000,288000,288000,288000,179,2,6500,16367.8626207682,1518.1688550001127,287795.0417995453,1088.3687150837989
1789883833,6,,Aggregated,0.500000,0.000000,6500,8600,11000,13000,20000,130000,177000,198000,288000,288000,288000,180,2,6500,16292.54958938615,1518.1688550001127,287795.0417995453,1083.5555555555557
1789883834,6,,Aggregated,0.500000,0.000000,6500,8900,11000,13000,19000,51000,177000,198000,288000,288000,288000,181,2,6500,16258.91997773761,1518.1688550001127,287795.0417995453,1078.9944751381215
1789883835,6,,Aggregated,0.600000,0.000000,6500,8900,11000,13000,19000,51000,177000,198000,288000,288000,288000,182,2,6500,16183.59241511817,1518.1688550001127,287795.0417995453,1074.4835164835165
1789883836,6,,Aggregated,0.600000,0.000000,6500,8600,11000,13000,19000,51000,177000,198000,288000,288000,288000,183,2,6500,16112.141361663971,1518.1688550001127,287795.0417995453,1070.016393442623
1789883837,6,,Aggregated,0.600000,0.000000,6500,8600,11000,13000,19000,51000,177000,198000,288000,288000,288000,183,2,6500,16112.141361663971,1518.1688550001127,287795.0417995453,1070.016393442623
1789883838,6,,Aggregated,0.600000,0.000000,6500,8600,11000,13000,19000,51000,177000,198000,288000,288000,288000,183,2,6500,16112.141361663971,1518.1688550001127,287795.0417995453,1070.016393442623
1789883839,6,,Aggregated,0.700000,0.000000,6500,8600,11000,13000,19000,51000,177000,198000,288000,288000,288000,184,2,6500,16048.101383529925,1518.1688550001127,287795.0417995453,1065.4076086956522
1789883840,6,,Aggregated,0.700000,0.000000,6500,8600,11000,13000,19000,51000,177000,198000,288000,288000,288000,184,2,6500,16048.101383529925,1518.1688550001127,287795.0417995453,1065.4076086956522
1789883841,6,,Aggregated,0.400000,0.000000,6400,8600,11000,13000,19000,51000,177000,198000,288000,288000,288000,185,2,6400,15973.644283802736,1518.1688550001127,287795.0417995453,1061.0432432432433
1789883842,6,,Aggregated,0.400000,0.000000,6400,8600,11000,13000,19000,51000,177000,198000,288000,288000,288000,186,2,6400,15897.679570153256,1518.1688550001127,287795.0417995453,1056.725806451613
1789883843,6,,Aggregated,0.400000,0.000000,6400,8600,11000,13000,19000,51000,177000,198000,288000,288000,288000,186,2,6400,15897.679570153256,1518.1688550001127,287795.0417995453,1056.725806451613
1789883844,6,,Aggregated,0.700000,0.000000,6400,8600,11000,13000,19000,51000,177000,198000,288000,288000,288000,188,2,6400,15758.874587853756,1518.1688550001127,287795.0417995453,1048.031914893617
1789883847,6,,Aggregated,0.700000,0.000000,6400,8600,11000,13000,19000,51000,177000,198000,288000,288000,288000,188,2,6400,15758.874587853756,1518.1688550001127,287795.0417995453,1048.031914893617
1789883848,6,,Aggregated,0.700000,0.000000,6400,8600,11000,13000,19000,51000,177000,198000,288000,288000,288000,188,2,6400,15758.874587853756,1518.1688550001127,287795.0417995453,1048.031914893617
1789883849,6,,Aggregated,0.700000,0.000000,6400,8600,11000,13000,19000,51000,177000,198000,288000,288000,288000,188,2,6400,15758.874587853756,1518.1688550001127,287795.0417995453,1048.031914893617
1789883850,6,,Aggregated,0.500000,0.000000,6300,8600,11000,13000,18000,51000,177000,198000,288000,288000,288000,191,2,6300,15536.4305465838,1480.477565000001,287795.0417995453,1035.434554973822
1789883851,6,,Aggregated,0.500000,0.000000,6300,8600,11000,13000,18000,51000,177000,198000,288000,288000,288000,191,2,6300,15536.4305465838,1480.477565000001,287795.0417995453,1035.434554973822
1789883852,6,,Aggregated,0.500000,0.000000,6300,8600,11000,13000,18000,51000,177000,198000,288000,288000,288000,191,2,6300,15536.4305465838,1480.477565000001,287795.0417995453,1035.434554973822
1789883853,6,,Aggregated,0.500000,0.000000,6300,8600,11000,13000,18000,51000,177000,198000,288000,288000,288000,191,2,6300,15536.4305465838,1480.477565000001,287795.0417995453,1035.434554973822
1789883854,6,,Aggregated,0.500000,0.000000,6300,8600,11000,13000,18000,51000,177000,198000,288000,288000,288000,191,2,6300,15536.4305465838,1480.477565000001,287795.0417995453,1035.434554973822
1789883855,6,,Aggregated,0.500000,0.000000,6200,8500,11000,13000,18000,51000,177000,198000,288000,288000,288000,193,2,6200,15412.434915634745,1480.477565000001,287795.0417995453,1027.1658031088082
1789883856,6,,Aggregated,0.500000,0.000000,6200,8500,11000,13000,18000,51000,177000,198000,288000,288000,288000,193,2,6200,15412.434915634745,1480.477565000001,287795.0417995453,1027.1658031088082
1789883857,6,,Aggregated,0.500000,0.000000,6200,8500,11000,13000,18000,51000,177000,198000,288000,288000,288000,193,2,6200,15412.434915634745,1480.477565000001,287795.0417995453,1027.1658031088082
1789883858,6,,Aggregated,0.500000,0.000000,6200,8500,11000,13000,18000,51000,177000,198000,288000,288000,288000,193,2,6200,15412.434915634745,1480.477565000001,287795.0417995453,1027.1658031088082
1789883859,6,,Aggregated,0.500000,0.000000,6200,8500,11000,13000,18000,51000,177000,198000,288000,288000,288000,193,2,6200,15412.434915634745,1480.477565000001,287795.0417995453,1027.1658031088082
1789883860,6,,Aggregated,0.500000,0.000000,6200,8500,11000,13000,18000,51000,177000,198000,288000,288000,288000,193,2,6200,15412.434915634745,1480.477565000001,287795.0417995453,1027.1658031088082
1789883861,6,,Aggregated,0.500000,0.000000,6100,8200,11000,13000,18000,51000,177000,198000,288000,288000,288000,195,2,6100,15310.724970576955,1480.477565000001,287795.0417995453,1019.2564102564103
1789883862,6,,Aggregated,0.500000,0.000000,6100,8200,11000,13000,18000,51000,177000,198000,288000,288000,288000,195,2,6100,15310.724970576955,1480.477565000001,287795.0417995453,1019.2564102564103
1789883863,6,,Aggregated,0.500000,0.000000,6100,8200,11000,13000,18000,51000,177000,198000,288000,288000,288000,195,2,6100,15310.724970576955,1480.477565000001,287795.0417995453,1019.2564102564103
1789883864,6,,Aggregated,0.400000,0.000000,6100,8200,11000,11000,18000,51000,177000,198000,288000,288000,288000,196,2,6100,15252.578785104624,1480.477565000001,287795.0417995453,1015.3316326530612
1789883865,6,,Aggregated,0.400000,0.000000,6100,8200,11000,11000,18000,51000,177000,198000,288000,288000,288000,196,2,6100,15252.578785104624,1480.477565000001,287795.0417995453,1015.3316326530612
1789883866,6,,Aggregated,0.400000,0.000000,6100,8200,11000,11000,18000,51000,177000,198000,288000,288000,288000,196,2,6100,15252.578785104624,1480.477565000001,287795.0417995453,1015.3316326530612
1789883867,6,,Aggregated,0.500000,0.000000,6200,8200,11000,13000,19000,130000,188000,203000,288000,288000,288000,198,2,6200,16161.975534430301,1480.477565000001,287795.0417995453,1092.171717171717
1789883868,6,,Aggregated,0.300000,0.000000,6100,8200,11000,13000,19000,130000,188000,203000,288000,288000,288000,199,2,6100,16093.677323634172,1480.477565000001,287795.0417995453,1087.9798994974874
1789883869,6,,Aggregated,0.300000,0.000000,6100,8200,11000,13000,19000,124000,177000,198000,288000,288000,288000,201,2,6100,16567.86108242292,1480.477565000001,287795.0417995453,1145.8308457711444
1789883870,6,,Aggregated,0.300000,0.000000,6100,8200,11000,13000,19000,124000,177000,198000,288000,288000,288000,201,2,6100,16567.86108242292,1480.477565000001,287795.0417995453,1145.8308457711444
1789883871,6,,Aggregated,0.600000,0.000000,6100,8200,11000,13000,19000,124000,177000,198000,288000,288000,288000,202,2,6100,16505.907201381226,1480.477565000001,287795.0417995453,1140.5445544554455
1789883872,6,,Aggregated,0.600000,0.000000,6100,8200,11000,13000,19000,124000,177000,198000,288000,288000,288000,202,2,6100,16505.907201381226,1480.477565000001,287795.0417995453,1140.5445544554455
1789883873,6,,Aggregated,0.600000,0.000000,6100,8200,11000,13000,19000,124000,177000,198000,288000,288000,288000,202,2,6100,16505.907201381226,1480.477565000001,287795.0417995453,1140.5445544554455
1789883874,6,,Aggregated,0.600000,0.000000,6100,8200,11000,13000,19000,124000,177000,198000,288000,288000,288000,202,2,6100,16505.907201381226,1480.477565000001,287795.0417995453,1140.5445544554455
1789883875,6,,Aggregated,0.600000,0.000000,6100,8200,11000,13000,19000,124000,177000,198000,288000,288000,288000,202,2,6100,16505.907201381226,1480.477565000001,287795.0417995453,1140.5445544554455
1789883876,6,,Aggregated,0.700000,0.000000,6200,8100,11000,13000,19000,124000,177000,198000,288000,288000,288000,204,2,6200,16418.16827654416,1480.477565000001,287795.0417995453,1131.0098039215686
1789883877,6,,Aggregated,0.600000,0.000000,6100,8100,11000,11000,19000,124000,177000,198000,288000,288000,288000,206,2,6100,16299.348838281592,1480.477565000001,287795.0417995453,1122.495145631068
1789883878,6,,Aggregated,0.600000,0.000000,6100,8100,11000,11000,19000,124000,177000,198000,288000,288000,288000,206,2,6100,16299.348838281592,1480.477565000001,287795.0417995453,1122.495145631068
1789883879,6,,Aggregated,0.600000,0.000000,6100,8100,11000,11000,19000,124000,177000,198000,288000,288000,288000,206,2,6100,16299.348838281592,1480.477565000001,287795.0417995453,1122.495145631068
1789883880,6,,Aggregated,0.600000,0.000000,6100,8100,11000,11000,19000,124000,177000,198000,288000,288000,288000,206,2,6100,16299.348838281592,1480.477565000001,287795.0417995453,1122.495145631068
1789883881,6,,Aggregated,0.600000,0.000000,6100,8100,11000,11000,19000,124000,177000,198000,288000,288000,288000,206,2,6100,16299.348838281592,1480.477565000001,287795.0417995453,1122.495145631068
1789883882,6,,Aggregated,0.600000,0.000000,6100,8100,11000,11000,19000,124000,177000,198000,288000,288000,288000,206,2,6100,16299.348838281592,1480.477565000001,287795.0417995453,1122.495145631068
1789883883,6,,Aggregated,0.600000,0.000000,6100,8100,11000,11000,19000,124000,177000,198000,288000,288000,288000,206,2,6100,16299.348838281592,1480.477565000001,287795.0417995453,1122.495145631068
1789883884,6,,Aggregated,0.600000,0.000000,6100,8100,11000,11000,19000,124000,177000,198000,288000,288000,288000,206,2,6100,16299.348838281592,1480.477565000001,287795.0417995453,1122.495145631068
1789883885,6,,Aggregated,0.400000,0.000000,6100,8100,11000,11000,19000,124000,177000,198000,288000,288000,288000,207,2,6100,16248.544914449312,1480.477565000001,287795.0417995453,1118.3188405797102
1789883886,6,,Aggregated,0.400000,0.000000,6100,8100,10000,11000,19000,124000,177000,198000,288000,288000,288000,209,2,6100,16133.476429837358,1480.477565000001,287795.0417995453,1110.0861244019138
1789883887,6,,Aggregated,0.400000,0.000000,6100,8100,10000,11000,19000,124000,177000,198000,288000,288000,288000,210,2,6100,16100.443784290508,1480.477565000001,287795.0417995453,1105.857142857143
1789883888,6,,Aggregated,0.400000,0.000000,6100,8100,10000,11000,19000,124000,177000,198000,288000,288000,288000,210,2,6100,16100.443784290508,1480.477565000001,287795.0417995453,1105.857142857143
1789883889,6,,Aggregated,0.500000,0.000000,6100,8100,10000,11000,18000,124000,177000,198000,288000,288000,288000,211,2,6100,16033.988310554532,1480.477565000001,287795.0417995453,1101.8388625592418
1789883890,6,,Aggregated,0.500000,0.000000,6100,8100,10000,11000,18000,124000,177000,198000,288000,288000,288000,211,2,6100,16033.988310554532,1480.477565000001,287795.0417995453,1101.8388625592418
1789883891,6,,Aggregated,0.400000,0.000000,6100,8100,10000,11000,18000,124000,177000,198000,288000,288000,288000,212,2,6100,15966.346685250031,1480.477565000001,287795.0417995453,1097.688679245283
1789883892,6,,Aggregated,0.400000,0.000000,6100,8100,10000,11000,18000,124000,177000,198000,288000,288000,288000,212,2,6100,15966.346685250031,1480.477565000001,287795.0417995453,1097.688679245283
1789883893,6,,Aggregated,0.500000,0.000000,6000,8100,10000,11000,18000,124000,177000,198000,288000,288000,288000,214,2,6000,15839.507046677601,1480.477565000001,287795.0417995453,1089.8411214953271
1789883894,6,,Aggregated,0.600000,0.000000,5900,8100,10000,11000,18000,124000,177000,198000,288000,288000,288000,215,2,5900,15780.58326892096,1480.477565000001,287795.0417995453,1085.9720930232559
1789883895,6,,Aggregated,0.600000,0.000000,5900,8100,10000,11000,18000,124000,177000,198000,288000,288000,288000,216,2,5900,15718.30191087503,1480.477565000001,287795.0417995453,1081.9722222222222
1789883896,6,,Aggregated,0.600000,0.000000,5900,8100,10000,11000,18000,124000,177000,198000,288000,288000,288000,216,2,5900,15718.30191087503,1480.477565000001,287795.0417995453,1081.9722222222222
1789883897,6,,Aggregated,0.900000,0.000000,5900,8100,10000,11000,18000,124000,177000,198000,288000,288000,288000,217,2,5900,15656.565020354872,1480.477565000001,287795.0417995453,1078.1751152073732
1789883898,6,,Aggregated,0.900000,0.000000,5900,8100,10000,11000,18000,124000,177000,198000,288000,288000,288000,217,2,5900,15656.565020354872,1480.477565000001,287795.0417995453,1078.1751152073732
1789883899,6,,Aggregated,0.700000,0.000000,5900,8000,10000,11000,18000,124000,177000,198000,288000,288000,288000,218,2,5900,15591.859783559668,1480.477565000001,287795.0417995453,1074.2477064220184
1789883900,6,,Aggregated,0.700000,0.000000,5800,8000,10000,11000,18000,124000,177000,198000,288000,288000,288000,219,2,5800,15528.67612124661,1480.477565000001,287795.0417995453,1070.5205479452054
1789883901,6,,Aggregated,0.700000,0.000000,5800,8000,10000,11000,18000,124000,177000,198000,288000,288000,288000,220,2,5800,15470.09648292276,1480.477565000001,287795.0417995453,1066.8272727272727
1789883902,6,,Aggregated,0.700000,0.000000,5800,8000,10000,11000,18000,124000,177000,198000,288000,288000,288000,220,2,5800,15470.09648292276,1480.477565000001,287795.0417995453,1066.8272727272727
1789883903,6,,Aggregated,0.800000,0.000000,5800,7900,9600,11000,17000,51000,177000,198000,288000,288000,288000,221,2,5800,15410.14476520365,1480.477565000001,287795.0417995453,1063.0045248868778
1789883904,6,,Aggregated,0.800000,0.000000,5800,7900,9600,11000,17000,51000,177000,198000,288000,288000,288000,222,2,5800,15347.722353842373,1480.477565000001,287795.0417995453,1059.3783783783783
1789883905,6,,Aggregated,0.800000,0.000000,5800,7900,9600,11000,17000,51000,177000,198000,288000,288000,288000,222,2,5800,15347.722353842373,1480.477565000001,287795.0417995453,1059.3783783783783
1789883906,6,,Aggregated,0.800000,0.000000,5800,7900,9600,11000,17000,51000,177000,198000,288000,288000,288000,222,2,5800,15347.722353842373,1480.477565000001,287795.0417995453,1059.3783783783783
1789883907,6,,Aggregated,0.700000,0.000000,5700,7900,9600,11000,17000,51000,177000,198000,288000,288000,288000,223,2,5700,15289.865646022454,1480.477565000001,287795.0417995453,1055.7847533632287
1789883908,6,,Aggregated,0.600000,0.000000,5700,7900,9600,11000,17000,51000,177000,198000,288000,288000,288000,224,2,5700,15230.123101218778,1480.477565000001,287795.0417995453,1052.2232142857142
1789883909,6,,Aggregated,0.600000,0.000000,5700,7900,9600,11000,17000,51000,177000,198000,288000,288000,288000,224,2,5700,15230.123101218778,1480.477565000001,287795.0417995453,1052.2232142857142
1789883910,6,,Aggregated,0.600000,0.000000,5600,7900,9600,11000,17000,51000,177000,198000,288000,288000,288000,225,2,5600,15173.454201257806,1480.477565000001,287795.0417995453,1048.5333333333333
1789883911,6,,Aggregated,0.600000,0.000000,5600,7900,9600,11000,17000,51000,177000,198000,288000,288000,288000,225,2,5600,15173.454201257806,1480.477565000001,287795.0417995453,1048.5333333333333
1789883912,6,,Aggregated,0.700000,0.000000,5600,7900,9600,11000,17000,51000,177000,198000,288000,288000,288000,226,2,5600,15117.569658995606,1480.477565000001,287795.0417995453,1045.0353982300885
1789883913,6,,Aggregated,0.700000,0.000000,5600,7900,9600,11000,17000,51000,177000,198000,288000,288000,288000,226,2,5600,15117.569658995606,1480.477565000001,287795.0417995453,1045.0353982300885
1789883914,6,,Aggregated,0.700000,0.000000,5600,7900,9600,11000,17000,51000,177000,198000,288000,288000,288000,226,2,5600,15117.569658995606,1480.477565000001,287795.0417995453,1045.0353982300885
1789883915,6,,Aggregated,0.700000,0.000000,5600,7900,9600,11000,17000,51000,177000,198000,288000,288000,288000,226,2,5600,15117.569658995606,1480.477565000001,287795.0417995453,1045.0353982300885
1789883916,6,,Aggregated,0.500000,0.000000,5400,7900,9600,11000,17000,51000,177000,198000,288000,288000,288000,227,2,5400,15066.118866713683,1480.477565000001,287795.0417995453,1041.5506607929515
1789883917,6,,Aggregated,0.400000,0.000000,5400,7900,9600,11000,17000,51000,177000,198000,288000,288000,288000,228,2,5400,15015.86839735529,1480.477565000001,287795.0417995453,1038.1140350877192
1789883918,6,,Aggregated,0.400000,0.000000,5400,7900,9600,11000,17000,51000,177000,198000,288000,288000,288000,228,2,5400,15015.86839735529,1480.477565000001,287795.0417995453,1038.1140350877192
1789883919,6,,Aggregated,0.500000,0.000000,5400,7900,9400,11000,17000,51000,177000,198000,288000,288000,288000,229,2,5400,14964.447943157234,1480.477565000001,287795.0417995453,1034.5502183406113
1789883920,6,,Aggregated,0.500000,0.000000,5400,7900,9400,11000,17000,51000,177000,198000,288000,288000,288000,229,2,5400,14964.447943157234,1480.477565000001,287795.0417995453,1034.5502183406113
1789883921,6,,Aggregated,0.500000,0.000000,5400,7900,9400,11000,17000,51000,177000,198000,288000,288000,288000,229,2,5400,14964.447943157234,1480.477565000001,287795.0417995453,1034.5502183406113
1789883922,6,,Aggregated,0.500000,0.000000,5400,7900,9400,11000,17000,51000,177000,198000,288000,288000,288000,229,2,5400,14964.447943157234,1480.477565000001,287795.0417995453,1034.5502183406113
1789883923,6,,Aggregated,0.400000,0.000000,5400,7800,9400,11000,17000,51000,177000,198000,288000,288000,288000,230,2,5400,14926.25131077394,1480.477565000001,287795.0417995453,1031.1739130434783
1789883924,6,,Aggregated,0.400000,0.000000,5400,7800,9400,11000,17000,51000,177000,198000,288000,288000,288000,230,2,5400,14926.25131077394,1480.477565000001,287795.0417995453,1031.1739130434783
1789883925,6,,Aggregated,0.300000,0.000000,5400,7800,9400,11000,16000,51000,177000,198000,288000,288000,288000,231,2,5400,14875.76394866669,1480.477565000001,287795.0417995453,1027.82683982684
1789883926,6,,Aggregated,0.300000,0.000000,5400,7800,9400,11000,16000,51000,177000,198000,288000,288000,288000,231,2,5400,14875.76394866669,1480.477565000001,287795.0417995453,1027.82683982684
1789883928,6,,Aggregated,0.400000,0.000000,5400,7800,9400,11000,16000,51000,177000,198000,288000,288000,288000,232,2,5400,14828.390285306055,1480.477565000001,287795.0417995453,1024.5086206896551
1789883929,6,,Aggregated,0.400000,0.000000,5400,7800,9400,11000,16000,51000,177000,198000,288000,288000,288000,232,2,5400,14828.390285306055,1480.477565000001,287795.0417995453,1024.5086206896551
1789883930,6,,Aggregated,0.400000,0.000000,5400,7800,9400,11000,16000,51000,177000,198000,288000,288000,288000,232,2,5400,14828.390285306055,1480.477565000001,287795.0417995453,1024.5086206896551
1789883931,6,,Aggregated,0.400000,0.000000,5400,7800,9400,11000,16000,51000,177000,198000,288000,288000,288000,232,2,5400,14828.390285306055,1480.477565000001,287795.0417995453,1024.5086206896551
1789883932,6,,Aggregated,0.400000,0.000000,5400,7900,9600,11000,17000,124000,177000,198000,288000,288000,288000,235,2,5400,15412.64991561782,1480.477565000001,287795.0417995453,1064.7021276595744
1789883933,6,,Aggregated,0.400000,0.000000,5400,7900,9600,11000,17000,124000,177000,198000,288000,288000,288000,235,2,5400,15412.64991561782,1480.477565000001,287795.0417995453,1064.7021276595744
1789883934,6,,Aggregated,0.300000,0.000000,5400,7800,9600,11000,17000,124000,177000,198000,288000,288000,288000,236,2,5400,15359.376766704183,1480.477565000001,287795.0417995453,1061.2838983050847
1789883935,6,,Aggregated,0.300000,0.000000,5400,7800,9600,11000,17000,124000,177000,198000,288000,288000,288000,236,2,5400,15359.376766704183,1480.477565000001,287795.0417995453,1061.2838983050847
1789883936,6,,Aggregated,0.300000,0.000000,5400,7800,9600,11000,17000,124000,177000,198000,288000,288000,288000,236,2,5400,15359.376766704183,1480.477565000001,287795.0417995453,1061.2838983050847
1789883937,6,,Aggregated,0.600000,0.000000,5400,7800,9400,11000,17000,124000,177000,198000,288000,288000,288000,238,2,5400,15267.981560748689,1480.477565000001,287795.0417995453,1053.7773109243697
1789883938,6,,Aggregated,0.600000,0.000000,5400,7800,9400,11000,17000,124000,177000,198000,288000,288000,288000,238,2,5400,15267.981560748689,1480.477565000001,287795.0417995453,1053.7773109243697
1789883939,6,,Aggregated,0.600000,0.000000,5400,7800,9400,11000,17000,124000,177000,198000,288000,288000,288000,238,2,5400,15267.981560748689,1480.477565000001,287795.0417995453,1053.7773109243697
1789883940,6,,Aggregated,0.700000,0.000000,5300,7700,9400,11000,17000,124000,177000,198000,288000,288000,288000,239,2,5300,15216.882498059364,1480.477565000001,287795.0417995453,1050.44769874477
1789883941,6,,Aggregated,0.700000,0.000000,5300,7700,9400,11000,17000,124000,177000,198000,288000,288000,288000,239,2,5300,15216.882498059364,1480.477565000001,287795.0417995453,1050.44769874477
1789883942,6,,Aggregated,0.600000,0.000000,5300,7700,9400,11000,17000,124000,177000,198000,288000,288000,288000,240,2,5300,15162.255610029952,1480.477565000001,287795.0417995453,1046.9958333333334
1789883943,6,,Aggregated,0.600000,0.000000,5300,7700,9400,11000,17000,124000,177000,198000,288000,288000,288000,240,2,5300,15162.255610029952,1480.477565000001,287795.0417995453,1046.9958333333334
1789883944,6,,Aggregated,0.700000,0.000000,5300,7700,9300,11000,16000,51000,177000,198000,288000,288000,288000,241,2,5300,15106.100216664681,1480.477565000001,287795.0417995453,1043.7219917012449
1789883945,6,,Aggregated,0.700000,0.000000,5300,7700,9300,11000,16000,51000,177000,198000,288000,288000,288000,241,2,5300,15106.100216664681,1480.477565000001,287795.0417995453,1043.7219917012449
1789883946,6,,Aggregated,0.500000,0.000000,5300,7700,9300,11000,16000,51000,177000,198000,288000,288000,288000,243,2,5300,15018.655139572795,1480.477565000001,287795.0417995453,1037.1069958847736
1789883947,6,,Aggregated,0.500000,0.000000,5300,7700,9300,11000,16000,51000,177000,198000,288000,288000,288000,244,2,5300,14965.513212603233,1480.477565000001,287795.0417995453,1033.9139344262296
1789883948,6,,Aggregated,0.500000,0.000000,5300,7700,9300,11000,16000,51000,177000,198000,288000,288000,288000,244,2,5300,14965.513212603233,1480.477565000001,287795.0417995453,1033.9139344262296
1789883949,6,,Aggregated,0.500000,0.000000,5300,7700,9300,11000,16000,51000,177000,198000,288000,288000,288000,244,2,5300,14965.513212603233,1480.477565000001,287795.0417995453,1033.9139344262296
1789883950,6,,Aggregated,0.600000,0.000000,5300,7700,9200,11000,16000,51000,177000,198000,288000,288000,288000,245,2,5300,14912.382862780363,1480.477565000001,287795.0417995453,1030.6
1789883951,6,,Aggregated,0.600000,0.000000,5300,7700,9200,11000,16000,51000,177000,198000,288000,288000,288000,246,2,5300,14859.211546512965,1480.477565000001,287795.0417995453,1027.459349593496
1789883952,6,,Aggregated,0.600000,0.000000,5300,7700,9200,11000,16000,51000,177000,198000,288000,288000,288000,246,2,5300,14859.211546512965,1480.477565000001,287795.0417995453,1027.459349593496
1789883953,6,,Aggregated,0.600000,0.000000,5200,7600,9200,11000,16000,51000,177000,198000,288000,288000,288000,249,2,5200,14698.560375056986,1051.7408000005162,287795.0417995453,1018.0441767068273
1789883954,6,,Aggregated,0.600000,0.000000,5200,7600,9200,11000,16000,51000,177000,198000,288000,288000,288000,249,2,5200,14698.560375056986,1051.7408000005162,287795.0417995453,1018.0441767068273
1789883955,6,,Aggregated,0.600000,0.000000,5200,7600,9200,11000,16000,51000,177000,198000,288000,288000,288000,249,2,5200,14698.560375056986,1051.7408000005162,287795.0417995453,1018.0441767068273
1789883956,6,,Aggregated,0.600000,0.000000,5200,7600,9200,11000,16000,51000,177000,198000,288000,288000,288000,249,2,5200,14698.560375056986,1051.7408000005162,287795.0417995453,1018.0441767068273
1789883957,6,,Aggregated,0.800000,0.000000,5200,7600,9200,11000,16000,51000,177000,198000,288000,288000,288000,250,2,5200,14646.53007197676,1051.7408000005162,287795.0417995453,1014.86
1789883958,6,,Aggregated,0.800000,0.000000,5200,7500,9200,11000,16000,51000,168000,198000,288000,288000,288000,251,2,5200,14595.276428423067,1051.7408000005162,287795.0417995453,1011.8446215139443
1789883959,6,,Aggregated,0.800000,0.000000,5200,7500,9200,11000,16000,51000,168000,198000,288000,288000,288000,251,2,5200,14595.276428423067,1051.7408000005162,287795.0417995453,1011.8446215139443
1789883960,6,,Aggregated,0.600000,0.000000,5200,7500,9000,11000,16000,51000,168000,198000,288000,288000,288000,253,2,5200,14492.367697443437,1051.7408000005162,287795.0417995453,1005.7430830039526
1789883961,6,,Aggregated,0.700000,0.000000,5200,7500,9000,11000,16000,51000,168000,198000,288000,288000,288000,254,2,5200,14447.258867748775,1051.7408000005162,287795.0417995453,1002.7992125984252
1789883962,6,,Aggregated,0.700000,0.000000,5200,7500,9000,11000,16000,51000,168000,198000,288000,288000,288000,254,2,5200,14447.258867748775,1051.7408000005162,287795.0417995453,1002.7992125984252
1789883963,6,,Aggregated,0.700000,0.000000,5200,7500,9000,11000,16000,51000,168000,198000,288000,288000,288000,254,2,5200,14447.258867748775,1051.7408000005162,287795.0417995453,1002.7992125984252
1789883964,6,,Aggregated,0.700000,0.000000,5200,7500,9000,11000,16000,51000,168000,198000,288000,288000,288000,254,2,5200,14447.258867748775,1051.7408000005162,287795.0417995453,1002.7992125984252
1789883965,6,,Aggregated,0.800000,0.000000,5200,7400,9000,11000,16000,51000,168000,198000,288000,288000,288000,256,2,5200,14352.42405036402,1051.7408000005162,287795.0417995453,996.83984375
1789883966,6,,Aggregated,0.500000,0.000000,5100,7400,8900,11000,16000,51000,168000,198000,288000,288000,288000,257,2,5100,14301.685170066883,1051.7408000005162,287795.0417995453,993.964980544747
1789883967,6,,Aggregated,0.500000,0.000000,5100,7400,8900,11000,16000,51000,168000,198000,288000,288000,288000,257,2,5100,14301.685170066883,1051.7408000005162,287795.0417995453,993.964980544747
1789883968,6,,Aggregated,0.500000,0.000000,5100,7400,8900,11000,16000,51000,168000,198000,288000,288000,288000,257,2,5100,14301.685170066883,1051.7408000005162,287795.0417995453,993.964980544747
1789883969,6,,Aggregated,0.800000,0.000000,5100,7400,9000,11000,16000,124000,168000,198000,288000,288000,288000,259,2,5100,14759.200517642617,1051.7408000005162,287795.0417995453,1034.7413127413126
1789883970,6,,Aggregated,0.800000,0.000000,5100,7400,9000,11000,16000,124000,168000,198000,288000,288000,288000,259,2,5100,14759.200517642617,1051.7408000005162,287795.0417995453,1034.7413127413126
1789883971,6,,Aggregated,0.800000,0.000000,5100,7400,9000,11000,16000,124000,168000,198000,288000,288000,288000,259,2,5100,14759.200517642617,1051.7408000005162,287795.0417995453,1034.7413127413126
1789883972,6,,Aggregated,0.800000,0.000000,5100,7400,9000,11000,16000,124000,168000,198000,288000,288000,288000,260,2,5100,14715.254136978603,1051.7408000005162,287795.0417995453,1031.0615384615385
1789883973,6,,Aggregated,0.600000,0.000000,5000,7400,8900,11000,16000,51000,168000,198000,288000,288000,288000,262,2,5000,14630.32525767724,1051.7408000005162,287795.0417995453,1025.1603053435115
1789883974,6,,Aggregated,0.600000,0.000000,5000,7400,8900,11000,16000,51000,168000,198000,288000,288000,288000,262,2,5000,14630.32525767724,1051.7408000005162,287795.0417995453,1025.1603053435115
1789883975,6,,Aggregated,0.600000,0.000000,5000,7400,8900,11000,16000,51000,168000,198000,288000,288000,288000,263,2,5000,14589.114325267823,1051.7408000005162,287795.0417995453,1022.2281368821293
1789883976,6,,Aggregated,0.600000,0.000000,5000,7400,8900,11000,16000,51000,168000,198000,288000,288000,288000,263,2,5000,14589.114325267823,1051.7408000005162,287795.0417995453,1022.2281368821293
1789883977,6,,Aggregated,0.800000,0.000000,5000,7400,8900,11000,16000,51000,168000,198000,288000,288000,288000,264,2,5000,14545.337743406959,1051.7408000005162,287795.0417995453,1019.1969696969697
1789883978,6,,Aggregated,0.800000,0.000000,5000,7400,8900,11000,16000,51000,168000,198000,288000,288000,288000,264,2,5000,14545.337743406959,1051.7408000005162,287795.0417995453,1019.1969696969697
1789883979,6,,Aggregated,0.800000,0.000000,5000,7400,8900,11000,16000,51000,168000,198000,288000,288000,288000,264,2,5000,14545.337743406959,1051.7408000005162,287795.0417995453,1019.1969696969697
1789883980,6,,Aggregated,0.700000,0.000000,4600,7300,8900,11000,16000,51000,168000,198000,288000,288000,288000,267,2,4600,14400.462708604633,1051.7408000005162,287795.0417995453,1010.6441947565543
1789883982,6,,Aggregated,0.700000,0.000000,4600,7300,8900,11000,16000,51000,168000,198000,288000,288000,288000,267,2,4600,14400.462708604633,1051.7408000005162,287795.0417995453,1010.6441947565543
1789883983,6,,Aggregated,0.700000,0.000000,4600,7300,8900,11000,16000,51000,168000,198000,288000,288000,288000,267,2,4600,14400.462708604633,1051.7408000005162,287795.0417995453,1010.6441947565543
1789883984,6,,Aggregated,0.700000,0.000000,4600,7300,8900,11000,16000,51000,168000,198000,288000,288000,288000,267,2,4600,14400.462708604633,1051.7408000005162,287795.0417995453,1010.6441947565543
1789883985,6,,Aggregated,0.700000,0.000000,4600,7300,8900,11000,16000,117000,168000,198000,288000,288000,288000,270,2,4600,14697.058602710926,1051.7408000005162,287795.0417995453,1049.0185185185185
1789883986,6,,Aggregated,0.700000,0.000000,4600,7300,8900,11000,16000,117000,168000,198000,288000,288000,288000,270,2,4600,14697.058602710926,1051.7408000005162,287795.0417995453,1049.0185185185185
1789883987,6,,Aggregated,0.700000,0.000000,4600,7300,8900,11000,16000,117000,168000,198000,288000,288000,288000,270,2,4600,14697.058602710926,1051.7408000005162,287795.0417995453,1049.0185185185185
1789883988,6,,Aggregated,0.700000,0.000000,4600,7200,8900,11000,16000,117000,168000,198000,288000,288000,288000,271,2,4600,14652.956489424168,1051.7408000005162,287795.0417995453,1045.4354243542437
1789883989,6,,Aggregated,0.700000,0.000000,4600,7200,8900,11000,16000,117000,168000,198000,288000,288000,288000,273,2,4600,14567.592450853293,1051.7408000005162,287795.0417995453,1039.6666666666667
1789883990,6,,Aggregated,0.600000,0.000000,4600,7200,8900,11000,16000,117000,168000,198000,288000,288000,288000,274,2,4600,14525.086558091056,1051.7408000005162,287795.0417995453,1036.8138686131388
1789883991,6,,Aggregated,0.600000,0.000000,4600,7200,8900,11000,16000,117000,168000,198000,288000,288000,288000,274,2,4600,14525.086558091056,1051.7408000005162,287795.0417995453,1036.8138686131388
1789883992,6,,Aggregated,0.900000,0.000000,4600,7200,8900,11000,16000,117000,168000,198000,288000,288000,288000,275,2,4600,14479.175702843455,1051.7408000005162,287795.0417995453,1033.850909090909
1789883993,6,,Aggregated,0.900000,0.000000,4600,7200,8900,11000,16000,117000,168000,198000,288000,288000,288000,275,2,4600,14479.175702843455,1051.7408000005162,287795.0417995453,1033.850909090909
1789883994,6,,Aggregated,0.700000,0.000000,4600,7200,8900,11000,16000,117000,168000,198000,288000,288000,288000,276,2,4600,14432.740564311413,1051.7408000005162,287795.0417995453,1031.0398550724638
1789883995,6,,Aggregated,0.800000,0.000000,4500,7100,8600,11000,16000,117000,168000,198000,288000,288000,288000,278,2,4500,14338.863441632913,1051.7408000005162,287795.0417995453,1025.3489208633093
1789883996,6,,Aggregated,0.800000,0.000000,4500,7100,8600,11000,16000,117000,168000,198000,288000,288000,288000,278,2,4500,14338.863441632913,1051.7408000005162,287795.0417995453,1025.3489208633093
1789883997,6,,Aggregated,0.900000,0.000000,4400,7100,8600,11000,16000,117000,168000,198000,288000,288000,288000,279,2,4400,14291.355884605555,1051.7408000005162,287795.0417995453,1022.5985663082437
1789883998,6,,Aggregated,0.800000,0.000000,4400,7100,8600,11000,16000,117000,168000,198000,288000,288000,288000,280,2,4400,14254.635561928391,1051.7408000005162,287795.0417995453,1019.8678571428571
1789883999,6,,Aggregated,0.800000,0.000000,4400,7100,8600,11000,16000,117000,168000,198000,288000,288000,288000,280,2,4400,14254.635561928391,1051.7408000005162,287795.0417995453,1019.8678571428571
1789884000,6,,Aggregated,0.900000,0.000000,4400,7100,8600,10000,16000,51000,168000,198000,288000,288000,288000,281,2,4400,14209.102618014054,1051.7408000005162,287795.0417995453,1017.1565836298932
1789884001,6,,Aggregated,0.700000,0.000000,4300,7100,8600,10000,16000,51000,168000,198000,288000,288000,288000,283,2,4300,14126.480809791341,1051.7408000005162,287795.0417995453,1011.6643109540636
1789884002,6,,Aggregated,0.700000,0.000000,4300,7100,8600,10000,16000,51000,168000,198000,288000,288000,288000,283,2,4300,14126.480809791341,1051.7408000005162,287795.0417995453,1011.6643109540636
1789884003,6,,Aggregated,0.700000,0.000000,4300,7100,8600,10000,16000,51000,168000,198000,288000,288000,288000,283,2,4300,14126.480809791341,1051.7408000005162,287795.0417995453,1011.6643109540636
1789884004,6,,Aggregated,0.700000,0.000000,4300,7100,8600,10000,16000,51000,168000,198000,288000,288000,288000,283,2,4300,14126.480809791341,1051.7408000005162,287795.0417995453,1011.6643109540636
1789884005,6,,Aggregated,0.800000,0.000000,4300,7100,8600,10000,16000,51000,168000,198000,288000,288000,288000,285,2,4300,14040.600902213855,1051.7408000005162,287795.0417995453,1006.2491228070176
1789884006,6,,Aggregated,0.800000,0.000000,4300,7100,8600,10000,16000,51000,168000,198000,288000,288000,288000,285,2,4300,14040.600902213855,1051.7408000005162,287795.0417995453,1006.2491228070176
1789884007,6,,Aggregated,0.800000,0.000000,4300,7100,8600,10000,16000,51000,168000,198000,288000,288000,288000,285,2,4300,14040.600902213855,1051.7408000005162,287795.0417995453,1006.2491228070176
1789884008,6,,Aggregated,0.700000,0.000000,4300,7000,8600,10000,16000,51000,168000,198000,288000,288000,288000,288,2,4300,13913.793887808855,1051.7408000005162,287795.0417995453,998.3298611111111
1789884009,6,,Aggregated,0.700000,0.000000,4300,7000,8600,10000,16000,51000,168000,198000,288000,288000,288000,288,2,4300,13913.793887808855,1051.7408000005162,287795.0417995453,998.3298611111111
1789884010,6,,Aggregated,0.700000,0.000000,4300,7000,8600,10000,16000,51000,168000,198000,288000,288000,288000,288,2,4300,13913.793887808855,1051.7408000005162,287795.0417995453,998.3298611111111
1789884011,6,,Aggregated,0.800000,0.000000,4300,7000,8500,10000,16000,51000,168000,198000,288000,288000,288000,289,2,4300,13869.87387173685,1051.7408000005162,287795.0417995453,995.7681660899653
1789884012,6,,Aggregated,0.800000,0.000000,4300,7000,8500,10000,16000,51000,168000,198000,288000,288000,288000,289,2,4300,13869.87387173685,1051.7408000005162,287795.0417995453,995.7681660899653
1789884013,6,,Aggregated,0.700000,0.000000,4300,7000,8500,10000,16000,51000,168000,198000,288000,288000,288000,290,2,4300,13830.690983548102,1051.7408000005162,287795.0417995453,993.1
1789884014,6,,Aggregated,0.600000,0.000000,4300,7000,8500,10000,15000,51000,168000,198000,288000,288000,288000,291,2,4300,13788.946215886426,1051.7408000005162,287795.0417995453,990.5738831615121
1789884015,6,,Aggregated,0.600000,0.000000,4300,6900,8500,10000,15000,51000,168000,198000,288000,288000,288000,292,2,4300,13747.97951830462,1051.7408000005162,287795.0417995453,988.0650684931506
1789884016,6,,Aggregated,0.700000,0.000000,4300,6900,8200,10000,15000,51000,168000,198000,288000,288000,288000,293,2,4300,13706.789718276279,1051.7408000005162,287795.0417995453,985.4505119453925
1789884017,6,,Aggregated,0.700000,0.000000,4300,6900,8200,10000,15000,51000,168000,198000,288000,288000,288000,294,2,4300,13664.716570703908,1051.7408000005162,287795.0417995453,982.9761904761905
1789884018,6,,Aggregated,0.700000,0.000000,4300,6900,8200,10000,15000,51000,168000,198000,288000,288000,288000,294,2,4300,13664.716570703908,1051.7408000005162,287795.0417995453,982.9761904761905
1789884019,6,,Aggregated,0.700000,0.000000,4300,6900,8200,10000,15000,51000,168000,198000,288000,288000,288000,294,2,4300,13664.716570703908,1051.7408000005162,287795.0417995453,982.9761904761905
1789884020,6,,Aggregated,0.700000,0.000000,4300,6900,8200,10000,15000,51000,168000,198000,288000,288000,288000,294,2,4300,13664.716570703908,1051.7408000005162,287795.0417995453,982.9761904761905
1789884021,6,,Aggregated,0.600000,0.000000,4300,6800,8200,9600,15000,51000,168000,198000,288000,288000,288000,296,2,4300,13582.19242565523,1051.7408000005162,287795.0417995453,978.0777027027027
1789884022,6,,Aggregated,0.600000,0.000000,4300,6800,8100,9600,15000,51000,168000,198000,288000,288000,288000,297,2,4300,13540.559172026764,1051.7408000005162,287795.0417995453,975.5319865319865
1789884023,6,,Aggregated,0.600000,0.000000,4300,6800,8100,9600,15000,51000,168000,198000,288000,288000,288000,297,2,4300,13540.559172026764,1051.7408000005162,287795.0417995453,975.5319865319865
1789884024,6,,Aggregated,0.600000,0.000000,4300,6500,8100,9600,15000,51000,168000,198000,288000,288000,288000,298,2,4300,13500.835034617277,1051.7408000005162,287795.0417995453,973.1241610738255
1789884025,6,,Aggregated,0.600000,0.000000,4300,6500,8100,9600,15000,51000,168000,198000,288000,288000,288000,298,2,4300,13500.835034617277,1051.7408000005162,287795.0417995453,973.1241610738255
1789884026,6,,Aggregated,0.600000,0.000000,4300,6500,8100,9600,15000,51000,168000,198000,288000,288000,288000,298,2,4300,13500.835034617277,1051.7408000005162,287795.0417995453,973.1241610738255
1789884027,6,,Aggregated,0.600000,0.000000,4200,6500,8100,9600,15000,51000,168000,198000,288000,288000,288000,299,2,4200,13461.120726387786,1051.7408000005162,287795.0417995453,970.7324414715719
1789884028,6,,Aggregated,0.600000,0.000000,4200,6500,8100,9600,15000,51000,168000,198000,288000,288000,288000,300,2,4200,13421.030858929827,1051.7408000005162,287795.0417995453,968.3566666666667
1789884029,6,,Aggregated,0.500000,0.000000,4200,6500,8100,9600,15000,27000,163000,188000,288000,288000,288000,301,2,4200,13380.858311830392,1051.7408000005162,287795.0417995453,965.8770764119602
1789884030,6,,Aggregated,0.500000,0.000000,4200,6500,8100,9600,15000,27000,163000,188000,288000,288000,288000,301,2,4200,13380.858311830392,1051.7408000005162,287795.0417995453,965.8770764119602
1789884031,6,,Aggregated,0.500000,0.000000,4200,6500,8100,9600,15000,27000,163000,188000,288000,288000,288000,301,2,4200,13380.858311830392,1051.7408000005162,287795.0417995453,965.8770764119602
1789884032,6,,Aggregated,0.500000,0.000000,4200,6500,8100,9600,15000,27000,163000,188000,288000,288000,288000,301,2,4200,13380.858311830392,1051.7408000005162,287795.0417995453,965.8770764119602
1789884033,6,,Aggregated,0.700000,0.000000,4200,6500,8100,9600,15000,27000,163000,188000,288000,288000,288000,302,2,4200,13348.583269605788,1051.7408000005162,287795.0417995453,963.5331125827814
1789884034,6,,Aggregated,0.600000,0.000000,4200,6400,8100,9600,15000,27000,163000,188000,288000,288000,288000,303,2,4200,13309.762744112038,1051.7408000005162,287795.0417995453,961.2046204620463
1789884035,6,,Aggregated,0.500000,0.000000,4200,6400,8100,9600,15000,27000,163000,188000,288000,288000,288000,305,2,4200,13233.266145324418,1051.7408000005162,287795.0417995453,956.4754098360655
1789884036,6,,Aggregated,0.500000,0.000000,4200,6400,8100,9600,15000,27000,163000,188000,288000,288000,288000,305,2,4200,13233.266145324418,1051.7408000005162,287795.0417995453,956.4754098360655
1789884037,6,,Aggregated,0.500000,0.000000,4200,6400,8100,9600,15000,27000,163000,188000,288000,288000,288000,305,2,4200,13233.266145324418,1051.7408000005162,287795.0417995453,956.4754098360655
1789884038,6,,Aggregated,0.500000,0.000000,4200,6400,8100,9600,15000,27000,163000,188000,288000,288000,288000,305,2,4200,13233.266145324418,1051.7408000005162,287795.0417995453,956.4754098360655
1789884039,6,,Aggregated,0.700000,0.000000,4200,6400,8100,9400,15000,27000,163000,188000,288000,288000,288000,306,2,4200,13195.103991653423,1051.7408000005162,287795.0417995453,954.1928104575163
1789884040,6,,Aggregated,0.500000,0.000000,4200,6400,8100,9400,15000,27000,163000,188000,288000,288000,288000,307,2,4200,13156.521504908626,1051.7408000005162,287795.0417995453,951.9250814332247
1789884041,6,,Aggregated,0.500000,0.000000,4200,6400,8100,9400,15000,27000,163000,188000,288000,288000,288000,307,2,4200,13156.521504908626,1051.7408000005162,287795.0417995453,951.9250814332247
1789884042,6,,Aggregated,0.500000,0.000000,4200,6300,8100,9400,15000,27000,163000,188000,288000,288000,288000,309,2,4200,13082.246844941581,1051.7408000005162,287795.0417995453,947.3171521035599
1789884043,6,,Aggregated,0.500000,0.000000,4200,6300,8100,9400,15000,27000,163000,188000,288000,288000,288000,309,2,4200,13082.246844941581,1051.7408000005162,287795.0417995453,947.3171521035599
1789884044,6,,Aggregated,0.500000,0.000000,4200,6300,8100,9400,15000,27000,163000,188000,288000,288000,288000,309,2,4200,13082.246844941581,1051.7408000005162,287795.0417995453,947.3171521035599
1789884045,6,,Aggregated,0.500000,0.000000,4200,6300,8100,9400,15000,27000,163000,188000,288000,288000,288000,309,2,4200,13082.246844941581,1051.7408000005162,287795.0417995453,947.3171521035599
1789884046,6,,Aggregated,0.700000,0.000000,4200,6300,8100,9400,15000,27000,163000,188000,288000,288000,288000,310,2,4200,13045.537153844994,1051.7408000005162,287795.0417995453,945.0935483870968
1789884047,6,,Aggregated,0.600000,0.000000,4200,6300,8100,9300,15000,27000,163000,188000,288000,288000,288000,311,2,4200,13007.454663392118,1051.7408000005162,287795.0417995453,942.8842443729903
1789884048,6,,Aggregated,0.500000,0.000000,4200,6300,8100,9300,15000,27000,163000,188000,288000,288000,288000,312,2,4200,12969.667386894069,1051.7408000005162,287795.0417995453,940.6891025641025
1789884049,6,,Aggregated,0.500000,0.000000,4100,6300,8000,9300,15000,27000,163000,188000,288000,288000,288000,313,2,4100,12934.66320119792,1051.7408000005162,287795.0417995453,938.3929712460064
1789884050,6,,Aggregated,0.500000,0.000000,4100,6300,8000,9300,15000,27000,163000,188000,288000,288000,288000,313,2,4100,12934.66320119792,1051.7408000005162,287795.0417995453,938.3929712460064
1789884051,6,,Aggregated,0.500000,0.000000,4100,6300,8000,9300,15000,27000,163000,188000,288000,288000,288000,313,2,4100,12934.66320119792,1051.7408000005162,287795.0417995453,938.3929712460064
1789884052,6,,Aggregated,0.500000,0.000000,4100,6300,8000,9300,15000,27000,163000,188000,288000,288000,288000,313,2,4100,12934.66320119792,1051.7408000005162,287795.0417995453,938.3929712460064
1789884053,6,,Aggregated,0.700000,0.000000,4100,6200,8000,9300,15000,27000,163000,188000,288000,288000,288000,315,2,4100,12861.933403647457,1051.7408000005162,287795.0417995453,934.0730158730158
1789884054,6,,Aggregated,0.700000,0.000000,4100,6200,8000,9300,15000,27000,163000,188000,288000,288000,288000,315,2,4100,12861.933403647457,1051.7408000005162,287795.0417995453,934.0730158730158
1789884055,6,,Aggregated,0.400000,0.000000,4100,6200,7900,9200,15000,27000,163000,188000,288000,288000,288000,317,2,4100,12790.525953223812,1051.7408000005162,287795.0417995453,929.6940063091482
1789884056,6,,Aggregated,0.400000,0.000000,4100,6200,7900,9200,15000,27000,163000,188000,288000,288000,288000,317,2,4100,12790.525953223812,1051.7408000005162,287795.0417995453,929.6940063091482
1789884057,6,,Aggregated,0.400000,0.000000,4100,6200,7900,9200,15000,27000,163000,188000,288000,288000,288000,317,2,4100,12790.525953223812,1051.7408000005162,287795.0417995453,929.6940063091482
1789884058,6,,Aggregated,0.400000,0.000000,4100,6200,7900,9200,15000,27000,163000,188000,288000,288000,288000,317,2,4100,12790.525953223812,1051.7408000005162,287795.0417995453,929.6940063091482
1789884059,6,,Aggregated,0.400000,0.000000,4100,6200,7900,9200,15000,27000,163000,188000,288000,288000,288000,317,2,4100,12790.525953223812,1051.7408000005162,287795.0417995453,929.6940063091482
1789884060,6,,Aggregated,0.400000,0.000000,4100,6200,7900,9200,15000,27000,163000,188000,288000,288000,288000,317,2,4100,12790.525953223812,1051.7408000005162,287795.0417995453,929.6940063091482
1789884061,6,,Aggregated,0.400000,0.000000,4100,6100,7900,9200,15000,25000,163000,188000,288000,288000,288000,321,2,4100,12659.507667516973,1036.7703789997904,287795.0417995453,921.2118380062306
1789884062,6,,Aggregated,0.400000,0.000000,4100,6100,7900,9200,15000,25000,163000,188000,288000,288000,288000,321,2,4100,12659.507667516973,1036.7703789997904,287795.0417995453,921.2118380062306
1789884063,6,,Aggregated,0.400000,0.000000,4100,6100,7900,9200,15000,25000,163000,188000,288000,288000,288000,321,2,4100,12659.507667516973,1036.7703789997904,287795.0417995453,921.2118380062306
1789884064,6,,Aggregated,0.400000,0.000000,4100,6100,7900,9200,15000,25000,163000,188000,288000,288000,288000,321,2,4100,12659.507667516973,1036.7703789997904,287795.0417995453,921.2118380062306
1789884065,6,,Aggregated,0.400000,0.000000,4100,6100,7900,9200,15000,25000,163000,188000,288000,288000,288000,321,2,4100,12659.507667516973,1036.7703789997904,287795.0417995453,921.2118380062306
1789884066,6,,Aggregated,0.400000,0.000000,4100,6100,7900,9200,15000,25000,163000,188000,288000,288000,288000,321,2,4100,12659.507667516973,1036.7703789997904,287795.0417995453,921.2118380062306
1789884067,6,,Aggregated,0.400000,0.000000,4100,6100,7900,9200,15000,25000,163000,188000,288000,288000,288000,322,2,4100,12625.18033942841,1036.7703789997904,287795.0417995453,919.1521739130435
1789884068,6,,Aggregated,0.400000,0.000000,4100,6100,7900,9200,15000,25000,163000,188000,288000,288000,288000,322,2,4100,12625.18033942841,1036.7703789997904,287795.0417995453,919.1521739130435
1789884069,6,,Aggregated,0.400000,0.000000,4100,6100,7900,9200,15000,25000,163000,188000,288000,288000,288000,322,2,4100,12625.18033942841,1036.7703789997904,287795.0417995453,919.1521739130435
1789884070,6,,Aggregated,0.400000,0.000000,4100,6100,7900,9200,15000,25000,163000,188000,288000,288000,288000,324,2,4100,12569.89341371589,1036.7703789997904,287795.0417995453,914.9598765432099
1789884071,6,,Aggregated,0.400000,0.000000,4100,6100,7900,9200,15000,25000,163000,188000,288000,288000,288000,324,2,4100,12569.89341371589,1036.7703789997904,287795.0417995453,914.9598765432099
1789884072,6,,Aggregated,0.400000,0.000000,4100,6100,7900,9200,15000,25000,163000,188000,288000,288000,288000,324,2,4100,12569.89341371589,1036.7703789997904,287795.0417995453,914.9598765432099
1789884073,6,,Aggregated,0.500000,0.000000,4100,6100,7900,9200,15000,25000,163000,188000,288000,288000,288000,325,2,4100,12535.035260522918,1036.7703789997904,287795.0417995453,912.9384615384615
1789884074,6,,Aggregated,0.500000,0.000000,4100,6100,7900,9200,15000,25000,163000,188000,288000,288000,288000,325,2,4100,12535.035260522918,1036.7703789997904,287795.0417995453,912.9384615384615
1789884075,6,,Aggregated,0.500000,0.000000,4100,6100,7900,9200,15000,25000,163000,188000,288000,288000,288000,325,2,4100,12535.035260522918,1036.7703789997904,287795.0417995453,912.9384615384615
1789884076,6,,Aggregated,0.300000,0.000000,4100,6100,7900,9000,15000,25000,163000,188000,288000,288000,288000,326,2,4100,12500.058025410886,1036.7703789997904,287795.0417995453,910.9294478527607
1789884077,6,,Aggregated,0.400000,0.000000,4100,6100,7900,9000,15000,25000,163000,188000,288000,288000,288000,327,2,4100,12467.940192308713,1036.7703789997904,287795.0417995453,908.9327217125382
1789884078,6,,Aggregated,0.400000,0.000000,4100,6100,7900,9000,15000,25000,163000,188000,288000,288000,288000,327,2,4100,12467.940192308713,1036.7703789997904,287795.0417995453,908.9327217125382
1789884079,6,,Aggregated,0.400000,0.000000,4100,6100,7900,9000,15000,25000,163000,188000,288000,288000,288000,327,2,4100,12467.940192308713,1036.7703789997904,287795.0417995453,908.9327217125382
1789884080,6,,Aggregated,0.500000,0.000000,4100,6100,7900,9000,15000,25000,163000,188000,288000,288000,288000,328,2,4100,12436.126156887041,1036.7703789997904,287795.0417995453,906.935975609756
1789884081,6,,Aggregated,0.500000,0.000000,4100,6100,7900,9000,15000,25000,163000,188000,288000,288000,288000,328,2,4100,12436.126156887041,1036.7703789997904,287795.0417995453,906.935975609756
1789884082,6,,Aggregated,0.500000,0.000000,4100,6100,7900,9000,15000,25000,163000,188000,288000,288000,288000,328,2,4100,12436.126156887041,1036.7703789997904,287795.0417995453,906.935975609756
1789884083,6,,Aggregated,0.400000,0.000000,4100,6100,7900,9200,15000,27000,168000,198000,288000,288000,288000,331,2,4100,13025.149271370145,1036.7703789997904,287795.0417995453,958.534743202417
1789884084,6,,Aggregated,0.400000,0.000000,4100,6100,7900,9200,15000,27000,168000,198000,288000,288000,288000,332,2,4100,12992.707664555777,1036.7703789997904,287795.0417995453,956.4246987951807
1789884085,6,,Aggregated,0.400000,0.000000,4100,6100,7900,9200,15000,27000,168000,198000,288000,288000,288000,332,2,4100,12992.707664555777,1036.7703789997904,287795.0417995453,956.4246987951807
1789884086,6,,Aggregated,0.700000,0.000000,4100,6100,7900,9200,15000,27000,168000,198000,288000,288000,288000,333,2,4100,12964.588722644197,1036.7703789997904,287795.0417995453,953.7867867867868
1789884087,6,,Aggregated,0.700000,0.000000,4100,6100,7900,9200,15000,27000,168000,198000,288000,288000,288000,333,2,4100,12964.588722644197,1036.7703789997904,287795.0417995453,953.7867867867868
1789884088,6,,Aggregated,0.700000,0.000000,4100,6100,7900,9200,15000,27000,168000,198000,288000,288000,288000,333,2,4100,12964.588722644197,1036.7703789997904,287795.0417995453,953.7867867867868
1789884089,6,,Aggregated,0.600000,0.000000,4100,6100,7900,9200,15000,51000,168000,198000,288000,288000,288000,335,2,4100,13369.119952178813,1036.7703789997904,287795.0417995453,989.6029850746269
1789884090,6,,Aggregated,0.600000,0.000000,4100,6100,7900,9200,15000,51000,168000,198000,288000,288000,288000,337,2,4100,13300.953151723748,1036.7703789997904,287795.0417995453,985.2373887240356
1789884091,6,,Aggregated,0.600000,0.000000,4100,6100,7900,9200,15000,51000,168000,198000,288000,288000,288000,338,2,4100,13266.839418200898,1036.7703789997904,287795.0417995453,983.0857988165681
1789884092,6,,Aggregated,0.600000,0.000000,4100,6100,7900,9200,15000,51000,168000,198000,288000,288000,288000,338,2,4100,13266.839418200898,1036.7703789997904,287795.0417995453,983.0857988165681
1789884093,6,,Aggregated,0.900000,0.000000,4000,6000,7900,9200,15000,51000,168000,198000,288000,288000,288000,339,2,4000,13237.607155940717,1036.7703789997904,287795.0417995453,980.4159292035398
1789884094,6,,Aggregated,1.000000,0.000000,4000,6000,7900,9200,15000,51000,168000,198000,288000,288000,288000,340,2,4000,13203.736654049713,1036.7703789997904,287795.0417995453,978.2911764705882
1789884095,6,,Aggregated,1.000000,0.000000,4000,6000,7900,9200,15000,51000,168000,198000,288000,288000,288000,340,2,4000,13203.736654049713,1036.7703789997904,287795.0417995453,978.2911764705882
1789884096,6,,Aggregated,0.800000,0.000000,4000,6000,7800,9000,15000,27000,168000,198000,288000,288000,288000,341,2,4000,13169.206760524643,1036.7703789997904,287795.0417995453,976.0733137829912
1789884097,6,,Aggregated,0.800000,0.000000,4000,5900,7800,9000,15000,27000,168000,198000,288000,288000,288000,343,2,4000,13100.862762783974,1036.7703789997904,287795.0417995453,971.8746355685131
1789884098,6,,Aggregated,0.800000,0.000000,4000,5900,7800,9000,15000,27000,168000,198000,288000,288000,288000,344,2,4000,13070.813928961927,1036.7703789997904,287795.0417995453,969.7994186046511
1789884099,6,,Aggregated,0.800000,0.000000,4000,5900,7800,9000,15000,27000,168000,198000,288000,288000,288000,344,2,4000,13070.813928961927,1036.7703789997904,287795.0417995453,969.7994186046511
1789884100,6,,Aggregated,1.000000,0.000000,3900,5900,7700,9000,15000,27000,168000,198000,288000,288000,288000,345,2,3900,13038.90934805479,1036.7703789997904,287795.0417995453,967.631884057971
1789884101,6,,Aggregated,1.000000,0.000000,3900,5900,7700,9000,15000,27000,168000,198000,288000,288000,288000,345,2,3900,13038.90934805479,1036.7703789997904,287795.0417995453,967.631884057971
1789884102,6,,Aggregated,1.000000,0.000000,3900,5900,7700,9000,15000,27000,168000,198000,288000,288000,288000,345,2,3900,13038.90934805479,1036.7703789997904,287795.0417995453,967.631884057971
1789884103,6,,Aggregated,0.800000,0.000000,3900,5900,7700,8900,15000,27000,168000,198000,288000,288000,288000,346,2,3900,13007.622681693363,1036.7703789997904,287795.0417995453,965.5809248554913
1789884104,6,,Aggregated,0.700000,0.000000,3900,5800,7700,8900,15000,27000,168000,198000,288000,288000,288000,348,2,3900,12944.791688652023,1036.7703789997904,287795.0417995453,961.4913793103449
1789884105,6,,Aggregated,0.700000,0.000000,3900,5800,7700,8900,15000,27000,168000,198000,288000,288000,288000,348,2,3900,12944.791688652023,1036.7703789997904,287795.0417995453,961.4913793103449
1789884106,6,,Aggregated,0.700000,0.000000,3900,5800,7700,8900,15000,27000,168000,198000,288000,288000,288000,348,2,3900,12944.791688652023,1036.7703789997904,287795.0417995453,961.4913793103449
1789884107,6,,Aggregated,0.700000,0.000000,3900,5800,7700,8900,15000,27000,168000,198000,288000,288000,288000,348,2,3900,12944.791688652023,1036.7703789997904,287795.0417995453,961.4913793103449
1789884108,6,,Aggregated,0.800000,0.000000,3900,5800,7700,8900,15000,51000,163000,198000,288000,288000,288000,351,2,3900,13257.75935892472,1036.7703789997904,287795.0417995453,990.6324786324786
1789884109,6,,Aggregated,0.800000,0.000000,3900,5800,7700,8900,15000,51000,163000,198000,288000,288000,288000,352,2,3900,13227.10831706982,1036.7703789997904,287795.0417995453,988.5511363636364
1789884110,6,,Aggregated,0.800000,0.000000,3900,5800,7700,8900,15000,51000,163000,198000,288000,288000,288000,352,2,3900,13227.10831706982,1036.7703789997904,287795.0417995453,988.5511363636364
1789884111,6,,Aggregated,0.800000,0.000000,3900,5800,7700,8900,15000,51000,163000,198000,288000,288000,288000,353,2,3900,13199.814331231095,1036.7703789997904,287795.0417995453,985.971671388102
1789884112,6,,Aggregated,0.800000,0.000000,3900,5800,7700,8900,15000,51000,163000,198000,288000,288000,288000,355,2,3900,13140.229216421338,1036.7703789997904,287795.0417995453,981.8704225352112
1789884113,6,,Aggregated,0.700000,0.000000,3900,5800,7700,8900,15000,51000,163000,198000,288000,288000,288000,356,2,3900,13110.704825701054,1036.7703789997904,287795.0417995453,979.8370786516854
1789884114,6,,Aggregated,0.800000,0.000000,3800,5800,7700,8900,15000,51000,163000,198000,288000,288000,288000,357,2,3800,13077.184242595446,1036.7703789997904,287795.0417995453,977.7142857142857
1789884115,6,,Aggregated,0.900000,0.000000,3800,5800,7700,8900,15000,51000,163000,198000,288000,288000,288000,358,2,3800,13044.028452764174,1036.7703789997904,287795.0417995453,975.7039106145252
1789884116,6,,Aggregated,0.900000,0.000000,3800,5800,7700,8900,15000,51000,163000,198000,288000,288000,288000,358,2,3800,13044.028452764174,1036.7703789997904,287795.0417995453,975.7039106145252
1789884117,6,,Aggregated,1.000000,0.000000,3800,5700,7700,8900,15000,51000,163000,198000,288000,288000,288000,359,2,3800,13011.548343087949,1036.7703789997904,287795.0417995453,973.7047353760446
1789884118,6,,Aggregated,0.900000,0.000000,3800,5700,7700,8900,15000,51000,163000,198000,288000,288000,288000,360,2,3800,12978.767254262702,1036.7703789997904,287795.0417995453,971.6166666666667
1789884119,6,,Aggregated,1.000000,0.000000,3800,5700,7600,8900,15000,27000,163000,198000,288000,288000,288000,361,2,3800,12946.773780411559,1036.7703789997904,287795.0417995453,969.6398891966759
1789884120,6,,Aggregated,1.000000,0.000000,3800,5700,7600,8900,15000,27000,163000,198000,288000,288000,288000,361,2,3800,12946.773780411559,1036.7703789997904,287795.0417995453,969.6398891966759
1789884121,6,,Aggregated,0.900000,0.000000,3800,5600,7600,8900,15000,27000,163000,198000,288000,288000,288000,362,2,3800,12916.260671037493,1036.7703789997904,287795.0417995453,967.6740331491712
1789884122,6,,Aggregated,0.900000,0.000000,3800,5600,7600,8900,15000,27000,163000,198000,288000,288000,288000,364,2,3800,12857.660062394427,1036.7703789997904,287795.0417995453,963.6758241758242
1789884123,6,,Aggregated,0.900000,0.000000,3800,5600,7600,8900,15000,27000,163000,198000,288000,288000,288000,364,2,3800,12857.660062394427,1036.7703789997904,287795.0417995453,963.6758241758242
1789884124,6,,Aggregated,0.900000,0.000000,3800,5600,7600,8900,15000,27000,163000,198000,288000,288000,288000,364,2,3800,12857.660062394427,1036.7703789997904,287795.0417995453,963.6758241758242
1789884125,6,,Aggregated,0.900000,0.000000,3800,5400,7500,8600,15000,27000,163000,198000,288000,288000,288000,366,2,3800,12794.000765826699,1036.7703789997904,287795.0417995453,959.7213114754098
1789884126,6,,Aggregated,0.900000,0.000000,3800,5400,7500,8600,15000,27000,163000,198000,288000,288000,288000,366,2,3800,12794.000765826699,1036.7703789997904,287795.0417995453,959.7213114754098
1789884127,6,,Aggregated,0.800000,0.000000,3700,5400,7500,8600,15000,27000,163000,198000,288000,288000,288000,367,2,3700,12762.785456107826,1036.7703789997904,287795.0417995453,957.8092643051771
1789884128,6,,Aggregated,0.800000,0.000000,3700,5400,7500,8600,15000,27000,163000,198000,288000,288000,288000,368,2,3700,12731.470831428183,1036.7703789997904,287795.0417995453,955.9076086956521
1789884129,6,,Aggregated,0.800000,0.000000,3700,5400,7500,8600,15000,27000,163000,198000,288000,288000,288000,369,2,3700,12700.600454969031,1036.7703789997904,287795.0417995453,953.9186991869918
1789884130,6,,Aggregated,0.800000,0.000000,3700,5400,7500,8600,15000,27000,163000,198000,288000,288000,288000,369,2,3700,12700.600454969031,1036.7703789997904,287795.0417995453,953.9186991869918
1789884131,6,,Aggregated,0.700000,0.000000,3700,5400,7500,8600,15000,27000,163000,198000,288000,288000,288000,370,2,3700,12669.455117998847,1036.7703789997904,287795.0417995453,952.0378378378379
1789884132,6,,Aggregated,0.800000,0.000000,3700,5400,7500,8600,15000,27000,163000,198000,288000,288000,288000,371,2,3700,12640.112056793996,1036.7703789997904,287795.0417995453,950.0700808625337
1789884133,6,,Aggregated,0.800000,0.000000,3700,5400,7500,8600,15000,27000,163000,198000,288000,288000,288000,371,2,3700,12640.112056793996,1036.7703789997904,287795.0417995453,950.0700808625337
1789884134,6,,Aggregated,0.800000,0.000000,3700,5400,7500,8600,15000,27000,163000,198000,288000,288000,288000,371,2,3700,12640.112056793996,1036.7703789997904,287795.0417995453,950.0700808625337
1789884135,6,,Aggregated,0.700000,0.000000,3700,5400,7500,8600,15000,27000,163000,198000,288000,288000,288000,372,2,3700,12615.208531332184,1036.7703789997904,287795.0417995453,948.2096774193549
1789884136,6,,Aggregated,0.700000,0.000000,3700,5400,7500,8600,15000,27000,163000,198000,288000,288000,288000,372,2,3700,12615.208531332184,1036.7703789997904,287795.0417995453,948.2096774193549
1789884137,6,,Aggregated,0.700000,0.000000,3700,5400,7500,8600,15000,27000,163000,198000,288000,288000,288000,372,2,3700,12615.208531332184,1036.7703789997904,287795.0417995453,948.2096774193549
1789884138,6,,Aggregated,0.600000,0.000000,3600,5300,7400,8600,15000,27000,163000,198000,288000,288000,288000,375,2,3600,12537.879681598857,1036.7703789997904,287795.0417995453,942.592
1789884139,6,,Aggregated,0.600000,0.000000,3600,5300,7400,8600,15000,27000,163000,198000,288000,288000,288000,375,2,3600,12537.879681598857,1036.7703789997904,287795.0417995453,942.592
1789884140,6,,Aggregated,0.600000,0.000000,3600,5300,7400,8600,15000,27000,163000,198000,288000,288000,288000,375,2,3600,12537.879681598857,1036.7703789997904,287795.0417995453,942.592
1789884141,6,,Aggregated,0.600000,0.000000,3600,5300,7400,8600,15000,27000,163000,198000,288000,288000,288000,375,2,3600,12537.879681598857,1036.7703789997904,287795.0417995453,942.592
1789884142,6,,Aggregated,0.600000,0.000000,3600,5300,7400,8600,15000,27000,163000,198000,288000,288000,288000,375,2,3600,12537.879681598857,1036.7703789997904,287795.0417995453,942.592
1789884143,6,,Aggregated,0.600000,0.000000,3600,5300,7400,8600,15000,27000,163000,198000,288000,288000,288000,375,2,3600,12537.879681598857,1036.7703789997904,287795.0417995453,942.592
1789884144,6,,Aggregated,0.600000,0.000000,3600,5300,7400,8600,15000,27000,163000,198000,288000,288000,288000,375,2,3600,12537.879681598857,1036.7703789997904,287795.0417995453,942.592
1789884145,6,,Aggregated,0.400000,0.000000,3700,5300,7400,8600,15000,27000,163000,198000,288000,288000,288000,377,2,3700,12498.84662907844,1036.7703789997904,287795.0417995453,938.8647214854111
1789884146,6,,Aggregated,0.400000,0.000000,3700,5300,7400,8600,15000,27000,163000,198000,288000,288000,288000,377,2,3700,12498.84662907844,1036.7703789997904,287795.0417995453,938.8647214854111
1789884147,6,,Aggregated,0.400000,0.000000,3700,5300,7400,8600,15000,27000,163000,198000,288000,288000,288000,377,2,3700,12498.84662907844,1036.7703789997904,287795.0417995453,938.8647214854111
1789884148,6,,Aggregated,0.400000,0.000000,3700,5300,7400,8600,15000,27000,163000,198000,288000,288000,288000,377,2,3700,12498.84662907844,1036.7703789997904,287795.0417995453,938.8647214854111
1789884149,6,,Aggregated,0.500000,0.000000,3700,5400,7400,8600,15000,27000,163000,198000,288000,288000,288000,379,2,3700,12467.847507764041,1036.7703789997904,287795.0417995453,935.2717678100264
1789884150,6,,Aggregated,0.500000,0.000000,3700,5400,7400,8600,15000,27000,163000,198000,288000,288000,288000,379,2,3700,12467.847507764041,1036.7703789997904,287795.0417995453,935.2717678100264
1789884151,6,,Aggregated,0.500000,0.000000,3700,5400,7400,8600,15000,27000,163000,198000,288000,288000,288000,379,2,3700,12467.847507764041,1036.7703789997904,287795.0417995453,935.2717678100264
1789884152,6,,Aggregated,0.500000,0.000000,3700,5400,7400,8600,15000,27000,163000,198000,288000,288000,288000,379,2,3700,12467.847507764041,1036.7703789997904,287795.0417995453,935.2717678100264
1789884153,6,,Aggregated,0.500000,0.000000,3700,5400,7400,8600,15000,27000,163000,198000,288000,288000,288000,379,2,3700,12467.847507764041,1036.7703789997904,287795.0417995453,935.2717678100264
1789884154,6,,Aggregated,0.500000,0.000000,3700,5400,7400,8600,15000,27000,163000,198000,288000,288000,288000,379,2,3700,12467.847507764041,1036.7703789997904,287795.0417995453,935.2717678100264
1789884155,6,,Aggregated,0.500000,0.000000,3700,5400,7400,8600,15000,27000,163000,198000,288000,288000,288000,379,2,3700,12467.847507764041,1036.7703789997904,287795.0417995453,935.2717678100264
1789884156,6,,Aggregated,0.500000,0.000000,3700,5400,7400,8600,15000,27000,163000,198000,288000,288000,288000,379,2,3700,12467.847507764041,1036.7703789997904,287795.0417995453,935.2717678100264
1789884157,6,,Aggregated,0.300000,0.000000,3700,5400,7400,8600,15000,27000,163000,198000,288000,288000,288000,380,2,3700,12454.239380348874,1036.7703789997904,287795.0417995453,933.3947368421053
1789884158,6,,Aggregated,0.200000,0.000000,3700,5400,7400,8500,14000,25000,163000,198000,288000,288000,288000,381,2,3700,12442.58428464717,1036.7703789997904,287795.0417995453,931.6220472440945
1789884159,6,,Aggregated,0.200000,0.000000,3700,5400,7400,8500,14000,25000,163000,198000,288000,288000,288000,381,2,3700,12442.58428464717,1036.7703789997904,287795.0417995453,931.6220472440945
1789884160,6,,Aggregated,0.200000,0.000000,3700,5400,7400,8500,14000,25000,163000,198000,288000,288000,288000,381,2,3700,12442.58428464717,1036.7703789997904,287795.0417995453,931.6220472440945
1789884161,6,,Aggregated,0.200000,0.000000,3700,5400,7400,8500,14000,25000,163000,198000,288000,288000,288000,381,2,3700,12442.58428464717,1036.7703789997904,287795.0417995453,931.6220472440945
1789884162,6,,Aggregated,0.200000,0.000000,3700,5400,7400,8500,14000,25000,163000,198000,288000,288000,288000,381,2,3700,12442.58428464717,1036.7703789997904,287795.0417995453,931.6220472440945
1789884163,6,,Aggregated,0.200000,0.000000,3700,5400,7400,8500,14000,25000,163000,198000,288000,288000,288000,381,2,3700,12442.58428464717,1036.7703789997904,287795.0417995453,931.6220472440945
1789884164,6,,Aggregated,0.200000,0.000000,3800,5400,7500,8600,14000,25000,163000,198000,288000,288000,288000,383,2,3800,12431.317758513242,1036.7703789997904,287795.0417995453,928.1044386422976
1789884165,6,,Aggregated,0.200000,0.000000,3800,5400,7500,8600,14000,25000,163000,198000,288000,288000,288000,383,2,3800,12431.317758513242,1036.7703789997904,287795.0417995453,928.1044386422976
1789884166,6,,Aggregated,0.200000,0.000000,3800,5400,7500,8600,14000,25000,163000,198000,288000,288000,288000,383,2,3800,12431.317758513242,1036.7703789997904,287795.0417995453,928.1044386422976
1789884167,6,,Aggregated,0.200000,0.000000,3800,5400,7500,8600,14000,25000,163000,198000,288000,288000,288000,384,2,3800,12410.940817459823,1036.7703789997904,287795.0417995453,926.265625
1789884168,6,,Aggregated,0.200000,0.000000,3800,5400,7500,8600,14000,25000,163000,198000,288000,288000,288000,384,2,3800,12410.940817459823,1036.7703789997904,287795.0417995453,926.265625
1789884169,6,,Aggregated,0.200000,0.000000,3800,5400,7500,8600,14000,25000,163000,198000,288000,288000,288000,384,2,3800,12410.940817459823,1036.7703789997904,287795.0417995453,926.265625
1789884170,6,,Aggregated,0.200000,0.000000,3800,5400,7500,8600,14000,25000,163000,198000,288000,288000,288000,384,2,3800,12410.940817459823,1036.7703789997904,287795.0417995453,926.265625
1789884171,6,,Aggregated,0.300000,0.000000,3800,5400,7400,8600,14000,25000,163000,198000,288000,288000,288000,387,2,3800,12343.01727553378,1036.7703789997904,287795.0417995453,921.0852713178294
1789884172,6,,Aggregated,0.300000,0.000000,3800,5400,7400,8600,14000,25000,163000,198000,288000,288000,288000,387,2,3800,12343.01727553378,1036.7703789997904,287795.0417995453,921.0852713178294
1789884173,6,,Aggregated,0.300000,0.000000,3800,5400,7400,8600,14000,25000,163000,198000,288000,288000,288000,388,2,3800,12314.24703097828,1036.7703789997904,287795.0417995453,919.2835051546392
1789884174,6,,Aggregated,0.300000,0.000000,3800,5400,7400,8600,14000,25000,163000,198000,288000,288000,288000,388,2,3800,12314.24703097828,1036.7703789997904,287795.0417995453,919.2835051546392
1789884175,6,,Aggregated,0.300000,0.000000,3800,5400,7400,8600,14000,25000,163000,198000,288000,288000,288000,388,2,3800,12314.24703097828,1036.7703789997904,287795.0417995453,919.2835051546392
1789884176,6,,Aggregated,0.300000,0.000000,3800,5400,7400,8600,14000,25000,163000,198000,288000,288000,288000,388,2,3800,12314.24703097828,1036.7703789997904,287795.0417995453,919.2835051546392
1789884177,6,,Aggregated,0.500000,0.000000,3700,5400,7400,8600,14000,25000,163000,198000,288000,288000,288000,390,2,3700,12258.408967852753,1036.7703789997904,287795.0417995453,915.8923076923077
1789884178,6,,Aggregated,0.500000,0.000000,3700,5400,7400,8600,14000,25000,163000,198000,288000,288000,288000,390,2,3700,12258.408967852753,1036.7703789997904,287795.0417995453,915.8923076923077
1789884179,6,,Aggregated,0.400000,0.000000,3700,5400,7400,8500,14000,25000,163000,198000,288000,288000,288000,391,2,3700,12230.38691113446,1036.7703789997904,287795.0417995453,914.1176470588235
1789884180,6,,Aggregated,0.400000,0.000000,3700,5400,7400,8500,14000,25000,163000,198000,288000,288000,288000,391,2,3700,12230.38691113446,1036.7703789997904,287795.0417995453,914.1176470588235
1789884181,6,,Aggregated,0.600000,0.000000,3700,5400,7400,8500,14000,25000,163000,198000,288000,288000,288000,392,2,3700,12212.802652037177,1036.7703789997904,287795.0417995453,912.4438775510204
1789884182,6,,Aggregated,0.600000,0.000000,3700,5400,7400,8500,14000,25000,163000,198000,288000,288000,288000,392,2,3700,12212.802652037177,1036.7703789997904,287795.0417995453,912.4438775510204
1789884183,6,,Aggregated,0.600000,0.000000,3700,5400,7400,8500,14000,25000,163000,198000,288000,288000,288000,392,2,3700,12212.802652037177,1036.7703789997904,287795.0417995453,912.4438775510204
1789884184,6,,Aggregated,0.500000,0.000000,3700,5400,7400,8500,14000,25000,163000,198000,288000,288000,288000,394,2,3700,12160.71855536186,1036.7703789997904,287795.0417995453,909.1218274111675
1789884185,6,,Aggregated,0.500000,0.000000,3700,5400,7400,8500,14000,25000,163000,198000,288000,288000,288000,394,2,3700,12160.71855536186,1036.7703789997904,287795.0417995453,909.1218274111675
1789884186,6,,Aggregated,0.400000,0.000000,3700,5300,7400,8500,14000,25000,163000,198000,288000,288000,288000,395,2,3700,12133.95021753816,1036.7703789997904,287795.0417995453,907.3822784810127
1789884187,6,,Aggregated,0.400000,0.000000,3700,5300,7400,8500,14000,25000,163000,198000,288000,288000,288000,395,2,3700,12133.95021753816,1036.7703789997904,287795.0417995453,907.3822784810127
1789884188,6,,Aggregated,0.700000,0.000000,3700,5300,7400,8200,14000,25000,163000,198000,288000,288000,288000,396,2,3700,12107.250863607507,1036.7703789997904,287795.0417995453,905.7323232323232
1789884189,6,,Aggregated,0.700000,0.000000,3700,5300,7400,8200,14000,25000,163000,198000,288000,288000,288000,396,2,3700,12107.250863607507,1036.7703789997904,287795.0417995453,905.7323232323232
1789884190,6,,Aggregated,0.700000,0.000000,3700,5300,7400,8200,14000,25000,163000,198000,288000,288000,288000,396,2,3700,12107.250863607507,1036.7703789997904,287795.0417995453,905.7323232323232
1789884191,6,,Aggregated,0.500000,0.000000,3600,5300,7300,8200,14000,25000,163000,198000,288000,288000,288000,397,2,3600,12080.17867966895,1036.7703789997904,287795.0417995453,904.1007556675063
1789884192,6,,Aggregated,0.500000,0.000000,3600,5300,7300,8200,14000,25000,163000,198000,288000,288000,288000,397,2,3600,12080.17867966895,1036.7703789997904,287795.0417995453,904.1007556675063
1789884193,6,,Aggregated,0.500000,0.000000,3600,5300,7300,8200,14000,25000,163000,198000,288000,288000,288000,398,2,3600,12058.338358802948,1036.7703789997904,287795.0417995453,902.4773869346734
1789884194,6,,Aggregated,0.500000,0.000000,3600,5300,7300,8200,14000,25000,163000,198000,288000,288000,288000,399,2,3600,12036.864611740786,1036.7703789997904,287795.0417995453,900.8421052631579
1789884195,6,,Aggregated,0.500000,0.000000,3600,5300,7300,8200,14000,25000,163000,198000,288000,288000,288000,399,2,3600,12036.864611740786,1036.7703789997904,287795.0417995453,900.8421052631579
1789884196,6,,Aggregated,0.500000,0.000000,3600,5300,7300,8200,14000,25000,163000,198000,288000,288000,288000,399,2,3600,12036.864611740786,1036.7703789997904,287795.0417995453,900.8421052631579
1789884197,6,,Aggregated,0.500000,0.000000,3600,5300,7300,8200,14000,25000,163000,198000,288000,288000,288000,399,2,3600,12036.864611740786,1036.7703789997904,287795.0417995453,900.8421052631579
1789884198,6,,Aggregated,0.500000,0.000000,3600,5300,7300,8200,14000,25000,163000,198000,288000,288000,288000,399,2,3600,12036.864611740786,1036.7703789997904,287795.0417995453,900.8421052631579
1789884199,6,,Aggregated,0.400000,0.000000,3600,5300,7300,8200,14000,25000,163000,198000,288000,288000,288000,400,2,3600,12014.459109778934,1036.7703789997904,287795.0417995453,899.235
1789884200,6,,Aggregated,0.400000,0.000000,3600,5300,7300,8200,14000,25000,163000,198000,288000,288000,288000,400,2,3600,12014.459109778934,1036.7703789997904,287795.0417995453,899.235
1789884201,6,,Aggregated,0.400000,0.000000,3600,5300,7300,8200,14000,25000,163000,198000,288000,288000,288000,400,2,3600,12014.459109778934,1036.7703789997904,287795.0417995453,899.235
1789884202,6,,Aggregated,0.400000,0.000000,3600,5300,7300,8200,14000,25000,163000,198000,288000,288000,288000,400,2,3600,12014.459109778934,1036.7703789997904,287795.0417995453,899.235
1789884203,6,,Aggregated,0.400000,0.000000,3600,5300,7300,8100,14000,25000,157000,188000,288000,288000,288000,402,2,3600,11976.461516643216,1036.7703789997904,287795.0417995453,896.044776119403
1789884204,6,,Aggregated,0.400000,0.000000,3600,5300,7300,8100,14000,25000,157000,188000,288000,288000,288000,402,2,3600,11976.461516643216,1036.7703789997904,287795.0417995453,896.044776119403
1789884205,6,,Aggregated,0.400000,0.000000,3600,5300,7300,8100,14000,25000,157000,188000,288000,288000,288000,402,2,3600,11976.461516643216,1036.7703789997904,287795.0417995453,896.044776119403
1789884206,6,,Aggregated,0.400000,0.000000,3600,5300,7300,8100,14000,25000,157000,188000,288000,288000,288000,402,2,3600,11976.461516643216,1036.7703789997904,287795.0417995453,896.044776119403
1789884207,6,,Aggregated,0.400000,0.000000,3600,5300,7300,8100,14000,25000,157000,188000,288000,288000,288000,402,2,3600,11976.461516643216,1036.7703789997904,287795.0417995453,896.044776119403
1789884208,6,,Aggregated,0.400000,0.000000,3600,5300,7300,8100,14000,25000,157000,188000,288000,288000,288000,402,2,3600,11976.461516643216,1036.7703789997904,287795.0417995453,896.044776119403
1789884209,6,,Aggregated,0.300000,0.000000,3600,5300,7300,8100,14000,25000,157000,188000,288000,288000,288000,403,2,3600,11959.7822418178,1036.7703789997904,287795.0417995453,894.4615384615385
1789884210,6,,Aggregated,0.300000,0.000000,3600,5300,7300,8100,14000,25000,157000,188000,288000,288000,288000,403,2,3600,11959.7822418178,1036.7703789997904,287795.0417995453,894.4615384615385
1789884211,6,,Aggregated,0.300000,0.000000,3600,5300,7300,8100,14000,25000,157000,188000,288000,288000,288000,403,2,3600,11959.7822418178,1036.7703789997904,287795.0417995453,894.4615384615385
1789884212,6,,Aggregated,0.300000,0.000000,3700,5300,7200,8100,14000,25000,157000,188000,288000,288000,288000,405,2,3700,11921.395322119934,1036.7703789997904,287795.0417995453,891.3185185185185
1789884213,6,,Aggregated,0.300000,0.000000,3700,5300,7200,8100,14000,25000,157000,188000,288000,288000,288000,405,2,3700,11921.395322119934,1036.7703789997904,287795.0417995453,891.3185185185185
1789884214,6,,Aggregated,0.300000,0.000000,3700,5300,7200,8100,14000,25000,157000,188000,288000,288000,288000,405,2,3700,11921.395322119934,1036.7703789997904,287795.0417995453,891.3185185185185
1789884215,6,,Aggregated,0.300000,0.000000,3700,5300,7200,8100,14000,25000,157000,188000,288000,288000,288000,405,2,3700,11921.395322119934,1036.7703789997904,287795.0417995453,891.3185185185185
1789884216,6,,Aggregated,0.300000,0.000000,3700,5300,7200,8100,14000,25000,157000,188000,288000,288000,288000,405,2,3700,11921.395322119934,1036.7703789997904,287795.0417995453,891.3185185185185
1789884217,6,,Aggregated,0.300000,0.000000,3700,5300,7200,8100,14000,25000,157000,188000,288000,288000,288000,406,2,3700,11899.95477264427,1036.7703789997904,287795.0417995453,889.7586206896551
1789884218,6,,Aggregated,0.300000,0.000000,3700,5300,7200,8100,14000,25000,157000,188000,288000,288000,288000,406,2,3700,11899.95477264427,1036.7703789997904,287795.0417995453,889.7586206896551
1789884219,6,,Aggregated,0.300000,0.000000,3700,5300,7200,8100,14000,25000,157000,188000,288000,288000,288000,406,2,3700,11899.95477264427,1036.7703789997904,287795.0417995453,889.7586206896551
1789884220,6,,Aggregated,0.300000,0.000000,3700,5300,7200,8100,14000,25000,157000,188000,288000,288000,288000,406,2,3700,11899.95477264427,1036.7703789997904,287795.0417995453,889.7586206896551
1789884221,6,,Aggregated,0.300000,0.000000,3700,5300,7200,8100,14000,25000,157000,188000,288000,288000,288000,406,2,3700,11899.95477264427,1036.7703789997904,287795.0417995453,889.7586206896551
1789884222,6,,Aggregated,0.300000,0.000000,3700,5300,7200,8100,14000,25000,157000,188000,288000,288000,288000,406,2,3700,11899.95477264427,1036.7703789997904,287795.0417995453,889.7586206896551
1789884223,6,,Aggregated,0.300000,0.000000,3700,5300,7200,8100,14000,25000,157000,188000,288000,288000,288000,408,2,3700,11872.326483150917,1036.7703789997904,287795.0417995453,886.6617647058823
1789884224,6,,Aggregated,0.300000,0.000000,3700,5300,7200,8100,14000,25000,157000,188000,288000,288000,288000,408,2,3700,11872.326483150917,1036.7703789997904,287795.0417995453,886.6617647058823
1789884225,6,,Aggregated,0.300000,0.000000,3700,5300,7200,8100,14000,25000,157000,188000,288000,288000,288000,408,2,3700,11872.326483150917,1036.7703789997904,287795.0417995453,886.6617647058823
1789884226,6,,Aggregated,0.300000,0.000000,3700,5300,7200,8100,14000,25000,157000,188000,288000,288000,288000,408,2,3700,11872.326483150917,1036.7703789997904,287795.0417995453,886.6617647058823
1789884227,6,,Aggregated,0.300000,0.000000,3700,5300,7200,8100,14000,25000,157000,188000,288000,288000,288000,408,2,3700,11872.326483150917,1036.7703789997904,287795.0417995453,886.6617647058823
1789884228,6,,Aggregated,0.300000,0.000000,3700,5300,7200,8100,14000,25000,157000,188000,288000,288000,288000,408,2,3700,11872.326483150917,1036.7703789997904,287795.0417995453,886.6617647058823
1789884229,6,,Aggregated,0.300000,0.000000,3700,5300,7200,8100,14000,25000,157000,188000,288000,288000,288000,408,2,3700,11872.326483150917,1036.7703789997904,287795.0417995453,886.6617647058823
1789884230,6,,Aggregated,0.300000,0.000000,3700,5300,7200,8100,14000,25000,157000,188000,288000,288000,288000,408,2,3700,11872.326483150917,1036.7703789997904,287795.0417995453,886.6617647058823
1789884231,6,,Aggregated,0.200000,0.000000,3700,5300,7300,8200,14000,27000,163000,198000,288000,288000,288000,411,2,3700,12497.854680486334,1036.7703789997904,287795.0417995453,914.654501216545
1789884232,6,,Aggregated,0.200000,0.000000,3700,5300,7300,8200,14000,27000,163000,198000,288000,288000,288000,411,2,3700,12497.854680486334,1036.7703789997904,287795.0417995453,914.654501216545
1789884233,6,,Aggregated,0.200000,0.000000,3700,5300,7300,8200,14000,27000,163000,198000,288000,288000,288000,411,2,3700,12497.854680486334,1036.7703789997904,287795.0417995453,914.654501216545
1789884234,6,,Aggregated,0.200000,0.000000,3700,5300,7300,8200,14000,27000,163000,198000,288000,288000,288000,411,2,3700,12497.854680486334,1036.7703789997904,287795.0417995453,914.654501216545
1789884235,6,,Aggregated,0.500000,0.000000,3700,5300,7300,8200,14000,27000,163000,198000,288000,288000,288000,412,2,3700,12485.237923033697,1036.7703789997904,287795.0417995453,913.0606796116505
1789884236,6,,Aggregated,0.500000,0.000000,3700,5300,7300,8200,14000,27000,163000,198000,288000,288000,288000,412,2,3700,12485.237923033697,1036.7703789997904,287795.0417995453,913.0606796116505
1789884237,6,,Aggregated,0.500000,0.000000,3700,5300,7300,8200,14000,27000,163000,198000,288000,288000,288000,412,2,3700,12485.237923033697,1036.7703789997904,287795.0417995453,913.0606796116505
1789884238,6,,Aggregated,0.500000,0.000000,3700,5300,7300,8200,14000,27000,163000,198000,288000,288000,288000,412,2,3700,12485.237923033697,1036.7703789997904,287795.0417995453,913.0606796116505
1789884239,6,,Aggregated,0.400000,0.000000,3700,5300,7300,8200,14000,27000,163000,198000,288000,288000,288000,413,2,3700,12463.710434232164,1036.7703789997904,287795.0417995453,911.4745762711865
1789884240,6,,Aggregated,0.400000,0.000000,3700,5300,7300,8200,14000,27000,163000,198000,288000,288000,288000,413,2,3700,12463.710434232164,1036.7703789997904,287795.0417995453,911.4745762711865
1789884241,6,,Aggregated,0.400000,0.000000,3700,5300,7300,8200,14000,27000,163000,198000,288000,288000,288000,413,2,3700,12463.710434232164,1036.7703789997904,287795.0417995453,911.4745762711865
1789884242,6,,Aggregated,0.400000,0.000000,3700,5300,7300,8200,14000,27000,163000,198000,288000,288000,288000,413,2,3700,12463.710434232164,1036.7703789997904,287795.0417995453,911.4745762711865
1789884243,6,,Aggregated,0.400000,0.000000,3700,5300,7300,8200,14000,27000,163000,198000,288000,288000,288000,413,2,3700,12463.710434232164,1036.7703789997904,287795.0417995453,911.4745762711865
1789884244,6,,Aggregated,0.400000,0.000000,3700,5300,7300,8200,14000,27000,163000,198000,288000,288000,288000,413,2,3700,12463.710434232164,1036.7703789997904,287795.0417995453,911.4745762711865
1789884245,6,,Aggregated,0.400000,0.000000,3700,5300,7300,8200,14000,27000,163000,198000,288000,288000,288000,413,2,3700,12463.710434232164,1036.7703789997904,287795.0417995453,911.4745762711865
1789884246,6,,Aggregated,0.200000,0.000000,3700,5300,7300,8500,14000,27000,163000,198000,288000,288000,288000,415,2,3700,12452.464474847913,1036.7703789997904,287795.0417995453,907.8915662650602
1789884247,6,,Aggregated,0.200000,0.000000,3700,5300,7300,8500,14000,27000,163000,198000,288000,288000,288000,415,2,3700,12452.464474847913,1036.7703789997904,287795.0417995453,907.8915662650602
1789884248,6,,Aggregated,0.200000,0.000000,3700,5300,7300,8500,14000,27000,163000,198000,288000,288000,288000,415,2,3700,12452.464474847913,1036.7703789997904,287795.0417995453,907.8915662650602
1789884249,6,,Aggregated,0.200000,0.000000,3700,5300,7300,8500,14000,27000,163000,198000,288000,288000,288000,415,2,3700,12452.464474847913,1036.7703789997904,287795.0417995453,907.8915662650602
1789884250,6,,Aggregated,0.200000,0.000000,3700,5300,7300,8500,14000,27000,163000,198000,288000,288000,288000,415,2,3700,12452.464474847913,1036.7703789997904,287795.0417995453,907.8915662650602
1789884251,6,,Aggregated,0.300000,0.000000,3800,5400,7300,8200,14000,27000,163000,198000,288000,288000,288000,416,2,3800,12438.48502654299,1036.7703789997904,287795.0417995453,906.3293269230769
1789884252,6,,Aggregated,0.300000,0.000000,3800,5400,7300,8200,14000,27000,163000,198000,288000,288000,288000,416,2,3800,12438.48502654299,1036.7703789997904,287795.0417995453,906.3293269230769
1789884253,6,,Aggregated,0.300000,0.000000,3800,5400,7300,8200,14000,27000,163000,198000,288000,288000,288000,416,2,3800,12438.48502654299,1036.7703789997904,287795.0417995453,906.3293269230769
1789884254,6,,Aggregated,0.300000,0.000000,3800,5400,7300,8200,14000,27000,163000,198000,288000,288000,288000,416,2,3800,12438.48502654299,1036.7703789997904,287795.0417995453,906.3293269230769
1789884255,6,,Aggregated,0.300000,0.000000,3800,5400,7300,8200,14000,27000,163000,198000,288000,288000,288000,416,2,3800,12438.48502654299,1036.7703789997904,287795.0417995453,906.3293269230769
1789884256,6,,Aggregated,0.300000,0.000000,3800,5400,7300,8200,14000,27000,163000,198000,288000,288000,288000,416,2,3800,12438.48502654299,1036.7703789997904,287795.0417995453,906.3293269230769
1789884257,6,,Aggregated,0.300000,0.000000,3800,5400,7300,8200,14000,27000,163000,198000,288000,288000,288000,416,2,3800,12438.48502654299,1036.7703789997904,287795.0417995453,906.3293269230769
1789884258,6,,Aggregated,0.300000,0.000000,3800,5400,7300,8200,14000,27000,163000,198000,288000,288000,288000,416,2,3800,12438.48502654299,1036.7703789997904,287795.0417995453,906.3293269230769
1789884259,6,,Aggregated,0.100000,0.000000,3800,5400,7300,8500,14000,27000,163000,198000,288000,288000,288000,417,2,3800,12430.008484750322,1036.7703789997904,287795.0417995453,904.7745803357315
1789884260,6,,Aggregated,0.100000,0.000000,3800,5400,7300,8500,14000,27000,163000,198000,288000,288000,288000,417,2,3800,12430.008484750322,1036.7703789997904,287795.0417995453,904.7745803357315
1789884261,6,,Aggregated,0.100000,0.000000,3800,5400,7300,8500,14000,27000,163000,198000,288000,288000,288000,417,2,3800,12430.008484750322,1036.7703789997904,287795.0417995453,904.7745803357315
1789884262,6,,Aggregated,0.100000,0.000000,3800,5400,7300,8500,14000,27000,163000,198000,288000,288000,288000,417,2,3800,12430.008484750322,1036.7703789997904,287795.0417995453,904.7745803357315
1789884263,6,,Aggregated,0.100000,0.000000,3800,5400,7300,8500,14000,27000,163000,198000,288000,288000,288000,417,2,3800,12430.008484750322,1036.7703789997904,287795.0417995453,904.7745803357315
1789884264,6,,Aggregated,0.100000,0.000000,3800,5400,7300,8500,14000,27000,163000,198000,288000,288000,288000,417,2,3800,12430.008484750322,1036.7703789997904,287795.0417995453,904.7745803357315
1789884265,6,,Aggregated,0.100000,0.000000,3800,5400,7300,8500,14000,27000,163000,198000,288000,288000,288000,417,2,3800,12430.008484750322,1036.7703789997904,287795.0417995453,904.7745803357315
1789884266,6,,Aggregated,0.100000,0.000000,3800,5400,7300,8500,14000,27000,163000,198000,288000,288000,288000,417,2,3800,12430.008484750322,1036.7703789997904,287795.0417995453,904.7745803357315
1789884267,6,,Aggregated,0.100000,0.000000,3800,5400,7300,8500,14000,27000,163000,198000,288000,288000,288000,417,2,3800,12430.008484750322,1036.7703789997904,287795.0417995453,904.7745803357315
1789884268,6,,Aggregated,0.100000,0.000000,3800,5400,7300,8500,14000,27000,163000,198000,288000,288000,288000,417,2,3800,12430.008484750322,1036.7703789997904,287795.0417995453,904.7745803357315
1789884269,6,,Aggregated,0.100000,0.000000,3800,5400,7400,8600,15000,27000,163000,198000,288000,288000,288000,418,2,3800,12451.104862148051,1036.7703789997904,287795.0417995453,903.2272727272727
1789884270,6,,Aggregated,0.100000,0.000000,3800,5400,7400,8600,15000,27000,163000,198000,288000,288000,288000,419,2,3800,12433.846964224073,1036.7703789997904,287795.0417995453,901.6873508353221
1789884271,6,,Aggregated,0.100000,0.000000,3800,5400,7400,8600,15000,27000,163000,198000,288000,288000,288000,419,2,3800,12433.846964224073,1036.7703789997904,287795.0417995453,901.6873508353221
1789884272,6,,Aggregated,0.100000,0.000000,3800,5400,7400,8600,15000,27000,163000,198000,288000,288000,288000,419,2,3800,12433.846964224073,1036.7703789997904,287795.0417995453,901.6873508353221
1789884273,6,,Aggregated,0.100000,0.000000,3800,5400,7400,8600,15000,27000,163000,198000,288000,288000,288000,419,2,3800,12433.846964224073,1036.7703789997904,287795.0417995453,901.6873508353221
1789884274,6,,Aggregated,0.100000,0.000000,3800,5400,7400,8600,15000,27000,163000,198000,288000,288000,288000,419,2,3800,12433.846964224073,1036.7703789997904,287795.0417995453,901.6873508353221
1789884275,6,,Aggregated,0.200000,0.000000,3800,5400,7400,8600,15000,27000,168000,198000,288000,288000,288000,421,2,3800,12859.971235644458,1036.7703789997904,287795.0417995453,945.2565320665083
1789884276,6,,Aggregated,0.200000,0.000000,3800,5400,7400,8600,15000,27000,168000,198000,288000,288000,288000,421,2,3800,12859.971235644458,1036.7703789997904,287795.0417995453,945.2565320665083
1789884277,6,,Aggregated,0.200000,0.000000,3800,5400,7400,8600,15000,27000,168000,198000,288000,288000,288000,421,2,3800,12859.971235644458,1036.7703789997904,287795.0417995453,945.2565320665083
1789884278,6,,Aggregated,0.200000,0.000000,3800,5400,7400,8600,15000,27000,168000,198000,288000,288000,288000,421,2,3800,12859.971235644458,1036.7703789997904,287795.0417995453,945.2565320665083
1789884279,6,,Aggregated,0.200000,0.000000,3800,5400,7400,8600,15000,27000,168000,198000,288000,288000,288000,421,2,3800,12859.971235644458,1036.7703789997904,287795.0417995453,945.2565320665083
1789884280,6,,Aggregated,0.400000,0.000000,3800,5400,7400,8600,15000,27000,168000,198000,288000,288000,288000,422,2,3800,12842.133694107386,1036.7703789997904,287795.0417995453,943.2014218009479
1789884281,6,,Aggregated,0.400000,0.000000,3800,5400,7400,8600,15000,27000,168000,198000,288000,288000,288000,422,2,3800,12842.133694107386,1036.7703789997904,287795.0417995453,943.2014218009479
1789884282,6,,Aggregated,0.400000,0.000000,3800,5400,7400,8600,15000,27000,168000,198000,288000,288000,288000,422,2,3800,12842.133694107386,1036.7703789997904,287795.0417995453,943.2014218009479
1789884283,6,,Aggregated,0.400000,0.000000,3800,5400,7400,8600,15000,27000,168000,198000,288000,288000,288000,422,2,3800,12842.133694107386,1036.7703789997904,287795.0417995453,943.2014218009479
1789884284,6,,Aggregated,0.400000,0.000000,3800,5400,7400,8600,15000,27000,168000,198000,288000,288000,288000,422,2,3800,12842.133694107386,1036.7703789997904,287795.0417995453,943.2014218009479
1789884285,6,,Aggregated,0.400000,0.000000,3800,5400,7400,8600,15000,27000,168000,198000,288000,288000,288000,422,2,3800,12842.133694107386,1036.7703789997904,287795.0417995453,943.2014218009479
1789884286,6,,Aggregated,0.400000,0.000000,3800,5400,7400,8600,15000,27000,168000,198000,288000,288000,288000,422,2,3800,12842.133694107386,1036.7703789997904,287795.0417995453,943.2014218009479
1789884288,6,,Aggregated,0.400000,0.000000,3800,5400,7400,8600,15000,27000,168000,198000,288000,288000,288000,422,2,3800,12842.133694107386,1036.7703789997904,287795.0417995453,943.2014218009479
1789884289,6,,Aggregated,0.100000,0.000000,3800,5600,7400,8600,15000,27000,168000,198000,288000,288000,288000,423,2,3800,12845.341933603586,1036.7703789997904,287795.0417995453,941.581560283688
1789884290,6,,Aggregated,0.100000,0.000000,3800,5600,7400,8600,15000,27000,168000,198000,288000,288000,288000,423,2,3800,12845.341933603586,1036.7703789997904,287795.0417995453,941.581560283688
1789884291,6,,Aggregated,0.100000,0.000000,3800,5600,7400,8600,15000,27000,168000,198000,288000,288000,288000,423,2,3800,12845.341933603586,1036.7703789997904,287795.0417995453,941.581560283688
1789884292,6,,Aggregated,0.100000,0.000000,3800,5600,7400,8600,15000,27000,168000,198000,288000,288000,288000,423,2,3800,12845.341933603586,1036.7703789997904,287795.0417995453,941.581560283688
1789884293,6,,Aggregated,0.100000,0.000000,3800,5600,7400,8600,15000,27000,168000,198000,288000,288000,288000,423,2,3800,12845.341933603586,1036.7703789997904,287795.0417995453,941.581560283688
1789884294,6,,Aggregated,0.100000,0.000000,3800,5600,7500,8700,15000,27000,168000,198000,288000,288000,288000,424,2,3800,12840.43410226254,1036.7703789997904,287795.0417995453,939.9693396226415
1789884295,6,,Aggregated,0.100000,0.000000,3800,5600,7500,8700,15000,27000,168000,198000,288000,288000,288000,424,2,3800,12840.43410226254,1036.7703789997904,287795.0417995453,939.9693396226415
1789884296,6,,Aggregated,0.100000,0.000000,3800,5600,7500,8700,15000,27000,168000,198000,288000,288000,288000,424,2,3800,12840.43410226254,1036.7703789997904,287795.0417995453,939.9693396226415
1789884297,6,,Aggregated,0.100000,0.000000,3800,5600,7500,8700,15000,27000,168000,198000,288000,288000,288000,424,2,3800,12840.43410226254,1036.7703789997904,287795.0417995453,939.9693396226415
1789884298,6,,Aggregated,0.100000,0.000000,3800,5600,7500,8700,15000,27000,168000,198000,288000,288000,288000,424,2,3800,12840.43410226254,1036.7703789997904,287795.0417995453,939.9693396226415
1789884299,6,,Aggregated,0.200000,0.000000,3800,5600,7400,8700,15000,27000,168000,198000,288000,288000,288000,425,2,3800,12822.931087233686,1036.7703789997904,287795.0417995453,938.364705882353
1789884300,6,,Aggregated,0.200000,0.000000,3900,5600,7400,8600,15000,27000,168000,198000,288000,288000,288000,426,2,3900,12803.821882862245,1036.7703789997904,287795.0417995453,936.7676056338029
1789884301,6,,Aggregated,0.200000,0.000000,3900,5600,7400,8600,15000,27000,168000,198000,288000,288000,288000,426,2,3900,12803.821882862245,1036.7703789997904,287795.0417995453,936.7676056338029
1789884302,6,,Aggregated,0.200000,0.000000,3900,5600,7400,8600,15000,27000,168000,198000,288000,288000,288000,426,2,3900,12803.821882862245,1036.7703789997904,287795.0417995453,936.7676056338029
1789884303,6,,Aggregated,0.300000,0.000000,3900,5600,7500,8700,15000,28000,168000,198000,288000,288000,288000,427,2,3900,12838.961398953903,1036.7703789997904,287795.0417995453,935.1779859484777
1789884304,6,,Aggregated,0.300000,0.000000,3900,5600,7500,8700,15000,28000,168000,198000,288000,288000,288000,427,2,3900,12838.961398953903,1036.7703789997904,287795.0417995453,935.1779859484777
1789884305,6,,Aggregated,0.300000,0.000000,3900,5600,7500,8700,15000,28000,168000,198000,288000,288000,288000,427,2,3900,12838.961398953903,1036.7703789997904,287795.0417995453,935.1779859484777
1789884306,6,,Aggregated,0.300000,0.000000,3900,5600,7500,8700,15000,28000,168000,198000,288000,288000,288000,427,2,3900,12838.961398953903,1036.7703789997904,287795.0417995453,935.1779859484777
1789884307,6,,Aggregated,0.300000,0.000000,3900,5600,7500,8700,15000,28000,168000,198000,288000,288000,288000,427,2,3900,12838.961398953903,1036.7703789997904,287795.0417995453,935.1779859484777
1789884308,6,,Aggregated,0.300000,0.000000,3900,5600,7500,8700,15000,28000,168000,198000,288000,288000,288000,427,2,3900,12838.961398953903,1036.7703789997904,287795.0417995453,935.1779859484777
1789884309,6,,Aggregated,0.300000,0.000000,3900,5600,7500,8700,15000,28000,168000,198000,288000,288000,288000,427,2,3900,12838.961398953903,1036.7703789997904,287795.0417995453,935.1779859484777
1789884310,6,,Aggregated,0.300000,0.000000,3900,5600,7500,8700,15000,28000,168000,198000,288000,288000,288000,427,2,3900,12838.961398953903,1036.7703789997904,287795.0417995453,935.1779859484777
1789884311,6,,Aggregated,0.300000,0.000000,3900,5600,7500,8700,15000,28000,168000,198000,288000,288000,288000,427,2,3900,12838.961398953903,1036.7703789997904,287795.0417995453,935.1779859484777
1789884312,6,,Aggregated,0.300000,0.000000,3900,5600,7500,8700,15000,28000,168000,198000,288000,288000,288000,427,2,3900,12838.961398953903,1036.7703789997904,287795.0417995453,935.1779859484777
1789884313,6,,Aggregated,0.300000,0.000000,3900,5600,7500,8700,15000,28000,168000,198000,288000,288000,288000,427,2,3900,12838.961398953903,1036.7703789997904,287795.0417995453,935.1779859484777
1789884314,6,,Aggregated,0.300000,0.000000,3900,5600,7500,8700,15000,28000,168000,198000,288000,288000,288000,427,2,3900,12838.961398953903,1036.7703789997904,287795.0417995453,935.1779859484777
1789884315,6,,Aggregated,0.100000,0.000000,3900,5700,7500,8700,15000,28000,168000,198000,288000,288000,288000,428,2,3900,12824.450176498405,1036.7703789997904,287795.0417995453,933.5957943925233
1789884316,6,,Aggregated,0.100000,0.000000,3900,5700,7500,8700,15000,28000,168000,198000,288000,288000,288000,428,2,3900,12824.450176498405,1036.7703789997904,287795.0417995453,933.5957943925233
1789884317,6,,Aggregated,0.000000,0.000000,3900,5800,7500,8900,15000,28000,168000,198000,288000,288000,288000,429,2,3900,12829.261423849224,1036.7703789997904,287795.0417995453,932.020979020979
1789884318,6,,Aggregated,0.000000,0.000000,3900,5800,7500,8900,15000,28000,168000,198000,288000,288000,288000,429,2,3900,12829.261423849224,1036.7703789997904,287795.0417995453,932.020979020979
1789884319,6,,Aggregated,0.000000,0.000000,3900,5800,7500,8900,15000,28000,168000,198000,288000,288000,288000,429,2,3900,12829.261423849224,1036.7703789997904,287795.0417995453,932.020979020979
1789884320,6,,Aggregated,0.000000,0.000000,3900,5800,7500,8900,15000,28000,168000,198000,288000,288000,288000,429,2,3900,12829.261423849224,1036.7703789997904,287795.0417995453,932.020979020979
1789884321,6,,Aggregated,0.000000,0.000000,3900,5800,7500,8900,15000,28000,168000,198000,288000,288000,288000,429,2,3900,12829.261423849224,1036.7703789997904,287795.0417995453,932.020979020979
1789884322,6,,Aggregated,0.200000,0.000000,3900,5700,7500,8900,15000,28000,168000,198000,288000,288000,288000,430,2,3900,12805.409722579807,1036.7703789997904,287795.0417995453,930.453488372093
1789884323,6,,Aggregated,0.200000,0.000000,3900,5700,7500,8900,15000,28000,168000,198000,288000,288000,288000,430,2,3900,12805.409722579807,1036.7703789997904,287795.0417995453,930.453488372093
1789884324,6,,Aggregated,0.200000,0.000000,3900,5700,7500,8900,15000,28000,168000,198000,288000,288000,288000,430,2,3900,12805.409722579807,1036.7703789997904,287795.0417995453,930.453488372093
1789884325,6,,Aggregated,0.200000,0.000000,3900,5700,7500,8900,15000,28000,168000,198000,288000,288000,288000,430,2,3900,12805.409722579807,1036.7703789997904,287795.0417995453,930.453488372093
1789884326,6,,Aggregated,0.200000,0.000000,3900,5700,7500,8900,15000,28000,168000,198000,288000,288000,288000,430,2,3900,12805.409722579807,1036.7703789997904,287795.0417995453,930.453488372093
1789884327,6,,Aggregated,0.200000,0.000000,3900,5700,7500,8900,15000,28000,168000,198000,288000,288000,288000,430,2,3900,12805.409722579807,1036.7703789997904,287795.0417995453,930.453488372093
1789884328,6,,Aggregated,0.200000,0.000000,3900,5700,7500,8900,15000,28000,168000,198000,288000,288000,288000,430,2,3900,12805.409722579807,1036.7703789997904,287795.0417995453,930.453488372093
1789884329,6,,Aggregated,0.200000,0.000000,3900,5700,7500,8900,15000,28000,168000,198000,288000,288000,288000,430,2,3900,12805.409722579807,1036.7703789997904,287795.0417995453,930.453488372093
1789884330,6,,Aggregated,0.200000,0.000000,3900,5700,7500,8900,15000,28000,168000,198000,288000,288000,288000,430,2,3900,12805.409722579807,1036.7703789997904,287795.0417995453,930.453488372093
1789884331,6,,Aggregated,0.200000,0.000000,3900,5700,7500,8900,15000,28000,168000,198000,288000,288000,288000,430,2,3900,12805.409722579807,1036.7703789997904,287795.0417995453,930.453488372093
1789884332,6,,Aggregated,0.200000,0.000000,3900,5700,7500,8900,15000,28000,168000,198000,288000,288000,288000,430,2,3900,12805.409722579807,1036.7703789997904,287795.0417995453,930.453488372093
1789884333,6,,Aggregated,0.200000,0.000000,3900,5700,7500,8900,15000,28000,168000,198000,288000,288000,288000,430,2,3900,12805.409722579807,1036.7703789997904,287795.0417995453,930.453488372093
1789884334,6,,Aggregated,0.200000,0.000000,3900,5700,7500,8900,15000,28000,168000,198000,288000,288000,288000,430,2,3900,12805.409722579807,1036.7703789997904,287795.0417995453,930.453488372093
1789884335,6,,Aggregated,0.200000,0.000000,3900,5700,7500,8900,15000,28000,168000,198000,288000,288000,288000,430,2,3900,12805.409722579807,1036.7703789997904,287795.0417995453,930.453488372093
1789884336,6,,Aggregated,0.200000,0.000000,3900,5700,7500,8900,15000,28000,168000,198000,288000,288000,288000,430,2,3900,12805.409722579807,1036.7703789997904,287795.0417995453,930.453488372093
1789884337,6,,Aggregated,0.000000,0.000000,3900,5800,7500,8900,15000,28000,168000,198000,288000,288000,288000,431,2,3900,12810.175813239714,1036.7703789997904,287795.0417995453,928.893271461717
1789884338,6,,Aggregated,0.000000,0.000000,3900,5800,7500,8900,15000,28000,168000,198000,288000,288000,288000,431,2,3900,12810.175813239714,1036.7703789997904,287795.0417995453,928.893271461717
1789884339,6,,Aggregated,0.000000,0.000000,3900,5800,7500,8900,15000,28000,168000,198000,288000,288000,288000,431,2,3900,12810.175813239714,1036.7703789997904,287795.0417995453,928.893271461717
1789884340,6,,Aggregated,0.100000,0.000000,3900,5800,7600,8900,15000,36000,168000,198000,288000,288000,288000,432,2,3900,12863.17486263962,1036.7703789997904,287795.0417995453,927.3402777777778
1789884341,6,,Aggregated,0.100000,0.000000,3900,5800,7600,8900,15000,36000,168000,198000,288000,288000,288000,432,2,3900,12863.17486263962,1036.7703789997904,287795.0417995453,927.3402777777778
1789884342,6,,Aggregated,0.100000,0.000000,3900,5800,7600,8900,15000,36000,168000,198000,288000,288000,288000,432,2,3900,12863.17486263962,1036.7703789997904,287795.0417995453,927.3402777777778
1789884343,6,,Aggregated,0.100000,0.000000,3900,5800,7600,8900,15000,36000,168000,198000,288000,288000,288000,432,2,3900,12863.17486263962,1036.7703789997904,287795.0417995453,927.3402777777778
1789884344,6,,Aggregated,0.100000,0.000000,3900,5800,7600,8900,15000,36000,168000,198000,288000,288000,288000,432,2,3900,12863.17486263962,1036.7703789997904,287795.0417995453,927.3402777777778
1789884345,6,,Aggregated,0.100000,0.000000,3900,5800,7600,8900,15000,36000,168000,198000,288000,288000,288000,432,2,3900,12863.17486263962,1036.7703789997904,287795.0417995453,927.3402777777778
1789884346,6,,Aggregated,0.100000,0.000000,3900,5800,7600,8900,15000,36000,168000,198000,288000,288000,288000,432,2,3900,12863.17486263962,1036.7703789997904,287795.0417995453,927.3402777777778
1789884347,6,,Aggregated,0.200000,0.000000,3900,5800,7500,8900,15000,36000,168000,198000,288000,288000,288000,433,2,3900,12845.38838374438,1036.7703789997904,287795.0417995453,925.7944572748268
1789884348,6,,Aggregated,0.200000,0.000000,3900,5800,7500,8900,15000,36000,168000,198000,288000,288000,288000,433,2,3900,12845.38838374438,1036.7703789997904,287795.0417995453,925.7944572748268
1789884349,6,,Aggregated,0.200000,0.000000,3900,5800,7500,8900,15000,36000,168000,198000,288000,288000,288000,433,2,3900,12845.38838374438,1036.7703789997904,287795.0417995453,925.7944572748268
1789884350,6,,Aggregated,0.200000,0.000000,3900,5800,7500,8900,15000,36000,168000,198000,288000,288000,288000,433,2,3900,12845.38838374438,1036.7703789997904,287795.0417995453,925.7944572748268
1789884351,6,,Aggregated,0.200000,0.000000,3900,5800,7500,8900,15000,36000,168000,198000,288000,288000,288000,433,2,3900,12845.38838374438,1036.7703789997904,287795.0417995453,925.7944572748268
1789884352,6,,Aggregated,0.200000,0.000000,3900,5800,7600,8900,15000,38000,168000,198000,288000,288000,288000,435,2,3900,13080.175469714424,1036.7703789997904,287795.0417995453,955.9563218390805
1789884353,6,,Aggregated,0.200000,0.000000,3900,5800,7600,8900,15000,38000,168000,198000,288000,288000,288000,435,2,3900,13080.175469714424,1036.7703789997904,287795.0417995453,955.9563218390805
1789884354,6,,Aggregated,0.200000,0.000000,3900,5800,7600,8900,15000,38000,168000,198000,288000,288000,288000,435,2,3900,13080.175469714424,1036.7703789997904,287795.0417995453,955.9563218390805
1789884355,6,,Aggregated,0.200000,0.000000,3900,5800,7600,8900,15000,38000,168000,198000,288000,288000,288000,435,2,3900,13080.175469714424,1036.7703789997904,287795.0417995453,955.9563218390805
1789884356,6,,Aggregated,0.200000,0.000000,3900,5800,7600,8900,15000,38000,168000,198000,288000,288000,288000,435,2,3900,13080.175469714424,1036.7703789997904,287795.0417995453,955.9563218390805
1789884357,6,,Aggregated,0.200000,0.000000,3900,5800,7600,8900,15000,38000,168000,198000,288000,288000,288000,435,2,3900,13080.175469714424,1036.7703789997904,287795.0417995453,955.9563218390805
1789884358,6,,Aggregated,0.200000,0.000000,3900,5800,7600,8900,15000,38000,168000,198000,288000,288000,288000,435,2,3900,13080.175469714424,1036.7703789997904,287795.0417995453,955.9563218390805
1789884359,6,,Aggregated,0.200000,0.000000,3900,5800,7600,8900,15000,38000,168000,198000,288000,288000,288000,435,2,3900,13080.175469714424,1036.7703789997904,287795.0417995453,955.9563218390805
1789884360,6,,Aggregated,0.200000,0.000000,3900,5800,7600,8900,15000,38000,168000,198000,288000,288000,288000,435,2,3900,13080.175469714424,1036.7703789997904,287795.0417995453,955.9563218390805
1789884361,6,,Aggregated,0.200000,0.000000,3900,5800,7600,8900,15000,38000,168000,198000,288000,288000,288000,435,2,3900,13080.175469714424,1036.7703789997904,287795.0417995453,955.9563218390805
1789884362,6,,Aggregated,0.200000,0.000000,3900,5800,7600,8900,15000,38000,168000,198000,288000,288000,288000,435,2,3900,13080.175469714424,1036.7703789997904,287795.0417995453,955.9563218390805
1789884363,6,,Aggregated,0.200000,0.000000,3900,5800,7600,8900,15000,38000,168000,198000,288000,288000,288000,435,2,3900,13080.175469714424,1036.7703789997904,287795.0417995453,955.9563218390805
1789884364,6,,Aggregated,0.200000,0.000000,3900,5800,7600,8900,15000,38000,168000,198000,288000,288000,288000,435,2,3900,13080.175469714424,1036.7703789997904,287795.0417995453,955.9563218390805
1789884365,6,,Aggregated,0.000000,0.000000,4000,5900,7700,8900,15000,38000,168000,198000,288000,288000,288000,437,2,4000,13079.969079196282,1036.7703789997904,287795.0417995453,952.350114416476
1789884366,6,,Aggregated,0.000000,0.000000,4000,5900,7700,8900,15000,38000,168000,198000,288000,288000,288000,437,2,4000,13079.969079196282,1036.7703789997904,287795.0417995453,952.350114416476
1789884367,6,,Aggregated,0.000000,0.000000,4000,5900,7700,8900,15000,38000,168000,198000,288000,288000,288000,437,2,4000,13079.969079196282,1036.7703789997904,287795.0417995453,952.350114416476
1789884368,6,,Aggregated,0.000000,0.000000,4000,5900,7700,8900,15000,38000,168000,198000,288000,288000,288000,437,2,4000,13079.969079196282,1036.7703789997904,287795.0417995453,952.350114416476
1789884369,6,,Aggregated,0.000000,0.000000,4000,5900,7700,8900,15000,38000,168000,198000,288000,288000,288000,437,2,4000,13079.969079196282,1036.7703789997904,287795.0417995453,952.350114416476
1789884370,6,,Aggregated,0.200000,0.000000,4000,5900,7700,8900,15000,38000,168000,198000,288000,288000,288000,438,2,4000,13057.339151579396,1036.7703789997904,287795.0417995453,950.7648401826484
1789884371,6,,Aggregated,0.200000,0.000000,4000,5900,7700,8900,15000,38000,168000,198000,288000,288000,288000,438,2,4000,13057.339151579396,1036.7703789997904,287795.0417995453,950.7648401826484
1789884372,6,,Aggregated,0.200000,0.000000,4000,5900,7700,8900,15000,38000,168000,198000,288000,288000,288000,438,2,4000,13057.339151579396,1036.7703789997904,287795.0417995453,950.7648401826484
1789884373,6,,Aggregated,0.300000,0.000000,3900,5800,7700,8900,15000,38000,168000,198000,288000,288000,288000,439,2,3900,13034.356476493793,1036.7703789997904,287795.0417995453,949.1867881548975
1789884374,6,,Aggregated,0.300000,0.000000,3900,5800,7700,8900,15000,38000,168000,198000,288000,288000,288000,439,2,3900,13034.356476493793,1036.7703789997904,287795.0417995453,949.1867881548975
1789884375,6,,Aggregated,0.300000,0.000000,3900,5800,7700,8900,15000,38000,168000,198000,288000,288000,288000,439,2,3900,13034.356476493793,1036.7703789997904,287795.0417995453,949.1867881548975
1789884376,6,,Aggregated,0.300000,0.000000,3900,5800,7700,8900,15000,38000,168000,198000,288000,288000,288000,439,2,3900,13034.356476493793,1036.7703789997904,287795.0417995453,949.1867881548975
1789884377,6,,Aggregated,0.300000,0.000000,3900,5800,7700,8900,15000,38000,168000,198000,288000,288000,288000,439,2,3900,13034.356476493793,1036.7703789997904,287795.0417995453,949.1867881548975
1789884378,6,,Aggregated,0.200000,0.000000,4000,5800,7700,8900,15000,38000,168000,198000,288000,288000,288000,440,2,4000,13017.076313122217,1036.7703789997904,287795.0417995453,947.6159090909091
1789884379,6,,Aggregated,0.200000,0.000000,4000,5800,7700,8900,15000,38000,168000,198000,288000,288000,288000,440,2,4000,13017.076313122217,1036.7703789997904,287795.0417995453,947.6159090909091
1789884380,6,,Aggregated,0.200000,0.000000,4000,5800,7700,8900,15000,38000,168000,198000,288000,288000,288000,440,2,4000,13017.076313122217,1036.7703789997904,287795.0417995453,947.6159090909091
1789884381,6,,Aggregated,0.300000,0.000000,3900,5800,7600,8900,15000,36000,168000,198000,288000,288000,288000,441,2,3900,12995.19161819677,1036.7703789997904,287795.0417995453,946.0521541950113
1789884382,6,,Aggregated,0.300000,0.000000,3900,5800,7600,8900,15000,36000,168000,198000,288000,288000,288000,441,2,3900,12995.19161819677,1036.7703789997904,287795.0417995453,946.0521541950113
1789884383,6,,Aggregated,0.300000,0.000000,3900,5800,7600,8900,15000,36000,168000,198000,288000,288000,288000,441,2,3900,12995.19161819677,1036.7703789997904,287795.0417995453,946.0521541950113
1789884384,6,,Aggregated,0.300000,0.000000,3900,5800,7600,8900,15000,36000,168000,198000,288000,288000,288000,441,2,3900,12995.19161819677,1036.7703789997904,287795.0417995453,946.0521541950113
1789884385,6,,Aggregated,0.300000,0.000000,3900,5800,7600,8900,15000,36000,168000,198000,288000,288000,288000,441,2,3900,12995.19161819677,1036.7703789997904,287795.0417995453,946.0521541950113
1789884386,6,,Aggregated,0.300000,0.000000,3900,5800,7600,8900,15000,36000,168000,198000,288000,288000,288000,441,2,3900,12995.19161819677,1036.7703789997904,287795.0417995453,946.0521541950113
1789884387,6,,Aggregated,0.300000,0.000000,3900,5800,7600,8900,15000,36000,168000,198000,288000,288000,288000,441,2,3900,12995.19161819677,1036.7703789997904,287795.0417995453,946.0521541950113
1789884388,6,,Aggregated,0.200000,0.000000,3900,5800,7700,8900,15000,36000,168000,198000,288000,288000,288000,443,2,3900,12961.271648250058,1036.7703789997904,287795.0417995453,942.9458239277652
1789884389,6,,Aggregated,0.200000,0.000000,3900,5800,7700,8900,15000,36000,168000,198000,288000,288000,288000,443,2,3900,12961.271648250058,1036.7703789997904,287795.0417995453,942.9458239277652
1789884390,6,,Aggregated,0.200000,0.000000,3900,5800,7700,8900,15000,36000,168000,198000,288000,288000,288000,443,2,3900,12961.271648250058,1036.7703789997904,287795.0417995453,942.9458239277652
1789884391,6,,Aggregated,0.200000,0.000000,3900,5800,7700,8900,15000,36000,168000,198000,288000,288000,288000,443,2,3900,12961.271648250058,1036.7703789997904,287795.0417995453,942.9458239277652
1789884392,6,,Aggregated,0.300000,0.000000,4000,5900,7700,9000,15000,51000,177000,203000,309000,309000,309000,445,2,4000,13964.984328889997,1036.7703789997904,309259.16600227356,971.4179775280899
1789884393,6,,Aggregated,0.300000,0.000000,4000,5900,7700,9000,15000,51000,177000,203000,309000,309000,309000,445,2,4000,13964.984328889997,1036.7703789997904,309259.16600227356,971.4179775280899
1789884394,6,,Aggregated,0.300000,0.000000,4000,5900,7700,9000,15000,51000,177000,203000,309000,309000,309000,445,2,4000,13964.984328889997,1036.7703789997904,309259.16600227356,971.4179775280899
1789884395,6,,Aggregated,0.300000,0.000000,4000,5900,7700,9000,15000,51000,177000,203000,309000,309000,309000,445,2,4000,13964.984328889997,1036.7703789997904,309259.16600227356,971.4179775280899
1789884396,6,,Aggregated,0.300000,0.000000,4000,5900,7700,9000,15000,51000,177000,203000,309000,309000,309000,445,2,4000,13964.984328889997,1036.7703789997904,309259.16600227356,971.4179775280899
1789884397,6,,Aggregated,0.300000,0.000000,4000,5900,7700,9000,15000,51000,177000,203000,309000,309000,309000,445,2,4000,13964.984328889997,1036.7703789997904,309259.16600227356,971.4179775280899
1789884398,6,,Aggregated,0.300000,0.000000,4000,5900,7700,9000,15000,51000,177000,203000,309000,309000,309000,445,2,4000,13964.984328889997,1036.7703789997904,309259.16600227356,971.4179775280899
1789884399,6,,Aggregated,0.300000,0.000000,4000,5900,7700,9000,15000,51000,177000,203000,309000,309000,309000,445,2,4000,13964.984328889997,1036.7703789997904,309259.16600227356,971.4179775280899
1789884400,6,,Aggregated,0.400000,0.000000,4000,5900,7700,8900,15000,51000,177000,203000,309000,309000,309000,446,2,4000,13950.808006538224,1036.7703789997904,309259.16600227356,969.4147982062781
1789884401,6,,Aggregated,0.200000,0.000000,4000,6000,7800,8900,15000,51000,177000,203000,309000,309000,309000,448,2,4000,13923.82844977466,1036.7703789997904,309259.16600227356,966.2388392857143
1789884402,6,,Aggregated,0.200000,0.000000,4000,6000,7800,8900,15000,51000,177000,203000,309000,309000,309000,448,2,4000,13923.82844977466,1036.7703789997904,309259.16600227356,966.2388392857143
1789884403,6,,Aggregated,0.200000,0.000000,4000,6000,7800,8900,15000,51000,177000,203000,309000,309000,309000,448,2,4000,13923.82844977466,1036.7703789997904,309259.16600227356,966.2388392857143
1789884404,6,,Aggregated,0.200000,0.000000,4000,6000,7800,8900,15000,51000,177000,203000,309000,309000,309000,448,2,4000,13923.82844977466,1036.7703789997904,309259.16600227356,966.2388392857143
1789884405,6,,Aggregated,0.200000,0.000000,4000,6000,7800,8900,15000,51000,177000,203000,309000,309000,309000,448,2,4000,13923.82844977466,1036.7703789997904,309259.16600227356,966.2388392857143
1789884406,6,,Aggregated,0.200000,0.000000,4000,6000,7800,8900,15000,51000,177000,203000,309000,309000,309000,448,2,4000,13923.82844977466,1036.7703789997904,309259.16600227356,966.2388392857143
1789884407,6,,Aggregated,0.200000,0.000000,4000,6000,7800,8900,15000,51000,177000,203000,309000,309000,309000,448,2,4000,13923.82844977466,1036.7703789997904,309259.16600227356,966.2388392857143
1789884408,6,,Aggregated,0.200000,0.000000,4000,6000,7800,8900,15000,51000,177000,203000,309000,309000,309000,448,2,4000,13923.82844977466,1036.7703789997904,309259.16600227356,966.2388392857143
1789884409,6,,Aggregated,0.200000,0.000000,4000,6000,7800,8900,15000,51000,177000,203000,309000,309000,309000,448,2,4000,13923.82844977466,1036.7703789997904,309259.16600227356,966.2388392857143
1789884410,6,,Aggregated,0.300000,0.000000,4000,6100,7800,9000,15000,51000,177000,203000,309000,309000,309000,449,2,4000,13912.776902245092,1036.7703789997904,309259.16600227356,964.6614699331849
1789884411,6,,Aggregated,0.300000,0.000000,4000,6100,7800,9000,15000,51000,177000,203000,309000,309000,309000,449,2,4000,13912.776902245092,1036.7703789997904,309259.16600227356,964.6614699331849
1789884412,6,,Aggregated,0.300000,0.000000,4100,6000,7800,8900,15000,51000,168000,203000,309000,309000,309000,451,2,4100,13874.848697997886,1036.7703789997904,309259.16600227356,961.5277161862527
1789884413,6,,Aggregated,0.300000,0.000000,4100,6000,7800,8900,15000,51000,168000,203000,309000,309000,309000,451,2,4100,13874.848697997886,1036.7703789997904,309259.16600227356,961.5277161862527
1789884414,6,,Aggregated,0.300000,0.000000,4100,6000,7800,8900,15000,51000,168000,203000,309000,309000,309000,451,2,4100,13874.848697997886,1036.7703789997904,309259.16600227356,961.5277161862527
1789884415,6,,Aggregated,0.300000,0.000000,4100,6000,7800,8900,15000,51000,168000,203000,309000,309000,309000,451,2,4100,13874.848697997886,1036.7703789997904,309259.16600227356,961.5277161862527
1789884416,6,,Aggregated,0.300000,0.000000,4100,6000,7800,8900,15000,51000,168000,203000,309000,309000,309000,451,2,4100,13874.848697997886,1036.7703789997904,309259.16600227356,961.5277161862527
1789884417,6,,Aggregated,0.300000,0.000000,4100,6000,7800,8900,15000,51000,168000,203000,309000,309000,309000,451,2,4100,13874.848697997886,1036.7703789997904,309259.16600227356,961.5277161862527
1789884418,6,,Aggregated,0.300000,0.000000,4100,6000,7800,8900,15000,51000,168000,203000,309000,309000,309000,452,2,4100,13855.788434104088,1036.7703789997904,309259.16600227356,959.9712389380531
1789884419,6,,Aggregated,0.300000,0.000000,4100,6000,7800,8900,15000,51000,168000,203000,309000,309000,309000,452,2,4100,13855.788434104088,1036.7703789997904,309259.16600227356,959.9712389380531
1789884420,6,,Aggregated,0.300000,0.000000,4100,6000,7800,8900,15000,51000,168000,203000,309000,309000,309000,452,2,4100,13855.788434104088,1036.7703789997904,309259.16600227356,959.9712389380531
1789884421,6,,Aggregated,0.400000,0.000000,4100,5900,7700,8900,15000,51000,168000,203000,309000,309000,309000,454,2,4100,13815.054069530943,1036.7703789997904,309259.16600227356,956.8788546255506
1789884422,6,,Aggregated,0.400000,0.000000,4100,5900,7700,8900,15000,51000,168000,203000,309000,309000,309000,454,2,4100,13815.054069530943,1036.7703789997904,309259.16600227356,956.8788546255506
1789884423,6,,Aggregated,0.400000,0.000000,4100,5900,7700,8900,15000,51000,168000,203000,309000,309000,309000,455,2,4100,13791.558331815493,1036.7703789997904,309259.16600227356,955.3428571428572
1789884424,6,,Aggregated,0.400000,0.000000,4100,5900,7700,8900,15000,51000,168000,203000,309000,309000,309000,455,2,4100,13791.558331815493,1036.7703789997904,309259.16600227356,955.3428571428572
1789884425,6,,Aggregated,0.400000,0.000000,4100,5900,7700,8900,15000,51000,168000,203000,309000,309000,309000,455,2,4100,13791.558331815493,1036.7703789997904,309259.16600227356,955.3428571428572
1789884426,6,,Aggregated,0.400000,0.000000,4100,5900,7700,8900,15000,51000,168000,203000,309000,309000,309000,455,2,4100,13791.558331815493,1036.7703789997904,309259.16600227356,955.3428571428572
1789884427,6,,Aggregated,0.400000,0.000000,4100,5900,7700,8900,15000,51000,168000,203000,309000,309000,309000,455,2,4100,13791.558331815493,1036.7703789997904,309259.16600227356,955.3428571428572
1789884428,6,,Aggregated,0.400000,0.000000,4100,5900,7700,8900,15000,51000,168000,203000,309000,309000,309000,455,2,4100,13791.558331815493,1036.7703789997904,309259.16600227356,955.3428571428572
1789884429,6,,Aggregated,0.400000,0.000000,4100,5900,7700,8900,15000,51000,168000,203000,309000,309000,309000,455,2,4100,13791.558331815493,1036.7703789997904,309259.16600227356,955.3428571428572
1789884430,6,,Aggregated,0.400000,0.000000,4100,5900,7700,8900,15000,51000,168000,203000,309000,309000,309000,455,2,4100,13791.558331815493,1036.7703789997904,309259.16600227356,955.3428571428572
1789884431,6,,Aggregated,0.400000,0.000000,4100,5900,7700,8900,15000,51000,168000,203000,309000,309000,309000,455,2,4100,13791.558331815493,1036.7703789997904,309259.16600227356,955.3428571428572
1789884432,6,,Aggregated,0.400000,0.000000,4100,5900,7700,8900,15000,51000,168000,203000,309000,309000,309000,455,2,4100,13791.558331815493,1036.7703789997904,309259.16600227356,955.3428571428572
1789884433,6,,Aggregated,0.400000,0.000000,4100,5900,7700,8900,15000,51000,168000,203000,309000,309000,309000,455,2,4100,13791.558331815493,1036.7703789997904,309259.16600227356,955.3428571428572
1789884434,6,,Aggregated,0.400000,0.000000,4100,5900,7700,8900,15000,51000,168000,203000,309000,309000,309000,455,2,4100,13791.558331815493,1036.7703789997904,309259.16600227356,955.3428571428572
1789884435,6,,Aggregated,0.400000,0.000000,4100,5900,7700,8900,15000,51000,168000,203000,309000,309000,309000,455,2,4100,13791.558331815493,1036.7703789997904,309259.16600227356,955.3428571428572
1789884436,6,,Aggregated,0.400000,0.000000,4100,5900,7700,8900,15000,51000,168000,203000,309000,309000,309000,455,2,4100,13791.558331815493,1036.7703789997904,309259.16600227356,955.3428571428572
1789884437,6,,Aggregated,0.000000,0.000000,4100,5900,7800,8900,15000,51000,168000,203000,309000,309000,309000,456,2,4100,13785.807631717213,1036.7703789997904,309259.16600227356,953.813596491228
1789884438,6,,Aggregated,0.000000,0.000000,4100,6000,7800,9000,15000,51000,168000,203000,309000,309000,309000,457,2,4100,13781.541900102953,1036.7703789997904,309259.16600227356,952.2910284463895
1789884439,6,,Aggregated,0.000000,0.000000,4100,6000,7800,9000,15000,51000,168000,203000,309000,309000,309000,457,2,4100,13781.541900102953,1036.7703789997904,309259.16600227356,952.2910284463895
1789884440,6,,Aggregated,0.000000,0.000000,4100,6000,7800,9000,15000,51000,168000,203000,309000,309000,309000,457,2,4100,13781.541900102953,1036.7703789997904,309259.16600227356,952.2910284463895
1789884441,6,,Aggregated,0.000000,0.000000,4100,6000,7800,9000,15000,51000,168000,203000,309000,309000,309000,457,2,4100,13781.541900102953,1036.7703789997904,309259.16600227356,952.2910284463895
1789884442,6,,Aggregated,0.200000,0.000000,4100,6100,7900,9000,15000,51000,168000,203000,309000,309000,309000,458,2,4100,13781.850656997925,1036.7703789997904,309259.16600227356,950.7751091703057
1789884443,6,,Aggregated,0.200000,0.000000,4100,6100,7900,9000,15000,51000,168000,203000,309000,309000,309000,458,2,4100,13781.850656997925,1036.7703789997904,309259.16600227356,950.7751091703057
1789884444,6,,Aggregated,0.200000,0.000000,4100,6000,7900,9000,15000,51000,168000,203000,309000,309000,309000,459,2,4100,13754.747688485944,1036.7703789997904,309259.16600227356,949.2570806100218
1789884445,6,,Aggregated,0.200000,0.000000,4100,6000,7900,9000,15000,51000,168000,203000,309000,309000,309000,459,2,4100,13754.747688485944,1036.7703789997904,309259.16600227356,949.2570806100218
1789884446,6,,Aggregated,0.200000,0.000000,4100,6000,7900,9000,15000,51000,168000,203000,309000,309000,309000,459,2,4100,13754.747688485944,1036.7703789997904,309259.16600227356,949.2570806100218
1789884447,6,,Aggregated,0.400000,0.000000,4100,6100,7900,9000,15000,51000,168000,203000,309000,309000,309000,461,2,4100,13908.389971134508,1036.7703789997904,309259.16600227356,962.7071583514099
1789884448,6,,Aggregated,0.400000,0.000000,4100,6100,7900,9000,15000,51000,168000,203000,309000,309000,309000,461,2,4100,13908.389971134508,1036.7703789997904,309259.16600227356,962.7071583514099
1789884449,6,,Aggregated,0.400000,0.000000,4100,6100,7900,9000,15000,51000,168000,203000,309000,309000,309000,461,2,4100,13908.389971134508,1036.7703789997904,309259.16600227356,962.7071583514099
1789884450,6,,Aggregated,0.600000,0.000000,4100,6000,7900,9000,15000,51000,168000,203000,309000,309000,309000,463,2,4100,13862.835172304556,1036.7703789997904,309259.16600227356,959.2742980561555
1789884451,6,,Aggregated,0.600000,0.000000,4100,6000,7900,9000,15000,51000,168000,203000,309000,309000,309000,463,2,4100,13862.835172304556,1036.7703789997904,309259.16600227356,959.2742980561555
1789884452,6,,Aggregated,0.600000,0.000000,4100,6000,7900,9000,15000,51000,168000,203000,309000,309000,309000,463,2,4100,13862.835172304556,1036.7703789997904,309259.16600227356,959.2742980561555
1789884453,6,,Aggregated,0.600000,0.000000,4100,6000,7900,9000,15000,51000,168000,203000,309000,309000,309000,463,2,4100,13862.835172304556,1036.7703789997904,309259.16600227356,959.2742980561555
1789884454,6,,Aggregated,0.600000,0.000000,4100,6000,7900,9000,15000,51000,168000,203000,309000,309000,309000,463,2,4100,13862.835172304556,1036.7703789997904,309259.16600227356,959.2742980561555
1789884455,6,,Aggregated,0.600000,0.000000,4100,6000,7900,9000,15000,51000,168000,203000,309000,309000,309000,463,2,4100,13862.835172304556,1036.7703789997904,309259.16600227356,959.2742980561555
1789884456,6,,Aggregated,0.600000,0.000000,4100,6000,7900,9000,15000,51000,168000,203000,309000,309000,309000,463,2,4100,13862.835172304556,1036.7703789997904,309259.16600227356,959.2742980561555
1789884457,6,,Aggregated,0.400000,0.000000,4100,6000,7900,9000,15000,51000,168000,203000,309000,309000,309000,464,2,4100,13843.904163489242,1036.7703789997904,309259.16600227356,957.7456896551724
1789884458,6,,Aggregated,0.400000,0.000000,4100,6000,7900,9000,15000,51000,168000,203000,309000,309000,309000,464,2,4100,13843.904163489242,1036.7703789997904,309259.16600227356,957.7456896551724
1789884459,6,,Aggregated,0.400000,0.000000,4100,6000,7900,9000,15000,51000,168000,203000,309000,309000,309000,464,2,4100,13843.904163489242,1036.7703789997904,309259.16600227356,957.7456896551724
1789884460,6,,Aggregated,0.400000,0.000000,4100,6000,7900,9000,15000,51000,168000,203000,309000,309000,309000,464,2,4100,13843.904163489242,1036.7703789997904,309259.16600227356,957.7456896551724
1789884461,6,,Aggregated,0.300000,0.000000,4100,5900,7800,9000,15000,51000,168000,203000,309000,309000,309000,465,2,4100,13826.80004064733,1036.7703789997904,309259.16600227356,956.2408602150538
1789884462,6,,Aggregated,0.300000,0.000000,4100,5900,7800,9000,15000,51000,168000,203000,309000,309000,309000,466,2,4100,13802.723704796157,1036.7703789997904,309259.16600227356,954.7424892703863
1789884463,6,,Aggregated,0.300000,0.000000,4100,5900,7800,9000,15000,51000,168000,203000,309000,309000,309000,466,2,4100,13802.723704796157,1036.7703789997904,309259.16600227356,954.7424892703863
1789884464,6,,Aggregated,0.300000,0.000000,4100,5900,7800,9000,15000,51000,168000,203000,309000,309000,309000,466,2,4100,13802.723704796157,1036.7703789997904,309259.16600227356,954.7424892703863
1789884465,6,,Aggregated,0.300000,0.000000,4100,5900,7800,9000,15000,51000,168000,203000,309000,309000,309000,466,2,4100,13802.723704796157,1036.7703789997904,309259.16600227356,954.7424892703863
1789884466,6,,Aggregated,0.300000,0.000000,4100,5900,7800,9000,15000,51000,168000,203000,309000,309000,309000,466,2,4100,13802.723704796157,1036.7703789997904,309259.16600227356,954.7424892703863
1789884467,6,,Aggregated,0.300000,0.000000,4100,5900,7800,9000,15000,51000,168000,203000,309000,309000,309000,466,2,4100,13802.723704796157,1036.7703789997904,309259.16600227356,954.7424892703863
1789884468,6,,Aggregated,0.300000,0.000000,4100,5900,7800,9000,15000,51000,168000,203000,309000,309000,309000,466,2,4100,13802.723704796157,1036.7703789997904,309259.16600227356,954.7424892703863
1789884469,6,,Aggregated,0.300000,0.000000,4100,5900,7800,9000,15000,51000,168000,203000,309000,309000,309000,466,2,4100,13802.723704796157,1036.7703789997904,309259.16600227356,954.7424892703863
1789884470,6,,Aggregated,0.300000,0.000000,4100,5900,7800,9000,15000,51000,168000,203000,309000,309000,309000,466,2,4100,13802.723704796157,1036.7703789997904,309259.16600227356,954.7424892703863
1789884471,6,,Aggregated,0.300000,0.000000,4100,5900,7800,9000,15000,51000,168000,203000,309000,309000,309000,466,2,4100,13802.723704796157,1036.7703789997904,309259.16600227356,954.7424892703863
1789884472,6,,Aggregated,0.300000,0.000000,4100,5900,7800,9000,15000,51000,168000,203000,309000,309000,309000,466,2,4100,13802.723704796157,1036.7703789997904,309259.16600227356,954.7424892703863
1789884473,6,,Aggregated,0.300000,0.000000,4100,5900,7800,9000,15000,51000,168000,203000,309000,309000,309000,466,2,4100,13802.723704796157,1036.7703789997904,309259.16600227356,954.7424892703863
1789884474,6,,Aggregated,0.300000,0.000000,4100,5900,7800,9000,15000,51000,168000,203000,309000,309000,309000,466,2,4100,13802.723704796157,1036.7703789997904,309259.16600227356,954.7424892703863
1789884475,6,,Aggregated,0.300000,0.000000,4100,5900,7800,9000,15000,51000,168000,203000,309000,309000,309000,466,2,4100,13802.723704796157,1036.7703789997904,309259.16600227356,954.7424892703863
1789884476,6,,Aggregated,0.300000,0.000000,4100,5900,7800,9000,15000,51000,168000,203000,309000,309000,309000,466,2,4100,13802.723704796157,1036.7703789997904,309259.16600227356,954.7424892703863
1789884477,6,,Aggregated,0.300000,0.000000,4100,5900,7800,9000,15000,51000,168000,203000,309000,309000,309000,466,2,4100,13802.723704796157,1036.7703789997904,309259.16600227356,954.7424892703863
1789884478,6,,Aggregated,0.300000,0.000000,4100,5900,7800,9000,15000,51000,168000,203000,309000,309000,309000,466,2,4100,13802.723704796157,1036.7703789997904,309259.16600227356,954.7424892703863
1789884479,6,,Aggregated,0.300000,0.000000,4100,5900,7800,9000,15000,51000,168000,203000,309000,309000,309000,466,2,4100,13802.723704796157,1036.7703789997904,309259.16600227356,954.7424892703863
1789884480,6,,Aggregated,0.300000,0.000000,4100,5900,7800,9000,15000,51000,168000,203000,309000,309000,309000,466,2,4100,13802.723704796157,1036.7703789997904,309259.16600227356,954.7424892703863
1789884481,6,,Aggregated,0.300000,0.000000,4100,5900,7800,9000,15000,51000,168000,203000,309000,309000,309000,466,2,4100,13802.723704796157,1036.7703789997904,309259.16600227356,954.7424892703863
1789884482,6,,Aggregated,0.000000,0.000000,4100,6000,7900,9000,15000,51000,168000,203000,309000,309000,309000,467,2,4100,13807.789843961475,1036.7703789997904,309259.16600227356,953.2505353319058
1789884483,6,,Aggregated,0.000000,0.000000,4100,6000,7900,9000,15000,51000,168000,203000,309000,309000,309000,467,2,4100,13807.789843961475,1036.7703789997904,309259.16600227356,953.2505353319058
1789884484,6,,Aggregated,0.000000,0.000000,4100,6000,7900,9000,15000,51000,168000,203000,309000,309000,309000,467,2,4100,13807.789843961475,1036.7703789997904,309259.16600227356,953.2505353319058
1789884485,6,,Aggregated,0.000000,0.000000,4100,6000,7900,9000,15000,51000,168000,203000,309000,309000,309000,467,2,4100,13807.789843961475,1036.7703789997904,309259.16600227356,953.2505353319058
1789884486,6,,Aggregated,0.000000,0.000000,4100,6000,7900,9000,15000,51000,168000,203000,309000,309000,309000,467,2,4100,13807.789843961475,1036.7703789997904,309259.16600227356,953.2505353319058
1789884487,6,,Aggregated,0.000000,0.000000,4100,6000,7900,9000,15000,51000,168000,203000,309000,309000,309000,467,2,4100,13807.789843961475,1036.7703789997904,309259.16600227356,953.2505353319058
1789884488,6,,Aggregated,0.000000,0.000000,4100,6000,7900,9000,15000,51000,168000,203000,309000,309000,309000,467,2,4100,13807.789843961475,1036.7703789997904,309259.16600227356,953.2505353319058
1789884489,6,,Aggregated,0.000000,0.000000,4100,6000,7900,9000,15000,51000,168000,203000,309000,309000,309000,467,2,4100,13807.789843961475,1036.7703789997904,309259.16600227356,953.2505353319058
1789884490,6,,Aggregated,0.000000,0.000000,4100,6000,7900,9000,15000,51000,168000,203000,309000,309000,309000,467,2,4100,13807.789843961475,1036.7703789997904,309259.16600227356,953.2505353319058
1789884491,6,,Aggregated,0.000000,0.000000,4100,6000,7900,9000,15000,51000,168000,203000,309000,309000,309000,467,2,4100,13807.789843961475,1036.7703789997904,309259.16600227356,953.2505353319058
1789884492,6,,Aggregated,0.000000,0.000000,4100,6000,7900,9000,15000,51000,168000,203000,309000,309000,309000,467,2,4100,13807.789843961475,1036.7703789997904,309259.16600227356,953.2505353319058
1789884493,6,,Aggregated,0.000000,0.000000,4100,6000,7900,9000,15000,51000,168000,203000,309000,309000,309000,467,2,4100,13807.789843961475,1036.7703789997904,309259.16600227356,953.2505353319058
1789884494,6,,Aggregated,0.100000,0.000000,4100,6100,7900,9200,15000,51000,168000,203000,309000,309000,309000,469,2,4100,13827.72528070791,1036.7703789997904,309259.16600227356,950.2857142857143
1789884495,6,,Aggregated,0.100000,0.000000,4100,6100,7900,9200,15000,51000,168000,203000,309000,309000,309000,469,2,4100,13827.72528070791,1036.7703789997904,309259.16600227356,950.2857142857143
1789884496,6,,Aggregated,0.100000,0.000000,4100,6100,7900,9200,15000,51000,168000,203000,309000,309000,309000,469,2,4100,13827.72528070791,1036.7703789997904,309259.16600227356,950.2857142857143
1789884497,6,,Aggregated,0.100000,0.000000,4100,6100,7900,9200,15000,51000,168000,203000,309000,309000,309000,469,2,4100,13827.72528070791,1036.7703789997904,309259.16600227356,950.2857142857143
1789884498,6,,Aggregated,0.100000,0.000000,4100,6100,7900,9200,15000,51000,168000,203000,309000,309000,309000,469,2,4100,13827.72528070791,1036.7703789997904,309259.16600227356,950.2857142857143
1789884499,6,,Aggregated,0.100000,0.000000,4100,6100,7900,9200,15000,51000,168000,203000,309000,309000,309000,469,2,4100,13827.72528070791,1036.7703789997904,309259.16600227356,950.2857142857143
1789884500,6,,Aggregated,0.100000,0.000000,4100,6100,7900,9200,15000,51000,168000,203000,309000,309000,309000,469,2,4100,13827.72528070791,1036.7703789997904,309259.16600227356,950.2857142857143
1789884501,6,,Aggregated,0.100000,0.000000,4100,6100,7900,9200,15000,51000,168000,203000,309000,309000,309000,469,2,4100,13827.72528070791,1036.7703789997904,309259.16600227356,950.2857142857143
1789884502,6,,Aggregated,0.100000,0.000000,4100,6100,7900,9200,15000,51000,168000,203000,309000,309000,309000,469,2,4100,13827.72528070791,1036.7703789997904,309259.16600227356,950.2857142857143
1789884503,6,,Aggregated,0.100000,0.000000,4100,6100,7900,9200,15000,51000,168000,203000,309000,309000,309000,469,2,4100,13827.72528070791,1036.7703789997904,309259.16600227356,950.2857142857143
1789884504,6,,Aggregated,0.200000,0.000000,4100,6100,7900,9200,16000,95000,177000,213000,309000,309000,309000,472,2,4100,14355.921827550308,1036.7703789997904,309259.16600227356,991.8262711864406
1789884505,6,,Aggregated,0.200000,0.000000,4100,6100,7900,9200,16000,95000,177000,213000,309000,309000,309000,472,2,4100,14355.921827550308,1036.7703789997904,309259.16600227356,991.8262711864406
1789884506,6,,Aggregated,0.200000,0.000000,4100,6100,7900,9200,16000,95000,177000,213000,309000,309000,309000,472,2,4100,14355.921827550308,1036.7703789997904,309259.16600227356,991.8262711864406
1789884507,6,,Aggregated,0.200000,0.000000,4100,6100,7900,9200,16000,95000,177000,213000,309000,309000,309000,472,2,4100,14355.921827550308,1036.7703789997904,309259.16600227356,991.8262711864406
1789884508,6,,Aggregated,0.200000,0.000000,4100,6100,7900,9200,16000,95000,177000,213000,309000,309000,309000,472,2,4100,14355.921827550308,1036.7703789997904,309259.16600227356,991.8262711864406
1789884509,6,,Aggregated,0.200000,0.000000,4100,6100,7900,9200,16000,95000,177000,213000,309000,309000,309000,472,2,4100,14355.921827550308,1036.7703789997904,309259.16600227356,991.8262711864406
1789884510,6,,Aggregated,0.200000,0.000000,4100,6100,7900,9200,16000,95000,177000,213000,309000,309000,309000,472,2,4100,14355.921827550308,1036.7703789997904,309259.16600227356,991.8262711864406
1789884511,6,,Aggregated,0.200000,0.000000,4100,6100,7900,9200,16000,95000,177000,213000,309000,309000,309000,472,2,4100,14355.921827550308,1036.7703789997904,309259.16600227356,991.8262711864406
1789884512,6,,Aggregated,0.200000,0.000000,4100,6100,7900,9200,16000,95000,177000,213000,309000,309000,309000,472,2,4100,14355.921827550308,1036.7703789997904,309259.16600227356,991.8262711864406
1789884513,6,,Aggregated,0.300000,0.000000,4100,6100,7900,9200,16000,95000,177000,213000,309000,309000,309000,473,2,4100,14343.467731012148,1036.7703789997904,309259.16600227356,989.8942917547569
1789884514,6,,Aggregated,0.300000,0.000000,4100,6100,7900,9200,16000,95000,177000,213000,309000,309000,309000,474,2,4100,14324.183811510014,1036.7703789997904,309259.16600227356,988.3502109704641
1789884515,6,,Aggregated,0.300000,0.000000,4100,6100,7900,9200,16000,95000,177000,213000,309000,309000,309000,474,2,4100,14324.183811510014,1036.7703789997904,309259.16600227356,988.3502109704641
1789884516,6,,Aggregated,0.300000,0.000000,4100,6100,7900,9200,16000,95000,177000,213000,309000,309000,309000,474,2,4100,14324.183811510014,1036.7703789997904,309259.16600227356,988.3502109704641
1789884517,6,,Aggregated,0.300000,0.000000,4100,6100,7900,9200,16000,95000,177000,213000,309000,309000,309000,474,2,4100,14324.183811510014,1036.7703789997904,309259.16600227356,988.3502109704641
1789884518,6,,Aggregated,0.300000,0.000000,4100,6100,7900,9200,16000,95000,177000,213000,309000,309000,309000,474,2,4100,14324.183811510014,1036.7703789997904,309259.16600227356,988.3502109704641
1789884519,6,,Aggregated,0.300000,0.000000,4100,6100,7900,9200,16000,95000,177000,213000,309000,309000,309000,474,2,4100,14324.183811510014,1036.7703789997904,309259.16600227356,988.3502109704641
1789884520,6,,Aggregated,0.300000,0.000000,4100,6100,7900,9200,16000,95000,177000,213000,309000,309000,309000,474,2,4100,14324.183811510014,1036.7703789997904,309259.16600227356,988.3502109704641
1789884521,6,,Aggregated,0.300000,0.000000,4100,6100,7900,9200,16000,95000,177000,213000,309000,309000,309000,474,2,4100,14324.183811510014,1036.7703789997904,309259.16600227356,988.3502109704641
1789884522,6,,Aggregated,0.300000,0.000000,4100,6100,7900,9200,16000,95000,177000,213000,309000,309000,309000,474,2,4100,14324.183811510014,1036.7703789997904,309259.16600227356,988.3502109704641
1789884523,6,,Aggregated,0.300000,0.000000,4100,6100,7900,9200,16000,95000,177000,213000,309000,309000,309000,474,2,4100,14324.183811510014,1036.7703789997904,309259.16600227356,988.3502109704641
1789884524,6,,Aggregated,0.200000,0.000000,4100,6100,7900,9300,16000,95000,177000,213000,309000,309000,309000,475,2,4100,14314.84290829631,1036.7703789997904,309259.16600227356,986.8126315789474
1789884525,6,,Aggregated,0.200000,0.000000,4100,6100,7900,9300,16000,95000,177000,213000,309000,309000,309000,475,2,4100,14314.84290829631,1036.7703789997904,309259.16600227356,986.8126315789474
1789884526,6,,Aggregated,0.200000,0.000000,4100,6100,7900,9300,16000,95000,177000,213000,309000,309000,309000,475,2,4100,14314.84290829631,1036.7703789997904,309259.16600227356,986.8126315789474
1789884527,6,,Aggregated,0.200000,0.000000,4100,6100,7900,9300,16000,95000,177000,213000,309000,309000,309000,475,2,4100,14314.84290829631,1036.7703789997904,309259.16600227356,986.8126315789474
1789884528,6,,Aggregated,0.200000,0.000000,4100,6100,7900,9300,16000,95000,177000,213000,309000,309000,309000,475,2,4100,14314.84290829631,1036.7703789997904,309259.16600227356,986.8126315789474
1789884529,6,,Aggregated,0.200000,0.000000,4100,6100,7900,9300,16000,95000,177000,213000,309000,309000,309000,475,2,4100,14314.84290829631,1036.7703789997904,309259.16600227356,986.8126315789474
1789884530,6,,Aggregated,0.200000,0.000000,4100,6100,7900,9300,16000,95000,177000,213000,309000,309000,309000,475,2,4100,14314.84290829631,1036.7703789997904,309259.16600227356,986.8126315789474
1789884531,6,,Aggregated,0.200000,0.000000,4100,6100,7900,9300,16000,95000,177000,213000,309000,309000,309000,475,2,4100,14314.84290829631,1036.7703789997904,309259.16600227356,986.8126315789474
1789884532,6,,Aggregated,0.200000,0.000000,4100,6100,7900,9300,16000,95000,177000,213000,309000,309000,309000,475,2,4100,14314.84290829631,1036.7703789997904,309259.16600227356,986.8126315789474
