Timestamp,User Count,Type,Name,Requests/s,Failures/s,50%,66%,75%,80%,90%,95%,98%,99%,99.9%,99.99%,100%,Total Request Count,Total Failure Count,Total Median Response Time,Total Average Response Time,Total Min Response Time,Total Max Response Time,Total Average Content Size
1789881759,0,,Aggregated,0.000000,0.000000,N/A,N/A,N/A,N/A,N/A,N/A,N/A,N/A,N/A,N/A,N/A,0,0,0,0.0,0,0,0
1789881760,3,,Aggregated,0.000000,0.000000,N/A,N/A,N/A,N/A,N/A,N/A,N/A,N/A,N/A,N/A,N/A,0,0,0,0.0,0,0,0
1789881761,3,,Aggregated,0.000000,0.000000,N/A,N/A,N/A,N/A,N/A,N/A,N/A,N/A,N/A,N/A,N/A,0,0,0,0.0,0,0,0
1789881762,3,,Aggregated,0.000000,0.000000,N/A,N/A,N/A,N/A,N/A,N/A,N/A,N/A,N/A,N/A,N/A,0,0,0,0.0,0,0,0
1789881763,3,,Aggregated,0.000000,0.000000,N/A,N/A,N/A,N/A,N/A,N/A,N/A,N/A,N/A,N/A,N/A,0,0,0,0.0,0,0,0
1789881764,3,,Aggregated,0.000000,0.000000,N/A,N/A,N/A,N/A,N/A,N/A,N/A,N/A,N/A,N/A,N/A,0,0,0,0.0,0,0,0
1789881765,3,,Aggregated,0.000000,0.000000,5200,5200,5200,5200,5200,5200,5200,5200,5200,5200,5200,1,0,5182.251098000052,5182.251098000052,5182.251098000052,5182.251098000052,390.0
1789881766,3,,Aggregated,0.000000,0.000000,5200,5200,5200,5200,5200,5200,5200,5200,5200,5200,5200,1,0,5182.251098000052,5182.251098000052,5182.251098000052,5182.251098000052,390.0
1789881767,3,,Aggregated,0.000000,0.000000,5200,5200,5200,5200,5200,5200,5200,5200,5200,5200,5200,1,0,5182.251098000052,5182.251098000052,5182.251098000052,5182.251098000052,390.0
1789881768,3,,Aggregated,0.000000,0.000000,5200,5200,5200,5200,5200,5200,5200,5200,5200,5200,5200,1,0,5182.251098000052,5182.251098000052,5182.251098000052,5182.251098000052,390.0
1789881769,3,,Aggregated,0.142857,0.000000,9400,9400,9400,9400,9400,9400,9400,9400,9400,9400,9400,4,0,9390.33398599986,7038.737773749972,4200.760873000036,9390.33398599986,311.5
1789881770,3,,Aggregated,0.142857,0.000000,9400,9400,9400,9400,9400,9400,9400,9400,9400,9400,9400,4,0,9390.33398599986,7038.737773749972,4200.760873000036,9390.33398599986,311.5
1789881771,3,,Aggregated,0.142857,0.000000,9400,9400,9400,9400,9400,9400,9400,9400,9400,9400,9400,4,0,9390.33398599986,7038.737773749972,4200.760873000036,9390.33398599986,311.5
1789881772,3,,Aggregated,0.400000,0.000000,5200,9400,9400,9400,9400,9400,9400,9400,9400,9400,9400,5,0,5200,6337.087664399951,3530.487226999867,9390.33398599986,264.4
1789881773,3,,Aggregated,0.400000,0.000000,5200,9400,9400,9400,9400,9400,9400,9400,9400,9400,9400,5,0,5200,6337.087664399951,3530.487226999867,9390.33398599986,264.4
1789881774,3,,Aggregated,0.400000,0.000000,4800,5200,9400,9400,9400,9400,9400,9400,9400,9400,9400,7,0,4800,5723.695655571386,3530.487226999867,9390.33398599986,235.28571428571428
1789881775,3,,Aggregated,0.400000,0.000000,4800,5200,9400,9400,9400,9400,9400,9400,9400,9400,9400,7,0,4800,5723.695655571386,3530.487226999867,9390.33398599986,235.28571428571428
1789881776,3,,Aggregated,0.500000,0.000000,4800,5200,9400,9400,9400,9400,9400,9400,9400,9400,9400,8,0,4800,5148.189881124949,1119.6494599998914,9390.33398599986,233.5
1789881777,3,,Aggregated,0.600000,0.000000,4200,4800,5200,9400,9400,9400,9400,9400,9400,9400,9400,9,0,4200,4768.0244862222025,1119.6494599998914,9390.33398599986,232.11111111111111
1789881778,3,,Aggregated,0.600000,0.000000,4200,4800,5200,9400,9400,9400,9400,9400,9400,9400,9400,10,0,4200,4404.941429500013,1119.6494599998914,9390.33398599986,234.6
1789881779,3,,Aggregated,0.700000,0.000000,3600,4800,5200,5200,9400,9400,9400,9400,9400,9400,9400,11,0,3600,4172.759695272693,1119.6494599998914,9390.33398599986,235.9090909090909
1789881780,3,,Aggregated,0.700000,0.000000,3600,4800,5200,5200,9400,9400,9400,9400,9400,9400,9400,11,0,3600,4172.759695272693,1119.6494599998914,9390.33398599986,235.9090909090909
1789881781,3,,Aggregated,0.600000,0.000000,3500,4200,4800,5200,9400,9400,9400,9400,9400,9400,9400,13,0,3500,3821.217867615325,1119.6494599998914,9390.33398599986,238.53846153846155
1789881782,3,,Aggregated,0.600000,0.000000,3500,4200,4800,5200,9400,9400,9400,9400,9400,9400,9400,13,0,3500,3821.217867615325,1119.6494599998914,9390.33398599986,238.53846153846155
1789881783,3,,Aggregated,0.600000,0.000000,3500,4200,4800,5200,9400,9400,9400,9400,9400,9400,9400,13,0,3500,3821.217867615325,1119.6494599998914,9390.33398599986,238.53846153846155
1789881784,3,,Aggregated,0.600000,0.000000,3500,4200,4800,5200,9400,9400,9400,9400,9400,9400,9400,13,0,3500,3821.217867615325,1119.6494599998914,9390.33398599986,238.53846153846155
1789881785,3,,Aggregated,0.900000,0.000000,3500,4200,4800,5200,9400,9400,9400,9400,9400,9400,9400,14,0,3500,3651.882817571342,1119.6494599998914,9390.33398599986,239.85714285714286
1789881786,3,,Aggregated,0.900000,0.000000,3500,4200,4800,5200,9400,9400,9400,9400,9400,9400,9400,14,0,3500,3651.882817571342,1119.6494599998914,9390.33398599986,239.85714285714286
1789881787,3,,Aggregated,0.700000,0.000000,3500,3600,4800,5200,9400,9400,9400,9400,9400,9400,9400,15,0,3500,3639.252396266602,1119.6494599998914,9390.33398599986,241.0
1789881788,3,,Aggregated,0.600000,0.000000,3500,3600,4800,4800,9400,9400,9400,9400,9400,9400,9400,16,0,3500,3505.1758381874265,1119.6494599998914,9390.33398599986,242.0
1789881789,3,,Aggregated,0.600000,0.000000,3500,3600,4800,4800,9400,9400,9400,9400,9400,9400,9400,16,0,3500,3505.1758381874265,1119.6494599998914,9390.33398599986,242.0
1789881790,3,,Aggregated,0.500000,0.000000,2000,3600,4200,4800,9400,9400,9400,9400,9400,9400,9400,17,0,2000,3395.211045588172,1119.6494599998914,9390.33398599986,242.88235294117646
1789881791,3,,Aggregated,0.600000,0.000000,2000,3500,4200,4800,9400,9400,9400,9400,9400,9400,9400,18,0,2000,3272.455214166611,1119.6494599998914,9390.33398599986,243.66666666666666
1789881792,3,,Aggregated,0.600000,0.000000,2000,3500,4200,4800,9400,9400,9400,9400,9400,9400,9400,18,0,2000,3272.455214166611,1119.6494599998914,9390.33398599986,243.66666666666666
1789881793,3,,Aggregated,0.600000,0.000000,2000,3500,4200,4800,9400,9400,9400,9400,9400,9400,9400,18,0,2000,3272.455214166611,1119.6494599998914,9390.33398599986,243.66666666666666
1789881794,3,,Aggregated,0.600000,0.000000,2000,3500,4200,4800,9400,9400,9400,9400,9400,9400,9400,18,0,2000,3272.455214166611,1119.6494599998914,9390.33398599986,243.66666666666666
1789881795,3,,Aggregated,0.500000,0.000000,2000,3500,4200,4800,9400,9400,9400,9400,9400,9400,9400,20,0,2000,3147.480083849996,1119.6494599998914,9390.33398599986,245.0
1789881796,3,,Aggregated,0.500000,0.000000,2000,3500,4200,4800,9400,9400,15000,15000,15000,15000,15000,21,0,2000,3718.896902619062,1119.6494599998914,15147.233278000385,245.57142857142858
1789881797,3,,Aggregated,0.500000,0.000000,2000,3500,4200,4800,9400,9400,15000,15000,15000,15000,15000,21,0,2000,3718.896902619062,1119.6494599998914,15147.233278000385,245.57142857142858
1789881798,3,,Aggregated,0.500000,0.000000,2000,3500,4200,4800,9400,9400,15000,15000,15000,15000,15000,21,0,2000,3718.896902619062,1119.6494599998914,15147.233278000385,245.57142857142858
1789881799,3,,Aggregated,0.600000,0.000000,2200,3500,4200,4800,9400,9400,15000,15000,15000,15000,15000,22,0,2200,3677.451024000013,1119.6494599998914,15147.233278000385,246.0909090909091
1789881800,3,,Aggregated,0.600000,0.000000,2000,3500,4200,4800,9400,9400,15000,15000,15000,15000,15000,23,0,2000,3598.4768432173714,1119.6494599998914,15147.233278000385,246.56521739130434
1789881801,3,,Aggregated,0.600000,0.000000,2000,3500,4200,4800,9400,9400,15000,15000,15000,15000,15000,23,0,2000,3598.4768432173714,1119.6494599998914,15147.233278000385,246.56521739130434
1789881802,3,,Aggregated,0.500000,0.000000,2000,3500,4200,4800,9400,9400,15000,15000,15000,15000,15000,24,0,2000,3501.2523986249944,1119.6494599998914,15147.233278000385,247.0
1789881803,3,,Aggregated,0.500000,0.000000,2000,3500,4200,4800,9400,9400,15000,15000,15000,15000,15000,24,0,2000,3501.2523986249944,1119.6494599998914,15147.233278000385,247.0
1789881804,3,,Aggregated,0.500000,0.000000,2000,3500,4200,4800,9400,9400,15000,15000,15000,15000,15000,24,0,2000,3501.2523986249944,1119.6494599998914,15147.233278000385,247.0
1789881805,3,,Aggregated,0.500000,0.000000,2000,3500,4200,4800,9400,9400,15000,15000,15000,15000,15000,24,0,2000,3501.2523986249944,1119.6494599998914,15147.233278000385,247.0
1789881806,3,,Aggregated,0.500000,0.000000,2000,3500,4200,4800,9400,9400,15000,15000,15000,15000,15000,24,0,2000,3501.2523986249944,1119.6494599998914,15147.233278000385,247.0
1789881807,3,,Aggregated,0.500000,0.000000,2000,3500,3600,4200,9400,9400,15000,15000,15000,15000,15000,26,0,2000,3403.211389153827,1119.6494599998914,15147.233278000385,247.76923076923077
1789881808,3,,Aggregated,0.500000,0.000000,1900,3000,3600,4200,9400,9400,15000,15000,15000,15000,15000,27,0,1900,3315.6654312222063,1039.4705250000698,15147.233278000385,248.11111111111111
1789881809,3,,Aggregated,0.500000,0.000000,1900,3000,3600,4200,9400,9400,15000,15000,15000,15000,15000,27,0,1900,3315.6654312222063,1039.4705250000698,15147.233278000385,248.11111111111111
1789881810,3,,Aggregated,0.500000,0.000000,1900,3000,3600,4200,9400,9400,15000,15000,15000,15000,15000,27,0,1900,3315.6654312222063,1039.4705250000698,15147.233278000385,248.11111111111111
1789881811,3,,Aggregated,0.500000,0.000000,1900,3000,3600,4200,9400,9400,15000,15000,15000,15000,15000,27,0,1900,3315.6654312222063,1039.4705250000698,15147.233278000385,248.11111111111111
1789881812,3,,Aggregated,0.500000,0.000000,1900,3000,3600,4200,9400,9400,15000,15000,15000,15000,15000,27,0,1900,3315.6654312222063,1039.4705250000698,15147.233278000385,248.11111111111111
1789881813,3,,Aggregated,0.400000,0.000000,1900,3000,3600,4200,9400,9400,15000,15000,15000,15000,15000,28,0,1900,3256.567991071409,1039.4705250000698,15147.233278000385,248.42857142857142
1789881814,3,,Aggregated,0.400000,0.000000,1900,3000,3600,4200,9400,9400,15000,15000,15000,15000,15000,28,0,1900,3256.567991071409,1039.4705250000698,15147.233278000385,248.42857142857142
1789881815,3,,Aggregated,0.400000,0.000000,1900,3000,3600,4200,9400,9400,15000,15000,15000,15000,15000,28,0,1900,3256.567991071409,1039.4705250000698,15147.233278000385,248.42857142857142
1789881816,3,,Aggregated,0.400000,0.000000,1900,3000,3600,4200,9400,9400,15000,15000,15000,15000,15000,28,0,1900,3256.567991071409,1039.4705250000698,15147.233278000385,248.42857142857142
1789881817,3,,Aggregated,0.400000,0.000000,1900,3500,3600,4800,9400,9400,15000,15000,15000,15000,15000,29,0,1900,3314.607480551723,1039.4705250000698,15147.233278000385,248.72413793103448
1789881818,3,,Aggregated,0.400000,0.000000,1900,3500,3600,4800,9400,9400,15000,15000,15000,15000,15000,29,0,1900,3314.607480551723,1039.4705250000698,15147.233278000385,248.72413793103448
1789881819,3,,Aggregated,0.300000,0.000000,2000,3500,4200,4900,9400,9400,15000,15000,15000,15000,15000,30,0,2000,3421.0951110000074,1039.4705250000698,15147.233278000385,249.0
1789881820,3,,Aggregated,0.200000,0.000000,2000,3500,4800,4900,9400,15000,52000,52000,52000,52000,52000,32,1,2000,4876.164144798736,1039.4705250000698,51525.813579559326,243.53125
1789881821,3,,Aggregated,0.200000,0.000000,2000,3500,4800,4900,9400,15000,52000,52000,52000,52000,52000,32,1,2000,4876.164144798736,1039.4705250000698,51525.813579559326,243.53125
1789881822,3,,Aggregated,0.200000,0.000000,2000,3500,4800,4900,9400,15000,52000,52000,52000,52000,52000,32,1,2000,4876.164144798736,1039.4705250000698,51525.813579559326,243.53125
1789881823,3,,Aggregated,0.200000,0.000000,2000,3500,4800,4900,9400,15000,52000,52000,52000,52000,52000,32,1,2000,4876.164144798736,1039.4705250000698,51525.813579559326,243.53125
1789881824,3,,Aggregated,0.500000,0.100000,2000,3500,4200,4900,9400,15000,52000,52000,52000,52000,52000,33,1,2000,4830.428453592724,1039.4705250000698,51525.813579559326,238.45454545454547
1789881825,3,,Aggregated,0.500000,0.100000,2200,3500,4200,4900,9400,15000,52000,52000,52000,52000,52000,34,1,2200,4757.225594869423,1039.4705250000698,51525.813579559326,239.0
1789881826,3,,Aggregated,0.500000,0.100000,2000,3500,4200,4900,9400,15000,52000,52000,52000,52000,52000,35,1,2000,4664.794354873161,1039.4705250000698,51525.813579559326,239.5142857142857
1789881827,3,,Aggregated,0.600000,0.100000,2000,3400,4200,4800,9400,15000,52000,52000,52000,52000,52000,36,1,2000,4573.596503626706,1039.4705250000698,51525.813579559326,239.77777777777777
1789881828,3,,Aggregated,0.600000,0.100000,2000,3400,4200,4800,9400,15000,52000,52000,52000,52000,52000,36,1,2000,4573.596503626706,1039.4705250000698,51525.813579559326,239.77777777777777
1789881829,3,,Aggregated,0.600000,0.100000,2000,3400,4200,4800,9400,15000,52000,52000,52000,52000,52000,36,1,2000,4573.596503626706,1039.4705250000698,51525.813579559326,239.77777777777777
1789881830,3,,Aggregated,0.600000,0.100000,2000,3400,4200,4800,9400,15000,52000,52000,52000,52000,52000,36,1,2000,4573.596503626706,1039.4705250000698,51525.813579559326,239.77777777777777
1789881831,3,,Aggregated,0.700000,0.100000,1900,3400,3600,4800,9400,15000,52000,52000,52000,52000,52000,37,1,1900,4494.72353609626,1039.4705250000698,51525.813579559326,240.24324324324326
1789881832,3,,Aggregated,0.600000,0.100000,1900,3000,3600,4800,9400,15000,52000,52000,52000,52000,52000,39,1,1900,4357.143323373375,1039.4705250000698,51525.813579559326,241.10256410256412
1789881833,3,,Aggregated,0.600000,0.100000,1900,3000,3600,4800,9400,15000,52000,52000,52000,52000,52000,39,1,1900,4357.143323373375,1039.4705250000698,51525.813579559326,241.10256410256412
1789881834,3,,Aggregated,0.600000,0.000000,1900,3000,3600,4800,9400,15000,52000,52000,52000,52000,52000,40,1,1900,4285.564632264027,1039.4705250000698,51525.813579559326,241.5
1789881835,3,,Aggregated,0.600000,0.000000,1900,3000,3600,4800,9400,15000,52000,52000,52000,52000,52000,40,1,1900,4285.564632264027,1039.4705250000698,51525.813579559326,241.5
1789881836,3,,Aggregated,0.600000,0.000000,1900,3000,3600,4800,9400,15000,52000,52000,52000,52000,52000,40,1,1900,4285.564632264027,1039.4705250000698,51525.813579559326,241.5
1789881837,3,,Aggregated,0.600000,0.000000,1900,3000,3600,4800,9400,15000,52000,52000,52000,52000,52000,40,1,1900,4285.564632264027,1039.4705250000698,51525.813579559326,241.5
1789881838,3,,Aggregated,0.500000,0.000000,1900,2800,3500,4200,6500,9400,52000,52000,52000,52000,52000,42,1,1900,4172.160897965742,1039.4705250000698,51525.813579559326,242.23809523809524
1789881839,3,,Aggregated,0.500000,0.000000,1900,2800,3500,4200,6500,9400,52000,52000,52000,52000,52000,42,1,1900,4172.160897965742,1039.4705250000698,51525.813579559326,242.23809523809524
1789881840,3,,Aggregated,0.400000,0.000000,1900,2800,3500,4200,6500,9400,52000,52000,52000,52000,52000,43,1,1900,4140.491766478167,1039.4705250000698,51525.813579559326,242.58139534883722
1789881841,3,,Aggregated,0.400000,0.000000,1900,2800,3500,4200,6500,9400,52000,52000,52000,52000,52000,43,1,1900,4140.491766478167,1039.4705250000698,51525.813579559326,242.58139534883722
1789881842,3,,Aggregated,0.400000,0.000000,1900,2800,3500,4200,6500,9400,52000,52000,52000,52000,52000,43,1,1900,4140.491766478167,1039.4705250000698,51525.813579559326,242.58139534883722
1789881843,3,,Aggregated,0.600000,0.000000,1900,3000,3500,4200,6500,9400,52000,52000,52000,52000,52000,44,1,1900,4114.28924649001,1039.4705250000698,51525.813579559326,242.9090909090909
1789881844,3,,Aggregated,0.600000,0.000000,1900,3000,3500,4200,6500,9400,52000,52000,52000,52000,52000,44,1,1900,4114.28924649001,1039.4705250000698,51525.813579559326,242.9090909090909
1789881845,3,,Aggregated,0.400000,0.000000,1900,2800,3500,4200,6500,9400,52000,52000,52000,52000,52000,45,1,1900,4064.5716318791124,1039.4705250000698,51525.813579559326,243.22222222222223
1789881846,3,,Aggregated,0.400000,0.000000,1900,2800,3500,4200,6500,9400,52000,52000,52000,52000,52000,45,1,1900,4064.5716318791124,1039.4705250000698,51525.813579559326,243.22222222222223
1789881847,3,,Aggregated,0.400000,0.000000,1900,2800,3500,3600,6500,9400,52000,52000,52000,52000,52000,47,1,1900,3980.8401475225533,1039.4705250000698,51525.813579559326,243.80851063829786
1789881848,3,,Aggregated,0.400000,0.000000,1900,2800,3500,3600,6500,9400,52000,52000,52000,52000,52000,47,1,1900,3980.8401475225533,1039.4705250000698,51525.813579559326,243.80851063829786
1789881849,3,,Aggregated,0.400000,0.000000,1900,2800,3500,3600,6500,9400,52000,52000,52000,52000,52000,47,1,1900,3980.8401475225533,1039.4705250000698,51525.813579559326,243.80851063829786
1789881850,3,,Aggregated,0.400000,0.000000,1900,2800,3500,3600,6500,9400,52000,52000,52000,52000,52000,47,1,1900,3980.8401475225533,1039.4705250000698,51525.813579559326,243.80851063829786
1789881851,3,,Aggregated,0.400000,0.000000,1900,2800,3500,3600,6500,9400,52000,52000,52000,52000,52000,47,1,1900,3980.8401475225533,1039.4705250000698,51525.813579559326,243.80851063829786
1789881852,3,,Aggregated,0.500000,0.000000,2000,2800,3400,3600,6500,9400,52000,52000,52000,52000,52000,49,1,2000,3921.1837120522487,1039.4705250000698,51525.813579559326,244.3469387755102
1789881853,3,,Aggregated,0.500000,0.000000,2000,2800,3400,3600,6500,9400,52000,52000,52000,52000,52000,49,1,2000,3921.1837120522487,1039.4705250000698,51525.813579559326,244.3469387755102
1789881854,3,,Aggregated,0.400000,0.000000,2000,2800,3400,3600,6500,9400,52000,52000,52000,52000,52000,50,1,2000,3876.0071575111942,1039.4705250000698,51525.813579559326,244.6
1789881855,3,,Aggregated,0.400000,0.000000,2000,2800,3400,3600,6500,9400,52000,52000,52000,52000,52000,50,1,2000,3876.0071575111942,1039.4705250000698,51525.813579559326,244.6
1789881856,3,,Aggregated,0.400000,0.000000,2000,2800,3400,3600,6500,9400,52000,52000,52000,52000,52000,50,1,2000,3876.0071575111942,1039.4705250000698,51525.813579559326,244.6
1789881857,3,,Aggregated,0.400000,0.000000,2000,2800,3400,3600,6500,9400,52000,52000,52000,52000,52000,50,1,2000,3876.0071575111942,1039.4705250000698,51525.813579559326,244.6
1789881858,3,,Aggregated,0.500000,0.000000,1900,2800,3400,3500,5200,9400,15000,52000,52000,52000,52000,51,1,1900,3824.4288430305814,1039.4705250000698,51525.813579559326,244.84313725490196
1789881859,3,,Aggregated,0.500000,0.000000,1900,2800,3400,3500,5200,9400,15000,52000,52000,52000,52000,51,1,1900,3824.4288430305814,1039.4705250000698,51525.813579559326,244.84313725490196
1789881860,3,,Aggregated,0.300000,0.000000,1900,2300,3000,3500,5200,9400,15000,52000,52000,52000,52000,53,1,1900,3749.8744312369695,1039.4705250000698,51525.813579559326,245.30188679245282
1789881861,3,,Aggregated,0.300000,0.000000,1900,2300,3000,3500,5200,9400,15000,52000,52000,52000,52000,53,1,1900,3749.8744312369695,1039.4705250000698,51525.813579559326,245.30188679245282
1789881862,3,,Aggregated,0.300000,0.000000,1900,2300,3000,3500,5200,9400,15000,52000,52000,52000,52000,53,1,1900,3749.8744312369695,1039.4705250000698,51525.813579559326,245.30188679245282
1789881863,3,,Aggregated,0.300000,0.000000,1900,2300,3000,3500,5200,9400,15000,52000,52000,52000,52000,53,1,1900,3749.8744312369695,1039.4705250000698,51525.813579559326,245.30188679245282
1789881864,3,,Aggregated,0.300000,0.000000,1900,2300,3000,3500,5200,9400,15000,52000,52000,52000,52000,53,1,1900,3749.8744312369695,1039.4705250000698,51525.813579559326,245.30188679245282
1789881865,3,,Aggregated,0.300000,0.000000,1900,2300,3000,3500,5200,9400,15000,52000,52000,52000,52000,53,1,1900,3749.8744312369695,1039.4705250000698,51525.813579559326,245.30188679245282
1789881866,3,,Aggregated,0.400000,0.000000,1900,2300,3000,3500,5200,9400,15000,52000,52000,52000,52000,54,1,1900,3700.336841565904,1039.4705250000698,51525.813579559326,245.5185185185185
1789881867,3,,Aggregated,0.400000,0.000000,1900,2300,3000,3500,5200,9400,15000,52000,52000,52000,52000,54,1,1900,3700.336841565904,1039.4705250000698,51525.813579559326,245.5185185185185
1789881868,3,,Aggregated,0.300000,0.000000,2000,2400,3400,3500,5200,9400,15000,52000,52000,52000,52000,56,1,2000,3686.3073830992657,1039.4705250000698,51525.813579559326,245.92857142857142
1789881869,3,,Aggregated,0.300000,0.000000,2000,2400,3400,3500,5200,9400,15000,52000,52000,52000,52000,56,1,2000,3686.3073830992657,1039.4705250000698,51525.813579559326,245.92857142857142
1789881870,3,,Aggregated,0.300000,0.000000,2000,2400,3400,3500,5200,9400,15000,52000,52000,52000,52000,56,1,2000,3686.3073830992657,1039.4705250000698,51525.813579559326,245.92857142857142
1789881871,3,,Aggregated,0.300000,0.000000,2000,2400,3400,3500,5200,9400,15000,52000,52000,52000,52000,56,1,2000,3686.3073830992657,1039.4705250000698,51525.813579559326,245.92857142857142
1789881872,3,,Aggregated,0.500000,0.000000,1900,2400,3000,3500,5200,9400,15000,52000,52000,52000,52000,57,1,1900,3641.0647893255946,1039.4705250000698,51525.813579559326,246.12280701754386
1789881873,3,,Aggregated,0.500000,0.000000,1900,2400,3000,3500,5200,9400,15000,52000,52000,52000,52000,57,1,1900,3641.0647893255946,1039.4705250000698,51525.813579559326,246.12280701754386
1789881874,3,,Aggregated,0.500000,0.000000,1900,2400,3000,3500,5200,9400,15000,52000,52000,52000,52000,57,1,1900,3641.0647893255946,1039.4705250000698,51525.813579559326,246.12280701754386
1789881875,3,,Aggregated,0.500000,0.000000,1900,2400,3000,3500,5200,9400,15000,52000,52000,52000,52000,57,1,1900,3641.0647893255946,1039.4705250000698,51525.813579559326,246.12280701754386
1789881876,3,,Aggregated,0.400000,0.000000,2000,2800,3500,3600,5200,9400,15000,52000,52000,52000,52000,59,1,2000,3639.0170798738804,1039.4705250000698,51525.813579559326,246.4915254237288
1789881877,3,,Aggregated,0.400000,0.000000,2000,2800,3500,3600,5200,9400,15000,52000,52000,52000,52000,59,1,2000,3639.0170798738804,1039.4705250000698,51525.813579559326,246.4915254237288
1789881878,3,,Aggregated,0.300000,0.000000,2000,2800,3500,3600,5200,9400,15000,52000,52000,52000,52000,60,1,2000,3603.446004475973,1039.4705250000698,51525.813579559326,246.66666666666666
1789881879,3,,Aggregated,0.300000,0.000000,2000,2800,3500,3600,5200,9400,15000,52000,52000,52000,52000,60,1,2000,3603.446004475973,1039.4705250000698,51525.813579559326,246.66666666666666
1789881880,3,,Aggregated,0.300000,0.000000,2000,2800,3500,3600,5200,9400,15000,52000,52000,52000,52000,60,1,2000,3603.446004475973,1039.4705250000698,51525.813579559326,246.66666666666666
1789881881,3,,Aggregated,0.300000,0.000000,2000,2800,3500,3600,5200,9400,15000,52000,52000,52000,52000,60,1,2000,3603.446004475973,1039.4705250000698,51525.813579559326,246.66666666666666
1789881882,3,,Aggregated,0.300000,0.000000,2000,2800,3500,3600,5200,9400,15000,52000,52000,52000,52000,60,1,2000,3603.446004475973,1039.4705250000698,51525.813579559326,246.66666666666666
1789881883,3,,Aggregated,0.400000,0.000000,1900,2400,3400,3600,4900,9400,15000,52000,52000,52000,52000,62,1,1900,3540.1559937186876,1039.4705250000698,51525.813579559326,247.0
1789881884,3,,Aggregated,0.300000,0.000000,1900,2400,3400,3600,4900,9400,15000,52000,52000,52000,52000,63,1,1900,3503.2380992152102,1039.4705250000698,51525.813579559326,247.15873015873015
1789881885,3,,Aggregated,0.300000,0.000000,1900,2400,3400,3600,4900,9400,15000,52000,52000,52000,52000,63,1,1900,3503.2380992152102,1039.4705250000698,51525.813579559326,247.15873015873015
1789881886,3,,Aggregated,0.300000,0.000000,1900,2400,3400,3600,4900,9400,15000,52000,52000,52000,52000,63,1,1900,3503.2380992152102,1039.4705250000698,51525.813579559326,247.15873015873015
1789881887,3,,Aggregated,0.300000,0.000000,1900,2400,3400,3600,4900,9400,15000,52000,52000,52000,52000,63,1,1900,3503.2380992152102,1039.4705250000698,51525.813579559326,247.15873015873015
1789881888,3,,Aggregated,0.300000,0.000000,1900,2400,3400,3600,4900,9400,15000,52000,52000,52000,52000,63,1,1900,3503.2380992152102,1039.4705250000698,51525.813579559326,247.15873015873015
1789881889,3,,Aggregated,0.300000,0.000000,1900,2400,3400,3600,4900,9400,15000,52000,52000,52000,52000,63,1,1900,3503.2380992152102,1039.4705250000698,51525.813579559326,247.15873015873015
1789881890,3,,Aggregated,0.400000,0.000000,1900,2400,3000,3600,4900,9400,15000,52000,52000,52000,52000,65,1,1900,3468.4172978393412,1039.4705250000698,51525.813579559326,247.46153846153845
1789881891,3,,Aggregated,0.400000,0.000000,1900,2400,3000,3600,4900,9400,15000,52000,52000,52000,52000,65,1,1900,3468.4172978393412,1039.4705250000698,51525.813579559326,247.46153846153845
1789881892,3,,Aggregated,0.400000,0.000000,1900,2400,3000,3600,4900,9400,15000,52000,52000,52000,52000,65,1,1900,3468.4172978393412,1039.4705250000698,51525.813579559326,247.46153846153845
1789881893,3,,Aggregated,0.400000,0.000000,1900,2400,3000,3600,4900,9400,15000,52000,52000,52000,52000,65,1,1900,3468.4172978393412,1039.4705250000698,51525.813579559326,247.46153846153845
1789881894,3,,Aggregated,0.500000,0.000000,2000,2800,3500,3600,5200,9400,52000,126000,126000,126000,126000,67,1,2000,5318.1704501391205,1039.4705250000698,125801.25045776367,430.85074626865674
1789881895,3,,Aggregated,0.500000,0.000000,2000,2800,3500,3600,5200,9400,52000,126000,126000,126000,126000,67,1,2000,5318.1704501391205,1039.4705250000698,125801.25045776367,430.85074626865674
1789881896,3,,Aggregated,0.500000,0.000000,2000,2800,3500,3600,5200,9400,52000,126000,126000,126000,126000,67,1,2000,5318.1704501391205,1039.4705250000698,125801.25045776367,430.85074626865674
1789881897,3,,Aggregated,0.400000,0.000000,2000,2800,3500,3600,5200,9400,52000,126000,126000,126000,126000,68,1,2000,5284.3949055782505,1039.4705250000698,125801.25045776367,425.63235294117646
1789881898,3,,Aggregated,0.400000,0.000000,2000,2800,3500,3600,5200,9400,52000,126000,126000,126000,126000,68,1,2000,5284.3949055782505,1039.4705250000698,125801.25045776367,425.63235294117646
1789881899,3,,Aggregated,0.400000,0.000000,2100,2900,3500,3900,5200,9400,52000,126000,126000,126000,126000,70,1,2100,5245.747423290297,1039.4705250000698,125801.25045776367,420.8142857142857
1789881900,3,,Aggregated,0.400000,0.000000,2100,2900,3500,3900,5200,9400,52000,126000,126000,126000,126000,70,1,2100,5245.747423290297,1039.4705250000698,125801.25045776367,420.8142857142857
1789881901,3,,Aggregated,0.500000,0.000000,2000,2800,3500,3600,5100,9400,52000,126000,126000,126000,126000,71,1,2000,5195.249578934098,1039.4705250000698,125801.25045776367,418.3943661971831
1789881902,3,,Aggregated,0.500000,0.000000,2000,2800,3500,3600,5100,9400,52000,126000,126000,126000,126000,71,1,2000,5195.249578934098,1039.4705250000698,125801.25045776367,418.3943661971831
1789881903,3,,Aggregated,0.500000,0.000000,2000,2800,3500,3600,5100,9400,52000,126000,126000,126000,126000,71,1,2000,5195.249578934098,1039.4705250000698,125801.25045776367,418.3943661971831
1789881904,3,,Aggregated,0.500000,0.000000,2000,2800,3500,3600,5100,9400,52000,126000,126000,126000,126000,71,1,2000,5195.249578934098,1039.4705250000698,125801.25045776367,418.3943661971831
1789881905,3,,Aggregated,0.500000,0.000000,2000,2800,3500,3600,5100,9400,52000,126000,126000,126000,126000,71,1,2000,5195.249578934098,1039.4705250000698,125801.25045776367,418.3943661971831
1789881906,3,,Aggregated,0.600000,0.000000,2100,2800,3500,3600,5100,9400,52000,126000,126000,126000,126000,74,1,2100,5093.525564666502,1039.4705250000698,125801.25045776367,411.85135135135135
1789881907,3,,Aggregated,0.600000,0.000000,2100,2800,3500,3600,5100,9400,52000,126000,126000,126000,126000,74,1,2100,5093.525564666502,1039.4705250000698,125801.25045776367,411.85135135135135
1789881908,3,,Aggregated,0.600000,0.000000,2100,2800,3500,3600,5100,9400,52000,126000,126000,126000,126000,74,1,2100,5093.525564666502,1039.4705250000698,125801.25045776367,411.85135135135135
1789881909,3,,Aggregated,0.600000,0.000000,2100,2800,3500,3600,5100,9400,52000,126000,126000,126000,126000,74,1,2100,5093.525564666502,1039.4705250000698,125801.25045776367,411.85135135135135
1789881910,3,,Aggregated,0.600000,0.000000,2100,2800,3500,3600,5100,9400,52000,126000,126000,126000,126000,74,1,2100,5093.525564666502,1039.4705250000698,125801.25045776367,411.85135135135135
1789881911,3,,Aggregated,0.600000,0.000000,2100,2800,3500,3600,5100,9400,52000,126000,126000,126000,126000,74,1,2100,5093.525564666502,1039.4705250000698,125801.25045776367,411.85135135135135
1789881912,3,,Aggregated,0.400000,0.000000,2100,2900,3500,3800,5100,9400,52000,126000,126000,126000,126000,75,1,2100,5076.699760604278,1039.4705250000698,125801.25045776367,409.7866666666667
1789881913,3,,Aggregated,0.400000,0.000000,2100,2800,3500,3600,5100,9400,52000,126000,126000,126000,126000,77,1,2100,4990.214399861306,1039.4705250000698,125801.25045776367,405.8181818181818
1789881914,3,,Aggregated,0.400000,0.000000,2100,2800,3500,3600,5100,9400,52000,126000,126000,126000,126000,77,1,2100,4990.214399861306,1039.4705250000698,125801.25045776367,405.8181818181818
1789881915,3,,Aggregated,0.400000,0.000000,2100,2800,3500,3600,5100,9400,52000,126000,126000,126000,126000,77,1,2100,4990.214399861306,1039.4705250000698,125801.25045776367,405.8181818181818
1789881916,3,,Aggregated,0.600000,0.000000,2100,2800,3500,3600,5100,9400,52000,126000,126000,126000,126000,78,1,2100,4949.966917324627,1039.4705250000698,125801.25045776367,403.9102564102564
1789881917,3,,Aggregated,0.600000,0.000000,2100,2800,3500,3600,5100,9400,52000,126000,126000,126000,126000,78,1,2100,4949.966917324627,1039.4705250000698,125801.25045776367,403.9102564102564
1789881918,3,,Aggregated,0.600000,0.000000,2100,2800,3500,3600,5100,9400,52000,126000,126000,126000,126000,78,1,2100,4949.966917324627,1039.4705250000698,125801.25045776367,403.9102564102564
1789881919,3,,Aggregated,0.600000,0.000000,2100,2800,3500,3600,5100,9400,52000,126000,126000,126000,126000,78,1,2100,4949.966917324627,1039.4705250000698,125801.25045776367,403.9102564102564
1789881920,3,,Aggregated,0.400000,0.000000,2000,2800,3500,3600,5100,9400,52000,126000,126000,126000,126000,80,1,2000,4876.485889329013,1039.4705250000698,125801.25045776367,400.2375
1789881921,3,,Aggregated,0.400000,0.000000,2000,2800,3400,3600,4900,9400,52000,126000,126000,126000,126000,81,1,2000,4855.73598795458,1039.4705250000698,125801.25045776367,398.4691358024691
1789881922,3,,Aggregated,0.400000,0.000000,2000,2800,3400,3600,4900,9400,52000,126000,126000,126000,126000,81,1,2000,4855.73598795458,1039.4705250000698,125801.25045776367,398.4691358024691
1789881923,3,,Aggregated,0.400000,0.000000,2000,2800,3400,3600,4900,9400,52000,126000,126000,126000,126000,81,1,2000,4855.73598795458,1039.4705250000698,125801.25045776367,398.4691358024691
1789881924,3,,Aggregated,0.700000,0.000000,2000,2800,3400,3600,4900,9400,52000,126000,126000,126000,126000,82,1,2000,4820.525277601474,1039.4705250000698,125801.25045776367,396.7439024390244
1789881925,3,,Aggregated,0.700000,0.000000,2000,2800,3400,3600,4900,9400,52000,126000,126000,126000,126000,82,1,2000,4820.525277601474,1039.4705250000698,125801.25045776367,396.7439024390244
1789881926,3,,Aggregated,0.700000,0.000000,2000,2800,3400,3600,4900,9400,52000,126000,126000,126000,126000,82,1,2000,4820.525277601474,1039.4705250000698,125801.25045776367,396.7439024390244
1789881927,3,,Aggregated,0.700000,0.000000,2000,2800,3400,3600,4900,9400,52000,126000,126000,126000,126000,82,1,2000,4820.525277601474,1039.4705250000698,125801.25045776367,396.7439024390244
1789881928,3,,Aggregated,0.700000,0.000000,2000,2800,3400,3600,4900,9400,52000,126000,126000,126000,126000,82,1,2000,4820.525277601474,1039.4705250000698,125801.25045776367,396.7439024390244
1789881929,3,,Aggregated,0.400000,0.000000,2100,2800,3400,3600,4900,9400,52000,126000,126000,126000,126000,84,1,2100,4765.325569003813,1039.4705250000698,125801.25045776367,393.4166666666667
1789881930,3,,Aggregated,0.400000,0.000000,2100,2800,3400,3600,4900,9400,52000,126000,126000,126000,126000,84,1,2100,4765.325569003813,1039.4705250000698,125801.25045776367,393.4166666666667
1789881931,3,,Aggregated,0.400000,0.000000,2100,2800,3400,3600,4900,9400,52000,126000,126000,126000,126000,84,1,2100,4765.325569003813,1039.4705250000698,125801.25045776367,393.4166666666667
1789881932,3,,Aggregated,0.400000,0.000000,2100,2800,3500,3600,5200,9400,126000,167000,167000,167000,167000,86,1,2100,6676.132179904862,1039.4705250000698,167314.3594264984,582.4418604651163
1789881933,3,,Aggregated,0.400000,0.000000,2100,2800,3500,3600,5200,9400,126000,167000,167000,167000,167000,86,1,2100,6676.132179904862,1039.4705250000698,167314.3594264984,582.4418604651163
1789881934,3,,Aggregated,0.400000,0.000000,2100,2800,3500,3600,5200,9400,126000,167000,167000,167000,167000,86,1,2100,6676.132179904862,1039.4705250000698,167314.3594264984,582.4418604651163
1789881935,3,,Aggregated,0.500000,0.000000,2100,2900,3500,3600,5200,9400,126000,167000,167000,167000,167000,87,1,2100,6639.412392124343,1039.4705250000698,167314.3594264984,576.6206896551724
1789881936,3,,Aggregated,0.500000,0.000000,2200,2900,3500,3600,5200,9400,126000,167000,167000,167000,167000,88,1,2200,6591.275521997927,1039.4705250000698,167314.3594264984,572.9886363636364
1789881937,3,,Aggregated,0.500000,0.000000,2200,2900,3500,3600,5200,9400,126000,167000,167000,167000,167000,88,1,2200,6591.275521997927,1039.4705250000698,167314.3594264984,572.9886363636364
1789881938,3,,Aggregated,0.500000,0.000000,2200,2900,3500,3600,5200,9400,126000,167000,167000,167000,167000,88,1,2200,6591.275521997927,1039.4705250000698,167314.3594264984,572.9886363636364
1789881939,3,,Aggregated,0.600000,0.000000,2200,3000,3500,3800,5300,15000,126000,167000,167000,167000,167000,91,1,2200,7760.947594629854,1039.4705250000698,167314.3594264984,733.3186813186813
1789881940,3,,Aggregated,0.600000,0.000000,2200,3000,3500,3800,5300,15000,126000,167000,167000,167000,167000,91,1,2200,7760.947594629854,1039.4705250000698,167314.3594264984,733.3186813186813
1789881941,3,,Aggregated,0.600000,0.000000,2200,3000,3500,3800,5300,15000,126000,167000,167000,167000,167000,91,1,2200,7760.947594629854,1039.4705250000698,167314.3594264984,733.3186813186813
1789881942,3,,Aggregated,0.700000,0.000000,2200,3000,3500,3800,5300,15000,126000,167000,167000,167000,167000,92,1,2200,7710.427793296918,1039.4705250000698,167314.3594264984,726.1739130434783
1789881943,3,,Aggregated,0.700000,0.000000,2200,3000,3500,3800,5300,15000,126000,167000,167000,167000,167000,93,1,2200,7649.454839874378,1039.4705250000698,167314.3594264984,721.1290322580645
1789881944,3,,Aggregated,0.500000,0.000000,2200,3000,3500,3800,5300,15000,126000,167000,167000,167000,167000,94,1,2200,7602.631704237419,1039.4705250000698,167314.3594264984,716.1914893617021
1789881945,3,,Aggregated,0.500000,0.000000,2200,3000,3500,3800,5300,15000,126000,167000,167000,167000,167000,94,1,2200,7602.631704237419,1039.4705250000698,167314.3594264984,716.1914893617021
1789881946,3,,Aggregated,0.500000,0.000000,2200,3000,3500,3800,5300,15000,126000,167000,167000,167000,167000,94,1,2200,7602.631704237419,1039.4705250000698,167314.3594264984,716.1914893617021
1789881947,3,,Aggregated,0.700000,0.000000,2200,3000,3500,3600,5300,15000,126000,167000,167000,167000,167000,96,1,2200,7483.386598159549,1039.4705250000698,167314.3594264984,706.25
1789881948,3,,Aggregated,0.700000,0.000000,2200,3000,3500,3600,5300,15000,126000,167000,167000,167000,167000,96,1,2200,7483.386598159549,1039.4705250000698,167314.3594264984,706.25
1789881949,3,,Aggregated,0.700000,0.000000,2200,3000,3500,3600,5300,15000,126000,167000,167000,167000,167000,96,1,2200,7483.386598159549,1039.4705250000698,167314.3594264984,706.25
1789881950,3,,Aggregated,0.800000,0.000000,2200,3000,3500,3600,5300,15000,126000,167000,167000,167000,167000,97,1,2200,7419.094817374391,1039.4705250000698,167314.3594264984,701.2474226804123
1789881951,3,,Aggregated,0.800000,0.000000,2200,2900,3500,3600,5300,15000,126000,167000,167000,167000,167000,99,1,2200,7307.402511589049,1039.4705250000698,167314.3594264984,692.2727272727273
1789881952,3,,Aggregated,0.800000,0.000000,2200,2900,3500,3600,5300,15000,126000,167000,167000,167000,167000,99,1,2200,7307.402511589049,1039.4705250000698,167314.3594264984,692.2727272727273
1789881953,3,,Aggregated,0.800000,0.000000,2200,2900,3500,3600,5300,15000,126000,167000,167000,167000,167000,99,1,2200,7307.402511589049,1039.4705250000698,167314.3594264984,692.2727272727273
1789881954,3,,Aggregated,0.600000,0.000000,2200,2900,3500,3600,5300,15000,126000,167000,167000,167000,167000,100,1,2200,7251.87024411316,1039.4705250000698,167314.3594264984,687.56
1789881955,3,,Aggregated,0.600000,0.000000,2200,2900,3500,3600,5300,15000,126000,167000,167000,167000,167000,100,1,2200,7251.87024411316,1039.4705250000698,167314.3594264984,687.56
1789881956,3,,Aggregated,0.700000,0.000000,2200,2800,3400,3600,5200,9400,119000,126000,167000,167000,167000,101,1,2200,7206.788849973425,1039.4705250000698,167314.3594264984,683.2970297029703
1789881957,3,,Aggregated,0.700000,0.000000,2200,2800,3400,3600,5200,9400,119000,126000,167000,167000,167000,102,1,2200,7147.045000061918,1039.4705250000698,167314.3594264984,678.7647058823529
1789881958,3,,Aggregated,0.600000,0.000000,2100,2800,3400,3600,5200,9400,119000,126000,167000,167000,167000,103,1,2100,7094.448618682682,1039.4705250000698,167314.3594264984,674.6699029126214
1789881959,3,,Aggregated,0.600000,0.000000,2100,2800,3400,3600,5200,9400,119000,126000,167000,167000,167000,104,1,2100,7037.762703253038,1039.4705250000698,167314.3594264984,670.6538461538462
1789881960,3,,Aggregated,0.700000,0.000000,2100,2800,3400,3600,5200,9400,119000,126000,167000,167000,167000,105,1,2100,6984.266527079194,1039.4705250000698,167314.3594264984,666.3714285714286
1789881961,3,,Aggregated,0.700000,0.000000,2100,2800,3400,3600,5200,9400,119000,126000,167000,167000,167000,105,1,2100,6984.266527079194,1039.4705250000698,167314.3594264984,666.3714285714286
1789881962,3,,Aggregated,0.800000,0.000000,2100,2700,3400,3600,5200,9400,119000,126000,167000,167000,167000,106,1,2100,6931.156722955809,1039.4705250000698,167314.3594264984,662.5094339622641
1789881963,3,,Aggregated,0.800000,0.000000,2000,2700,3400,3600,5200,9400,119000,126000,167000,167000,167000,107,1,2000,6878.3306335917405,1039.4705250000698,167314.3594264984,658.3831775700935
1789881964,3,,Aggregated,0.800000,0.000000,2000,2700,3400,3600,5200,9400,119000,126000,167000,167000,167000,107,1,2000,6878.3306335917405,1039.4705250000698,167314.3594264984,658.3831775700935
1789881965,3,,Aggregated,0.700000,0.000000,2100,2700,3400,3600,5200,9400,119000,126000,167000,167000,167000,108,1,2100,6838.21623075292,1039.4705250000698,167314.3594264984,654.6666666666666
1789881966,3,,Aggregated,0.700000,0.000000,2100,2700,3400,3600,5200,9400,119000,126000,167000,167000,167000,108,1,2100,6838.21623075292,1039.4705250000698,167314.3594264984,654.6666666666666
1789881967,3,,Aggregated,0.700000,0.000000,2000,2600,3200,3600,5200,9400,119000,126000,167000,167000,167000,109,1,2000,6791.646817617578,1039.4705250000698,167314.3594264984,650.6880733944954
1789881968,3,,Aggregated,0.700000,0.000000,2000,2600,3200,3600,5200,9400,119000,126000,167000,167000,167000,109,1,2000,6791.646817617578,1039.4705250000698,167314.3594264984,650.6880733944954
1789881969,3,,Aggregated,0.700000,0.000000,2000,2600,3200,3600,5200,9400,119000,126000,167000,167000,167000,109,1,2000,6791.646817617578,1039.4705250000698,167314.3594264984,650.6880733944954
1789881970,3,,Aggregated,0.600000,0.000000,2100,2700,3200,3600,5200,9400,119000,126000,167000,167000,167000,110,1,2100,6757.268176366504,1039.4705250000698,167314.3594264984,647.1090909090909
1789881971,3,,Aggregated,0.600000,0.000000,2000,2700,3200,3500,5100,9400,119000,126000,167000,167000,167000,111,1,2000,6714.084778579423,1039.4705250000698,167314.3594264984,643.2702702702703
1789881972,3,,Aggregated,0.500000,0.000000,2000,2600,3200,3500,5100,9400,119000,126000,167000,167000,167000,112,1,2000,6671.709923895677,1039.4705250000698,167314.3594264984,639.8214285714286
1789881973,3,,Aggregated,0.500000,0.000000,2000,2600,3200,3500,5100,9400,119000,126000,167000,167000,167000,112,1,2000,6671.709923895677,1039.4705250000698,167314.3594264984,639.8214285714286
1789881974,3,,Aggregated,0.500000,0.000000,2000,2600,3200,3500,5100,9400,119000,126000,167000,167000,167000,112,1,2000,6671.709923895677,1039.4705250000698,167314.3594264984,639.8214285714286
1789881975,3,,Aggregated,0.500000,0.000000,2000,2600,3200,3500,5100,9400,119000,126000,167000,167000,167000,112,1,2000,6671.709923895677,1039.4705250000698,167314.3594264984,639.8214285714286
1789881976,3,,Aggregated,0.500000,0.000000,2000,2600,3200,3500,5100,9400,119000,126000,167000,167000,167000,112,1,2000,6671.709923895677,1039.4705250000698,167314.3594264984,639.8214285714286
1789881977,3,,Aggregated,0.500000,0.000000,2000,2600,3200,3500,5100,9400,119000,126000,167000,167000,167000,114,1,2000,6582.82126588874,1039.4705250000698,167314.3594264984,632.7894736842105
1789881978,3,,Aggregated,0.500000,0.000000,2000,2600,3200,3500,5100,9400,119000,126000,167000,167000,167000,114,1,2000,6582.82126588874,1039.4705250000698,167314.3594264984,632.7894736842105
1789881979,3,,Aggregated,0.400000,0.000000,2000,2500,3200,3500,5100,9400,119000,126000,167000,167000,167000,115,1,2000,6542.7502273157925,1039.4705250000698,167314.3594264984,629.5217391304348
1789881980,3,,Aggregated,0.400000,0.000000,2000,2500,3200,3500,5100,9400,119000,126000,167000,167000,167000,115,1,2000,6542.7502273157925,1039.4705250000698,167314.3594264984,629.5217391304348
1789881981,3,,Aggregated,0.400000,0.000000,2000,2500,3200,3500,5100,9400,119000,126000,167000,167000,167000,115,1,2000,6542.7502273157925,1039.4705250000698,167314.3594264984,629.5217391304348
1789881982,3,,Aggregated,0.400000,0.000000,2000,2500,3200,3500,5100,9400,119000,126000,167000,167000,167000,115,1,2000,6542.7502273157925,1039.4705250000698,167314.3594264984,629.5217391304348
1789881983,3,,Aggregated,0.400000,0.000000,2000,2500,3200,3500,5100,9400,119000,126000,167000,167000,167000,115,1,2000,6542.7502273157925,1039.4705250000698,167314.3594264984,629.5217391304348
1789881984,3,,Aggregated,0.500000,0.000000,2000,2500,3200,3500,5100,9400,119000,126000,167000,167000,167000,116,1,2000,6499.483566950998,1039.4705250000698,167314.3594264984,626.3103448275862
1789881985,3,,Aggregated,0.500000,0.000000,2000,2500,3200,3500,5100,9400,119000,126000,167000,167000,167000,116,1,2000,6499.483566950998,1039.4705250000698,167314.3594264984,626.3103448275862
1789881986,3,,Aggregated,0.400000,0.000000,2000,2500,3200,3500,5100,9400,119000,126000,167000,167000,167000,118,1,2000,6432.814879977254,1039.4705250000698,167314.3594264984,619.7457627118644
1789881987,3,,Aggregated,0.400000,0.000000,2000,2500,3200,3500,5100,9400,119000,126000,167000,167000,167000,118,1,2000,6432.814879977254,1039.4705250000698,167314.3594264984,619.7457627118644
1789881988,3,,Aggregated,0.400000,0.000000,2000,2500,3200,3500,5100,9400,119000,126000,167000,167000,167000,118,1,2000,6432.814879977254,1039.4705250000698,167314.3594264984,619.7457627118644
1789881989,3,,Aggregated,0.400000,0.000000,2000,2500,3200,3500,5100,9400,119000,126000,167000,167000,167000,118,1,2000,6432.814879977254,1039.4705250000698,167314.3594264984,619.7457627118644
1789881990,3,,Aggregated,0.400000,0.000000,2000,2500,3200,3500,5100,9400,119000,126000,167000,167000,167000,118,1,2000,6432.814879977254,1039.4705250000698,167314.3594264984,619.7457627118644
1789881991,3,,Aggregated,0.400000,0.000000,2000,2500,3200,3500,5100,9400,119000,126000,167000,167000,167000,119,1,2000,6395.549897279973,1039.4705250000698,167314.3594264984,616.6974789915967
1789881992,3,,Aggregated,0.400000,0.000000,2000,2500,3200,3500,5100,9400,119000,126000,167000,167000,167000,119,1,2000,6395.549897279973,1039.4705250000698,167314.3594264984,616.6974789915967
1789881993,3,,Aggregated,0.400000,0.000000,2000,2500,3200,3500,5100,9400,119000,126000,167000,167000,167000,119,1,2000,6395.549897279973,1039.4705250000698,167314.3594264984,616.6974789915967
1789881994,3,,Aggregated,0.400000,0.000000,2000,2600,3200,3500,5100,9400,119000,126000,167000,167000,167000,120,1,2000,6369.951592227646,1039.4705250000698,167314.3594264984,613.7
1789881995,3,,Aggregated,0.400000,0.000000,2000,2600,3200,3500,5100,9400,119000,126000,167000,167000,167000,120,1,2000,6369.951592227646,1039.4705250000698,167314.3594264984,613.7
1789881996,3,,Aggregated,0.400000,0.000000,2000,2600,3200,3500,5100,9400,119000,126000,167000,167000,167000,120,1,2000,6369.951592227646,1039.4705250000698,167314.3594264984,613.7
1789881997,3,,Aggregated,0.400000,0.000000,2000,2600,3200,3500,5100,9400,119000,126000,167000,167000,167000,122,1,2000,6331.833562092769,1039.4705250000698,167314.3594264984,607.5573770491803
1789881998,3,,Aggregated,0.400000,0.000000,2000,2600,3200,3500,5100,9400,119000,126000,167000,167000,167000,122,1,2000,6331.833562092769,1039.4705250000698,167314.3594264984,607.5573770491803
1789881999,3,,Aggregated,0.400000,0.000000,2000,2600,3200,3500,5100,9400,119000,126000,167000,167000,167000,122,1,2000,6331.833562092769,1039.4705250000698,167314.3594264984,607.5573770491803
1789882000,3,,Aggregated,0.400000,0.000000,2000,2600,3200,3500,5100,9400,119000,126000,167000,167000,167000,123,1,2000,6292.280470872504,1039.4705250000698,167314.3594264984,604.7073170731708
1789882001,3,,Aggregated,0.400000,0.000000,2000,2600,3200,3500,5100,9400,119000,126000,167000,167000,167000,123,1,2000,6292.280470872504,1039.4705250000698,167314.3594264984,604.7073170731708
1789882002,3,,Aggregated,0.400000,0.000000,2000,2600,3200,3500,5100,9400,119000,126000,167000,167000,167000,123,1,2000,6292.280470872504,1039.4705250000698,167314.3594264984,604.7073170731708
1789882003,3,,Aggregated,0.400000,0.000000,2000,2600,3200,3500,5100,9400,119000,126000,167000,167000,167000,123,1,2000,6292.280470872504,1039.4705250000698,167314.3594264984,604.7073170731708
1789882004,3,,Aggregated,0.400000,0.000000,2000,2500,3200,3500,5100,9400,119000,126000,167000,167000,167000,125,1,2000,6221.601392514538,1039.4705250000698,167314.3594264984,598.856
1789882005,3,,Aggregated,0.400000,0.000000,2000,2500,3200,3500,5100,9400,119000,126000,167000,167000,167000,125,1,2000,6221.601392514538,1039.4705250000698,167314.3594264984,598.856
1789882006,3,,Aggregated,0.400000,0.000000,2000,2500,3200,3500,5100,9400,119000,126000,167000,167000,167000,125,1,2000,6221.601392514538,1039.4705250000698,167314.3594264984,598.856
1789882007,3,,Aggregated,0.500000,0.000000,2000,2500,3200,3500,5100,9400,119000,126000,167000,167000,167000,126,1,2000,6185.6675566612475,1039.4705250000698,167314.3594264984,596.1111111111111
1789882008,3,,Aggregated,0.500000,0.000000,2000,2500,3200,3500,5100,9400,119000,126000,167000,167000,167000,126,1,2000,6185.6675566612475,1039.4705250000698,167314.3594264984,596.1111111111111
1789882009,3,,Aggregated,0.500000,0.000000,2000,2500,3200,3500,5100,9400,119000,126000,167000,167000,167000,126,1,2000,6185.6675566612475,1039.4705250000698,167314.3594264984,596.1111111111111
1789882010,3,,Aggregated,0.500000,0.000000,2000,2500,3200,3500,5100,9400,119000,126000,167000,167000,167000,126,1,2000,6185.6675566612475,1039.4705250000698,167314.3594264984,596.1111111111111
1789882011,3,,Aggregated,0.500000,0.000000,2000,2500,3200,3500,5100,9400,119000,126000,167000,167000,167000,126,1,2000,6185.6675566612475,1039.4705250000698,167314.3594264984,596.1111111111111
1789882012,3,,Aggregated,0.400000,0.000000,2000,2500,3200,3500,5100,9400,119000,126000,167000,167000,167000,127,1,2000,6160.640072215097,1039.4705250000698,167314.3594264984,593.3779527559055
1789882013,3,,Aggregated,0.300000,0.000000,2000,2600,3200,3500,5100,9400,119000,126000,167000,167000,167000,128,1,2000,6143.931537861852,1039.4705250000698,167314.3594264984,590.75
1789882014,3,,Aggregated,0.300000,0.000000,2000,2600,3200,3500,5100,9400,119000,126000,167000,167000,167000,128,1,2000,6143.931537861852,1039.4705250000698,167314.3594264984,590.75
1789882015,3,,Aggregated,0.300000,0.000000,2000,2600,3200,3500,5100,9400,119000,126000,167000,167000,167000,128,1,2000,6143.931537861852,1039.4705250000698,167314.3594264984,590.75
1789882016,3,,Aggregated,0.300000,0.000000,2000,2600,3200,3500,5100,9400,119000,126000,167000,167000,167000,128,1,2000,6143.931537861852,1039.4705250000698,167314.3594264984,590.75
1789882017,3,,Aggregated,0.300000,0.000000,2000,2600,3200,3500,5100,9400,119000,126000,167000,167000,167000,128,1,2000,6143.931537861852,1039.4705250000698,167314.3594264984,590.75
1789882018,3,,Aggregated,0.300000,0.000000,2000,2600,3200,3500,5100,9400,119000,126000,167000,167000,167000,128,1,2000,6143.931537861852,1039.4705250000698,167314.3594264984,590.75
1789882019,3,,Aggregated,0.300000,0.000000,2000,2500,3200,3500,5100,9400,119000,126000,167000,167000,167000,130,1,2000,6071.533636994745,1039.4705250000698,167314.3594264984,585.6153846153846
1789882020,3,,Aggregated,0.200000,0.000000,2000,2700,3300,3500,5200,9400,126000,126000,167000,167000,167000,132,1,2000,6992.321764280672,1039.4705250000698,167314.3594264984,671.2045454545455
1789882021,3,,Aggregated,0.200000,0.000000,2000,2700,3300,3500,5200,9400,126000,126000,167000,167000,167000,132,1,2000,6992.321764280672,1039.4705250000698,167314.3594264984,671.2045454545455
1789882022,3,,Aggregated,0.200000,0.000000,2000,2700,3300,3500,5200,9400,126000,126000,167000,167000,167000,132,1,2000,6992.321764280672,1039.4705250000698,167314.3594264984,671.2045454545455
1789882023,3,,Aggregated,0.200000,0.000000,2000,2700,3300,3500,5200,9400,126000,126000,167000,167000,167000,132,1,2000,6992.321764280672,1039.4705250000698,167314.3594264984,671.2045454545455
1789882024,3,,Aggregated,0.600000,0.000000,2000,2700,3300,3600,5200,9400,126000,126000,167000,167000,167000,133,1,2000,6967.466809722171,1039.4705250000698,167314.3594264984,666.7293233082706
1789882025,3,,Aggregated,0.600000,0.000000,2000,2700,3300,3600,5200,9400,126000,126000,167000,167000,167000,133,1,2000,6967.466809722171,1039.4705250000698,167314.3594264984,666.7293233082706
1789882026,3,,Aggregated,0.600000,0.000000,2000,2700,3300,3600,5200,9400,126000,126000,167000,167000,167000,133,1,2000,6967.466809722171,1039.4705250000698,167314.3594264984,666.7293233082706
1789882027,3,,Aggregated,0.500000,0.000000,2000,2800,3300,3500,5200,9400,126000,126000,167000,167000,167000,136,1,2000,6869.352357368008,1039.4705250000698,167314.3594264984,657.4264705882352
1789882028,3,,Aggregated,0.500000,0.000000,2000,2800,3300,3500,5200,9400,126000,126000,167000,167000,167000,136,1,2000,6869.352357368008,1039.4705250000698,167314.3594264984,657.4264705882352
1789882029,3,,Aggregated,0.500000,0.000000,2000,2800,3300,3500,5200,9400,126000,126000,167000,167000,167000,136,1,2000,6869.352357368008,1039.4705250000698,167314.3594264984,657.4264705882352
1789882030,3,,Aggregated,0.800000,0.000000,2000,2800,3300,3500,5200,9400,126000,126000,167000,167000,167000,137,1,2000,6827.813143226637,1039.4705250000698,167314.3594264984,654.2408759124088
1789882031,3,,Aggregated,0.800000,0.000000,2000,2800,3300,3500,5200,9400,126000,126000,167000,167000,167000,137,1,2000,6827.813143226637,1039.4705250000698,167314.3594264984,654.2408759124088
1789882032,3,,Aggregated,0.800000,0.000000,2000,2800,3300,3500,5200,9400,126000,126000,167000,167000,167000,137,1,2000,6827.813143226637,1039.4705250000698,167314.3594264984,654.2408759124088
1789882033,3,,Aggregated,0.800000,0.000000,2000,2800,3300,3500,5200,9400,126000,126000,167000,167000,167000,137,1,2000,6827.813143226637,1039.4705250000698,167314.3594264984,654.2408759124088
1789882034,3,,Aggregated,0.500000,0.000000,2000,2700,3300,3500,5200,9400,126000,126000,167000,167000,167000,140,1,2000,6721.72762748607,1039.4705250000698,167314.3594264984,645.4714285714285
1789882035,3,,Aggregated,0.500000,0.000000,2000,2700,3300,3500,5200,9400,126000,126000,167000,167000,167000,140,1,2000,6721.72762748607,1039.4705250000698,167314.3594264984,645.4714285714285
1789882036,3,,Aggregated,0.500000,0.000000,2000,2700,3300,3500,5200,9400,126000,126000,167000,167000,167000,140,1,2000,6721.72762748607,1039.4705250000698,167314.3594264984,645.4714285714285
1789882037,3,,Aggregated,0.700000,0.000000,2000,2700,3200,3500,5100,9400,126000,126000,167000,167000,167000,141,1,2000,6682.2688448514145,1039.4705250000698,167314.3594264984,642.4609929078014
1789882038,3,,Aggregated,0.700000,0.000000,2000,2700,3200,3500,5100,9400,126000,126000,167000,167000,167000,141,1,2000,6682.2688448514145,1039.4705250000698,167314.3594264984,642.4609929078014
1789882039,3,,Aggregated,0.700000,0.000000,2000,2700,3200,3500,5100,9400,126000,126000,167000,167000,167000,141,1,2000,6682.2688448514145,1039.4705250000698,167314.3594264984,642.4609929078014
1789882040,3,,Aggregated,0.700000,0.000000,2000,2700,3200,3500,5100,9400,126000,126000,167000,167000,167000,141,1,2000,6682.2688448514145,1039.4705250000698,167314.3594264984,642.4609929078014
1789882041,3,,Aggregated,0.500000,0.000000,2000,2600,3200,3500,5100,9400,126000,126000,167000,167000,167000,144,1,2000,6583.221581055901,1039.4705250000698,167314.3594264984,634.1805555555555
1789882042,3,,Aggregated,0.500000,0.000000,2000,2600,3200,3500,5100,9400,126000,126000,167000,167000,167000,144,1,2000,6583.221581055901,1039.4705250000698,167314.3594264984,634.1805555555555
1789882043,3,,Aggregated,0.500000,0.000000,2000,2600,3200,3500,5100,9400,126000,126000,167000,167000,167000,144,1,2000,6583.221581055901,1039.4705250000698,167314.3594264984,634.1805555555555
1789882044,3,,Aggregated,0.500000,0.000000,2000,2600,3200,3500,5100,9400,126000,126000,167000,167000,167000,144,1,2000,6583.221581055901,1039.4705250000698,167314.3594264984,634.1805555555555
1789882045,3,,Aggregated,0.500000,0.000000,2000,2600,3200,3500,5100,9400,126000,126000,167000,167000,167000,144,1,2000,6583.221581055901,1039.4705250000698,167314.3594264984,634.1805555555555
1789882046,3,,Aggregated,0.700000,0.000000,2000,2600,3200,3500,5100,9400,126000,126000,167000,167000,167000,145,1,2000,6558.454970138272,1039.4705250000698,167314.3594264984,631.3310344827586
1789882047,3,,Aggregated,0.400000,0.000000,2000,2600,3200,3500,5100,9400,126000,126000,167000,167000,167000,146,1,2000,6520.68025332911,1039.4705250000698,167314.3594264984,628.7671232876712
1789882048,3,,Aggregated,0.400000,0.000000,2000,2600,3200,3500,5100,9400,126000,126000,167000,167000,167000,147,1,2000,6487.961043510546,1039.4705250000698,167314.3594264984,626.2380952380952
1789882049,3,,Aggregated,0.500000,0.000000,2000,2500,3200,3500,5100,9400,126000,126000,167000,167000,167000,148,1,2000,6452.634198946287,1039.4705250000698,167314.3594264984,623.5
1789882050,3,,Aggregated,0.500000,0.000000,2000,2500,3200,3500,5100,9400,126000,126000,167000,167000,167000,148,1,2000,6452.634198946287,1039.4705250000698,167314.3594264984,623.5
1789882051,3,,Aggregated,0.500000,0.000000,2000,2500,3200,3500,5100,9400,126000,126000,167000,167000,167000,148,1,2000,6452.634198946287,1039.4705250000698,167314.3594264984,623.5
1789882052,3,,Aggregated,0.500000,0.000000,2000,2500,3200,3500,5100,9400,126000,126000,167000,167000,167000,148,1,2000,6452.634198946287,1039.4705250000698,167314.3594264984,623.5
1789882053,3,,Aggregated,0.700000,0.000000,2000,2500,3100,3500,5100,9400,126000,126000,167000,167000,167000,149,1,2000,6421.317341758725,1039.4705250000698,167314.3594264984,620.7986577181208
1789882054,3,,Aggregated,0.400000,0.000000,2000,2400,3100,3400,4900,9400,119000,126000,167000,167000,167000,151,1,2000,6357.5180888082805,1039.4705250000698,167314.3594264984,615.9801324503311
1789882055,3,,Aggregated,0.400000,0.000000,2000,2400,3100,3400,4900,9400,119000,126000,167000,167000,167000,151,1,2000,6357.5180888082805,1039.4705250000698,167314.3594264984,615.9801324503311
1789882056,3,,Aggregated,0.400000,0.000000,2000,2400,3100,3400,4900,9400,119000,126000,167000,167000,167000,151,1,2000,6357.5180888082805,1039.4705250000698,167314.3594264984,615.9801324503311
1789882057,3,,Aggregated,0.400000,0.000000,2000,2400,3100,3400,4900,9400,119000,126000,167000,167000,167000,151,1,2000,6357.5180888082805,1039.4705250000698,167314.3594264984,615.9801324503311
1789882058,3,,Aggregated,0.400000,0.000000,2000,2400,3100,3400,4900,9400,119000,126000,167000,167000,167000,151,1,2000,6357.5180888082805,1039.4705250000698,167314.3594264984,615.9801324503311
1789882059,3,,Aggregated,0.400000,0.000000,2000,2400,3100,3400,4900,9400,119000,126000,167000,167000,167000,151,1,2000,6357.5180888082805,1039.4705250000698,167314.3594264984,615.9801324503311
1789882060,3,,Aggregated,0.500000,0.000000,2000,2400,3000,3400,4900,9400,119000,126000,167000,167000,167000,154,1,2000,6261.588447052267,1039.4705250000698,167314.3594264984,608.987012987013
1789882061,3,,Aggregated,0.500000,0.000000,2000,2400,3000,3400,4900,9400,119000,126000,167000,167000,167000,154,1,2000,6261.588447052267,1039.4705250000698,167314.3594264984,608.987012987013
1789882062,3,,Aggregated,0.500000,0.000000,2000,2400,3000,3400,4900,9400,119000,126000,167000,167000,167000,154,1,2000,6261.588447052267,1039.4705250000698,167314.3594264984,608.987012987013
1789882063,3,,Aggregated,0.500000,0.000000,2000,2400,3000,3400,4900,9400,119000,126000,167000,167000,167000,154,1,2000,6261.588447052267,1039.4705250000698,167314.3594264984,608.987012987013
1789882064,3,,Aggregated,0.500000,0.000000,2000,2400,3000,3400,4900,9400,119000,126000,167000,167000,167000,154,1,2000,6261.588447052267,1039.4705250000698,167314.3594264984,608.987012987013
1789882065,3,,Aggregated,0.500000,0.000000,2000,2400,3000,3400,4900,9400,119000,126000,167000,167000,167000,154,1,2000,6261.588447052267,1039.4705250000698,167314.3594264984,608.987012987013
1789882066,3,,Aggregated,0.500000,0.000000,2000,2400,3000,3400,4900,9400,119000,126000,167000,167000,167000,154,1,2000,6261.588447052267,1039.4705250000698,167314.3594264984,608.987012987013
1789882067,3,,Aggregated,0.300000,0.000000,2000,2400,3000,3400,4900,9400,119000,126000,167000,167000,167000,157,1,2000,6178.859490484385,1039.4705250000698,167314.3594264984,602.2611464968153
1789882068,3,,Aggregated,0.300000,0.000000,2000,2400,3000,3400,4900,9400,119000,126000,167000,167000,167000,157,1,2000,6178.859490484385,1039.4705250000698,167314.3594264984,602.2611464968153
1789882069,3,,Aggregated,0.300000,0.000000,2000,2400,3000,3400,4900,9400,119000,126000,167000,167000,167000,157,1,2000,6178.859490484385,1039.4705250000698,167314.3594264984,602.2611464968153
1789882070,3,,Aggregated,0.300000,0.000000,2000,2400,3000,3400,4900,9400,119000,126000,167000,167000,167000,157,1,2000,6178.859490484385,1039.4705250000698,167314.3594264984,602.2611464968153
1789882071,3,,Aggregated,0.300000,0.000000,2000,2400,3000,3400,4900,9400,119000,126000,167000,167000,167000,157,1,2000,6178.859490484385,1039.4705250000698,167314.3594264984,602.2611464968153
1789882072,3,,Aggregated,0.300000,0.000000,2000,2400,3000,3400,4900,9400,119000,126000,167000,167000,167000,157,1,2000,6178.859490484385,1039.4705250000698,167314.3594264984,602.2611464968153
1789882073,3,,Aggregated,0.300000,0.000000,2000,2400,3000,3400,4900,9400,119000,126000,167000,167000,167000,158,1,2000,6147.971619474991,1039.4705250000698,167314.3594264984,600.0759493670886
1789882074,3,,Aggregated,0.300000,0.000000,2000,2400,3000,3400,4900,9400,119000,126000,167000,167000,167000,160,1,2000,6093.526232512804,1039.4705250000698,167314.3594264984,595.7875
1789882076,3,,Aggregated,0.300000,0.000000,2000,2400,3000,3400,4900,9400,119000,126000,167000,167000,167000,160,1,2000,6093.526232512804,1039.4705250000698,167314.3594264984,595.7875
1789882077,3,,Aggregated,0.300000,0.000000,2000,2400,3000,3400,4900,9400,119000,126000,167000,167000,167000,160,1,2000,6093.526232512804,1039.4705250000698,167314.3594264984,595.7875
1789882078,3,,Aggregated,0.300000,0.000000,2000,2400,3000,3400,4900,9400,119000,126000,167000,167000,167000,160,1,2000,6093.526232512804,1039.4705250000698,167314.3594264984,595.7875
1789882079,3,,Aggregated,0.300000,0.000000,2000,2400,3000,3400,4900,9400,119000,126000,167000,167000,167000,160,1,2000,6093.526232512804,1039.4705250000698,167314.3594264984,595.7875
1789882080,3,,Aggregated,0.300000,0.000000,2000,2400,3000,3400,4900,9400,119000,126000,167000,167000,167000,160,1,2000,6093.526232512804,1039.4705250000698,167314.3594264984,595.7875
1789882081,3,,Aggregated,0.300000,0.000000,2000,2400,3000,3400,4800,7900,119000,126000,167000,167000,167000,161,1,2000,6068.125711758069,1039.4705250000698,167314.3594264984,593.6832298136646
1789882082,3,,Aggregated,0.300000,0.000000,2000,2400,3000,3400,4800,7900,119000,126000,167000,167000,167000,163,1,2000,6017.941006466552,1039.4705250000698,167314.3594264984,589.5521472392638
1789882083,3,,Aggregated,0.300000,0.000000,2000,2400,3000,3400,4800,7900,119000,126000,167000,167000,167000,163,1,2000,6017.941006466552,1039.4705250000698,167314.3594264984,589.5521472392638
1789882084,3,,Aggregated,0.300000,0.000000,2000,2400,3000,3400,4800,7900,119000,126000,167000,167000,167000,163,1,2000,6017.941006466552,1039.4705250000698,167314.3594264984,589.5521472392638
1789882085,3,,Aggregated,0.300000,0.000000,2000,2400,3000,3400,4800,7900,119000,126000,167000,167000,167000,163,1,2000,6017.941006466552,1039.4705250000698,167314.3594264984,589.5521472392638
1789882086,3,,Aggregated,0.300000,0.000000,2000,2400,3000,3400,4800,7900,119000,126000,167000,167000,167000,163,1,2000,6017.941006466552,1039.4705250000698,167314.3594264984,589.5521472392638
1789882087,3,,Aggregated,0.300000,0.000000,2000,2400,3000,3400,4800,7900,119000,126000,167000,167000,167000,163,1,2000,6017.941006466552,1039.4705250000698,167314.3594264984,589.5521472392638
1789882088,3,,Aggregated,0.300000,0.000000,2000,2400,3000,3400,4800,7900,119000,126000,167000,167000,167000,165,1,2000,5970.688665254836,1039.4705250000698,167314.3594264984,585.5212121212121
1789882089,3,,Aggregated,0.300000,0.000000,2000,2400,3000,3300,4800,7900,119000,126000,167000,167000,167000,166,1,2000,5946.504379867755,1039.4705250000698,167314.3594264984,583.5421686746988
1789882090,3,,Aggregated,0.300000,0.000000,2000,2400,3000,3300,4800,7900,119000,126000,167000,167000,167000,166,1,2000,5946.504379867755,1039.4705250000698,167314.3594264984,583.5421686746988
1789882091,3,,Aggregated,0.300000,0.000000,2000,2400,3000,3300,4800,7900,119000,126000,167000,167000,167000,166,1,2000,5946.504379867755,1039.4705250000698,167314.3594264984,583.5421686746988
1789882092,3,,Aggregated,0.300000,0.000000,2000,2400,3000,3300,4800,7900,119000,126000,167000,167000,167000,166,1,2000,5946.504379867755,1039.4705250000698,167314.3594264984,583.5421686746988
1789882093,3,,Aggregated,0.300000,0.000000,2000,2400,3000,3300,4800,7900,119000,126000,167000,167000,167000,166,1,2000,5946.504379867755,1039.4705250000698,167314.3594264984,583.5421686746988
1789882094,3,,Aggregated,0.300000,0.000000,2000,2400,3000,3300,4800,7900,119000,126000,167000,167000,167000,166,1,2000,5946.504379867755,1039.4705250000698,167314.3594264984,583.5421686746988
1789882095,3,,Aggregated,0.300000,0.000000,2000,2400,3000,3300,4800,7900,119000,126000,167000,167000,167000,166,1,2000,5946.504379867755,1039.4705250000698,167314.3594264984,583.5421686746988
1789882096,3,,Aggregated,0.300000,0.000000,2000,2400,3000,3300,4800,7900,119000,126000,167000,167000,167000,166,1,2000,5946.504379867755,1039.4705250000698,167314.3594264984,583.5421686746988
1789882097,3,,Aggregated,0.300000,0.000000,2000,2400,3000,3400,4800,7900,119000,126000,167000,167000,167000,169,1,2000,5899.846806556495,1039.4705250000698,167314.3594264984,577.7455621301775
1789882098,3,,Aggregated,0.300000,0.000000,2000,2400,3000,3400,4800,7900,119000,126000,167000,167000,167000,169,1,2000,5899.846806556495,1039.4705250000698,167314.3594264984,577.7455621301775
1789882099,3,,Aggregated,0.300000,0.000000,2000,2400,3000,3400,4800,7900,119000,126000,167000,167000,167000,169,1,2000,5899.846806556495,1039.4705250000698,167314.3594264984,577.7455621301775
1789882100,3,,Aggregated,0.300000,0.000000,2000,2400,3000,3400,4800,7900,119000,126000,167000,167000,167000,169,1,2000,5899.846806556495,1039.4705250000698,167314.3594264984,577.7455621301775
1789882101,3,,Aggregated,0.300000,0.000000,2000,2400,3000,3400,4800,7900,119000,126000,167000,167000,167000,169,1,2000,5899.846806556495,1039.4705250000698,167314.3594264984,577.7455621301775
1789882102,3,,Aggregated,0.300000,0.000000,2000,2400,3000,3400,4800,7900,119000,126000,167000,167000,167000,169,1,2000,5899.846806556495,1039.4705250000698,167314.3594264984,577.7455621301775
1789882103,3,,Aggregated,0.300000,0.000000,2000,2400,3000,3400,4200,7900,119000,126000,167000,167000,167000,171,1,2000,5848.542290292682,1039.4705250000698,167314.3594264984,573.9941520467836
1789882104,3,,Aggregated,0.300000,0.000000,2000,2400,3000,3400,4200,7900,119000,126000,167000,167000,167000,171,1,2000,5848.542290292682,1039.4705250000698,167314.3594264984,573.9941520467836
1789882105,3,,Aggregated,0.300000,0.000000,2000,2400,3000,3400,4200,7900,119000,126000,167000,167000,167000,171,1,2000,5848.542290292682,1039.4705250000698,167314.3594264984,573.9941520467836
1789882106,3,,Aggregated,0.300000,0.000000,2000,2400,3000,3400,4200,7900,119000,126000,167000,167000,167000,171,1,2000,5848.542290292682,1039.4705250000698,167314.3594264984,573.9941520467836
1789882107,3,,Aggregated,0.300000,0.000000,2000,2400,3000,3400,4200,7900,119000,126000,167000,167000,167000,171,1,2000,5848.542290292682,1039.4705250000698,167314.3594264984,573.9941520467836
1789882108,3,,Aggregated,0.500000,0.000000,2000,2400,3000,3400,4900,9400,126000,167000,176000,176000,176000,173,1,2000,6835.366321865349,1039.4705250000698,175931.58745765686,683.6184971098265
1789882109,3,,Aggregated,0.500000,0.000000,2000,2400,3000,3400,4900,9400,126000,167000,176000,176000,176000,173,1,2000,6835.366321865349,1039.4705250000698,175931.58745765686,683.6184971098265
1789882110,3,,Aggregated,0.500000,0.000000,2000,2400,3000,3400,4900,9400,126000,167000,176000,176000,176000,173,1,2000,6835.366321865349,1039.4705250000698,175931.58745765686,683.6184971098265
1789882111,3,,Aggregated,0.500000,0.000000,2000,2400,3000,3400,4900,9400,126000,167000,176000,176000,176000,173,1,2000,6835.366321865349,1039.4705250000698,175931.58745765686,683.6184971098265
1789882112,3,,Aggregated,0.400000,0.000000,2000,2500,3200,3400,4900,9400,126000,167000,176000,176000,176000,176,1,2000,6777.901754021052,1039.4705250000698,175931.58745765686,675.2954545454545
1789882113,3,,Aggregated,0.400000,0.000000,2000,2500,3200,3400,4900,9400,126000,167000,176000,176000,176000,176,1,2000,6777.901754021052,1039.4705250000698,175931.58745765686,675.2954545454545
1789882114,3,,Aggregated,0.400000,0.000000,2000,2500,3200,3400,4900,9400,126000,167000,176000,176000,176000,176,1,2000,6777.901754021052,1039.4705250000698,175931.58745765686,675.2954545454545
1789882115,3,,Aggregated,0.700000,0.000000,2000,2500,3100,3400,4900,9400,126000,167000,176000,176000,176000,177,1,2000,6747.91916306613,1039.4705250000698,175931.58745765686,672.8870056497175
1789882116,3,,Aggregated,0.700000,0.000000,2000,2500,3100,3400,4900,9400,126000,167000,176000,176000,176000,177,1,2000,6747.91916306613,1039.4705250000698,175931.58745765686,672.8870056497175
1789882117,3,,Aggregated,0.700000,0.000000,2000,2500,3100,3400,4900,9400,126000,167000,176000,176000,176000,177,1,2000,6747.91916306613,1039.4705250000698,175931.58745765686,672.8870056497175
1789882118,3,,Aggregated,0.700000,0.000000,2000,2500,3100,3400,4900,9400,126000,167000,176000,176000,176000,177,1,2000,6747.91916306613,1039.4705250000698,175931.58745765686,672.8870056497175
1789882119,3,,Aggregated,0.600000,0.000000,2000,2500,3100,3400,4900,9400,126000,167000,176000,176000,176000,179,1,2000,6691.402016149193,1039.4705250000698,175931.58745765686,668.2402234636871
1789882120,3,,Aggregated,0.600000,0.000000,2000,2500,3200,3500,4900,9400,126000,176000,181000,181000,181000,181,1,2000,7635.431055661992,1039.4705250000698,180641.9379711151,746.7403314917127
1789882121,3,,Aggregated,0.600000,0.000000,2000,2500,3200,3500,4900,9400,126000,176000,181000,181000,181000,181,1,2000,7635.431055661992,1039.4705250000698,180641.9379711151,746.7403314917127
1789882122,3,,Aggregated,0.600000,0.000000,2000,2500,3200,3500,4900,9400,126000,176000,181000,181000,181000,181,1,2000,7635.431055661992,1039.4705250000698,180641.9379711151,746.7403314917127
1789882123,3,,Aggregated,0.600000,0.000000,2000,2500,3200,3500,4900,9400,126000,176000,181000,181000,181000,181,1,2000,7635.431055661992,1039.4705250000698,180641.9379711151,746.7403314917127
1789882124,3,,Aggregated,0.800000,0.000000,2000,2600,3200,3500,4900,9400,126000,176000,181000,181000,181000,183,1,2000,7586.573518769514,1039.4705250000698,180641.9379711151,740.3989071038251
1789882125,3,,Aggregated,0.500000,0.000000,2000,2600,3200,3500,4900,9400,126000,176000,181000,181000,181000,184,1,2000,7552.285247482721,1039.4705250000698,180641.9379711151,737.7717391304348
1789882126,3,,Aggregated,0.500000,0.000000,2000,2600,3200,3500,4900,9400,126000,176000,181000,181000,181000,184,1,2000,7552.285247482721,1039.4705250000698,180641.9379711151,737.7717391304348
1789882127,3,,Aggregated,0.700000,0.000000,2000,2500,3200,3400,4900,9400,126000,176000,181000,181000,181000,186,1,2000,7485.595952880754,1039.4705250000698,180641.9379711151,732.5591397849462
1789882128,3,,Aggregated,0.700000,0.000000,2000,2500,3200,3400,4900,9400,126000,176000,181000,181000,181000,186,1,2000,7485.595952880754,1039.4705250000698,180641.9379711151,732.5591397849462
1789882129,3,,Aggregated,0.700000,0.000000,2000,2500,3200,3400,4900,9400,126000,176000,181000,181000,181000,186,1,2000,7485.595952880754,1039.4705250000698,180641.9379711151,732.5591397849462
1789882130,3,,Aggregated,0.900000,0.000000,2000,2500,3200,3400,4900,9400,126000,176000,181000,181000,181000,187,1,2000,7451.969158956259,1039.4705250000698,180641.9379711151,730.0160427807486
1789882131,3,,Aggregated,0.900000,0.000000,2000,2500,3200,3400,4900,9400,126000,176000,181000,181000,181000,187,1,2000,7451.969158956259,1039.4705250000698,180641.9379711151,730.0160427807486
1789882132,3,,Aggregated,0.700000,0.000000,2000,2500,3100,3400,4900,9400,126000,176000,181000,181000,181000,189,1,2000,7397.221592073126,1039.4705250000698,180641.9379711151,725.010582010582
1789882133,3,,Aggregated,0.700000,0.000000,2000,2500,3100,3400,4900,9400,126000,176000,181000,181000,181000,189,1,2000,7397.221592073126,1039.4705250000698,180641.9379711151,725.010582010582
1789882134,3,,Aggregated,0.600000,0.000000,2000,2500,3100,3400,4900,9400,126000,176000,181000,181000,181000,190,1,2000,7369.291812151685,1039.4705250000698,180641.9379711151,722.5473684210526
1789882135,3,,Aggregated,0.600000,0.000000,2000,2500,3100,3400,4900,9400,126000,176000,181000,181000,181000,190,1,2000,7369.291812151685,1039.4705250000698,180641.9379711151,722.5473684210526
1789882136,3,,Aggregated,0.800000,0.000000,2000,2500,3100,3400,4800,9400,126000,176000,181000,181000,181000,191,1,2000,7338.4743299100555,1039.4705250000698,180641.9379711151,720.109947643979
1789882137,3,,Aggregated,0.800000,0.000000,2000,2500,3100,3400,4800,9400,126000,176000,181000,181000,181000,191,1,2000,7338.4743299100555,1039.4705250000698,180641.9379711151,720.109947643979
1789882138,3,,Aggregated,0.600000,0.000000,2000,2500,3100,3400,4800,9400,126000,176000,181000,181000,181000,193,1,2000,7276.045290916172,1039.4705250000698,180641.9379711151,715.3108808290156
1789882139,3,,Aggregated,0.700000,0.000000,2000,2500,3100,3400,4800,9400,126000,176000,181000,181000,181000,194,1,2000,7245.103791189805,1039.4705250000698,180641.9379711151,712.9484536082474
1789882140,3,,Aggregated,0.700000,0.000000,2000,2500,3100,3400,4800,9400,126000,176000,181000,181000,181000,194,1,2000,7245.103791189805,1039.4705250000698,180641.9379711151,712.9484536082474
1789882141,3,,Aggregated,0.700000,0.000000,2000,2500,3100,3400,4800,9400,126000,176000,181000,181000,181000,194,1,2000,7245.103791189805,1039.4705250000698,180641.9379711151,712.9484536082474
1789882142,3,,Aggregated,0.700000,0.000000,2000,2500,3100,3400,4800,9400,126000,176000,181000,181000,181000,194,1,2000,7245.103791189805,1039.4705250000698,180641.9379711151,712.9484536082474
1789882143,3,,Aggregated,0.700000,0.000000,2000,2500,3100,3400,4800,9400,126000,176000,181000,181000,181000,195,1,2000,7226.15967488114,1039.4705250000698,180641.9379711151,710.6102564102564
1789882144,3,,Aggregated,0.700000,0.000000,2000,2500,3100,3400,4800,9400,126000,176000,181000,181000,181000,195,1,2000,7226.15967488114,1039.4705250000698,180641.9379711151,710.6102564102564
1789882145,3,,Aggregated,0.500000,0.000000,2000,2500,3100,3400,4800,9400,126000,176000,181000,181000,181000,196,1,2000,7196.701442458279,1039.4705250000698,180641.9379711151,708.295918367347
1789882146,3,,Aggregated,0.600000,0.000000,2000,2500,3100,3400,4800,9400,126000,176000,181000,181000,181000,197,1,2000,7175.297216440728,1039.4705250000698,180641.9379711151,706.005076142132
1789882147,3,,Aggregated,0.500000,0.000000,2000,2500,3100,3400,4800,9400,126000,176000,181000,181000,181000,198,1,2000,7145.769245554668,1039.4705250000698,180641.9379711151,703.7373737373738
1789882148,3,,Aggregated,0.500000,0.000000,2000,2500,3100,3400,4800,9400,126000,176000,181000,181000,181000,198,1,2000,7145.769245554668,1039.4705250000698,180641.9379711151,703.7373737373738
1789882149,3,,Aggregated,0.500000,0.000000,2000,2500,3100,3400,4800,9400,126000,176000,181000,181000,181000,198,1,2000,7145.769245554668,1039.4705250000698,180641.9379711151,703.7373737373738
1789882150,3,,Aggregated,0.700000,0.000000,2000,2500,3100,3400,4800,9400,126000,176000,181000,181000,181000,199,1,2000,7115.8233931197165,1039.4705250000698,180641.9379711151,701.4924623115578
1789882151,3,,Aggregated,0.700000,0.000000,2000,2500,3100,3400,4800,9400,126000,176000,181000,181000,181000,199,1,2000,7115.8233931197165,1039.4705250000698,180641.9379711151,701.4924623115578
1789882152,3,,Aggregated,0.400000,0.000000,2000,2500,3100,3400,4800,9400,126000,176000,181000,181000,181000,200,1,2000,7088.45884679412,1039.4705250000698,180641.9379711151,699.27
1789882153,3,,Aggregated,0.500000,0.000000,2000,2400,3000,3400,4200,7900,126000,167000,181000,181000,181000,202,1,2000,7033.3658991426955,1039.4705250000698,180641.9379711151,694.8910891089109
1789882154,3,,Aggregated,0.500000,0.000000,2000,2400,3000,3400,4200,7900,126000,167000,181000,181000,181000,202,1,2000,7033.3658991426955,1039.4705250000698,180641.9379711151,694.8910891089109
1789882155,3,,Aggregated,0.500000,0.000000,2000,2400,3000,3400,4200,7900,126000,167000,181000,181000,181000,202,1,2000,7033.3658991426955,1039.4705250000698,180641.9379711151,694.8910891089109
1789882156,3,,Aggregated,0.500000,0.000000,2000,2400,3000,3400,4200,7900,126000,167000,181000,181000,181000,202,1,2000,7033.3658991426955,1039.4705250000698,180641.9379711151,694.8910891089109
1789882157,3,,Aggregated,0.500000,0.000000,2000,2400,3000,3400,4200,7900,126000,167000,181000,181000,181000,202,1,2000,7033.3658991426955,1039.4705250000698,180641.9379711151,694.8910891089109
1789882158,3,,Aggregated,0.600000,0.000000,2000,2400,3000,3400,4200,7900,126000,167000,181000,181000,181000,203,1,2000,7004.6931988070155,1039.4705250000698,180641.9379711151,692.7339901477833
1789882159,3,,Aggregated,0.400000,0.000000,2000,2400,3000,3400,4200,7900,126000,167000,181000,181000,181000,205,1,2000,6951.755768477194,1039.4705250000698,180641.9379711151,688.4829268292683
1789882160,3,,Aggregated,0.400000,0.000000,2000,2400,3000,3400,4200,7900,126000,167000,181000,181000,181000,205,1,2000,6951.755768477194,1039.4705250000698,180641.9379711151,688.4829268292683
1789882161,3,,Aggregated,0.400000,0.000000,2000,2400,3000,3400,4200,7900,126000,167000,181000,181000,181000,205,1,2000,6951.755768477194,1039.4705250000698,180641.9379711151,688.4829268292683
1789882162,3,,Aggregated,0.400000,0.000000,2000,2400,3000,3400,4200,7900,126000,167000,181000,181000,181000,205,1,2000,6951.755768477194,1039.4705250000698,180641.9379711151,688.4829268292683
1789882163,3,,Aggregated,0.400000,0.000000,2000,2400,3000,3400,4200,7900,126000,167000,181000,181000,181000,205,1,2000,6951.755768477194,1039.4705250000698,180641.9379711151,688.4829268292683
1789882164,3,,Aggregated,0.400000,0.000000,2000,2400,3000,3400,4200,7900,126000,167000,181000,181000,181000,205,1,2000,6951.755768477194,1039.4705250000698,180641.9379711151,688.4829268292683
1789882165,3,,Aggregated,0.400000,0.000000,2000,2400,3000,3400,4200,7900,126000,167000,181000,181000,181000,205,1,2000,6951.755768477194,1039.4705250000698,180641.9379711151,688.4829268292683
1789882166,3,,Aggregated,0.300000,0.000000,2000,2400,3000,3400,4200,7900,126000,167000,181000,181000,181000,206,1,2000,6930.878158523418,1039.4705250000698,180641.9379711151,686.3883495145631
1789882167,3,,Aggregated,0.300000,0.000000,2000,2400,3000,3400,4200,7900,126000,167000,181000,181000,181000,207,1,2000,6910.829003820409,1039.4705250000698,180641.9379711151,684.3140096618357
1789882168,3,,Aggregated,0.300000,0.000000,2000,2500,3000,3400,4200,7900,126000,167000,181000,181000,181000,208,1,2000,6896.07132775877,1039.4705250000698,180641.9379711151,682.2596153846154
1789882169,3,,Aggregated,0.300000,0.000000,2000,2500,3000,3400,4200,7900,126000,167000,181000,181000,181000,208,1,2000,6896.07132775877,1039.4705250000698,180641.9379711151,682.2596153846154
1789882170,3,,Aggregated,0.300000,0.000000,2000,2500,3000,3400,4200,7900,126000,167000,181000,181000,181000,208,1,2000,6896.07132775877,1039.4705250000698,180641.9379711151,682.2596153846154
1789882171,3,,Aggregated,0.300000,0.000000,2000,2500,3000,3400,4200,7900,126000,167000,181000,181000,181000,208,1,2000,6896.07132775877,1039.4705250000698,180641.9379711151,682.2596153846154
1789882172,3,,Aggregated,0.500000,0.000000,2000,2400,3000,3400,4200,7900,126000,167000,181000,181000,181000,209,1,2000,6868.722595592462,1039.4705250000698,180641.9379711151,680.2248803827752
1789882173,3,,Aggregated,0.300000,0.000000,2000,2400,3000,3400,4200,7900,126000,167000,181000,181000,181000,210,1,2000,6841.818062203925,1039.4705250000698,180641.9379711151,678.2095238095238
1789882174,3,,Aggregated,0.400000,0.000000,2000,2400,3000,3400,4200,7900,126000,167000,181000,181000,181000,211,1,2000,6815.106658084479,1039.4705250000698,180641.9379711151,676.2132701421801
1789882175,3,,Aggregated,0.400000,0.000000,2000,2400,3000,3400,4200,7900,126000,167000,181000,181000,181000,211,1,2000,6815.106658084479,1039.4705250000698,180641.9379711151,676.2132701421801
1789882176,3,,Aggregated,0.400000,0.000000,2000,2400,3000,3400,4200,7900,126000,167000,181000,181000,181000,211,1,2000,6815.106658084479,1039.4705250000698,180641.9379711151,676.2132701421801
1789882177,3,,Aggregated,0.400000,0.000000,2000,2400,3000,3400,4200,7900,126000,167000,181000,181000,181000,211,1,2000,6815.106658084479,1039.4705250000698,180641.9379711151,676.2132701421801
1789882178,3,,Aggregated,0.500000,0.000000,2000,2400,3000,3400,4200,7900,126000,167000,181000,181000,181000,212,1,2000,6790.4355323104965,1039.4705250000698,180641.9379711151,674.2358490566038
1789882179,3,,Aggregated,0.500000,0.000000,2000,2400,3000,3400,4200,7900,126000,167000,181000,181000,181000,212,1,2000,6790.4355323104965,1039.4705250000698,180641.9379711151,674.2358490566038
1789882180,3,,Aggregated,0.400000,0.000000,2000,2400,3000,3400,4200,7900,126000,167000,181000,181000,181000,213,1,2000,6765.193378402933,1039.4705250000698,180641.9379711151,672.2769953051643
1789882181,3,,Aggregated,0.300000,0.000000,2000,2400,3000,3400,4200,7900,126000,167000,181000,181000,181000,214,1,2000,6739.285252564599,1039.4705250000698,180641.9379711151,670.3364485981308
1789882182,3,,Aggregated,0.300000,0.000000,2000,2400,3000,3400,4200,7900,126000,167000,181000,181000,181000,214,1,2000,6739.285252564599,1039.4705250000698,180641.9379711151,670.3364485981308
1789882183,3,,Aggregated,0.300000,0.000000,2000,2400,3000,3400,4200,7900,126000,167000,181000,181000,181000,214,1,2000,6739.285252564599,1039.4705250000698,180641.9379711151,670.3364485981308
1789882184,3,,Aggregated,0.300000,0.000000,2000,2400,3000,3400,4200,7900,126000,167000,181000,181000,181000,214,1,2000,6739.285252564599,1039.4705250000698,180641.9379711151,670.3364485981308
1789882185,3,,Aggregated,0.500000,0.000000,1900,2400,3000,3400,4200,7900,126000,167000,181000,181000,181000,215,1,1900,6714.193561548019,1039.4705250000698,180641.9379711151,668.413953488372
1789882186,3,,Aggregated,0.500000,0.000000,1900,2400,3000,3400,4200,7900,126000,167000,181000,181000,181000,216,1,1900,6688.643495786223,1039.4705250000698,180641.9379711151,666.5092592592592
1789882187,3,,Aggregated,0.400000,0.000000,1900,2400,3000,3400,4200,7900,126000,167000,181000,181000,181000,217,1,1900,6663.07982823421,1039.4705250000698,180641.9379711151,664.6221198156682
1789882188,3,,Aggregated,0.400000,0.000000,1900,2400,3000,3400,4200,7900,126000,167000,181000,181000,181000,217,1,1900,6663.07982823421,1039.4705250000698,180641.9379711151,664.6221198156682
1789882189,3,,Aggregated,0.400000,0.000000,1900,2400,3000,3400,4200,7900,126000,167000,181000,181000,181000,217,1,1900,6663.07982823421,1039.4705250000698,180641.9379711151,664.6221198156682
1789882190,3,,Aggregated,0.400000,0.000000,1900,2400,3000,3400,4200,7900,126000,167000,181000,181000,181000,217,1,1900,6663.07982823421,1039.4705250000698,180641.9379711151,664.6221198156682
1789882191,3,,Aggregated,0.600000,0.000000,1900,2400,3000,3400,4200,7900,126000,167000,181000,181000,181000,218,1,1900,6638.772106444143,1039.4705250000698,180641.9379711151,662.7522935779816
1789882192,3,,Aggregated,0.500000,0.000000,1900,2400,3000,3400,4200,7900,126000,167000,181000,181000,181000,219,1,1900,6614.007175551702,1039.4705250000698,180641.9379711151,660.8995433789954
1789882193,3,,Aggregated,0.400000,0.000000,1900,2400,3000,3400,4200,7900,126000,167000,181000,181000,181000,220,1,1900,6591.162164408285,1039.4705250000698,180641.9379711151,659.0636363636364
1789882194,3,,Aggregated,0.400000,0.000000,1900,2400,3000,3400,4200,7900,126000,167000,181000,181000,181000,220,1,1900,6591.162164408285,1039.4705250000698,180641.9379711151,659.0636363636364
1789882195,3,,Aggregated,0.400000,0.000000,1900,2400,3000,3400,4200,7900,126000,167000,181000,181000,181000,220,1,1900,6591.162164408285,1039.4705250000698,180641.9379711151,659.0636363636364
1789882196,3,,Aggregated,0.400000,0.000000,1900,2400,3000,3400,4200,7900,126000,167000,181000,181000,181000,220,1,1900,6591.162164408285,1039.4705250000698,180641.9379711151,659.0636363636364
1789882197,3,,Aggregated,0.500000,0.000000,1900,2400,3000,3300,4000,6500,126000,167000,181000,181000,181000,221,1,1900,6567.400808035397,1039.4705250000698,180641.9379711151,657.2443438914028
1789882198,3,,Aggregated,0.400000,0.000000,1900,2400,3000,3300,4000,6500,126000,167000,181000,181000,181000,222,1,1900,6543.075425972176,1039.4705250000698,180641.9379711151,655.4414414414415
1789882199,3,,Aggregated,0.400000,0.000000,1900,2400,3000,3300,4000,6500,126000,167000,181000,181000,181000,222,1,1900,6543.075425972176,1039.4705250000698,180641.9379711151,655.4414414414415
1789882200,3,,Aggregated,0.300000,0.000000,1900,2400,3000,3300,4000,6500,126000,167000,181000,181000,181000,223,1,1900,6519.90938330414,1039.4705250000698,180641.9379711151,653.6547085201794
1789882201,3,,Aggregated,0.300000,0.000000,1900,2400,3000,3300,4000,6500,126000,167000,181000,181000,181000,223,1,1900,6519.90938330414,1039.4705250000698,180641.9379711151,653.6547085201794
1789882202,3,,Aggregated,0.300000,0.000000,1900,2400,3000,3300,4000,6500,126000,167000,181000,181000,181000,223,1,1900,6519.90938330414,1039.4705250000698,180641.9379711151,653.6547085201794
1789882203,3,,Aggregated,0.300000,0.000000,1900,2400,3000,3300,4000,6500,126000,167000,181000,181000,181000,223,1,1900,6519.90938330414,1039.4705250000698,180641.9379711151,653.6547085201794
1789882204,3,,Aggregated,0.300000,0.000000,1900,2400,3000,3300,4000,6500,126000,167000,181000,181000,181000,223,1,1900,6519.90938330414,1039.4705250000698,180641.9379711151,653.6547085201794
1789882205,3,,Aggregated,0.300000,0.000000,1900,2400,3000,3300,4000,6500,126000,167000,181000,181000,181000,223,1,1900,6519.90938330414,1039.4705250000698,180641.9379711151,653.6547085201794
1789882206,3,,Aggregated,0.300000,0.000000,1900,2400,3000,3300,4000,6500,126000,167000,181000,181000,181000,223,1,1900,6519.90938330414,1039.4705250000698,180641.9379711151,653.6547085201794
1789882207,3,,Aggregated,0.300000,0.000000,1900,2400,3000,3300,4000,6500,126000,167000,181000,181000,181000,223,1,1900,6519.90938330414,1039.4705250000698,180641.9379711151,653.6547085201794
1789882208,3,,Aggregated,0.300000,0.000000,1900,2400,3000,3300,4000,6500,126000,167000,181000,181000,181000,223,1,1900,6519.90938330414,1039.4705250000698,180641.9379711151,653.6547085201794
1789882209,3,,Aggregated,0.300000,0.000000,1900,2400,3000,3300,4000,6500,126000,167000,181000,181000,181000,223,1,1900,6519.90938330414,1039.4705250000698,180641.9379711151,653.6547085201794
1789882210,3,,Aggregated,0.300000,0.000000,1900,2400,3000,3300,4000,6500,126000,167000,181000,181000,181000,223,1,1900,6519.90938330414,1039.4705250000698,180641.9379711151,653.6547085201794
1789882211,3,,Aggregated,0.300000,0.000000,1900,2400,3000,3300,4000,6500,126000,167000,181000,181000,181000,223,1,1900,6519.90938330414,1039.4705250000698,180641.9379711151,653.6547085201794
1789882212,3,,Aggregated,0.300000,0.000000,1900,2400,3000,3300,4000,6500,126000,167000,181000,181000,181000,223,1,1900,6519.90938330414,1039.4705250000698,180641.9379711151,653.6547085201794
1789882213,3,,Aggregated,0.000000,0.000000,1900,2400,3000,3400,4800,9400,126000,167000,181000,181000,181000,226,1,1900,6554.877806547888,1039.4705250000698,180641.9379711151,648.3716814159292
1789882214,3,,Aggregated,0.000000,0.000000,1900,2400,3000,3400,4800,9400,126000,167000,181000,181000,181000,226,1,1900,6554.877806547888,1039.4705250000698,180641.9379711151,648.3716814159292
1789882215,3,,Aggregated,0.000000,0.000000,1900,2400,3000,3400,4800,9400,126000,167000,181000,181000,181000,226,1,1900,6554.877806547888,1039.4705250000698,180641.9379711151,648.3716814159292
1789882216,3,,Aggregated,0.000000,0.000000,1900,2400,3000,3400,4800,9400,126000,167000,181000,181000,181000,226,1,1900,6554.877806547888,1039.4705250000698,180641.9379711151,648.3716814159292
1789882217,3,,Aggregated,0.000000,0.000000,1900,2400,3000,3400,4800,9400,126000,167000,181000,181000,181000,226,1,1900,6554.877806547888,1039.4705250000698,180641.9379711151,648.3716814159292
1789882218,3,,Aggregated,0.000000,0.000000,1900,2400,3000,3400,4800,9400,126000,167000,181000,181000,181000,226,1,1900,6554.877806547888,1039.4705250000698,180641.9379711151,648.3716814159292
1789882219,3,,Aggregated,0.000000,0.000000,1900,2400,3000,3400,4800,9400,126000,167000,181000,181000,181000,226,1,1900,6554.877806547888,1039.4705250000698,180641.9379711151,648.3716814159292
1789882220,3,,Aggregated,0.000000,0.000000,1900,2400,3000,3400,4800,9400,126000,167000,181000,181000,181000,226,1,1900,6554.877806547888,1039.4705250000698,180641.9379711151,648.3716814159292
1789882221,3,,Aggregated,0.300000,0.000000,1900,2400,3000,3400,4800,9400,126000,167000,181000,181000,181000,228,1,1900,6524.647387424662,1039.4705250000698,180641.9379711151,644.938596491228
1789882222,3,,Aggregated,0.300000,0.000000,1900,2400,3000,3400,4800,9400,126000,167000,181000,181000,181000,228,1,1900,6524.647387424662,1039.4705250000698,180641.9379711151,644.938596491228
1789882223,3,,Aggregated,0.300000,0.000000,1900,2400,3000,3400,4800,9400,126000,167000,181000,181000,181000,228,1,1900,6524.647387424662,1039.4705250000698,180641.9379711151,644.938596491228
1789882224,3,,Aggregated,0.300000,0.000000,1900,2400,3000,3400,4800,9400,126000,167000,181000,181000,181000,228,1,1900,6524.647387424662,1039.4705250000698,180641.9379711151,644.938596491228
1789882225,3,,Aggregated,0.300000,0.000000,1900,2400,3000,3400,4800,9400,126000,167000,181000,181000,181000,228,1,1900,6524.647387424662,1039.4705250000698,180641.9379711151,644.938596491228
1789882226,3,,Aggregated,0.300000,0.000000,1900,2400,3000,3400,4800,9400,126000,167000,181000,181000,181000,228,1,1900,6524.647387424662,1039.4705250000698,180641.9379711151,644.938596491228
1789882227,3,,Aggregated,0.200000,0.000000,1900,2400,3000,3400,5100,9400,126000,176000,206000,206000,206000,230,1,1900,7405.607857072448,1039.4705250000698,206292.07611083984,747.9260869565218
1789882228,3,,Aggregated,0.200000,0.000000,1900,2400,3000,3400,5100,9400,126000,176000,206000,206000,206000,230,1,1900,7405.607857072448,1039.4705250000698,206292.07611083984,747.9260869565218
1789882229,3,,Aggregated,0.200000,0.000000,2000,2500,3000,3400,4900,9400,126000,176000,206000,206000,206000,232,1,2000,7366.989972101998,1039.4705250000698,206292.07611083984,743.6939655172414
1789882230,3,,Aggregated,0.200000,0.000000,2000,2500,3000,3400,4900,9400,126000,176000,206000,206000,206000,232,1,2000,7366.989972101998,1039.4705250000698,206292.07611083984,743.6939655172414
1789882231,3,,Aggregated,0.400000,0.000000,2000,2500,3000,3400,4900,9400,126000,176000,206000,206000,206000,233,1,2000,7350.808127037185,1039.4705250000698,206292.07611083984,740.8283261802575
1789882232,3,,Aggregated,0.400000,0.000000,2000,2500,3000,3400,4900,9400,126000,176000,206000,206000,206000,233,1,2000,7350.808127037185,1039.4705250000698,206292.07611083984,740.8283261802575
1789882233,3,,Aggregated,0.400000,0.000000,2000,2500,3000,3400,4900,9400,126000,176000,206000,206000,206000,233,1,2000,7350.808127037185,1039.4705250000698,206292.07611083984,740.8283261802575
1789882234,3,,Aggregated,0.400000,0.000000,2000,2500,3000,3400,4900,9400,126000,176000,206000,206000,206000,233,1,2000,7350.808127037185,1039.4705250000698,206292.07611083984,740.8283261802575
1789882235,3,,Aggregated,0.400000,0.000000,2000,2500,3000,3400,4900,9400,126000,176000,206000,206000,206000,233,1,2000,7350.808127037185,1039.4705250000698,206292.07611083984,740.8283261802575
1789882236,3,,Aggregated,0.400000,0.000000,2000,2500,3000,3400,4900,9400,126000,176000,206000,206000,206000,233,1,2000,7350.808127037185,1039.4705250000698,206292.07611083984,740.8283261802575
1789882237,3,,Aggregated,0.500000,0.000000,2000,2600,3100,3400,4900,9400,126000,176000,206000,206000,206000,234,1,2000,7339.213125173777,1039.4705250000698,206292.07611083984,738.7606837606837
1789882238,3,,Aggregated,0.500000,0.000000,2000,2600,3100,3400,4900,9400,126000,176000,206000,206000,206000,234,1,2000,7339.213125173777,1039.4705250000698,206292.07611083984,738.7606837606837
1789882239,3,,Aggregated,0.500000,0.000000,2000,2600,3100,3400,4900,9400,126000,176000,206000,206000,206000,234,1,2000,7339.213125173777,1039.4705250000698,206292.07611083984,738.7606837606837
1789882240,3,,Aggregated,0.500000,0.000000,2000,2600,3100,3400,4900,9400,126000,176000,206000,206000,206000,234,1,2000,7339.213125173777,1039.4705250000698,206292.07611083984,738.7606837606837
1789882241,3,,Aggregated,0.400000,0.000000,2000,2600,3200,3500,5200,9400,126000,176000,206000,206000,206000,236,1,2000,7340.816301447731,1039.4705250000698,206292.07611083984,734.6779661016949
1789882242,3,,Aggregated,0.200000,0.000000,2000,2700,3100,3500,5200,9400,126000,176000,206000,206000,206000,237,1,2000,7322.028237066094,1039.4705250000698,206292.07611083984,732.662447257384
1789882243,3,,Aggregated,0.200000,0.000000,2000,2700,3100,3500,5200,9400,126000,176000,206000,206000,206000,237,1,2000,7322.028237066094,1039.4705250000698,206292.07611083984,732.662447257384
1789882244,3,,Aggregated,0.200000,0.000000,2000,2700,3100,3500,5200,9400,126000,176000,206000,206000,206000,237,1,2000,7322.028237066094,1039.4705250000698,206292.07611083984,732.662447257384
1789882245,3,,Aggregated,0.200000,0.000000,2000,2700,3100,3500,5200,9400,126000,176000,206000,206000,206000,237,1,2000,7322.028237066094,1039.4705250000698,206292.07611083984,732.662447257384
1789882246,3,,Aggregated,0.400000,0.000000,2000,2700,3100,3500,5200,9400,126000,176000,206000,206000,206000,238,1,2000,7299.376963334726,1039.4705250000698,206292.07611083984,730.6638655462185
1789882247,3,,Aggregated,0.400000,0.000000,2000,2700,3100,3500,5200,9400,126000,176000,206000,206000,206000,238,1,2000,7299.376963334726,1039.4705250000698,206292.07611083984,730.6638655462185
1789882248,3,,Aggregated,0.400000,0.000000,2000,2600,3100,3500,5200,9400,126000,176000,206000,206000,206000,239,1,2000,7277.517258504872,1039.4705250000698,206292.07611083984,728.6820083682009
1789882249,3,,Aggregated,0.500000,0.000000,2000,2600,3100,3500,5200,9400,126000,176000,206000,206000,206000,240,1,2000,7258.044122623602,1039.4705250000698,206292.07611083984,726.7166666666667
1789882250,3,,Aggregated,0.400000,0.000000,2000,2600,3100,3400,5100,9400,126000,176000,206000,206000,206000,241,1,2000,7235.111976658357,1039.4705250000698,206292.07611083984,724.7676348547718
1789882251,3,,Aggregated,0.400000,0.000000,2000,2600,3100,3400,5100,9400,126000,176000,206000,206000,206000,241,1,2000,7235.111976658357,1039.4705250000698,206292.07611083984,724.7676348547718
1789882252,3,,Aggregated,0.400000,0.000000,2000,2600,3100,3400,5100,9400,126000,176000,206000,206000,206000,241,1,2000,7235.111976658357,1039.4705250000698,206292.07611083984,724.7676348547718
1789882253,3,,Aggregated,0.400000,0.000000,2000,2600,3100,3400,5100,9400,126000,176000,206000,206000,206000,241,1,2000,7235.111976658357,1039.4705250000698,206292.07611083984,724.7676348547718
1789882254,3,,Aggregated,0.400000,0.000000,2000,2600,3100,3400,5100,9400,126000,176000,206000,206000,206000,241,1,2000,7235.111976658357,1039.4705250000698,206292.07611083984,724.7676348547718
1789882255,3,,Aggregated,0.400000,0.000000,2000,2600,3100,3400,5100,9400,126000,176000,206000,206000,206000,242,1,2000,7217.362330201089,1039.4705250000698,206292.07611083984,722.8347107438017
1789882256,3,,Aggregated,0.400000,0.000000,2000,2600,3100,3400,5100,9400,126000,176000,206000,206000,206000,242,1,2000,7217.362330201089,1039.4705250000698,206292.07611083984,722.8347107438017
1789882257,3,,Aggregated,0.500000,0.000000,2000,2700,3100,3500,5200,9400,149000,176000,206000,206000,206000,245,1,2000,7766.854993738356,1039.4705250000698,206292.07611083984,785.9102040816326
1789882258,3,,Aggregated,0.500000,0.000000,2000,2700,3100,3500,5200,9400,149000,176000,206000,206000,206000,246,1,2000,7741.02206665812,1039.4705250000698,206292.07611083984,783.760162601626
1789882259,3,,Aggregated,0.500000,0.000000,2000,2700,3100,3500,5200,9400,149000,176000,206000,206000,206000,246,1,2000,7741.02206665812,1039.4705250000698,206292.07611083984,783.760162601626
1789882260,3,,Aggregated,0.700000,0.000000,2000,2700,3200,3500,5200,9400,149000,176000,206000,206000,206000,247,1,2000,7722.440161145334,1039.4705250000698,206292.07611083984,780.8947368421053
1789882261,3,,Aggregated,0.700000,0.000000,2000,2700,3200,3500,5200,9400,149000,176000,206000,206000,206000,247,1,2000,7722.440161145334,1039.4705250000698,206292.07611083984,780.8947368421053
1789882262,3,,Aggregated,0.700000,0.000000,2000,2700,3200,3500,5200,9400,149000,176000,206000,206000,206000,247,1,2000,7722.440161145334,1039.4705250000698,206292.07611083984,780.8947368421053
1789882263,3,,Aggregated,0.700000,0.000000,2000,2700,3200,3500,5200,9400,149000,176000,206000,206000,206000,247,1,2000,7722.440161145334,1039.4705250000698,206292.07611083984,780.8947368421053
1789882264,3,,Aggregated,0.600000,0.000000,2000,2700,3200,3500,5200,9400,144000,176000,206000,206000,206000,251,1,2000,8192.805481836844,1039.4705250000698,206292.07611083984,837.7211155378486
1789882265,3,,Aggregated,0.600000,0.000000,2000,2700,3200,3500,5200,9400,144000,176000,206000,206000,206000,251,1,2000,8192.805481836844,1039.4705250000698,206292.07611083984,837.7211155378486
1789882266,3,,Aggregated,0.600000,0.000000,2000,2700,3200,3500,5200,9400,144000,176000,206000,206000,206000,251,1,2000,8192.805481836844,1039.4705250000698,206292.07611083984,837.7211155378486
1789882267,3,,Aggregated,0.900000,0.000000,2000,2700,3200,3500,5200,9400,144000,176000,206000,206000,206000,252,1,2000,8171.8322570716155,1039.4705250000698,206292.07611083984,834.6984126984127
1789882268,3,,Aggregated,0.900000,0.000000,2000,2700,3100,3500,5200,9400,144000,176000,206000,206000,206000,253,1,2000,8147.616069150384,1039.4705250000698,206292.07611083984,832.4150197628459
1789882269,3,,Aggregated,0.900000,0.000000,2000,2700,3100,3500,5200,9400,144000,176000,206000,206000,206000,253,1,2000,8147.616069150384,1039.4705250000698,206292.07611083984,832.4150197628459
1789882270,3,,Aggregated,0.700000,0.000000,2000,2700,3100,3500,5200,9400,144000,176000,206000,206000,206000,255,1,2000,8093.816669749205,1039.4705250000698,206292.07611083984,827.8705882352941
1789882271,3,,Aggregated,0.700000,0.000000,2000,2700,3100,3500,5200,9400,144000,176000,206000,206000,206000,255,1,2000,8093.816669749205,1039.4705250000698,206292.07611083984,827.8705882352941
1789882272,3,,Aggregated,0.700000,0.000000,2000,2700,3100,3400,5200,9400,144000,176000,206000,206000,206000,256,1,2000,8069.153623195495,1039.4705250000698,206292.07611083984,825.640625
1789882273,3,,Aggregated,0.700000,0.000000,2000,2700,3100,3400,5200,9400,144000,176000,206000,206000,206000,256,1,2000,8069.153623195495,1039.4705250000698,206292.07611083984,825.640625
1789882274,3,,Aggregated,0.800000,0.000000,2000,2700,3100,3400,5200,9400,144000,176000,206000,206000,206000,257,1,2000,8043.98633636205,1039.4705250000698,206292.07611083984,823.4280155642024
1789882275,3,,Aggregated,0.900000,0.000000,2000,2700,3100,3400,5200,9400,144000,176000,206000,206000,206000,258,1,2000,8017.365936019559,1039.4705250000698,206292.07611083984,821.2325581395348
1789882276,3,,Aggregated,0.900000,0.000000,2000,2700,3100,3400,5200,9400,144000,176000,206000,206000,206000,258,1,2000,8017.365936019559,1039.4705250000698,206292.07611083984,821.2325581395348
1789882277,3,,Aggregated,0.700000,0.000000,2000,2600,3100,3400,5200,9400,144000,176000,206000,206000,206000,259,1,2000,7994.775548826435,1039.4705250000698,206292.07611083984,819.0540540540541
1789882278,3,,Aggregated,0.700000,0.000000,2000,2600,3000,3400,5100,9400,144000,176000,206000,206000,206000,261,1,2000,7947.219728191748,1039.4705250000698,206292.07611083984,814.7471264367816
1789882279,3,,Aggregated,0.700000,0.000000,2000,2600,3000,3400,5100,9400,144000,176000,206000,206000,206000,261,1,2000,7947.219728191748,1039.4705250000698,206292.07611083984,814.7471264367816
1789882280,3,,Aggregated,0.700000,0.000000,2000,2600,3000,3400,5100,9400,144000,176000,206000,206000,206000,261,1,2000,7947.219728191748,1039.4705250000698,206292.07611083984,814.7471264367816
1789882281,3,,Aggregated,0.700000,0.000000,2000,2600,3000,3400,5100,9400,144000,176000,206000,206000,206000,261,1,2000,7947.219728191748,1039.4705250000698,206292.07611083984,814.7471264367816
1789882282,3,,Aggregated,0.800000,0.000000,2000,2600,3000,3400,5100,9400,144000,176000,206000,206000,206000,263,1,2000,7897.802890638958,1039.4705250000698,206292.07611083984,810.5057034220532
1789882283,3,,Aggregated,0.800000,0.000000,2000,2600,3000,3400,5100,9400,144000,176000,206000,206000,206000,263,1,2000,7897.802890638958,1039.4705250000698,206292.07611083984,810.5057034220532
1789882284,3,,Aggregated,0.600000,0.000000,2000,2600,3000,3400,5100,9400,144000,176000,206000,206000,206000,264,1,2000,7872.904495102449,1039.4705250000698,206292.07611083984,808.4090909090909
1789882285,3,,Aggregated,0.700000,0.000000,2000,2600,3000,3400,5100,9400,144000,176000,206000,206000,206000,266,1,2000,7824.754529018973,1039.4705250000698,206292.07611083984,804.2631578947369
1789882286,3,,Aggregated,0.700000,0.000000,2000,2600,3000,3400,5100,9400,144000,176000,206000,206000,206000,266,1,2000,7824.754529018973,1039.4705250000698,206292.07611083984,804.2631578947369
1789882287,3,,Aggregated,0.700000,0.000000,2000,2600,3000,3400,5100,9400,144000,176000,206000,206000,206000,266,1,2000,7824.754529018973,1039.4705250000698,206292.07611083984,804.2631578947369
1789882288,3,,Aggregated,0.800000,0.000000,2000,2500,3000,3400,5100,9400,144000,176000,206000,206000,206000,268,1,2000,7776.514386936738,1039.4705250000698,206292.07611083984,800.179104477612
1789882289,3,,Aggregated,0.800000,0.000000,2000,2500,3000,3400,5100,9400,144000,176000,206000,206000,206000,268,1,2000,7776.514386936738,1039.4705250000698,206292.07611083984,800.179104477612
1789882290,3,,Aggregated,0.800000,0.000000,2000,2500,3000,3400,5100,9400,144000,176000,206000,206000,206000,268,1,2000,7776.514386936738,1039.4705250000698,206292.07611083984,800.179104477612
1789882291,3,,Aggregated,0.700000,0.000000,1900,2500,3000,3400,5100,9400,144000,176000,206000,206000,206000,269,1,1900,7754.357423081954,1039.4705250000698,206292.07611083984,798.1598513011153
1789882292,3,,Aggregated,0.700000,0.000000,1900,2500,3000,3400,5100,9400,144000,176000,206000,206000,206000,270,1,1900,7732.691734066835,1039.4705250000698,206292.07611083984,796.1555555555556
1789882293,3,,Aggregated,0.700000,0.000000,1900,2500,3000,3400,5100,9400,144000,176000,206000,206000,206000,270,1,1900,7732.691734066835,1039.4705250000698,206292.07611083984,796.1555555555556
1789882294,3,,Aggregated,0.700000,0.000000,1900,2500,3000,3400,5100,9400,144000,176000,206000,206000,206000,270,1,1900,7732.691734066835,1039.4705250000698,206292.07611083984,796.1555555555556
1789882295,3,,Aggregated,0.600000,0.000000,1900,2500,3000,3400,4900,9400,144000,176000,206000,206000,206000,271,1,1900,7709.727039487252,1039.4705250000698,206292.07611083984,794.1660516605166
1789882296,3,,Aggregated,0.700000,0.000000,1900,2500,3000,3400,4900,9400,144000,176000,206000,206000,206000,272,1,1900,7685.839364808992,1039.4705250000698,206292.07611083984,792.1911764705883
1789882297,3,,Aggregated,0.600000,0.000000,1900,2500,3000,3400,4900,9400,144000,176000,206000,206000,206000,273,1,1900,7663.627989425077,1039.4705250000698,206292.07611083984,790.2307692307693
1789882298,3,,Aggregated,0.600000,0.000000,1900,2500,3000,3400,4900,9400,144000,176000,206000,206000,206000,273,1,1900,7663.627989425077,1039.4705250000698,206292.07611083984,790.2307692307693
1789882299,3,,Aggregated,0.600000,0.000000,1900,2500,3000,3400,4900,9400,144000,176000,206000,206000,206000,273,1,1900,7663.627989425077,1039.4705250000698,206292.07611083984,790.2307692307693
1789882300,3,,Aggregated,0.600000,0.000000,1900,2500,3000,3400,4900,9400,144000,176000,206000,206000,206000,273,1,1900,7663.627989425077,1039.4705250000698,206292.07611083984,790.2307692307693
1789882301,3,,Aggregated,0.500000,0.000000,1900,2400,3000,3400,4900,9400,144000,176000,206000,206000,206000,274,1,1900,7640.054028040314,1039.4705250000698,206292.07611083984,788.2846715328467
1789882302,3,,Aggregated,0.500000,0.000000,1900,2400,3000,3400,4900,9400,144000,176000,206000,206000,206000,275,1,1900,7616.539603429259,1039.4705250000698,206292.07611083984,786.3527272727273
1789882303,3,,Aggregated,0.500000,0.000000,1900,2400,3000,3400,4900,9400,144000,176000,206000,206000,206000,275,1,1900,7616.539603429259,1039.4705250000698,206292.07611083984,786.3527272727273
1789882304,3,,Aggregated,0.400000,0.000000,1900,2400,3000,3400,4900,9400,144000,176000,206000,206000,206000,276,1,1900,7594.292718978428,1039.4705250000698,206292.07611083984,784.4347826086956
1789882305,3,,Aggregated,0.400000,0.000000,1900,2400,3000,3400,4900,9400,144000,176000,206000,206000,206000,276,1,1900,7594.292718978428,1039.4705250000698,206292.07611083984,784.4347826086956
1789882306,3,,Aggregated,0.400000,0.000000,1900,2400,3000,3400,4900,9400,144000,176000,206000,206000,206000,276,1,1900,7594.292718978428,1039.4705250000698,206292.07611083984,784.4347826086956
1789882307,3,,Aggregated,0.500000,0.000000,1900,2400,3000,3400,4900,9400,144000,176000,206000,206000,206000,277,1,1900,7571.296710985729,1039.4705250000698,206292.07611083984,782.5306859205776
1789882308,3,,Aggregated,0.400000,0.000000,1900,2400,3000,3400,4900,9400,144000,176000,206000,206000,206000,278,1,1900,7549.174940446214,1039.4705250000698,206292.07611083984,780.6402877697842
1789882309,3,,Aggregated,0.400000,0.000000,1900,2400,3000,3400,4900,9400,144000,176000,206000,206000,206000,278,1,1900,7549.174940446214,1039.4705250000698,206292.07611083984,780.6402877697842
1789882310,3,,Aggregated,0.400000,0.000000,1900,2400,3000,3400,4900,9400,144000,176000,206000,206000,206000,279,1,1900,7526.420628010925,1039.4705250000698,206292.07611083984,778.763440860215
1789882311,3,,Aggregated,0.400000,0.000000,1900,2400,3000,3400,4900,9400,144000,176000,206000,206000,206000,279,1,1900,7526.420628010925,1039.4705250000698,206292.07611083984,778.763440860215
1789882312,3,,Aggregated,0.400000,0.000000,1900,2400,3000,3400,4900,9400,144000,176000,206000,206000,206000,279,1,1900,7526.420628010925,1039.4705250000698,206292.07611083984,778.763440860215
1789882313,3,,Aggregated,0.400000,0.000000,1900,2400,3000,3400,4900,9400,144000,176000,206000,206000,206000,279,1,1900,7526.420628010925,1039.4705250000698,206292.07611083984,778.763440860215
1789882314,3,,Aggregated,0.400000,0.000000,1900,2400,3000,3300,4800,9400,144000,176000,206000,206000,206000,281,1,1900,7482.088233327572,1039.4705250000698,206292.07611083984,775.0498220640569
1789882315,3,,Aggregated,0.400000,0.000000,1900,2400,3000,3300,4800,9400,144000,176000,206000,206000,206000,281,1,1900,7482.088233327572,1039.4705250000698,206292.07611083984,775.0498220640569
1789882316,3,,Aggregated,0.400000,0.000000,1900,2400,3000,3300,4800,9400,144000,176000,206000,206000,206000,282,1,1900,7459.857912142016,1039.4705250000698,206292.07611083984,773.2127659574468
1789882317,3,,Aggregated,0.400000,0.000000,1900,2400,3000,3300,4800,9400,144000,176000,206000,206000,206000,282,1,1900,7459.857912142016,1039.4705250000698,206292.07611083984,773.2127659574468
1789882318,3,,Aggregated,0.400000,0.000000,1900,2400,3000,3300,4800,9400,144000,176000,206000,206000,206000,282,1,1900,7459.857912142016,1039.4705250000698,206292.07611083984,773.2127659574468
1789882319,3,,Aggregated,0.400000,0.000000,1900,2400,3000,3300,4800,9400,144000,176000,206000,206000,206000,282,1,1900,7459.857912142016,1039.4705250000698,206292.07611083984,773.2127659574468
1789882320,3,,Aggregated,0.600000,0.000000,1900,2400,3000,3300,4800,9400,144000,176000,206000,206000,206000,283,1,1900,7438.544357134446,1039.4705250000698,206292.07611083984,771.3886925795053
1789882321,3,,Aggregated,0.400000,0.000000,1900,2400,3000,3300,4800,9400,144000,176000,206000,206000,206000,284,1,1900,7417.886257172705,1039.4705250000698,206292.07611083984,769.5774647887324
1789882322,3,,Aggregated,0.400000,0.000000,1900,2400,3000,3300,4800,9400,144000,176000,206000,206000,206000,285,1,1900,7395.992835045784,1039.4705250000698,206292.07611083984,767.7789473684211
1789882323,3,,Aggregated,0.400000,0.000000,1900,2400,3000,3300,4800,9400,144000,176000,206000,206000,206000,285,1,1900,7395.992835045784,1039.4705250000698,206292.07611083984,767.7789473684211
1789882324,3,,Aggregated,0.400000,0.000000,1900,2400,3000,3300,4800,9400,144000,176000,206000,206000,206000,285,1,1900,7395.992835045784,1039.4705250000698,206292.07611083984,767.7789473684211
1789882325,3,,Aggregated,0.400000,0.000000,1900,2400,3000,3300,4800,9400,144000,176000,206000,206000,206000,285,1,1900,7395.992835045784,1039.4705250000698,206292.07611083984,767.7789473684211
1789882326,3,,Aggregated,0.400000,0.000000,1900,2400,3000,3300,4800,9400,144000,176000,206000,206000,206000,285,1,1900,7395.992835045784,1039.4705250000698,206292.07611083984,767.7789473684211
1789882327,3,,Aggregated,0.500000,0.000000,1900,2400,3000,3300,4800,9400,144000,176000,206000,206000,206000,286,1,1900,7376.015814007163,1039.4705250000698,206292.07611083984,765.993006993007
1789882328,3,,Aggregated,0.400000,0.000000,1900,2400,3000,3300,4800,9400,144000,176000,206000,206000,206000,287,1,1900,7355.682827571597,1039.4705250000698,206292.07611083984,764.219512195122
1789882329,3,,Aggregated,0.400000,0.000000,1900,2400,3000,3300,4800,9400,144000,176000,206000,206000,206000,288,1,1900,7335.734848614753,1039.4705250000698,206292.07611083984,762.4583333333334
1789882330,3,,Aggregated,0.400000,0.000000,1900,2400,3000,3300,4800,9400,144000,176000,206000,206000,206000,288,1,1900,7335.734848614753,1039.4705250000698,206292.07611083984,762.4583333333334
1789882331,3,,Aggregated,0.400000,0.000000,1900,2400,3000,3300,4800,9400,144000,176000,206000,206000,206000,288,1,1900,7335.734848614753,1039.4705250000698,206292.07611083984,762.4583333333334
1789882332,3,,Aggregated,0.400000,0.000000,1900,2400,3000,3300,4800,9400,144000,176000,206000,206000,206000,288,1,1900,7335.734848614753,1039.4705250000698,206292.07611083984,762.4583333333334
1789882333,3,,Aggregated,0.500000,0.000000,1900,2400,3000,3300,4800,9400,144000,176000,206000,206000,206000,289,1,1900,7313.958700245844,1039.4705250000698,206292.07611083984,760.7093425605536
1789882334,3,,Aggregated,0.400000,0.000000,1900,2400,3000,3300,4800,9400,144000,176000,206000,206000,206000,290,1,1900,7295.109472641548,1039.4705250000698,206292.07611083984,758.9724137931034
1789882335,3,,Aggregated,0.400000,0.000000,1900,2400,3000,3300,4600,9400,144000,176000,206000,206000,206000,291,1,1900,7274.51705397955,1039.4705250000698,206292.07611083984,757.2474226804123
1789882336,3,,Aggregated,0.400000,0.000000,1900,2400,3000,3300,4600,9400,144000,176000,206000,206000,206000,291,1,1900,7274.51705397955,1039.4705250000698,206292.07611083984,757.2474226804123
1789882337,3,,Aggregated,0.400000,0.000000,1900,2400,3000,3300,4600,9400,144000,176000,206000,206000,206000,291,1,1900,7274.51705397955,1039.4705250000698,206292.07611083984,757.2474226804123
1789882338,3,,Aggregated,0.400000,0.000000,1900,2400,3000,3300,4600,9400,144000,176000,206000,206000,206000,291,1,1900,7274.51705397955,1039.4705250000698,206292.07611083984,757.2474226804123
1789882339,3,,Aggregated,0.500000,0.000000,1900,2400,3000,3300,4600,9400,144000,176000,206000,206000,206000,292,1,1900,7254.40512796592,1039.4705250000698,206292.07611083984,755.5342465753424
1789882340,3,,Aggregated,0.500000,0.000000,1900,2400,3000,3300,4600,9400,144000,176000,206000,206000,206000,292,1,1900,7254.40512796592,1039.4705250000698,206292.07611083984,755.5342465753424
1789882341,3,,Aggregated,0.400000,0.000000,1900,2400,3000,3300,4600,9400,144000,176000,206000,206000,206000,293,1,1900,7235.096021795391,1039.4705250000698,206292.07611083984,753.8327645051195
1789882342,3,,Aggregated,0.300000,0.000000,1900,2400,3000,3300,4600,9400,144000,176000,206000,206000,206000,294,1,1900,7216.89692252738,1039.4705250000698,206292.07611083984,752.1428571428571
1789882343,3,,Aggregated,0.300000,0.000000,1900,2400,3000,3300,4600,9400,144000,176000,206000,206000,206000,294,1,1900,7216.89692252738,1039.4705250000698,206292.07611083984,752.1428571428571
1789882344,3,,Aggregated,0.300000,0.000000,1900,2400,3000,3300,4600,9400,144000,176000,206000,206000,206000,294,1,1900,7216.89692252738,1039.4705250000698,206292.07611083984,752.1428571428571
1789882345,3,,Aggregated,0.300000,0.000000,1900,2400,3000,3300,4600,9400,144000,176000,206000,206000,206000,294,1,1900,7216.89692252738,1039.4705250000698,206292.07611083984,752.1428571428571
1789882346,3,,Aggregated,0.500000,0.000000,1900,2400,3000,3300,4600,9400,144000,176000,206000,206000,206000,295,1,1900,7198.044466067962,1039.4705250000698,206292.07611083984,750.464406779661
1789882347,3,,Aggregated,0.500000,0.000000,1900,2400,3000,3300,4600,9400,144000,176000,206000,206000,206000,295,1,1900,7198.044466067962,1039.4705250000698,206292.07611083984,750.464406779661
1789882348,3,,Aggregated,0.500000,0.000000,1900,2400,3000,3300,4600,9400,144000,176000,206000,206000,206000,295,1,1900,7198.044466067962,1039.4705250000698,206292.07611083984,750.464406779661
1789882349,3,,Aggregated,0.400000,0.000000,1900,2400,3000,3200,4600,9400,144000,176000,206000,206000,206000,296,1,1900,7183.375259689351,1039.4705250000698,206292.07611083984,748.7972972972973
1789882350,3,,Aggregated,0.400000,0.000000,1900,2400,3000,3200,4600,9400,144000,176000,206000,206000,206000,296,1,1900,7183.375259689351,1039.4705250000698,206292.07611083984,748.7972972972973
1789882351,3,,Aggregated,0.400000,0.000000,1900,2400,3000,3300,4800,9400,144000,176000,206000,206000,206000,298,1,1900,7565.219496375723,1039.4705250000698,206292.07611083984,781.5536912751678
1789882352,3,,Aggregated,0.400000,0.000000,1900,2400,3000,3300,4800,9400,144000,176000,206000,206000,206000,298,1,1900,7565.219496375723,1039.4705250000698,206292.07611083984,781.5536912751678
1789882353,3,,Aggregated,0.400000,0.000000,1900,2400,3000,3300,4800,9400,144000,176000,206000,206000,206000,298,1,1900,7565.219496375723,1039.4705250000698,206292.07611083984,781.5536912751678
1789882354,3,,Aggregated,0.400000,0.000000,1900,2400,3000,3400,4800,9400,144000,176000,206000,206000,206000,300,1,1900,7539.0142567998855,1039.4705250000698,206292.07611083984,777.4533333333334
1789882355,3,,Aggregated,0.400000,0.000000,1900,2400,3000,3400,4800,9400,144000,176000,206000,206000,206000,300,1,1900,7539.0142567998855,1039.4705250000698,206292.07611083984,777.4533333333334
1789882356,3,,Aggregated,0.400000,0.000000,1900,2400,3000,3400,4800,9400,144000,176000,206000,206000,206000,300,1,1900,7539.0142567998855,1039.4705250000698,206292.07611083984,777.4533333333334
1789882357,3,,Aggregated,0.400000,0.000000,1900,2400,3000,3400,4800,9400,144000,176000,206000,206000,206000,300,1,1900,7539.0142567998855,1039.4705250000698,206292.07611083984,777.4533333333334
1789882358,3,,Aggregated,0.600000,0.000000,1900,2400,3000,3400,4600,9400,126000,167000,206000,206000,206000,301,1,1900,7527.24212994673,1039.4705250000698,206292.07611083984,775.7242524916943
1789882359,3,,Aggregated,0.600000,0.000000,1900,2400,3000,3400,4600,9400,126000,167000,206000,206000,206000,301,1,1900,7527.24212994673,1039.4705250000698,206292.07611083984,775.7242524916943
1789882360,3,,Aggregated,0.600000,0.000000,1900,2400,3000,3400,4600,9400,126000,167000,206000,206000,206000,301,1,1900,7527.24212994673,1039.4705250000698,206292.07611083984,775.7242524916943
1789882361,3,,Aggregated,0.600000,0.000000,1900,2400,3000,3400,4600,9400,126000,167000,206000,206000,206000,303,1,1900,7495.666754989985,1039.4705250000698,206292.07611083984,772.1815181518152
1789882362,3,,Aggregated,0.600000,0.000000,1900,2400,3000,3400,4600,9400,126000,167000,206000,206000,206000,303,1,1900,7495.666754989985,1039.4705250000698,206292.07611083984,772.1815181518152
1789882363,3,,Aggregated,0.600000,0.000000,1900,2400,3000,3400,4600,9400,126000,167000,206000,206000,206000,303,1,1900,7495.666754989985,1039.4705250000698,206292.07611083984,772.1815181518152
1789882364,3,,Aggregated,0.500000,0.000000,1900,2400,3000,3400,4600,9400,126000,167000,206000,206000,206000,305,1,1900,7454.935801144149,1039.4705250000698,206292.07611083984,768.6852459016393
1789882365,3,,Aggregated,0.500000,0.000000,1900,2400,3000,3400,4600,9400,126000,167000,206000,206000,206000,305,1,1900,7454.935801144149,1039.4705250000698,206292.07611083984,768.6852459016393
1789882366,3,,Aggregated,0.500000,0.000000,1900,2400,3000,3400,4600,9400,126000,167000,206000,206000,206000,305,1,1900,7454.935801144149,1039.4705250000698,206292.07611083984,768.6852459016393
1789882367,3,,Aggregated,0.500000,0.000000,1900,2400,3000,3400,4600,9400,126000,167000,206000,206000,206000,306,1,1900,7435.491827058712,1039.4705250000698,206292.07611083984,767.0130718954248
1789882368,3,,Aggregated,0.500000,0.000000,1900,2400,3000,3400,4600,9400,126000,167000,206000,206000,206000,307,1,1900,7419.107128765361,1039.4705250000698,206292.07611083984,765.2345276872965
1789882369,3,,Aggregated,0.500000,0.000000,1900,2400,3000,3400,4600,9400,126000,167000,206000,206000,206000,307,1,1900,7419.107128765361,1039.4705250000698,206292.07611083984,765.2345276872965
1789882370,3,,Aggregated,0.500000,0.000000,1900,2400,3000,3400,4600,9400,126000,167000,206000,206000,206000,308,1,1900,7399.477438162227,1039.4705250000698,206292.07611083984,763.5844155844156
1789882371,3,,Aggregated,0.500000,0.000000,1900,2400,3000,3400,4600,9400,126000,167000,206000,206000,206000,308,1,1900,7399.477438162227,1039.4705250000698,206292.07611083984,763.5844155844156
1789882372,3,,Aggregated,0.500000,0.000000,1900,2400,3000,3400,4600,9400,126000,167000,206000,206000,206000,308,1,1900,7399.477438162227,1039.4705250000698,206292.07611083984,763.5844155844156
1789882373,3,,Aggregated,0.600000,0.000000,1900,2400,3000,3400,4600,9400,126000,167000,206000,206000,206000,309,1,1900,7383.241359967529,1039.4705250000698,206292.07611083984,761.8284789644013
1789882374,3,,Aggregated,0.600000,0.000000,1900,2400,3000,3400,4600,9400,126000,167000,206000,206000,206000,309,1,1900,7383.241359967529,1039.4705250000698,206292.07611083984,761.8284789644013
1789882375,3,,Aggregated,0.600000,0.000000,1900,2400,3000,3400,4600,9400,126000,167000,206000,206000,206000,309,1,1900,7383.241359967529,1039.4705250000698,206292.07611083984,761.8284789644013
1789882376,3,,Aggregated,0.600000,0.000000,1900,2400,3000,3400,4600,9400,126000,167000,206000,206000,206000,309,1,1900,7383.241359967529,1039.4705250000698,206292.07611083984,761.8284789644013
1789882377,3,,Aggregated,0.500000,0.000000,1900,2400,3000,3400,4600,9400,126000,167000,206000,206000,206000,310,1,1900,7373.59865598054,1039.4705250000698,206292.07611083984,760.1870967741935
1789882378,3,,Aggregated,0.400000,0.000000,1900,2400,3000,3400,4400,9400,126000,167000,206000,206000,206000,312,1,1900,7348.612710015921,1039.4705250000698,206292.07611083984,756.8461538461538
1789882379,3,,Aggregated,0.400000,0.000000,1900,2400,3000,3400,4400,9400,126000,167000,206000,206000,206000,312,1,1900,7348.612710015921,1039.4705250000698,206292.07611083984,756.8461538461538
1789882380,3,,Aggregated,0.400000,0.000000,1900,2400,3000,3400,4400,9400,126000,167000,206000,206000,206000,312,1,1900,7348.612710015921,1039.4705250000698,206292.07611083984,756.8461538461538
1789882381,3,,Aggregated,0.400000,0.000000,1900,2400,3000,3400,4400,9400,126000,167000,206000,206000,206000,312,1,1900,7348.612710015921,1039.4705250000698,206292.07611083984,756.8461538461538
1789882382,3,,Aggregated,0.500000,0.000000,1900,2400,3000,3400,4400,9400,126000,167000,206000,206000,206000,313,1,1900,7329.064270670825,1039.4705250000698,206292.07611083984,755.2492012779553
1789882383,3,,Aggregated,0.500000,0.000000,1900,2400,3000,3400,4400,9400,126000,167000,206000,206000,206000,313,1,1900,7329.064270670825,1039.4705250000698,206292.07611083984,755.2492012779553
1789882384,3,,Aggregated,0.500000,0.000000,1900,2400,3000,3400,4400,9400,126000,167000,206000,206000,206000,313,1,1900,7329.064270670825,1039.4705250000698,206292.07611083984,755.2492012779553
1789882385,3,,Aggregated,0.400000,0.000000,1900,2400,3000,3400,4600,9400,128000,167000,206000,206000,206000,316,1,1900,7677.265695747402,1039.4705250000698,206292.07611083984,798.0284810126582
1789882386,3,,Aggregated,0.400000,0.000000,1900,2400,3000,3400,4600,9400,128000,167000,206000,206000,206000,316,1,1900,7677.265695747402,1039.4705250000698,206292.07611083984,798.0284810126582
1789882387,3,,Aggregated,0.400000,0.000000,1900,2400,3000,3400,4600,9400,128000,167000,206000,206000,206000,316,1,1900,7677.265695747402,1039.4705250000698,206292.07611083984,798.0284810126582
1789882388,3,,Aggregated,0.700000,0.000000,1900,2400,3000,3400,4600,9400,128000,167000,206000,206000,206000,317,1,1900,7664.035150331796,1039.4705250000698,206292.07611083984,795.7507886435332
1789882389,3,,Aggregated,0.700000,0.000000,1900,2400,3000,3400,4600,9400,128000,167000,206000,206000,206000,317,1,1900,7664.035150331796,1039.4705250000698,206292.07611083984,795.7507886435332
1789882390,3,,Aggregated,0.600000,0.000000,1900,2400,3000,3400,4600,9400,128000,167000,206000,206000,206000,318,1,1900,7649.02064300371,1039.4705250000698,206292.07611083984,794.0566037735849
1789882391,3,,Aggregated,0.600000,0.000000,1900,2400,3000,3400,4600,9400,128000,167000,206000,206000,206000,318,1,1900,7649.02064300371,1039.4705250000698,206292.07611083984,794.0566037735849
1789882392,3,,Aggregated,0.600000,0.000000,1900,2400,3000,3400,4600,9400,128000,167000,206000,206000,206000,320,1,1900,7614.449269547437,1039.4705250000698,206292.07611083984,790.5875
1789882393,3,,Aggregated,0.600000,0.000000,1900,2400,3000,3400,4600,9400,128000,167000,206000,206000,206000,320,1,1900,7614.449269547437,1039.4705250000698,206292.07611083984,790.5875
1789882394,3,,Aggregated,0.600000,0.000000,1900,2400,3000,3400,4600,9400,128000,167000,206000,206000,206000,320,1,1900,7614.449269547437,1039.4705250000698,206292.07611083984,790.5875
1789882395,3,,Aggregated,0.600000,0.000000,1900,2400,3000,3400,4600,9400,128000,167000,206000,206000,206000,320,1,1900,7614.449269547437,1039.4705250000698,206292.07611083984,790.5875
1789882396,3,,Aggregated,0.700000,0.000000,1900,2400,3000,3400,4400,9400,128000,167000,206000,206000,206000,322,1,1900,7576.67463579869,1039.4705250000698,206292.07611083984,787.1614906832298
1789882397,3,,Aggregated,0.700000,0.000000,1900,2400,3000,3400,4400,9400,128000,167000,206000,206000,206000,322,1,1900,7576.67463579869,1039.4705250000698,206292.07611083984,787.1614906832298
1789882398,3,,Aggregated,0.700000,0.000000,1900,2400,3000,3400,4400,9400,128000,167000,206000,206000,206000,322,1,1900,7576.67463579869,1039.4705250000698,206292.07611083984,787.1614906832298
1789882399,3,,Aggregated,0.600000,0.000000,1900,2400,3000,3400,4400,9400,128000,167000,206000,206000,206000,324,1,1900,7538.619977161043,1039.4705250000698,206292.07611083984,783.7777777777778
1789882400,3,,Aggregated,0.600000,0.000000,1900,2400,3000,3400,4400,9400,128000,167000,206000,206000,206000,324,1,1900,7538.619977161043,1039.4705250000698,206292.07611083984,783.7777777777778
1789882401,3,,Aggregated,0.600000,0.000000,1900,2400,3000,3400,4400,9400,128000,167000,206000,206000,206000,324,1,1900,7538.619977161043,1039.4705250000698,206292.07611083984,783.7777777777778
1789882402,3,,Aggregated,0.600000,0.000000,1900,2400,3000,3400,4400,9400,128000,167000,206000,206000,206000,325,1,1900,7520.048867566702,1039.4705250000698,206292.07611083984,782.156923076923
1789882403,3,,Aggregated,0.600000,0.000000,1900,2400,3000,3400,4400,9400,128000,167000,206000,206000,206000,326,1,1900,7501.022490512817,1039.4705250000698,206292.07611083984,780.4355828220858
1789882404,3,,Aggregated,0.600000,0.000000,1900,2400,3000,3400,4400,9400,128000,167000,206000,206000,206000,326,1,1900,7501.022490512817,1039.4705250000698,206292.07611083984,780.4355828220858
1789882405,3,,Aggregated,0.600000,0.000000,1900,2400,3000,3400,4400,9400,128000,167000,206000,206000,206000,326,1,1900,7501.022490512817,1039.4705250000698,206292.07611083984,780.4355828220858
1789882406,3,,Aggregated,0.600000,0.000000,1900,2400,3000,3400,4400,9400,128000,167000,206000,206000,206000,328,1,1900,7467.611505415177,1039.4705250000698,206292.07611083984,777.1341463414634
1789882407,3,,Aggregated,0.600000,0.000000,1900,2400,3000,3400,4400,9400,128000,167000,206000,206000,206000,328,1,1900,7467.611505415177,1039.4705250000698,206292.07611083984,777.1341463414634
1789882408,3,,Aggregated,0.600000,0.000000,1900,2400,3000,3400,4400,9400,128000,167000,206000,206000,206000,328,1,1900,7467.611505415177,1039.4705250000698,206292.07611083984,777.1341463414634
1789882409,3,,Aggregated,0.600000,0.000000,1900,2400,3000,3400,4400,9400,128000,167000,206000,206000,206000,329,1,1900,7448.481754933672,1039.4705250000698,206292.07611083984,775.5531914893617
1789882410,3,,Aggregated,0.600000,0.000000,1900,2400,3000,3400,4400,9400,128000,167000,206000,206000,206000,330,1,1900,7430.734867606601,1039.4705250000698,206292.07611083984,773.8727272727273
1789882411,3,,Aggregated,0.600000,0.000000,1900,2400,3000,3400,4400,9400,128000,167000,206000,206000,206000,330,1,1900,7430.734867606601,1039.4705250000698,206292.07611083984,773.8727272727273
1789882412,3,,Aggregated,0.600000,0.000000,1900,2400,3000,3400,4400,9400,128000,167000,206000,206000,206000,330,1,1900,7430.734867606601,1039.4705250000698,206292.07611083984,773.8727272727273
1789882413,3,,Aggregated,0.600000,0.000000,1900,2400,3000,3300,4200,9400,128000,167000,206000,206000,206000,332,1,1900,7395.058367154157,1039.4705250000698,206292.07611083984,770.6506024096385
1789882414,3,,Aggregated,0.600000,0.000000,1900,2400,3000,3300,4200,9400,128000,167000,206000,206000,206000,332,1,1900,7395.058367154157,1039.4705250000698,206292.07611083984,770.6506024096385
1789882415,3,,Aggregated,0.600000,0.000000,1900,2400,3000,3300,4200,9400,128000,167000,206000,206000,206000,332,1,1900,7395.058367154157,1039.4705250000698,206292.07611083984,770.6506024096385
1789882416,3,,Aggregated,0.600000,0.000000,1900,2400,3000,3300,4200,9400,128000,167000,206000,206000,206000,332,1,1900,7395.058367154157,1039.4705250000698,206292.07611083984,770.6506024096385
1789882417,3,,Aggregated,0.600000,0.000000,1900,2400,3000,3400,4200,9400,128000,167000,206000,206000,206000,333,1,1900,7383.405105042584,1039.4705250000698,206292.07611083984,769.1081081081081
1789882418,3,,Aggregated,0.600000,0.000000,1900,2400,3000,3400,4200,9400,128000,167000,206000,206000,206000,333,1,1900,7383.405105042584,1039.4705250000698,206292.07611083984,769.1081081081081
1789882419,3,,Aggregated,0.600000,0.000000,1900,2400,3000,3400,4200,9400,128000,167000,206000,206000,206000,333,1,1900,7383.405105042584,1039.4705250000698,206292.07611083984,769.1081081081081
1789882420,3,,Aggregated,0.600000,0.000000,1900,2400,3000,3400,4200,9400,128000,167000,206000,206000,206000,333,1,1900,7383.405105042584,1039.4705250000698,206292.07611083984,769.1081081081081
1789882421,3,,Aggregated,0.500000,0.000000,1900,2400,3000,3400,4400,9400,128000,167000,206000,206000,206000,335,1,1900,7364.317973594566,1039.4705250000698,206292.07611083984,765.9313432835821
1789882422,3,,Aggregated,0.500000,0.000000,1900,2400,3000,3400,4400,9400,128000,167000,206000,206000,206000,335,1,1900,7364.317973594566,1039.4705250000698,206292.07611083984,765.9313432835821
1789882423,3,,Aggregated,0.500000,0.000000,1900,2400,3000,3400,4400,9400,128000,167000,206000,206000,206000,335,1,1900,7364.317973594566,1039.4705250000698,206292.07611083984,765.9313432835821
1789882424,3,,Aggregated,0.500000,0.000000,1900,2400,3000,3400,4400,9400,128000,167000,206000,206000,206000,336,1,1900,7347.357025289225,1039.4705250000698,206292.07611083984,764.4166666666666
1789882425,3,,Aggregated,0.500000,0.000000,1900,2400,3000,3400,4400,9400,128000,167000,206000,206000,206000,336,1,1900,7347.357025289225,1039.4705250000698,206292.07611083984,764.4166666666666
1789882426,3,,Aggregated,0.500000,0.000000,1900,2400,3000,3400,4400,9400,128000,167000,206000,206000,206000,336,1,1900,7347.357025289225,1039.4705250000698,206292.07611083984,764.4166666666666
1789882427,3,,Aggregated,0.400000,0.000000,1900,2400,3000,3400,4400,9400,128000,167000,206000,206000,206000,337,1,1900,7330.207896890741,1039.4705250000698,206292.07611083984,762.8872403560831
1789882428,3,,Aggregated,0.400000,0.000000,1900,2400,3000,3400,4400,9400,128000,167000,206000,206000,206000,337,1,1900,7330.207896890741,1039.4705250000698,206292.07611083984,762.8872403560831
1789882429,3,,Aggregated,0.400000,0.000000,1900,2400,3000,3400,4400,9400,128000,167000,206000,206000,206000,337,1,1900,7330.207896890741,1039.4705250000698,206292.07611083984,762.8872403560831
1789882430,3,,Aggregated,0.400000,0.000000,1900,2400,3000,3400,4400,9400,128000,167000,206000,206000,206000,338,1,1900,7312.818839420651,1039.4705250000698,206292.07611083984,761.3905325443787
1789882431,3,,Aggregated,0.400000,0.000000,1900,2400,3000,3400,4400,9400,128000,167000,206000,206000,206000,338,1,1900,7312.818839420651,1039.4705250000698,206292.07611083984,761.3905325443787
1789882432,3,,Aggregated,0.400000,0.000000,1900,2400,3000,3400,4400,9400,128000,167000,206000,206000,206000,338,1,1900,7312.818839420651,1039.4705250000698,206292.07611083984,761.3905325443787
1789882433,3,,Aggregated,0.400000,0.000000,1900,2400,3000,3400,4400,9400,128000,167000,206000,206000,206000,338,1,1900,7312.818839420651,1039.4705250000698,206292.07611083984,761.3905325443787
1789882434,3,,Aggregated,0.300000,0.000000,1900,2400,3000,3400,4600,9400,144000,170000,206000,206000,206000,341,1,1900,7775.395695649257,1039.4705250000698,206292.07611083984,823.1143695014663
1789882435,3,,Aggregated,0.300000,0.000000,1900,2400,3000,3400,4600,9400,144000,170000,206000,206000,206000,341,1,1900,7775.395695649257,1039.4705250000698,206292.07611083984,823.1143695014663
1789882436,3,,Aggregated,0.300000,0.000000,1900,2400,3000,3400,4600,9400,144000,170000,206000,206000,206000,341,1,1900,7775.395695649257,1039.4705250000698,206292.07611083984,823.1143695014663
1789882437,3,,Aggregated,0.500000,0.000000,1900,2400,3000,3400,4600,9400,144000,170000,206000,206000,206000,343,1,1900,7744.909935630894,1039.4705250000698,206292.07611083984,819.2857142857143
1789882438,3,,Aggregated,0.500000,0.000000,1900,2400,3000,3400,4600,9400,144000,170000,206000,206000,206000,343,1,1900,7744.909935630894,1039.4705250000698,206292.07611083984,819.2857142857143
1789882439,3,,Aggregated,0.500000,0.000000,1900,2400,3000,3400,4600,9400,144000,170000,206000,206000,206000,343,1,1900,7744.909935630894,1039.4705250000698,206292.07611083984,819.2857142857143
1789882440,3,,Aggregated,0.600000,0.000000,1900,2400,3000,3400,4600,9400,144000,170000,206000,206000,206000,345,1,1900,7709.083885708399,1039.4705250000698,206292.07611083984,815.9217391304347
1789882441,3,,Aggregated,0.600000,0.000000,1900,2400,3000,3400,4600,9400,144000,170000,206000,206000,206000,345,1,1900,7709.083885708399,1039.4705250000698,206292.07611083984,815.9217391304347
1789882442,3,,Aggregated,0.600000,0.000000,1900,2400,3000,3400,4600,9400,144000,170000,206000,206000,206000,345,1,1900,7709.083885708399,1039.4705250000698,206292.07611083984,815.9217391304347
1789882443,3,,Aggregated,0.600000,0.000000,1900,2400,3000,3400,4600,9400,144000,170000,206000,206000,206000,345,1,1900,7709.083885708399,1039.4705250000698,206292.07611083984,815.9217391304347
1789882444,3,,Aggregated,0.700000,0.000000,1900,2400,3000,3400,4600,9400,144000,170000,206000,206000,206000,347,1,1900,7674.297252949273,1039.4705250000698,206292.07611083984,812.5965417867435
1789882445,3,,Aggregated,0.700000,0.000000,1900,2400,3000,3400,4600,9400,144000,170000,206000,206000,206000,347,1,1900,7674.297252949273,1039.4705250000698,206292.07611083984,812.5965417867435
1789882446,3,,Aggregated,0.500000,0.000000,1900,2400,3000,3400,4600,9400,144000,170000,206000,206000,206000,348,1,1900,7655.564572935052,1039.4705250000698,206292.07611083984,811.0
1789882447,3,,Aggregated,0.600000,0.000000,1900,2400,3000,3400,4600,9400,144000,170000,206000,206000,206000,349,1,1900,7637.11726474899,1039.4705250000698,206292.07611083984,809.3094555873926
1789882448,3,,Aggregated,0.600000,0.000000,1900,2400,3000,3400,4600,9400,144000,170000,206000,206000,206000,349,1,1900,7637.11726474899,1039.4705250000698,206292.07611083984,809.3094555873926
1789882449,3,,Aggregated,0.600000,0.000000,1900,2400,3000,3400,4600,9400,144000,170000,206000,206000,206000,349,1,1900,7637.11726474899,1039.4705250000698,206292.07611083984,809.3094555873926
1789882450,3,,Aggregated,0.600000,0.000000,1900,2400,3000,3300,4400,9400,128000,170000,206000,206000,206000,351,1,1900,7600.96397261367,1039.4705250000698,206292.07611083984,806.0598290598291
1789882451,3,,Aggregated,0.600000,0.000000,1900,2400,3000,3300,4400,9400,128000,170000,206000,206000,206000,351,1,1900,7600.96397261367,1039.4705250000698,206292.07611083984,806.0598290598291
1789882452,3,,Aggregated,0.600000,0.000000,1900,2400,3000,3300,4400,9400,128000,170000,206000,206000,206000,351,1,1900,7600.96397261367,1039.4705250000698,206292.07611083984,806.0598290598291
1789882453,3,,Aggregated,0.600000,0.000000,1900,2400,3000,3300,4400,9400,128000,170000,206000,206000,206000,352,1,1900,7584.908573046586,1039.4705250000698,206292.07611083984,804.5
1789882454,3,,Aggregated,0.600000,0.000000,1900,2400,3000,3300,4400,9400,128000,170000,206000,206000,206000,352,1,1900,7584.908573046586,1039.4705250000698,206292.07611083984,804.5
1789882455,3,,Aggregated,0.600000,0.000000,1900,2400,3000,3300,4400,9400,128000,170000,206000,206000,206000,352,1,1900,7584.908573046586,1039.4705250000698,206292.07611083984,804.5
1789882456,3,,Aggregated,0.700000,0.000000,1900,2400,3000,3400,4400,9400,128000,170000,206000,206000,206000,354,1,1900,7555.872465142366,1039.4705250000698,206292.07611083984,801.3050847457627
1789882457,3,,Aggregated,0.700000,0.000000,1900,2400,3000,3400,4400,9400,128000,170000,206000,206000,206000,354,1,1900,7555.872465142366,1039.4705250000698,206292.07611083984,801.3050847457627
1789882458,3,,Aggregated,0.700000,0.000000,1900,2400,3000,3400,4400,9400,128000,170000,206000,206000,206000,354,1,1900,7555.872465142366,1039.4705250000698,206292.07611083984,801.3050847457627
1789882459,3,,Aggregated,0.700000,0.000000,1900,2400,3000,3400,4400,9400,128000,170000,206000,206000,206000,354,1,1900,7555.872465142366,1039.4705250000698,206292.07611083984,801.3050847457627
1789882460,3,,Aggregated,0.500000,0.000000,1900,2400,3000,3300,4400,9400,128000,170000,206000,206000,206000,356,1,1900,7523.33671057415,1039.4705250000698,206292.07611083984,798.1460674157304
1789882461,3,,Aggregated,0.500000,0.000000,1900,2400,3000,3300,4400,9400,128000,170000,206000,206000,206000,356,1,1900,7523.33671057415,1039.4705250000698,206292.07611083984,798.1460674157304
1789882462,3,,Aggregated,0.500000,0.000000,1900,2400,3000,3300,4400,9400,128000,170000,206000,206000,206000,356,1,1900,7523.33671057415,1039.4705250000698,206292.07611083984,798.1460674157304
1789882463,3,,Aggregated,0.500000,0.000000,1900,2400,3000,3300,4400,9400,128000,170000,206000,206000,206000,358,1,1900,7488.733059272061,1039.4705250000698,206292.07611083984,795.022346368715
1789882464,3,,Aggregated,0.500000,0.000000,1900,2400,3000,3300,4400,9400,128000,170000,206000,206000,206000,358,1,1900,7488.733059272061,1039.4705250000698,206292.07611083984,795.022346368715
1789882465,3,,Aggregated,0.500000,0.000000,1900,2400,3000,3300,4400,9400,128000,170000,206000,206000,206000,358,1,1900,7488.733059272061,1039.4705250000698,206292.07611083984,795.022346368715
1789882466,3,,Aggregated,0.600000,0.000000,1900,2400,3000,3300,4400,9400,128000,170000,206000,206000,206000,359,1,1900,7471.600616410579,1039.4705250000698,206292.07611083984,793.5236768802229
1789882467,3,,Aggregated,0.600000,0.000000,1900,2400,3000,3300,4400,9400,128000,170000,206000,206000,206000,360,1,1900,7455.676122792774,1039.4705250000698,206292.07611083984,791.9333333333333
1789882468,3,,Aggregated,0.600000,0.000000,1900,2400,3000,3300,4400,9400,128000,170000,206000,206000,206000,360,1,1900,7455.676122792774,1039.4705250000698,206292.07611083984,791.9333333333333
1789882469,3,,Aggregated,0.600000,0.000000,1900,2400,3000,3300,4400,9400,128000,170000,206000,206000,206000,360,1,1900,7455.676122792774,1039.4705250000698,206292.07611083984,791.9333333333333
1789882470,3,,Aggregated,0.600000,0.000000,1900,2400,3000,3300,4400,9400,128000,170000,206000,206000,206000,360,1,1900,7455.676122792774,1039.4705250000698,206292.07611083984,791.9333333333333
1789882471,3,,Aggregated,0.600000,0.000000,1900,2400,3000,3300,4200,9400,128000,170000,206000,206000,206000,361,1,1900,7445.500056103597,1039.4705250000698,206292.07611083984,790.4515235457063
1789882472,3,,Aggregated,0.600000,0.000000,1900,2400,3000,3300,4200,9400,128000,170000,206000,206000,206000,361,1,1900,7445.500056103597,1039.4705250000698,206292.07611083984,790.4515235457063
1789882473,3,,Aggregated,0.400000,0.000000,1900,2400,3000,3300,4200,9400,128000,170000,206000,206000,206000,363,1,1900,7413.414332673275,1039.4705250000698,206292.07611083984,787.4132231404959
1789882474,3,,Aggregated,0.400000,0.000000,1900,2400,3000,3300,4200,9400,128000,170000,206000,206000,206000,363,1,1900,7413.414332673275,1039.4705250000698,206292.07611083984,787.4132231404959
1789882475,3,,Aggregated,0.400000,0.000000,1900,2400,3000,3300,4200,9400,128000,170000,206000,206000,206000,363,1,1900,7413.414332673275,1039.4705250000698,206292.07611083984,787.4132231404959
1789882476,3,,Aggregated,0.400000,0.000000,1900,2400,3000,3300,4200,9400,128000,170000,206000,206000,206000,363,1,1900,7413.414332673275,1039.4705250000698,206292.07611083984,787.4132231404959
1789882477,3,,Aggregated,0.400000,0.000000,1900,2400,3000,3300,4200,9400,128000,170000,206000,206000,206000,363,1,1900,7413.414332673275,1039.4705250000698,206292.07611083984,787.4132231404959
1789882478,3,,Aggregated,0.500000,0.000000,1900,2400,3000,3300,4200,9400,128000,170000,206000,206000,206000,364,1,1900,7398.112457308785,1039.4705250000698,206292.07611083984,785.9560439560439
1789882479,3,,Aggregated,0.500000,0.000000,1900,2400,3000,3300,4200,9400,128000,170000,206000,206000,206000,364,1,1900,7398.112457308785,1039.4705250000698,206292.07611083984,785.9560439560439
1789882480,3,,Aggregated,0.300000,0.000000,1900,2400,3000,3300,4200,9400,128000,170000,206000,206000,206000,366,1,1900,7367.808251178683,1039.4705250000698,206292.07611083984,782.9672131147541
1789882481,3,,Aggregated,0.300000,0.000000,1900,2400,3000,3300,4200,9400,128000,170000,206000,206000,206000,366,1,1900,7367.808251178683,1039.4705250000698,206292.07611083984,782.9672131147541
1789882482,3,,Aggregated,0.300000,0.000000,1900,2400,3000,3300,4200,9400,128000,170000,206000,206000,206000,366,1,1900,7367.808251178683,1039.4705250000698,206292.07611083984,782.9672131147541
1789882483,3,,Aggregated,0.300000,0.000000,1900,2400,3000,3300,4200,9400,128000,170000,206000,206000,206000,366,1,1900,7367.808251178683,1039.4705250000698,206292.07611083984,782.9672131147541
1789882484,3,,Aggregated,0.300000,0.000000,1900,2400,3000,3300,4200,9400,128000,170000,206000,206000,206000,366,1,1900,7367.808251178683,1039.4705250000698,206292.07611083984,782.9672131147541
1789882485,3,,Aggregated,0.500000,0.000000,1900,2400,3000,3300,4200,9400,128000,170000,206000,206000,206000,367,1,1900,7353.003929044679,1039.4705250000698,206292.07611083984,781.534059945504
1789882486,3,,Aggregated,0.500000,0.000000,1900,2400,3000,3300,4200,9400,128000,170000,206000,206000,206000,367,1,1900,7353.003929044679,1039.4705250000698,206292.07611083984,781.534059945504
1789882487,3,,Aggregated,0.300000,0.000000,1900,2400,2900,3300,4200,9400,128000,170000,206000,206000,206000,369,1,1900,7321.407957862864,1039.4705250000698,206292.07611083984,778.6910569105692
1789882488,3,,Aggregated,0.300000,0.000000,1900,2400,2900,3300,4200,9400,128000,170000,206000,206000,206000,369,1,1900,7321.407957862864,1039.4705250000698,206292.07611083984,778.6910569105692
1789882489,3,,Aggregated,0.300000,0.000000,1900,2400,2900,3300,4200,9400,128000,170000,206000,206000,206000,369,1,1900,7321.407957862864,1039.4705250000698,206292.07611083984,778.6910569105692
1789882490,3,,Aggregated,0.300000,0.000000,1900,2400,2900,3300,4200,9400,128000,170000,206000,206000,206000,369,1,1900,7321.407957862864,1039.4705250000698,206292.07611083984,778.6910569105692
1789882491,3,,Aggregated,0.300000,0.000000,1900,2400,2900,3300,4200,9400,128000,170000,206000,206000,206000,369,1,1900,7321.407957862864,1039.4705250000698,206292.07611083984,778.6910569105692
1789882492,3,,Aggregated,0.500000,0.000000,1900,2400,2900,3300,4200,9400,128000,170000,206000,206000,206000,370,1,1900,7305.474521936209,1039.4705250000698,206292.07611083984,777.2810810810811
1789882493,3,,Aggregated,0.300000,0.000000,1900,2300,2900,3300,4200,9400,128000,170000,206000,206000,206000,372,1,1900,7272.9196939930025,1039.4705250000698,206292.07611083984,774.483870967742
1789882494,3,,Aggregated,0.300000,0.000000,1900,2300,2900,3300,4200,9400,128000,170000,206000,206000,206000,372,1,1900,7272.9196939930025,1039.4705250000698,206292.07611083984,774.483870967742
1789882495,3,,Aggregated,0.300000,0.000000,1900,2300,2900,3300,4200,9400,128000,170000,206000,206000,206000,372,1,1900,7272.9196939930025,1039.4705250000698,206292.07611083984,774.483870967742
1789882496,3,,Aggregated,0.300000,0.000000,1900,2300,2900,3300,4200,9400,128000,170000,206000,206000,206000,372,1,1900,7272.9196939930025,1039.4705250000698,206292.07611083984,774.483870967742
1789882497,3,,Aggregated,0.300000,0.000000,1900,2300,2900,3300,4200,9400,128000,170000,206000,206000,206000,372,1,1900,7272.9196939930025,1039.4705250000698,206292.07611083984,774.483870967742
1789882498,3,,Aggregated,0.500000,0.000000,1900,2300,2900,3300,4200,9400,128000,170000,206000,206000,206000,373,1,1900,7257.063585057364,1039.4705250000698,206292.07611083984,773.0965147453084
1789882499,3,,Aggregated,0.500000,0.000000,1900,2300,2900,3300,4200,9400,128000,170000,206000,206000,206000,373,1,1900,7257.063585057364,1039.4705250000698,206292.07611083984,773.0965147453084
1789882500,3,,Aggregated,0.500000,0.000000,1900,2300,2900,3300,4200,9400,128000,170000,206000,206000,206000,373,1,1900,7257.063585057364,1039.4705250000698,206292.07611083984,773.0965147453084
1789882501,3,,Aggregated,0.300000,0.000000,1900,2400,2900,3300,4200,9400,128000,170000,206000,206000,206000,375,1,1900,7232.832262673059,1039.4705250000698,206292.07611083984,770.344
1789882502,3,,Aggregated,0.300000,0.000000,1900,2400,2900,3300,4200,9400,128000,170000,206000,206000,206000,375,1,1900,7232.832262673059,1039.4705250000698,206292.07611083984,770.344
1789882503,3,,Aggregated,0.300000,0.000000,1900,2400,2900,3300,4200,9400,128000,170000,206000,206000,206000,375,1,1900,7232.832262673059,1039.4705250000698,206292.07611083984,770.344
1789882504,3,,Aggregated,0.300000,0.000000,1900,2400,2900,3300,4200,9400,128000,170000,206000,206000,206000,375,1,1900,7232.832262673059,1039.4705250000698,206292.07611083984,770.344
1789882505,3,,Aggregated,0.500000,0.000000,1900,2400,2900,3200,4200,9400,128000,170000,206000,206000,206000,376,1,1900,7219.2291344079695,1039.4705250000698,206292.07611083984,768.9787234042553
1789882506,3,,Aggregated,0.500000,0.000000,1900,2400,2900,3200,4200,9400,128000,170000,206000,206000,206000,376,1,1900,7219.2291344079695,1039.4705250000698,206292.07611083984,768.9787234042553
1789882507,3,,Aggregated,0.300000,0.000000,1900,2300,2900,3200,4200,9400,128000,170000,206000,206000,206000,378,1,1900,7190.0134983026355,1039.4705250000698,206292.07611083984,766.2698412698413
1789882508,3,,Aggregated,0.300000,0.000000,1900,2300,2900,3200,4200,9400,128000,170000,206000,206000,206000,378,1,1900,7190.0134983026355,1039.4705250000698,206292.07611083984,766.2698412698413
1789882509,3,,Aggregated,0.300000,0.000000,1900,2300,2900,3200,4200,9400,128000,170000,206000,206000,206000,378,1,1900,7190.0134983026355,1039.4705250000698,206292.07611083984,766.2698412698413
1789882510,3,,Aggregated,0.300000,0.000000,1900,2300,2900,3200,4200,9400,128000,170000,206000,206000,206000,378,1,1900,7190.0134983026355,1039.4705250000698,206292.07611083984,766.2698412698413
1789882511,3,,Aggregated,0.300000,0.000000,1900,2300,2900,3200,4200,9400,128000,170000,206000,206000,206000,378,1,1900,7190.0134983026355,1039.4705250000698,206292.07611083984,766.2698412698413
1789882512,3,,Aggregated,0.500000,0.000000,1900,2300,2900,3200,4200,9400,128000,170000,206000,206000,206000,379,1,1900,7175.595699380992,1039.4705250000698,206292.07611083984,764.9261213720316
1789882513,3,,Aggregated,0.500000,0.000000,1900,2300,2900,3200,4200,9400,128000,170000,206000,206000,206000,379,1,1900,7175.595699380992,1039.4705250000698,206292.07611083984,764.9261213720316
1789882514,3,,Aggregated,0.300000,0.000000,1900,2300,2900,3200,4200,9400,128000,170000,206000,206000,206000,380,1,1900,7162.460545208935,1039.4705250000698,206292.07611083984,763.5894736842105
1789882515,3,,Aggregated,0.300000,0.000000,1900,2300,2900,3200,4200,9400,128000,170000,206000,206000,206000,380,1,1900,7162.460545208935,1039.4705250000698,206292.07611083984,763.5894736842105
1789882516,3,,Aggregated,0.300000,0.000000,1900,2300,2900,3200,4200,9400,128000,170000,206000,206000,206000,380,1,1900,7162.460545208935,1039.4705250000698,206292.07611083984,763.5894736842105
1789882517,3,,Aggregated,0.300000,0.000000,1900,2300,2900,3200,4200,9400,128000,170000,206000,206000,206000,380,1,1900,7162.460545208935,1039.4705250000698,206292.07611083984,763.5894736842105
1789882518,3,,Aggregated,0.300000,0.000000,1900,2300,2900,3200,4200,9400,128000,170000,206000,206000,206000,380,1,1900,7162.460545208935,1039.4705250000698,206292.07611083984,763.5894736842105
1789882519,3,,Aggregated,0.400000,0.000000,1900,2300,2900,3200,4200,8000,128000,170000,206000,206000,206000,382,1,1900,7147.557751516741,1039.4705250000698,206292.07611083984,760.937172774869
1789882520,3,,Aggregated,0.400000,0.000000,1900,2300,2900,3200,4200,8000,128000,170000,206000,206000,206000,382,1,1900,7147.557751516741,1039.4705250000698,206292.07611083984,760.937172774869
1789882521,3,,Aggregated,0.200000,0.000000,1900,2300,2900,3200,4200,8000,128000,170000,206000,206000,206000,383,1,1900,7134.078479008862,1039.4705250000698,206292.07611083984,759.621409921671
1789882522,3,,Aggregated,0.200000,0.000000,1900,2300,2900,3200,4200,8000,128000,170000,206000,206000,206000,383,1,1900,7134.078479008862,1039.4705250000698,206292.07611083984,759.621409921671
1789882523,3,,Aggregated,0.200000,0.000000,1900,2300,2900,3200,4200,8000,128000,170000,206000,206000,206000,383,1,1900,7134.078479008862,1039.4705250000698,206292.07611083984,759.621409921671
1789882524,3,,Aggregated,0.200000,0.000000,1900,2300,2900,3200,4200,8000,128000,170000,206000,206000,206000,383,1,1900,7134.078479008862,1039.4705250000698,206292.07611083984,759.621409921671
1789882525,3,,Aggregated,0.400000,0.000000,1900,2300,2900,3200,4200,8000,128000,170000,206000,206000,206000,384,1,1900,7119.15095570936,1039.4705250000698,206292.07611083984,758.3020833333334
1789882526,3,,Aggregated,0.400000,0.000000,1900,2300,2900,3200,4200,8000,128000,170000,206000,206000,206000,385,1,1900,7106.526369871153,1039.4705250000698,206292.07611083984,757.0
1789882527,3,,Aggregated,0.400000,0.000000,1900,2300,2900,3200,4200,8000,128000,170000,206000,206000,206000,385,1,1900,7106.526369871153,1039.4705250000698,206292.07611083984,757.0
1789882528,3,,Aggregated,0.400000,0.000000,1900,2300,2900,3200,4200,8000,128000,170000,206000,206000,206000,385,1,1900,7106.526369871153,1039.4705250000698,206292.07611083984,757.0
1789882529,3,,Aggregated,0.400000,0.000000,1900,2300,2900,3200,4200,8000,128000,170000,206000,206000,206000,385,1,1900,7106.526369871153,1039.4705250000698,206292.07611083984,757.0
1789882530,3,,Aggregated,0.400000,0.000000,1900,2300,2900,3200,4200,8000,128000,170000,206000,206000,206000,385,1,1900,7106.526369871153,1039.4705250000698,206292.07611083984,757.0
1789882531,3,,Aggregated,0.400000,0.000000,1900,2300,2900,3200,4200,8000,128000,170000,206000,206000,206000,385,1,1900,7106.526369871153,1039.4705250000698,206292.07611083984,757.0
1789882532,3,,Aggregated,0.300000,0.000000,1900,2300,2900,3200,4200,8000,128000,170000,206000,206000,206000,386,1,1900,7102.685582638327,1039.4705250000698,206292.07611083984,755.7046632124352
1789882533,3,,Aggregated,0.300000,0.000000,1900,2300,2900,3200,4200,8000,128000,170000,206000,206000,206000,386,1,1900,7102.685582638327,1039.4705250000698,206292.07611083984,755.7046632124352
1789882534,3,,Aggregated,0.300000,0.000000,1900,2300,2900,3200,4200,8000,128000,170000,206000,206000,206000,386,1,1900,7102.685582638327,1039.4705250000698,206292.07611083984,755.7046632124352
1789882535,3,,Aggregated,0.300000,0.000000,1900,2300,2900,3200,4200,8000,128000,170000,206000,206000,206000,386,1,1900,7102.685582638327,1039.4705250000698,206292.07611083984,755.7046632124352
1789882536,3,,Aggregated,0.300000,0.000000,1900,2300,2900,3200,4200,8000,128000,170000,206000,206000,206000,386,1,1900,7102.685582638327,1039.4705250000698,206292.07611083984,755.7046632124352
1789882537,3,,Aggregated,0.300000,0.000000,1900,2300,2900,3300,4400,8000,128000,170000,206000,206000,206000,387,1,1900,7099.738400225825,1039.4705250000698,206292.07611083984,754.4160206718346
1789882538,3,,Aggregated,0.200000,0.000000,1900,2300,2900,3300,4400,8000,128000,170000,206000,206000,206000,388,1,1900,7085.212876624725,1039.4705250000698,206292.07611083984,753.1340206185567
1789882539,3,,Aggregated,0.100000,0.000000,1900,2400,2900,3300,4800,9400,144000,176000,206000,206000,206000,390,1,1900,7555.6465129850585,1039.4705250000698,206292.07611083984,817.7615384615384
1789882540,3,,Aggregated,0.100000,0.000000,1900,2400,2900,3300,4800,9400,144000,176000,206000,206000,206000,390,1,1900,7555.6465129850585,1039.4705250000698,206292.07611083984,817.7615384615384
1789882541,3,,Aggregated,0.100000,0.000000,1900,2400,2900,3300,4800,9400,144000,176000,206000,206000,206000,390,1,1900,7555.6465129850585,1039.4705250000698,206292.07611083984,817.7615384615384
1789882542,3,,Aggregated,0.500000,0.000000,1900,2400,2900,3300,4600,9400,144000,176000,206000,206000,206000,391,1,1900,7543.451562322694,1039.4705250000698,206292.07611083984,815.8644501278773
1789882543,3,,Aggregated,0.500000,0.000000,1900,2400,2900,3300,4600,9400,144000,176000,206000,206000,206000,392,1,1900,7527.705130222381,1039.4705250000698,206292.07611083984,814.4387755102041
1789882544,3,,Aggregated,0.500000,0.000000,1900,2400,2900,3300,4600,9400,144000,176000,206000,206000,206000,392,1,1900,7527.705130222381,1039.4705250000698,206292.07611083984,814.4387755102041
1789882545,3,,Aggregated,0.500000,0.000000,1900,2400,2900,3300,4600,9400,144000,176000,206000,206000,206000,393,1,1900,7511.79534105642,1039.4705250000698,206292.07611083984,813.0
1789882546,3,,Aggregated,0.500000,0.000000,1900,2400,2900,3300,4600,9400,144000,176000,206000,206000,206000,393,1,1900,7511.79534105642,1039.4705250000698,206292.07611083984,813.0
1789882547,3,,Aggregated,0.600000,0.000000,1900,2400,3000,3400,4800,9400,149000,176000,206000,206000,206000,395,1,1900,7894.821180445254,1039.4705250000698,206292.07611083984,845.6759493670886
1789882548,3,,Aggregated,0.700000,0.000000,1900,2400,3000,3300,4800,9400,149000,176000,206000,206000,206000,396,1,1900,7878.083655921405,1039.4705250000698,206292.07611083984,844.189393939394
1789882549,3,,Aggregated,0.700000,0.000000,1900,2400,3000,3300,4800,9400,149000,176000,206000,206000,206000,396,1,1900,7878.083655921405,1039.4705250000698,206292.07611083984,844.189393939394
1789882550,3,,Aggregated,0.700000,0.000000,1900,2400,3000,3300,4800,9400,149000,176000,206000,206000,206000,396,1,1900,7878.083655921405,1039.4705250000698,206292.07611083984,844.189393939394
1789882551,3,,Aggregated,0.700000,0.000000,1900,2400,3000,3300,4800,9400,149000,176000,206000,206000,206000,396,1,1900,7878.083655921405,1039.4705250000698,206292.07611083984,844.189393939394
1789882552,3,,Aggregated,0.600000,0.000000,1900,2400,3000,3400,4900,9400,149000,176000,206000,206000,206000,398,1,1900,7860.982063389137,1039.4705250000698,206292.07611083984,840.7839195979899
1789882553,3,,Aggregated,0.600000,0.000000,1900,2400,3000,3400,4900,9400,149000,176000,206000,206000,206000,398,1,1900,7860.982063389137,1039.4705250000698,206292.07611083984,840.7839195979899
1789882554,3,,Aggregated,0.600000,0.000000,1900,2400,3000,3400,4900,9400,149000,176000,206000,206000,206000,399,1,1900,7848.958385099941,1039.4705250000698,206292.07611083984,839.3208020050125
1789882555,3,,Aggregated,0.600000,0.000000,1900,2400,3000,3400,4900,9400,149000,176000,206000,206000,206000,399,1,1900,7848.958385099941,1039.4705250000698,206292.07611083984,839.3208020050125
1789882556,3,,Aggregated,0.600000,0.000000,1900,2400,3000,3400,4900,9400,149000,176000,206000,206000,206000,399,1,1900,7848.958385099941,1039.4705250000698,206292.07611083984,839.3208020050125
1789882557,3,,Aggregated,0.700000,0.000000,1900,2400,3000,3400,4900,9400,149000,176000,206000,206000,206000,400,1,1900,7835.83164135969,1039.4705250000698,206292.07611083984,837.845
1789882558,3,,Aggregated,0.700000,0.000000,1900,2400,3000,3400,4900,9400,149000,176000,206000,206000,206000,400,1,1900,7835.83164135969,1039.4705250000698,206292.07611083984,837.845
1789882559,3,,Aggregated,0.600000,0.000000,1900,2400,3000,3400,4800,9400,144000,170000,206000,206000,206000,401,1,1900,7825.287200431114,1039.4705250000698,206292.07611083984,836.3965087281796
1789882560,3,,Aggregated,0.500000,0.000000,1900,2400,3000,3400,4800,9400,144000,170000,206000,206000,206000,402,1,1900,7811.727630989744,1039.4705250000698,206292.07611083984,834.955223880597
1789882561,3,,Aggregated,0.400000,0.000000,1900,2400,3000,3400,4800,9400,144000,170000,206000,206000,206000,403,1,1900,7797.347014183319,1039.4705250000698,206292.07611083984,833.5210918114144
1789882562,3,,Aggregated,0.400000,0.000000,1900,2400,3000,3400,4800,9400,144000,170000,206000,206000,206000,403,1,1900,7797.347014183319,1039.4705250000698,206292.07611083984,833.5210918114144
1789882563,3,,Aggregated,0.600000,0.000000,1900,2400,3000,3400,4800,9400,144000,170000,206000,206000,206000,404,1,1900,7783.336169888309,1039.4705250000698,206292.07611083984,832.0940594059406
1789882564,3,,Aggregated,0.600000,0.000000,1900,2400,3000,3400,4800,9400,144000,170000,206000,206000,206000,404,1,1900,7783.336169888309,1039.4705250000698,206292.07611083984,832.0940594059406
1789882565,3,,Aggregated,0.500000,0.000000,1900,2400,3000,3400,4800,9400,144000,170000,206000,206000,206000,405,1,1900,7769.985221123152,1039.4705250000698,206292.07611083984,830.674074074074
1789882566,3,,Aggregated,0.500000,0.000000,1900,2400,3000,3400,4800,9400,144000,170000,206000,206000,206000,406,1,1900,7754.653138051419,1039.4705250000698,206292.07611083984,829.2610837438424
1789882567,3,,Aggregated,0.500000,0.000000,1900,2400,3000,3400,4800,9400,144000,170000,206000,206000,206000,406,1,1900,7754.653138051419,1039.4705250000698,206292.07611083984,829.2610837438424
1789882568,3,,Aggregated,0.600000,0.000000,1900,2400,3000,3400,4800,9400,144000,170000,206000,206000,206000,408,1,1900,7727.263438879599,1039.4705250000698,206292.07611083984,826.4558823529412
1789882569,3,,Aggregated,0.600000,0.000000,1900,2400,3000,3400,4800,9400,144000,170000,206000,206000,206000,408,1,1900,7727.263438879599,1039.4705250000698,206292.07611083984,826.4558823529412
1789882570,3,,Aggregated,0.600000,0.000000,1900,2400,3000,3400,4800,9400,144000,170000,206000,206000,206000,408,1,1900,7727.263438879599,1039.4705250000698,206292.07611083984,826.4558823529412
1789882571,3,,Aggregated,0.600000,0.000000,1900,2400,3000,3400,4800,9400,144000,170000,206000,206000,206000,408,1,1900,7727.263438879599,1039.4705250000698,206292.07611083984,826.4558823529412
1789882572,3,,Aggregated,0.700000,0.000000,1900,2400,3000,3400,4800,9400,144000,170000,206000,206000,206000,409,1,1900,7713.716682349331,1039.4705250000698,206292.07611083984,825.0635696821516
1789882573,3,,Aggregated,0.600000,0.000000,1900,2400,3000,3300,4600,9400,144000,170000,206000,206000,206000,411,1,1900,7685.953704797751,1039.4705250000698,206292.07611083984,822.2992700729927
1789882574,3,,Aggregated,0.600000,0.000000,1900,2400,3000,3300,4600,9400,144000,170000,206000,206000,206000,411,1,1900,7685.953704797751,1039.4705250000698,206292.07611083984,822.2992700729927
1789882575,3,,Aggregated,0.600000,0.000000,1900,2400,3000,3300,4600,9400,144000,170000,206000,206000,206000,411,1,1900,7685.953704797751,1039.4705250000698,206292.07611083984,822.2992700729927
1789882576,3,,Aggregated,0.600000,0.000000,1900,2400,3000,3300,4600,9400,144000,170000,206000,206000,206000,411,1,1900,7685.953704797751,1039.4705250000698,206292.07611083984,822.2992700729927
1789882578,3,,Aggregated,0.600000,0.000000,1900,2400,3000,3300,4600,9400,144000,170000,206000,206000,206000,411,1,1900,7685.953704797751,1039.4705250000698,206292.07611083984,822.2992700729927
1789882579,3,,Aggregated,0.600000,0.000000,1900,2400,3000,3300,4600,9400,144000,170000,206000,206000,206000,411,1,1900,7685.953704797751,1039.4705250000698,206292.07611083984,822.2992700729927
1789882580,3,,Aggregated,0.500000,0.000000,1900,2400,3000,3400,4800,9400,144000,170000,206000,206000,206000,412,1,1900,7678.8766436234855,1039.4705250000698,206292.07611083984,820.9271844660194
1789882581,3,,Aggregated,0.500000,0.000000,1900,2400,3000,3400,4800,9400,144000,170000,206000,206000,206000,412,1,1900,7678.8766436234855,1039.4705250000698,206292.07611083984,820.9271844660194
1789882582,3,,Aggregated,0.500000,0.000000,1900,2400,3000,3400,4800,9400,144000,170000,206000,206000,206000,412,1,1900,7678.8766436234855,1039.4705250000698,206292.07611083984,820.9271844660194
1789882583,3,,Aggregated,0.400000,0.000000,1900,2400,3000,3400,4800,9400,144000,170000,206000,206000,206000,414,1,1900,7660.96131207458,1039.4705250000698,206292.07611083984,818.2028985507246
1789882584,3,,Aggregated,0.400000,0.000000,1900,2400,3000,3400,4800,9400,144000,170000,206000,206000,206000,414,1,1900,7660.96131207458,1039.4705250000698,206292.07611083984,818.2028985507246
1789882585,3,,Aggregated,0.400000,0.000000,1900,2400,3000,3400,4800,9400,144000,170000,206000,206000,206000,414,1,1900,7660.96131207458,1039.4705250000698,206292.07611083984,818.2028985507246
1789882586,3,,Aggregated,0.400000,0.000000,1900,2400,3000,3400,4800,9400,144000,170000,206000,206000,206000,414,1,1900,7660.96131207458,1039.4705250000698,206292.07611083984,818.2028985507246
1789882587,3,,Aggregated,0.300000,0.000000,1900,2400,3000,3400,4800,9400,144000,170000,206000,206000,206000,415,1,1900,7646.062931146688,1039.4705250000698,206292.07611083984,816.8506024096386
1789882588,3,,Aggregated,0.300000,0.000000,1900,2400,3000,3400,4800,9400,144000,170000,206000,206000,206000,415,1,1900,7646.062931146688,1039.4705250000698,206292.07611083984,816.8506024096386
1789882589,3,,Aggregated,0.300000,0.000000,1900,2400,3000,3400,4800,9400,144000,170000,206000,206000,206000,418,2,1900,7715.402839266578,1039.4705250000698,206292.07611083984,812.3755980861245
1789882590,3,,Aggregated,0.300000,0.000000,1900,2400,3000,3400,4800,9400,144000,170000,206000,206000,206000,418,2,1900,7715.402839266578,1039.4705250000698,206292.07611083984,812.3755980861245
1789882591,3,,Aggregated,0.300000,0.000000,1900,2400,3000,3400,4800,9400,144000,170000,206000,206000,206000,418,2,1900,7715.402839266578,1039.4705250000698,206292.07611083984,812.3755980861245
1789882592,3,,Aggregated,0.700000,0.100000,1900,2400,3000,3400,4800,9400,144000,170000,206000,206000,206000,419,2,1900,7704.509112304128,1039.4705250000698,206292.07611083984,810.618138424821
1789882593,3,,Aggregated,0.600000,0.100000,1900,2400,3000,3400,4800,9400,144000,170000,206000,206000,206000,420,2,1900,7689.905705629597,1039.4705250000698,206292.07611083984,809.3
1789882594,3,,Aggregated,0.600000,0.100000,1900,2400,3000,3400,4800,9400,144000,170000,206000,206000,206000,420,2,1900,7689.905705629597,1039.4705250000698,206292.07611083984,809.3
1789882595,3,,Aggregated,0.600000,0.100000,1900,2400,3000,3400,4800,9400,144000,170000,206000,206000,206000,420,2,1900,7689.905705629597,1039.4705250000698,206292.07611083984,809.3
1789882596,3,,Aggregated,0.600000,0.100000,1900,2400,3000,3400,4800,9400,144000,170000,206000,206000,206000,422,2,1900,7661.821211626612,1039.4705250000698,206292.07611083984,806.6635071090047
1789882597,3,,Aggregated,0.600000,0.100000,1900,2400,3000,3400,4800,9400,144000,170000,206000,206000,206000,422,2,1900,7661.821211626612,1039.4705250000698,206292.07611083984,806.6635071090047
1789882598,3,,Aggregated,0.600000,0.100000,1900,2400,3000,3400,4800,9400,144000,170000,206000,206000,206000,422,2,1900,7661.821211626612,1039.4705250000698,206292.07611083984,806.6635071090047
1789882599,3,,Aggregated,0.600000,0.100000,1900,2400,3000,3400,4800,9400,144000,170000,206000,206000,206000,422,2,1900,7661.821211626612,1039.4705250000698,206292.07611083984,806.6635071090047
1789882600,3,,Aggregated,0.700000,0.100000,1900,2400,3000,3400,4800,9400,144000,170000,206000,206000,206000,424,2,1900,7634.033586116578,1039.4705250000698,206292.07611083984,804.0707547169811
1789882601,3,,Aggregated,0.700000,0.100000,1900,2400,3000,3400,4800,9400,144000,170000,206000,206000,206000,424,2,1900,7634.033586116578,1039.4705250000698,206292.07611083984,804.0707547169811
1789882602,3,,Aggregated,0.700000,0.100000,1900,2400,3000,3400,4800,9400,144000,170000,206000,206000,206000,424,2,1900,7634.033586116578,1039.4705250000698,206292.07611083984,804.0707547169811
1789882603,3,,Aggregated,0.700000,0.100000,1900,2400,3000,3400,4800,9400,144000,170000,206000,206000,206000,424,2,1900,7634.033586116578,1039.4705250000698,206292.07611083984,804.0707547169811
1789882604,3,,Aggregated,0.500000,0.000000,1900,2400,3000,3400,4800,9400,144000,170000,206000,206000,206000,426,2,1900,7610.743219646548,1039.4705250000698,206292.07611083984,801.4929577464789
1789882605,3,,Aggregated,0.500000,0.000000,1900,2400,3000,3400,4800,9400,144000,170000,206000,206000,206000,426,2,1900,7610.743219646548,1039.4705250000698,206292.07611083984,801.4929577464789
1789882606,3,,Aggregated,0.500000,0.000000,1900,2400,3000,3400,4800,9400,144000,170000,206000,206000,206000,427,2,1900,7596.754828249251,1039.4705250000698,206292.07611083984,800.2177985948477
1789882607,3,,Aggregated,0.500000,0.000000,1900,2400,3000,3400,4800,9400,144000,170000,206000,206000,206000,427,2,1900,7596.754828249251,1039.4705250000698,206292.07611083984,800.2177985948477
1789882608,3,,Aggregated,0.500000,0.000000,1900,2400,3000,3400,4800,9400,144000,170000,206000,206000,206000,427,2,1900,7596.754828249251,1039.4705250000698,206292.07611083984,800.2177985948477
1789882609,3,,Aggregated,0.400000,0.000000,1900,2400,3000,3400,4800,9400,144000,170000,206000,206000,206000,428,2,1900,7583.989130054744,1039.4705250000698,206292.07611083984,798.9485981308411
1789882610,3,,Aggregated,0.400000,0.000000,1900,2400,3000,3400,4800,9400,144000,170000,206000,206000,206000,428,2,1900,7583.989130054744,1039.4705250000698,206292.07611083984,798.9485981308411
1789882611,3,,Aggregated,0.400000,0.000000,1900,2400,3000,3400,4800,9400,144000,170000,206000,206000,206000,428,2,1900,7583.989130054744,1039.4705250000698,206292.07611083984,798.9485981308411
1789882612,3,,Aggregated,0.600000,0.000000,1900,2400,3000,3400,4800,9400,144000,170000,206000,206000,206000,429,2,1900,7569.054633068604,1039.4705250000698,206292.07611083984,797.6853146853147
1789882613,3,,Aggregated,0.400000,0.000000,1900,2400,3000,3400,4800,9400,149000,176000,206000,206000,206000,432,2,1900,7943.143866851449,1039.4705250000698,206292.07611083984,824.2175925925926
1789882614,3,,Aggregated,0.400000,0.000000,1900,2400,3000,3400,4800,9400,149000,176000,206000,206000,206000,432,2,1900,7943.143866851449,1039.4705250000698,206292.07611083984,824.2175925925926
1789882615,3,,Aggregated,0.400000,0.000000,1900,2400,3000,3400,4800,9400,149000,176000,206000,206000,206000,432,2,1900,7943.143866851449,1039.4705250000698,206292.07611083984,824.2175925925926
1789882616,3,,Aggregated,0.700000,0.000000,1900,2400,3000,3400,4800,9400,149000,176000,206000,206000,206000,434,2,1900,7920.322789808354,1039.4705250000698,206292.07611083984,821.1866359447005
1789882617,3,,Aggregated,0.700000,0.000000,1900,2400,3000,3400,4800,9400,149000,176000,206000,206000,206000,434,2,1900,7920.322789808354,1039.4705250000698,206292.07611083984,821.1866359447005
1789882618,3,,Aggregated,0.700000,0.000000,1900,2400,3000,3400,4800,9400,149000,176000,206000,206000,206000,434,2,1900,7920.322789808354,1039.4705250000698,206292.07611083984,821.1866359447005
1789882619,3,,Aggregated,0.700000,0.000000,1900,2400,3000,3400,4800,9400,149000,176000,206000,206000,206000,434,2,1900,7920.322789808354,1039.4705250000698,206292.07611083984,821.1866359447005
1789882620,3,,Aggregated,0.700000,0.000000,1900,2400,3000,3400,4800,9400,149000,176000,206000,206000,206000,436,2,1900,7893.038169478959,1039.4705250000698,206292.07611083984,818.5802752293578
1789882621,3,,Aggregated,0.700000,0.000000,1900,2400,3000,3400,4800,9400,149000,176000,206000,206000,206000,436,2,1900,7893.038169478959,1039.4705250000698,206292.07611083984,818.5802752293578
1789882622,3,,Aggregated,0.700000,0.000000,1900,2400,3000,3400,4800,9400,149000,176000,206000,206000,206000,436,2,1900,7893.038169478959,1039.4705250000698,206292.07611083984,818.5802752293578
1789882623,3,,Aggregated,0.800000,0.000000,1900,2400,3000,3400,4800,9400,149000,176000,206000,206000,206000,437,2,1900,7884.379856065964,1039.4705250000698,206292.07611083984,817.2951945080091
1789882624,3,,Aggregated,0.800000,0.000000,1900,2400,3000,3400,4800,9400,149000,176000,206000,206000,206000,437,2,1900,7884.379856065964,1039.4705250000698,206292.07611083984,817.2951945080091
1789882625,3,,Aggregated,0.700000,0.000000,1900,2400,3000,3400,4800,9400,149000,176000,206000,206000,206000,438,2,1900,7872.205575042983,1039.4705250000698,206292.07611083984,816.0159817351598
1789882626,3,,Aggregated,0.700000,0.000000,1900,2400,3000,3400,4800,9400,149000,176000,206000,206000,206000,438,2,1900,7872.205575042983,1039.4705250000698,206292.07611083984,816.0159817351598
1789882627,3,,Aggregated,0.500000,0.000000,1900,2400,3000,3400,4800,9400,149000,176000,206000,206000,206000,439,2,1900,7858.760819687532,1039.4705250000698,206292.07611083984,814.742596810934
1789882628,3,,Aggregated,0.500000,0.000000,1900,2400,3000,3400,4800,9400,149000,176000,206000,206000,206000,440,2,1900,7844.838143026877,1039.4705250000698,206292.07611083984,813.475
1789882629,3,,Aggregated,0.500000,0.000000,1900,2400,3000,3400,4600,9400,149000,176000,206000,206000,206000,441,2,1900,7829.982813058563,1039.4705250000698,206292.07611083984,812.2131519274376
1789882630,3,,Aggregated,0.500000,0.000000,1900,2400,3000,3400,4600,9400,149000,176000,206000,206000,206000,441,2,1900,7829.982813058563,1039.4705250000698,206292.07611083984,812.2131519274376
1789882631,3,,Aggregated,0.500000,0.000000,1900,2400,3000,3400,4600,9400,149000,176000,206000,206000,206000,441,2,1900,7829.982813058563,1039.4705250000698,206292.07611083984,812.2131519274376
1789882632,3,,Aggregated,0.700000,0.000000,1900,2400,3000,3400,4600,9400,149000,176000,206000,206000,206000,442,2,1900,7816.665915047117,1039.4705250000698,206292.07611083984,810.9570135746607
1789882633,3,,Aggregated,0.500000,0.000000,1900,2400,3000,3400,4600,9400,149000,176000,206000,206000,206000,443,2,1900,7802.643358430757,1039.4705250000698,206292.07611083984,809.706546275395
1789882634,3,,Aggregated,0.500000,0.000000,1900,2400,3000,3400,4600,9400,149000,176000,206000,206000,206000,443,2,1900,7802.643358430757,1039.4705250000698,206292.07611083984,809.706546275395
1789882635,3,,Aggregated,0.500000,0.000000,1900,2400,3000,3400,4600,9400,149000,176000,206000,206000,206000,443,2,1900,7802.643358430757,1039.4705250000698,206292.07611083984,809.706546275395
1789882636,3,,Aggregated,0.500000,0.000000,1900,2400,3000,3400,4600,9400,149000,176000,206000,206000,206000,443,2,1900,7802.643358430757,1039.4705250000698,206292.07611083984,809.706546275395
1789882637,3,,Aggregated,0.600000,0.000000,1900,2400,3000,3400,4600,9400,149000,176000,206000,206000,206000,445,2,1900,7780.036413276011,1039.4705250000698,206292.07611083984,807.2224719101124
1789882638,3,,Aggregated,0.600000,0.000000,1900,2400,3000,3400,4600,9400,149000,176000,206000,206000,206000,445,2,1900,7780.036413276011,1039.4705250000698,206292.07611083984,807.2224719101124
1789882639,3,,Aggregated,0.600000,0.000000,1900,2400,3000,3400,4600,9400,149000,176000,206000,206000,206000,445,2,1900,7780.036413276011,1039.4705250000698,206292.07611083984,807.2224719101124
1789882640,3,,Aggregated,0.600000,0.000000,1900,2400,3000,3300,4600,9400,149000,176000,206000,206000,206000,446,2,1900,7766.704959921132,1039.4705250000698,206292.07611083984,805.9887892376681
1789882641,3,,Aggregated,0.600000,0.000000,1900,2400,3000,3300,4600,9400,149000,176000,206000,206000,206000,447,2,1900,7753.798664127126,1039.4705250000698,206292.07611083984,804.7606263982103
1789882642,3,,Aggregated,0.600000,0.000000,1900,2400,3000,3300,4600,9400,149000,176000,206000,206000,206000,447,2,1900,7753.798664127126,1039.4705250000698,206292.07611083984,804.7606263982103
1789882643,3,,Aggregated,0.500000,0.000000,1900,2400,3000,3300,4600,9400,149000,176000,206000,206000,206000,448,2,1900,7739.446594776397,1039.4705250000698,206292.07611083984,803.5379464285714
1789882644,3,,Aggregated,0.600000,0.000000,1900,2400,3000,3300,4600,9400,149000,176000,206000,206000,206000,449,2,1900,7725.27768681253,1039.4705250000698,206292.07611083984,802.3207126948776
1789882645,3,,Aggregated,0.600000,0.000000,1900,2400,3000,3300,4600,9400,149000,176000,206000,206000,206000,449,2,1900,7725.27768681253,1039.4705250000698,206292.07611083984,802.3207126948776
1789882646,3,,Aggregated,0.600000,0.000000,1900,2400,3000,3300,4600,9400,149000,176000,206000,206000,206000,450,2,1900,7710.808726344059,1039.4705250000698,206292.07611083984,801.1088888888889
1789882647,3,,Aggregated,0.600000,0.000000,1900,2400,3000,3300,4600,9400,149000,176000,206000,206000,206000,450,2,1900,7710.808726344059,1039.4705250000698,206292.07611083984,801.1088888888889
1789882648,3,,Aggregated,0.600000,0.000000,1900,2400,3000,3300,4600,9400,149000,176000,206000,206000,206000,450,2,1900,7710.808726344059,1039.4705250000698,206292.07611083984,801.1088888888889
1789882649,3,,Aggregated,0.600000,0.000000,1900,2400,3000,3300,4600,9400,149000,176000,206000,206000,206000,450,2,1900,7710.808726344059,1039.4705250000698,206292.07611083984,801.1088888888889
1789882650,3,,Aggregated,0.500000,0.000000,1900,2400,3000,3300,4400,9400,144000,176000,206000,206000,206000,452,2,1900,7682.584794771741,1039.4705250000698,206292.07611083984,798.7013274336283
1789882651,3,,Aggregated,0.500000,0.000000,1900,2400,3000,3300,4400,9400,144000,176000,206000,206000,206000,452,2,1900,7682.584794771741,1039.4705250000698,206292.07611083984,798.7013274336283
1789882652,3,,Aggregated,0.500000,0.000000,1900,2400,3000,3300,4400,9400,144000,176000,206000,206000,206000,453,2,1900,7668.021942624342,1039.4705250000698,206292.07611083984,797.4966887417219
1789882653,3,,Aggregated,0.500000,0.000000,1900,2400,3000,3300,4400,9400,144000,176000,206000,206000,206000,453,2,1900,7668.021942624342,1039.4705250000698,206292.07611083984,797.4966887417219
1789882654,3,,Aggregated,0.500000,0.000000,1900,2400,3000,3300,4400,9400,144000,176000,206000,206000,206000,453,2,1900,7668.021942624342,1039.4705250000698,206292.07611083984,797.4966887417219
1789882655,3,,Aggregated,0.500000,0.000000,1900,2400,3000,3300,4400,9400,144000,176000,206000,206000,206000,453,2,1900,7668.021942624342,1039.4705250000698,206292.07611083984,797.4966887417219
1789882656,3,,Aggregated,0.500000,0.000000,1900,2400,3000,3300,4400,9400,144000,176000,206000,206000,206000,454,2,1900,7653.773263977593,1039.4705250000698,206292.07611083984,796.306167400881
1789882657,3,,Aggregated,0.400000,0.000000,1900,2400,3000,3300,4400,9400,144000,176000,206000,206000,206000,455,2,1900,7639.33912678863,1039.4705250000698,206292.07611083984,795.1208791208791
1789882658,3,,Aggregated,0.400000,0.000000,1900,2400,3000,3300,4400,9400,144000,176000,206000,206000,206000,455,2,1900,7639.33912678863,1039.4705250000698,206292.07611083984,795.1208791208791
1789882659,3,,Aggregated,0.400000,0.000000,1900,2400,3000,3300,4400,9400,144000,176000,206000,206000,206000,455,2,1900,7639.33912678863,1039.4705250000698,206292.07611083984,795.1208791208791
1789882660,3,,Aggregated,0.500000,0.000000,1900,2400,3000,3300,4600,9400,144000,176000,206000,206000,206000,457,2,1900,7857.0197542438955,1039.4705250000698,206292.07611083984,823.5908096280087
1789882661,3,,Aggregated,0.500000,0.000000,1900,2400,3000,3300,4600,9400,144000,176000,206000,206000,206000,457,2,1900,7857.0197542438955,1039.4705250000698,206292.07611083984,823.5908096280087
1789882662,3,,Aggregated,0.500000,0.000000,1900,2400,3000,3300,4600,9400,144000,176000,206000,206000,206000,457,2,1900,7857.0197542438955,1039.4705250000698,206292.07611083984,823.5908096280087
1789882663,3,,Aggregated,0.600000,0.000000,1900,2400,3000,3300,4600,9400,144000,176000,206000,206000,206000,458,2,1900,7846.49865695952,1039.4705250000698,206292.07611083984,821.9585152838428
1789882664,3,,Aggregated,0.500000,0.000000,1900,2400,3000,3300,4600,9400,144000,176000,206000,206000,206000,459,2,1900,7836.4640061099335,1039.4705250000698,206292.07611083984,820.7276688453159
1789882665,3,,Aggregated,0.500000,0.000000,1900,2400,3000,3300,4600,9400,144000,176000,206000,206000,206000,460,2,1900,7827.273129027087,1039.4705250000698,206292.07611083984,819.5021739130435
1789882666,3,,Aggregated,0.500000,0.000000,1900,2400,3000,3300,4600,9400,144000,176000,206000,206000,206000,460,2,1900,7827.273129027087,1039.4705250000698,206292.07611083984,819.5021739130435
1789882667,3,,Aggregated,0.600000,0.000000,1900,2400,3000,3300,4400,9400,144000,176000,206000,206000,206000,461,2,1900,7813.642496354578,1039.4705250000698,206292.07611083984,818.2646420824295
1789882668,3,,Aggregated,0.600000,0.000000,1900,2400,3000,3300,4400,9400,144000,176000,206000,206000,206000,461,2,1900,7813.642496354578,1039.4705250000698,206292.07611083984,818.2646420824295
1789882669,3,,Aggregated,0.600000,0.000000,1900,2400,3000,3300,4400,9400,144000,176000,206000,206000,206000,461,2,1900,7813.642496354578,1039.4705250000698,206292.07611083984,818.2646420824295
1789882670,3,,Aggregated,0.600000,0.000000,1900,2400,3000,3300,4400,9400,144000,176000,206000,206000,206000,461,2,1900,7813.642496354578,1039.4705250000698,206292.07611083984,818.2646420824295
1789882671,3,,Aggregated,0.600000,0.000000,1900,2400,3000,3300,4400,9400,144000,176000,206000,206000,206000,461,2,1900,7813.642496354578,1039.4705250000698,206292.07611083984,818.2646420824295
1789882672,3,,Aggregated,0.600000,0.000000,1900,2400,3000,3300,4400,9400,144000,176000,206000,206000,206000,461,2,1900,7813.642496354578,1039.4705250000698,206292.07611083984,818.2646420824295
1789882673,3,,Aggregated,0.600000,0.000000,1900,2400,3000,3300,4400,9400,144000,176000,206000,206000,206000,461,2,1900,7813.642496354578,1039.4705250000698,206292.07611083984,818.2646420824295
1789882674,3,,Aggregated,0.400000,0.000000,1900,2400,3000,3400,4600,9400,144000,176000,206000,206000,206000,463,2,1900,7800.734463389764,1039.4705250000698,206292.07611083984,815.840172786177
1789882675,3,,Aggregated,0.400000,0.000000,1900,2400,3000,3400,4700,9400,144000,176000,206000,206000,206000,464,2,1900,7794.037212867371,1039.4705250000698,206292.07611083984,814.635775862069
1789882676,3,,Aggregated,0.400000,0.000000,1900,2400,3000,3400,4700,9400,144000,176000,206000,206000,206000,464,2,1900,7794.037212867371,1039.4705250000698,206292.07611083984,814.635775862069
1789882677,3,,Aggregated,0.400000,0.000000,1900,2400,3000,3400,4700,9400,144000,176000,206000,206000,206000,464,2,1900,7794.037212867371,1039.4705250000698,206292.07611083984,814.635775862069
1789882678,3,,Aggregated,0.400000,0.000000,1900,2400,3000,3400,4700,9400,144000,176000,206000,206000,206000,464,2,1900,7794.037212867371,1039.4705250000698,206292.07611083984,814.635775862069
1789882679,3,,Aggregated,0.400000,0.000000,1900,2400,3000,3400,4700,9400,144000,176000,206000,206000,206000,465,2,1900,7783.644264661204,1039.4705250000698,206292.07611083984,813.4365591397849
1789882680,3,,Aggregated,0.300000,0.000000,1900,2400,3000,3400,4700,9400,144000,176000,206000,206000,206000,466,2,1900,7770.4624895009865,1039.4705250000698,206292.07611083984,812.2424892703863
1789882681,3,,Aggregated,0.300000,0.000000,1900,2400,3000,3400,4700,9400,144000,176000,206000,206000,206000,466,2,1900,7770.4624895009865,1039.4705250000698,206292.07611083984,812.2424892703863
1789882682,3,,Aggregated,0.400000,0.000000,1900,2400,3000,3400,4700,9400,144000,176000,206000,206000,206000,468,2,1900,7744.294724486024,1039.4705250000698,206292.07611083984,809.8696581196581
1789882683,3,,Aggregated,0.400000,0.000000,1900,2400,3000,3400,4700,9400,144000,176000,206000,206000,206000,468,2,1900,7744.294724486024,1039.4705250000698,206292.07611083984,809.8696581196581
1789882684,3,,Aggregated,0.400000,0.000000,1900,2400,3000,3400,4700,9400,144000,176000,206000,206000,206000,468,2,1900,7744.294724486024,1039.4705250000698,206292.07611083984,809.8696581196581
1789882685,3,,Aggregated,0.400000,0.000000,1900,2400,3000,3400,4700,9400,144000,176000,206000,206000,206000,468,2,1900,7744.294724486024,1039.4705250000698,206292.07611083984,809.8696581196581
1789882686,3,,Aggregated,0.700000,0.000000,1900,2400,3000,3400,4700,9400,144000,176000,206000,206000,206000,469,2,1900,7731.311248745116,1039.4705250000698,206292.07611083984,808.6908315565032
1789882687,3,,Aggregated,0.500000,0.000000,1900,2400,3000,3400,4700,9400,144000,176000,206000,206000,206000,470,2,1900,7719.035085373318,1039.4705250000698,206292.07611083984,807.5170212765958
1789882688,3,,Aggregated,0.400000,0.000000,1900,2400,3000,3300,4600,9400,144000,176000,206000,206000,206000,471,2,1900,7705.679331578471,1039.4705250000698,206292.07611083984,806.348195329087
1789882689,3,,Aggregated,0.500000,0.000000,1900,2400,3000,3300,4600,9400,144000,176000,206000,206000,206000,472,2,1900,7692.796747420465,1039.4705250000698,206292.07611083984,805.1843220338983
1789882690,3,,Aggregated,0.500000,0.000000,1900,2400,3000,3300,4600,9400,144000,176000,206000,206000,206000,472,2,1900,7692.796747420465,1039.4705250000698,206292.07611083984,805.1843220338983
1789882691,3,,Aggregated,0.500000,0.000000,1900,2400,3000,3300,4600,9400,144000,176000,206000,206000,206000,472,2,1900,7692.796747420465,1039.4705250000698,206292.07611083984,805.1843220338983
1789882692,3,,Aggregated,0.600000,0.000000,1900,2400,3000,3300,4600,9400,144000,176000,206000,206000,206000,473,2,1900,7679.0543732419865,1039.4705250000698,206292.07611083984,804.0253699788584
1789882693,3,,Aggregated,0.600000,0.000000,1900,2400,3000,3300,4600,9400,144000,176000,206000,206000,206000,473,2,1900,7679.0543732419865,1039.4705250000698,206292.07611083984,804.0253699788584
1789882694,3,,Aggregated,0.600000,0.000000,1900,2400,3000,3300,4600,9400,144000,176000,206000,206000,206000,474,2,1900,7666.214176897594,1039.4705250000698,206292.07611083984,802.8628691983122
1789882695,3,,Aggregated,0.400000,0.000000,1900,2400,3000,3300,4600,9400,144000,176000,206000,206000,206000,475,2,1900,7654.489447045176,1039.4705250000698,206292.07611083984,801.7136842105264
1789882696,3,,Aggregated,0.400000,0.000000,1900,2400,3000,3300,4600,9400,144000,176000,206000,206000,206000,475,2,1900,7654.489447045176,1039.4705250000698,206292.07611083984,801.7136842105264
1789882697,3,,Aggregated,0.400000,0.000000,1900,2400,3000,3300,4600,9400,144000,176000,206000,206000,206000,475,2,1900,7654.489447045176,1039.4705250000698,206292.07611083984,801.7136842105264
1789882698,3,,Aggregated,0.400000,0.000000,1900,2400,3000,3300,4600,9400,144000,176000,206000,206000,206000,475,2,1900,7654.489447045176,1039.4705250000698,206292.07611083984,801.7136842105264
1789882699,3,,Aggregated,0.600000,0.000000,1900,2400,3000,3300,4600,9400,144000,176000,206000,206000,206000,476,2,1900,7641.941507908527,1039.4705250000698,206292.07611083984,800.5693277310925
1789882700,3,,Aggregated,0.600000,0.000000,1900,2400,3000,3300,4600,9400,144000,176000,206000,206000,206000,476,2,1900,7641.941507908527,1039.4705250000698,206292.07611083984,800.5693277310925
1789882701,3,,Aggregated,0.400000,0.000000,1900,2400,3000,3300,4700,9400,144000,176000,206000,206000,206000,478,2,1900,7850.141972669682,1039.4705250000698,206292.07611083984,828.9351464435147
1789882702,3,,Aggregated,0.400000,0.000000,1900,2400,3000,3300,4700,9400,144000,176000,206000,206000,206000,479,2,1900,7837.031776787281,1039.4705250000698,206292.07611083984,827.741127348643
1789882703,3,,Aggregated,0.400000,0.000000,1900,2400,3000,3300,4700,9400,144000,176000,206000,206000,206000,479,2,1900,7837.031776787281,1039.4705250000698,206292.07611083984,827.741127348643
1789882704,3,,Aggregated,0.700000,0.000000,1900,2400,3000,3300,4700,9400,144000,176000,206000,206000,206000,480,2,1900,7827.418614802309,1039.4705250000698,206292.07611083984,826.175
1789882705,3,,Aggregated,0.700000,0.000000,1900,2400,3000,3300,4700,9400,144000,176000,206000,206000,206000,480,2,1900,7827.418614802309,1039.4705250000698,206292.07611083984,826.175
1789882706,3,,Aggregated,0.600000,0.000000,1900,2400,3000,3300,4600,9400,144000,176000,206000,206000,206000,481,2,1900,7815.325751964882,1039.4705250000698,206292.07611083984,824.991683991684
1789882707,3,,Aggregated,0.600000,0.000000,1900,2400,3000,3300,4600,9400,144000,176000,206000,206000,206000,481,2,1900,7815.325751964882,1039.4705250000698,206292.07611083984,824.991683991684
1789882708,3,,Aggregated,0.600000,0.000000,1900,2400,3000,3300,4600,9400,144000,176000,206000,206000,206000,481,2,1900,7815.325751964882,1039.4705250000698,206292.07611083984,824.991683991684
1789882709,3,,Aggregated,0.600000,0.000000,1900,2400,3000,3300,4600,9400,144000,176000,206000,206000,206000,483,2,1900,7792.127148946395,1039.4705250000698,206292.07611083984,822.6231884057971
1789882710,3,,Aggregated,0.600000,0.000000,1900,2400,3000,3300,4600,9400,144000,176000,206000,206000,206000,483,2,1900,7792.127148946395,1039.4705250000698,206292.07611083984,822.6231884057971
1789882711,3,,Aggregated,0.600000,0.000000,1900,2400,3000,3300,4600,9400,144000,176000,206000,206000,206000,483,2,1900,7792.127148946395,1039.4705250000698,206292.07611083984,822.6231884057971
1789882712,3,,Aggregated,0.700000,0.000000,1900,2400,3000,3300,4600,9400,144000,176000,206000,206000,206000,484,2,1900,7779.484432134523,1039.4705250000698,206292.07611083984,821.4545454545455
1789882713,3,,Aggregated,0.700000,0.000000,1900,2400,3000,3300,4600,9400,144000,176000,206000,206000,206000,485,2,1900,7766.478767866205,1039.4705250000698,206292.07611083984,820.2907216494846
1789882714,3,,Aggregated,0.700000,0.000000,1900,2400,3000,3300,4600,9400,144000,176000,206000,206000,206000,485,2,1900,7766.478767866205,1039.4705250000698,206292.07611083984,820.2907216494846
1789882715,3,,Aggregated,0.400000,0.000000,1900,2400,3000,3300,4600,9400,144000,176000,206000,206000,206000,486,2,1900,7753.090649491996,1039.4705250000698,206292.07611083984,819.1316872427983
1789882716,3,,Aggregated,0.600000,0.000000,1900,2400,3000,3300,4600,9400,144000,176000,206000,206000,206000,487,2,1900,7739.80492662651,1039.4705250000698,206292.07611083984,817.9774127310062
1789882717,3,,Aggregated,0.600000,0.000000,1900,2400,3000,3300,4600,9400,144000,176000,206000,206000,206000,487,2,1900,7739.80492662651,1039.4705250000698,206292.07611083984,817.9774127310062
1789882718,3,,Aggregated,0.600000,0.000000,1900,2400,3000,3300,4600,9400,144000,176000,206000,206000,206000,487,2,1900,7739.80492662651,1039.4705250000698,206292.07611083984,817.9774127310062
1789882719,3,,Aggregated,0.600000,0.000000,1900,2400,3000,3300,4600,9400,144000,176000,206000,206000,206000,489,2,1900,7713.803841030898,1039.4705250000698,206292.07611083984,815.6830265848671
1789882720,3,,Aggregated,0.600000,0.000000,1900,2400,3000,3300,4600,9400,144000,176000,206000,206000,206000,489,2,1900,7713.803841030898,1039.4705250000698,206292.07611083984,815.6830265848671
1789882721,3,,Aggregated,0.600000,0.000000,1900,2400,3000,3300,4600,9400,144000,176000,206000,206000,206000,490,2,1900,7700.7749274777725,1039.4705250000698,206292.07611083984,814.5428571428571
1789882722,3,,Aggregated,0.600000,0.000000,1900,2400,3000,3300,4600,9400,144000,176000,206000,206000,206000,491,2,1900,7688.225320788409,1039.4705250000698,206292.07611083984,813.40733197556
1789882723,3,,Aggregated,0.600000,0.000000,1900,2400,3000,3300,4600,9400,144000,176000,206000,206000,206000,491,2,1900,7688.225320788409,1039.4705250000698,206292.07611083984,813.40733197556
1789882724,3,,Aggregated,0.600000,0.000000,1900,2400,3000,3300,4600,9400,144000,176000,206000,206000,206000,491,2,1900,7688.225320788409,1039.4705250000698,206292.07611083984,813.40733197556
1789882725,3,,Aggregated,0.600000,0.000000,1900,2400,3000,3300,4600,9400,144000,176000,206000,206000,206000,492,2,1900,7675.627023248188,1039.4705250000698,206292.07611083984,812.2764227642276
1789882726,3,,Aggregated,0.600000,0.000000,1900,2400,3000,3300,4600,9400,144000,176000,206000,206000,206000,493,2,1900,7662.847628807523,1039.4705250000698,206292.07611083984,811.1501014198783
1789882727,3,,Aggregated,0.600000,0.000000,1900,2400,3000,3300,4600,9400,144000,176000,206000,206000,206000,493,2,1900,7662.847628807523,1039.4705250000698,206292.07611083984,811.1501014198783
1789882728,3,,Aggregated,0.600000,0.000000,1900,2400,3000,3300,4600,9400,144000,176000,206000,206000,206000,493,2,1900,7662.847628807523,1039.4705250000698,206292.07611083984,811.1501014198783
1789882729,3,,Aggregated,0.600000,0.000000,1900,2400,3000,3300,4600,9400,144000,176000,206000,206000,206000,495,2,1900,7638.99676279416,1039.4705250000698,206292.07611083984,808.9111111111112
1789882730,3,,Aggregated,0.600000,0.000000,1900,2400,3000,3300,4600,9400,144000,176000,206000,206000,206000,495,2,1900,7638.99676279416,1039.4705250000698,206292.07611083984,808.9111111111112
1789882731,3,,Aggregated,0.600000,0.000000,1900,2400,3000,3300,4600,9400,144000,176000,206000,206000,206000,495,2,1900,7638.99676279416,1039.4705250000698,206292.07611083984,808.9111111111112
1789882732,3,,Aggregated,0.600000,0.000000,1900,2400,3000,3200,4600,9400,144000,176000,206000,206000,206000,496,2,1900,7626.620327217962,1039.4705250000698,206292.07611083984,807.7983870967741
1789882733,3,,Aggregated,0.600000,0.000000,1900,2400,2900,3200,4600,9400,144000,176000,206000,206000,206000,497,2,1900,7614.483019714505,1039.4705250000698,206292.07611083984,806.6901408450705
1789882734,3,,Aggregated,0.600000,0.000000,1900,2400,2900,3200,4600,9400,144000,176000,206000,206000,206000,497,2,1900,7614.483019714505,1039.4705250000698,206292.07611083984,806.6901408450705
1789882735,3,,Aggregated,0.600000,0.000000,1900,2400,2900,3200,4600,9400,144000,176000,206000,206000,206000,497,2,1900,7614.483019714505,1039.4705250000698,206292.07611083984,806.6901408450705
1789882736,3,,Aggregated,0.600000,0.000000,1900,2400,2900,3200,4600,9400,144000,176000,206000,206000,206000,497,2,1900,7614.483019714505,1039.4705250000698,206292.07611083984,806.6901408450705
1789882737,3,,Aggregated,0.600000,0.000000,1900,2400,2900,3200,4600,9400,144000,176000,206000,206000,206000,497,2,1900,7614.483019714505,1039.4705250000698,206292.07611083984,806.6901408450705
1789882738,3,,Aggregated,0.600000,0.000000,1900,2400,3000,3300,4600,9400,144000,176000,206000,206000,206000,499,2,1900,7843.952788589159,1039.4705250000698,206292.07611083984,836.2344689378757
1789882739,3,,Aggregated,0.600000,0.000000,1900,2400,3000,3300,4600,9400,144000,176000,206000,206000,206000,499,2,1900,7843.952788589159,1039.4705250000698,206292.07611083984,836.2344689378757
1789882740,3,,Aggregated,0.600000,0.000000,1900,2400,3000,3300,4600,9400,144000,176000,206000,206000,206000,499,2,1900,7843.952788589159,1039.4705250000698,206292.07611083984,836.2344689378757
1789882741,3,,Aggregated,0.600000,0.000000,1900,2400,3000,3300,4600,9400,144000,176000,206000,206000,206000,499,2,1900,7843.952788589159,1039.4705250000698,206292.07611083984,836.2344689378757
1789882742,3,,Aggregated,0.400000,0.000000,1900,2400,3000,3300,4600,9400,128000,170000,206000,206000,206000,501,2,1900,7831.017238169641,1039.4705250000698,206292.07611083984,833.560878243513
1789882743,3,,Aggregated,0.400000,0.000000,1900,2400,3000,3300,4700,9400,128000,170000,206000,206000,206000,502,2,1900,7826.688081235041,1039.4705250000698,206292.07611083984,832.4123505976096
1789882744,3,,Aggregated,0.400000,0.000000,1900,2400,3000,3300,4700,9400,128000,170000,206000,206000,206000,502,2,1900,7826.688081235041,1039.4705250000698,206292.07611083984,832.4123505976096
1789882745,3,,Aggregated,0.400000,0.000000,1900,2400,3000,3300,4700,9400,128000,170000,206000,206000,206000,502,2,1900,7826.688081235041,1039.4705250000698,206292.07611083984,832.4123505976096
1789882746,3,,Aggregated,0.500000,0.000000,1900,2400,3000,3300,4700,9400,128000,170000,206000,206000,206000,503,2,1900,7814.214696272347,1039.4705250000698,206292.07611083984,831.2524850894632
1789882747,3,,Aggregated,0.500000,0.000000,1900,2400,3000,3300,4700,9400,128000,170000,206000,206000,206000,503,2,1900,7814.214696272347,1039.4705250000698,206292.07611083984,831.2524850894632
1789882748,3,,Aggregated,0.500000,0.000000,1900,2400,3000,3300,4700,9400,128000,170000,206000,206000,206000,503,2,1900,7814.214696272347,1039.4705250000698,206292.07611083984,831.2524850894632
1789882749,3,,Aggregated,0.600000,0.000000,1900,2400,3000,3300,4700,9400,128000,170000,206000,206000,206000,505,2,1900,7790.225340710872,1039.4705250000698,206292.07611083984,828.9782178217822
1789882750,3,,Aggregated,0.600000,0.000000,1900,2400,3000,3300,4700,9400,128000,170000,206000,206000,206000,506,2,1900,7777.981643938716,1039.4705250000698,206292.07611083984,827.8478260869565
1789882751,3,,Aggregated,0.600000,0.000000,1900,2400,3000,3300,4700,9400,128000,170000,206000,206000,206000,506,2,1900,7777.981643938716,1039.4705250000698,206292.07611083984,827.8478260869565
1789882752,3,,Aggregated,0.600000,0.000000,1900,2400,3000,3300,4700,9400,128000,170000,206000,206000,206000,506,2,1900,7777.981643938716,1039.4705250000698,206292.07611083984,827.8478260869565
1789882753,3,,Aggregated,0.700000,0.000000,1900,2400,3000,3300,4700,9400,128000,170000,206000,206000,206000,507,2,1900,7765.87111918933,1039.4705250000698,206292.07611083984,826.7218934911242
1789882754,3,,Aggregated,0.700000,0.000000,1900,2400,3000,3300,4700,9400,128000,170000,206000,206000,206000,507,2,1900,7765.87111918933,1039.4705250000698,206292.07611083984,826.7218934911242
1789882755,3,,Aggregated,0.700000,0.000000,1900,2400,3000,3300,4700,9400,128000,170000,206000,206000,206000,507,2,1900,7765.87111918933,1039.4705250000698,206292.07611083984,826.7218934911242
1789882756,3,,Aggregated,0.700000,0.000000,1900,2400,3000,3300,4700,9400,128000,170000,206000,206000,206000,507,2,1900,7765.87111918933,1039.4705250000698,206292.07611083984,826.7218934911242
1789882757,3,,Aggregated,0.500000,0.000000,1900,2400,3000,3300,4700,9400,128000,170000,206000,206000,206000,509,2,1900,7747.4967876561695,1039.4705250000698,206292.07611083984,824.483300589391
1789882758,3,,Aggregated,0.500000,0.000000,1900,2400,3000,3300,4700,9400,128000,170000,206000,206000,206000,510,2,1900,7737.261162917628,1039.4705250000698,206292.07611083984,823.3705882352941
1789882759,3,,Aggregated,0.500000,0.000000,1900,2400,3000,3300,4700,9400,128000,170000,206000,206000,206000,510,2,1900,7737.261162917628,1039.4705250000698,206292.07611083984,823.3705882352941
1789882760,3,,Aggregated,0.500000,0.000000,1900,2400,3000,3300,4700,9400,128000,170000,206000,206000,206000,510,2,1900,7737.261162917628,1039.4705250000698,206292.07611083984,823.3705882352941
1789882761,3,,Aggregated,0.500000,0.000000,1900,2400,3000,3300,4700,9400,128000,170000,206000,206000,206000,510,2,1900,7737.261162917628,1039.4705250000698,206292.07611083984,823.3705882352941
1789882762,3,,Aggregated,0.400000,0.000000,1900,2400,3000,3300,4600,9400,128000,170000,206000,206000,206000,511,2,1900,7727.480806405069,1039.4705250000698,206292.07611083984,822.2622309197652
1789882763,3,,Aggregated,0.400000,0.000000,1900,2400,3000,3300,4600,9400,128000,170000,206000,206000,206000,511,2,1900,7727.480806405069,1039.4705250000698,206292.07611083984,822.2622309197652
1789882764,3,,Aggregated,0.400000,0.000000,1900,2400,3000,3300,4600,9400,128000,170000,206000,206000,206000,511,2,1900,7727.480806405069,1039.4705250000698,206292.07611083984,822.2622309197652
1789882765,3,,Aggregated,0.400000,0.000000,1900,2400,3000,3300,4600,9400,128000,170000,206000,206000,206000,513,2,1900,7707.607830450273,1039.4705250000698,206292.07611083984,820.0506822612085
1789882766,3,,Aggregated,0.400000,0.000000,1900,2400,3000,3300,4600,9400,128000,170000,206000,206000,206000,514,2,1900,7695.595172546674,1039.4705250000698,206292.07611083984,818.9552529182879
1789882767,3,,Aggregated,0.400000,0.000000,1900,2400,3000,3300,4600,9400,128000,170000,206000,206000,206000,514,2,1900,7695.595172546674,1039.4705250000698,206292.07611083984,818.9552529182879
1789882768,3,,Aggregated,0.400000,0.000000,1900,2400,3000,3300,4600,9400,128000,170000,206000,206000,206000,514,2,1900,7695.595172546674,1039.4705250000698,206292.07611083984,818.9552529182879
1789882769,3,,Aggregated,0.400000,0.000000,1900,2400,3000,3300,4600,9400,128000,170000,206000,206000,206000,514,2,1900,7695.595172546674,1039.4705250000698,206292.07611083984,818.9552529182879
1789882770,3,,Aggregated,0.400000,0.000000,1900,2400,3000,3300,4600,9400,128000,170000,206000,206000,206000,514,2,1900,7695.595172546674,1039.4705250000698,206292.07611083984,818.9552529182879
1789882771,3,,Aggregated,0.400000,0.000000,1900,2400,3000,3300,4600,9400,128000,170000,206000,206000,206000,514,2,1900,7695.595172546674,1039.4705250000698,206292.07611083984,818.9552529182879
1789882772,3,,Aggregated,0.400000,0.000000,1900,2400,3000,3300,4600,9400,128000,170000,206000,206000,206000,515,2,1900,7688.070784087359,1039.4705250000698,206292.07611083984,817.8640776699029
1789882773,3,,Aggregated,0.400000,0.000000,1900,2400,3000,3300,4600,9400,128000,170000,206000,206000,206000,516,2,1900,7680.139233397267,1039.4705250000698,206292.07611083984,816.7771317829457
1789882774,3,,Aggregated,0.400000,0.000000,1900,2400,3000,3300,4600,9400,128000,170000,206000,206000,206000,516,2,1900,7680.139233397267,1039.4705250000698,206292.07611083984,816.7771317829457
1789882775,3,,Aggregated,0.400000,0.000000,1900,2400,3000,3300,4600,9400,128000,170000,206000,206000,206000,516,2,1900,7680.139233397267,1039.4705250000698,206292.07611083984,816.7771317829457
1789882776,3,,Aggregated,0.400000,0.000000,1900,2400,3000,3300,4600,9400,128000,170000,206000,206000,206000,516,2,1900,7680.139233397267,1039.4705250000698,206292.07611083984,816.7771317829457
1789882777,3,,Aggregated,0.300000,0.000000,1900,2400,3000,3400,4800,9400,128000,170000,206000,206000,206000,518,2,1900,7892.265803824021,1039.4705250000698,206292.07611083984,845.6389961389962
1789882778,3,,Aggregated,0.300000,0.000000,1900,2400,3000,3400,4800,9400,128000,170000,206000,206000,206000,518,2,1900,7892.265803824021,1039.4705250000698,206292.07611083984,845.6389961389962
1789882779,3,,Aggregated,0.300000,0.000000,1900,2400,3000,3400,4800,9400,128000,170000,206000,206000,206000,518,2,1900,7892.265803824021,1039.4705250000698,206292.07611083984,845.6389961389962
1789882780,3,,Aggregated,0.300000,0.000000,1900,2400,3000,3400,4800,9400,128000,170000,206000,206000,206000,518,2,1900,7892.265803824021,1039.4705250000698,206292.07611083984,845.6389961389962
1789882781,3,,Aggregated,0.300000,0.000000,1900,2400,3000,3400,4800,9400,128000,170000,206000,206000,206000,518,2,1900,7892.265803824021,1039.4705250000698,206292.07611083984,845.6389961389962
1789882782,3,,Aggregated,0.300000,0.000000,1900,2400,3000,3400,4800,9400,128000,170000,206000,206000,206000,518,2,1900,7892.265803824021,1039.4705250000698,206292.07611083984,845.6389961389962
1789882783,3,,Aggregated,0.300000,0.000000,1900,2400,3000,3400,4800,9400,128000,170000,206000,206000,206000,518,2,1900,7892.265803824021,1039.4705250000698,206292.07611083984,845.6389961389962
1789882784,3,,Aggregated,0.300000,0.000000,1900,2400,3000,3400,4800,9400,128000,170000,206000,206000,206000,519,2,1900,7890.552194329176,1039.4705250000698,206292.07611083984,844.1560693641618
1789882785,3,,Aggregated,0.300000,0.000000,1900,2400,3000,3400,4800,9400,128000,170000,206000,206000,206000,521,2,1900,7888.126431765532,1039.4705250000698,206292.07611083984,841.9021113243762
1789882786,3,,Aggregated,0.300000,0.000000,1900,2400,3000,3400,4800,9400,128000,170000,206000,206000,206000,521,2,1900,7888.126431765532,1039.4705250000698,206292.07611083984,841.9021113243762
1789882787,3,,Aggregated,0.300000,0.000000,1900,2400,3000,3400,4800,9400,128000,170000,206000,206000,206000,521,2,1900,7888.126431765532,1039.4705250000698,206292.07611083984,841.9021113243762
1789882788,3,,Aggregated,0.300000,0.000000,1900,2400,3000,3400,4800,9400,128000,170000,206000,206000,206000,521,2,1900,7888.126431765532,1039.4705250000698,206292.07611083984,841.9021113243762
1789882789,3,,Aggregated,0.300000,0.000000,1900,2400,3000,3400,4800,9400,128000,170000,206000,206000,206000,521,2,1900,7888.126431765532,1039.4705250000698,206292.07611083984,841.9021113243762
1789882790,3,,Aggregated,0.300000,0.000000,1900,2400,3000,3400,4800,9400,128000,170000,206000,206000,206000,521,2,1900,7888.126431765532,1039.4705250000698,206292.07611083984,841.9021113243762
1789882791,3,,Aggregated,0.300000,0.000000,1900,2400,3000,3400,4800,9400,128000,170000,206000,206000,206000,522,2,1900,7881.449081993951,1039.4705250000698,206292.07611083984,840.7816091954023
1789882792,3,,Aggregated,0.300000,0.000000,1900,2400,3000,3400,4800,9400,128000,170000,206000,206000,206000,522,2,1900,7881.449081993951,1039.4705250000698,206292.07611083984,840.7816091954023
1789882793,3,,Aggregated,0.300000,0.000000,1900,2400,3000,3400,4800,9400,128000,170000,206000,206000,206000,522,2,1900,7881.449081993951,1039.4705250000698,206292.07611083984,840.7816091954023
1789882794,3,,Aggregated,0.300000,0.000000,1900,2400,3000,3400,4800,9400,128000,170000,206000,206000,206000,522,2,1900,7881.449081993951,1039.4705250000698,206292.07611083984,840.7816091954023
1789882795,3,,Aggregated,0.400000,0.000000,1900,2400,3000,3500,5000,9400,128000,170000,206000,206000,206000,524,2,1900,7871.90162841764,1039.4705250000698,206292.07611083984,838.5534351145038
1789882796,3,,Aggregated,0.400000,0.000000,1900,2400,3000,3500,5000,9400,128000,170000,206000,206000,206000,524,2,1900,7871.90162841764,1039.4705250000698,206292.07611083984,838.5534351145038
1789882797,3,,Aggregated,0.400000,0.000000,1900,2400,3000,3500,5000,9400,128000,170000,206000,206000,206000,524,2,1900,7871.90162841764,1039.4705250000698,206292.07611083984,838.5534351145038
1789882798,3,,Aggregated,0.400000,0.000000,1900,2400,3000,3500,5000,9400,128000,170000,206000,206000,206000,524,2,1900,7871.90162841764,1039.4705250000698,206292.07611083984,838.5534351145038
1789882799,3,,Aggregated,0.400000,0.000000,1900,2400,3000,3500,5000,9400,128000,170000,206000,206000,206000,524,2,1900,7871.90162841764,1039.4705250000698,206292.07611083984,838.5534351145038
1789882800,3,,Aggregated,0.400000,0.000000,1900,2400,3000,3500,5000,9400,128000,170000,206000,206000,206000,524,2,1900,7871.90162841764,1039.4705250000698,206292.07611083984,838.5534351145038
1789882801,3,,Aggregated,0.300000,0.000000,1900,2500,3000,3500,5000,9400,128000,170000,206000,206000,206000,525,2,1900,7872.543263407321,1039.4705250000698,206292.07611083984,837.4457142857143
1789882802,3,,Aggregated,0.300000,0.000000,1900,2500,3000,3500,5000,9400,128000,170000,206000,206000,206000,525,2,1900,7872.543263407321,1039.4705250000698,206292.07611083984,837.4457142857143
1789882803,3,,Aggregated,0.300000,0.000000,1900,2500,3000,3500,5000,9400,128000,170000,206000,206000,206000,525,2,1900,7872.543263407321,1039.4705250000698,206292.07611083984,837.4457142857143
1789882804,3,,Aggregated,0.300000,0.000000,1900,2500,3000,3500,5000,9400,128000,170000,206000,206000,206000,525,2,1900,7872.543263407321,1039.4705250000698,206292.07611083984,837.4457142857143
1789882805,3,,Aggregated,0.300000,0.000000,1900,2500,3000,3500,5000,9400,128000,170000,206000,206000,206000,525,2,1900,7872.543263407321,1039.4705250000698,206292.07611083984,837.4457142857143
1789882806,3,,Aggregated,0.300000,0.000000,1900,2500,3000,3500,5100,9400,128000,170000,206000,206000,206000,527,2,1900,7863.4198102368955,1039.4705250000698,206292.07611083984,835.2428842504744
1789882807,3,,Aggregated,0.300000,0.000000,1900,2500,3000,3500,5100,9400,128000,170000,206000,206000,206000,528,2,1900,7855.97391417963,1039.4705250000698,206292.07611083984,834.1477272727273
1789882808,3,,Aggregated,0.300000,0.000000,1900,2500,3000,3500,5100,9400,128000,170000,206000,206000,206000,528,2,1900,7855.97391417963,1039.4705250000698,206292.07611083984,834.1477272727273
1789882809,3,,Aggregated,0.300000,0.000000,1900,2500,3000,3500,5100,9400,128000,170000,206000,206000,206000,528,2,1900,7855.97391417963,1039.4705250000698,206292.07611083984,834.1477272727273
1789882810,3,,Aggregated,0.300000,0.000000,1900,2500,3000,3500,5100,9400,128000,170000,206000,206000,206000,528,2,1900,7855.97391417963,1039.4705250000698,206292.07611083984,834.1477272727273
1789882811,3,,Aggregated,0.300000,0.000000,1900,2500,3000,3500,5100,9400,128000,170000,206000,206000,206000,528,2,1900,7855.97391417963,1039.4705250000698,206292.07611083984,834.1477272727273
1789882812,3,,Aggregated,0.300000,0.000000,1900,2500,3000,3500,5100,9400,128000,170000,206000,206000,206000,528,2,1900,7855.97391417963,1039.4705250000698,206292.07611083984,834.1477272727273
1789882813,3,,Aggregated,0.300000,0.000000,1900,2500,3000,3500,5100,9400,128000,170000,206000,206000,206000,528,2,1900,7855.97391417963,1039.4705250000698,206292.07611083984,834.1477272727273
1789882814,3,,Aggregated,0.300000,0.000000,1900,2500,3000,3500,5100,9400,128000,170000,206000,206000,206000,529,2,1900,7850.584562360765,1039.4705250000698,206292.07611083984,833.0567107750472
1789882815,3,,Aggregated,0.300000,0.000000,1900,2500,3000,3500,5100,9400,128000,170000,206000,206000,206000,529,2,1900,7850.584562360765,1039.4705250000698,206292.07611083984,833.0567107750472
1789882816,3,,Aggregated,0.300000,0.000000,1900,2500,3000,3500,5100,9400,128000,170000,206000,206000,206000,529,2,1900,7850.584562360765,1039.4705250000698,206292.07611083984,833.0567107750472
1789882817,3,,Aggregated,0.300000,0.000000,1900,2500,3000,3500,5100,9400,128000,170000,206000,206000,206000,529,2,1900,7850.584562360765,1039.4705250000698,206292.07611083984,833.0567107750472
1789882818,3,,Aggregated,0.300000,0.000000,1900,2500,3000,3500,5100,9400,128000,170000,206000,206000,206000,529,2,1900,7850.584562360765,1039.4705250000698,206292.07611083984,833.0567107750472
1789882819,3,,Aggregated,0.300000,0.000000,1900,2500,3000,3500,5100,9400,128000,170000,206000,206000,206000,529,2,1900,7850.584562360765,1039.4705250000698,206292.07611083984,833.0567107750472
1789882820,3,,Aggregated,0.100000,0.000000,1900,2500,3000,3500,5200,9400,128000,170000,206000,206000,206000,530,2,1900,7853.79616810914,1039.4705250000698,206292.07611083984,831.9698113207547
1789882821,3,,Aggregated,0.100000,0.000000,1900,2500,3000,3500,5200,9400,128000,170000,206000,206000,206000,530,2,1900,7853.79616810914,1039.4705250000698,206292.07611083984,831.9698113207547
1789882822,3,,Aggregated,0.100000,0.000000,1900,2500,3000,3500,5200,9400,128000,170000,206000,206000,206000,530,2,1900,7853.79616810914,1039.4705250000698,206292.07611083984,831.9698113207547
1789882823,3,,Aggregated,0.200000,0.000000,1900,2500,3000,3500,5100,9400,128000,170000,206000,206000,206000,531,2,1900,7847.342021108936,1039.4705250000698,206292.07611083984,830.8870056497175
1789882824,3,,Aggregated,0.200000,0.000000,1900,2500,3000,3500,5100,9400,128000,170000,206000,206000,206000,531,2,1900,7847.342021108936,1039.4705250000698,206292.07611083984,830.8870056497175
1789882825,3,,Aggregated,0.200000,0.000000,1900,2500,3000,3500,5100,9400,128000,170000,206000,206000,206000,531,2,1900,7847.342021108936,1039.4705250000698,206292.07611083984,830.8870056497175
1789882826,3,,Aggregated,0.200000,0.000000,1900,2500,3000,3500,5100,9400,128000,170000,206000,206000,206000,531,2,1900,7847.342021108936,1039.4705250000698,206292.07611083984,830.8870056497175
1789882827,3,,Aggregated,0.200000,0.000000,1900,2500,3000,3500,5100,9400,128000,170000,206000,206000,206000,531,2,1900,7847.342021108936,1039.4705250000698,206292.07611083984,830.8870056497175
1789882828,3,,Aggregated,0.200000,0.000000,1900,2500,3000,3500,5100,9400,128000,170000,206000,206000,206000,531,2,1900,7847.342021108936,1039.4705250000698,206292.07611083984,830.8870056497175
1789882829,3,,Aggregated,0.200000,0.000000,1900,2500,3000,3500,5100,9400,128000,170000,206000,206000,206000,531,2,1900,7847.342021108936,1039.4705250000698,206292.07611083984,830.8870056497175
1789882830,3,,Aggregated,0.200000,0.000000,1900,2500,3000,3500,5100,9400,128000,170000,206000,206000,206000,531,2,1900,7847.342021108936,1039.4705250000698,206292.07611083984,830.8870056497175
1789882831,3,,Aggregated,0.200000,0.000000,1900,2500,3000,3500,5100,9400,128000,170000,206000,206000,206000,531,2,1900,7847.342021108936,1039.4705250000698,206292.07611083984,830.8870056497175
1789882832,3,,Aggregated,0.200000,0.000000,1900,2500,3000,3500,5100,9400,128000,170000,206000,206000,206000,531,2,1900,7847.342021108936,1039.4705250000698,206292.07611083984,830.8870056497175
1789882833,3,,Aggregated,0.200000,0.000000,1900,2500,3100,3500,5100,9400,128000,170000,206000,206000,206000,532,2,1900,7841.218885947076,1039.4705250000698,206292.07611083984,829.8082706766917
1789882834,3,,Aggregated,0.200000,0.000000,1900,2500,3100,3500,5100,9400,128000,170000,206000,206000,206000,532,2,1900,7841.218885947076,1039.4705250000698,206292.07611083984,829.8082706766917
1789882835,3,,Aggregated,0.100000,0.000000,1900,2600,3100,3500,5200,9400,134000,170000,206000,206000,206000,534,2,1900,8107.280732355963,1039.4705250000698,206292.07611083984,852.0973782771536
1789882836,3,,Aggregated,0.100000,0.000000,1900,2600,3100,3500,5200,9400,134000,170000,206000,206000,206000,534,2,1900,8107.280732355963,1039.4705250000698,206292.07611083984,852.0973782771536
1789882837,3,,Aggregated,0.100000,0.000000,1900,2600,3100,3500,5200,9400,134000,170000,206000,206000,206000,534,2,1900,8107.280732355963,1039.4705250000698,206292.07611083984,852.0973782771536
1789882838,3,,Aggregated,0.100000,0.000000,1900,2600,3100,3500,5200,9400,134000,170000,206000,206000,206000,534,2,1900,8107.280732355963,1039.4705250000698,206292.07611083984,852.0973782771536
1789882839,3,,Aggregated,0.100000,0.000000,1900,2600,3100,3500,5200,9400,134000,170000,206000,206000,206000,534,2,1900,8107.280732355963,1039.4705250000698,206292.07611083984,852.0973782771536
1789882840,3,,Aggregated,0.300000,0.000000,1900,2600,3100,3500,5300,9600,134000,170000,206000,206000,206000,535,2,1900,8119.388707347822,1039.4705250000698,206292.07611083984,850.985046728972
1789882841,3,,Aggregated,0.300000,0.000000,1900,2600,3200,3500,5600,9600,134000,170000,206000,206000,206000,536,2,1900,8116.773627252024,1039.4705250000698,206292.07611083984,849.5391791044776
1789882842,3,,Aggregated,0.400000,0.000000,1900,2600,3200,3600,5600,9600,134000,170000,206000,206000,206000,537,2,1900,8109.21485284932,1039.4705250000698,206292.07611083984,848.4357541899441
1789882843,3,,Aggregated,0.400000,0.000000,1900,2600,3200,3600,5600,9600,134000,170000,206000,206000,206000,537,2,1900,8109.21485284932,1039.4705250000698,206292.07611083984,848.4357541899441
1789882844,3,,Aggregated,0.400000,0.000000,1900,2600,3200,3600,5600,9600,134000,170000,206000,206000,206000,537,2,1900,8109.21485284932,1039.4705250000698,206292.07611083984,848.4357541899441
1789882845,3,,Aggregated,0.500000,0.000000,1900,2600,3200,3600,5600,9600,134000,170000,206000,206000,206000,538,2,1900,8097.68662983473,1039.4705250000698,206292.07611083984,847.3215613382899
1789882846,3,,Aggregated,0.500000,0.000000,1900,2600,3200,3600,5600,9600,134000,170000,206000,206000,206000,538,2,1900,8097.68662983473,1039.4705250000698,206292.07611083984,847.3215613382899
1789882847,3,,Aggregated,0.500000,0.000000,1900,2600,3200,3600,5600,9600,134000,170000,206000,206000,206000,538,2,1900,8097.68662983473,1039.4705250000698,206292.07611083984,847.3215613382899
1789882848,3,,Aggregated,0.500000,0.000000,1900,2600,3200,3600,5600,9600,134000,170000,206000,206000,206000,538,2,1900,8097.68662983473,1039.4705250000698,206292.07611083984,847.3215613382899
1789882849,3,,Aggregated,0.400000,0.000000,1900,2600,3200,3600,5600,9600,134000,170000,206000,206000,206000,539,2,1900,8086.1931015029395,1039.4705250000698,206292.07611083984,846.2263450834879
1789882850,3,,Aggregated,0.400000,0.000000,1900,2600,3200,3600,5600,9600,134000,170000,206000,206000,206000,539,2,1900,8086.1931015029395,1039.4705250000698,206292.07611083984,846.2263450834879
1789882851,3,,Aggregated,0.400000,0.000000,1900,2600,3200,3600,5600,9600,134000,170000,206000,206000,206000,539,2,1900,8086.1931015029395,1039.4705250000698,206292.07611083984,846.2263450834879
1789882852,3,,Aggregated,0.400000,0.000000,1900,2600,3200,3600,5600,9600,134000,170000,206000,206000,206000,540,2,1900,8084.489794144602,1039.4705250000698,206292.07611083984,845.1351851851852
1789882853,3,,Aggregated,0.400000,0.000000,1900,2600,3200,3600,5600,9400,134000,170000,206000,206000,206000,541,2,1900,8072.326981704408,1039.4705250000698,206292.07611083984,844.0480591497227
1789882854,3,,Aggregated,0.400000,0.000000,1900,2600,3200,3600,5600,9400,134000,170000,206000,206000,206000,541,2,1900,8072.326981704408,1039.4705250000698,206292.07611083984,844.0480591497227
1789882855,3,,Aggregated,0.400000,0.000000,1900,2600,3200,3600,5600,9400,134000,170000,206000,206000,206000,541,2,1900,8072.326981704408,1039.4705250000698,206292.07611083984,844.0480591497227
1789882856,3,,Aggregated,0.400000,0.000000,1900,2600,3200,3600,5600,9400,134000,170000,206000,206000,206000,542,2,1900,8073.903633136687,1039.4705250000698,206292.07611083984,842.9649446494465
1789882857,3,,Aggregated,0.400000,0.000000,1900,2600,3200,3600,5600,9400,134000,170000,206000,206000,206000,542,2,1900,8073.903633136687,1039.4705250000698,206292.07611083984,842.9649446494465
1789882858,3,,Aggregated,0.400000,0.000000,1900,2600,3200,3600,5600,9400,134000,170000,206000,206000,206000,542,2,1900,8073.903633136687,1039.4705250000698,206292.07611083984,842.9649446494465
1789882859,3,,Aggregated,0.400000,0.000000,1900,2600,3200,3600,5600,9400,134000,170000,206000,206000,206000,543,2,1900,8063.105470797577,1039.4705250000698,206292.07611083984,841.8858195211786
1789882860,3,,Aggregated,0.400000,0.000000,1900,2600,3200,3600,5600,9400,134000,170000,206000,206000,206000,543,2,1900,8063.105470797577,1039.4705250000698,206292.07611083984,841.8858195211786
1789882861,3,,Aggregated,0.400000,0.000000,1900,2600,3200,3600,5600,9400,134000,170000,206000,206000,206000,543,2,1900,8063.105470797577,1039.4705250000698,206292.07611083984,841.8858195211786
1789882862,3,,Aggregated,0.400000,0.000000,1900,2600,3200,3600,5600,9400,134000,170000,206000,206000,206000,545,2,1900,8049.99406708456,1039.4705250000698,206292.07611083984,839.7394495412844
1789882863,3,,Aggregated,0.400000,0.000000,1900,2600,3200,3600,5600,9400,134000,170000,206000,206000,206000,545,2,1900,8049.99406708456,1039.4705250000698,206292.07611083984,839.7394495412844
1789882864,3,,Aggregated,0.400000,0.000000,1900,2600,3200,3600,5600,9400,134000,170000,206000,206000,206000,545,2,1900,8049.99406708456,1039.4705250000698,206292.07611083984,839.7394495412844
1789882865,3,,Aggregated,0.400000,0.000000,1900,2600,3200,3600,5600,9400,134000,170000,206000,206000,206000,546,2,1900,8037.6199351704845,1039.4705250000698,206292.07611083984,838.6721611721612
1789882866,3,,Aggregated,0.400000,0.000000,1900,2600,3200,3600,5600,9400,134000,170000,206000,206000,206000,547,2,1900,8025.204748991016,1039.4705250000698,206292.07611083984,837.6087751371115
1789882867,3,,Aggregated,0.400000,0.000000,1900,2600,3200,3600,5600,9400,134000,170000,206000,206000,206000,547,2,1900,8025.204748991016,1039.4705250000698,206292.07611083984,837.6087751371115
1789882868,3,,Aggregated,0.400000,0.000000,1900,2600,3200,3600,5600,9400,134000,170000,206000,206000,206000,547,2,1900,8025.204748991016,1039.4705250000698,206292.07611083984,837.6087751371115
1789882869,3,,Aggregated,0.500000,0.000000,1900,2600,3200,3600,5600,9400,134000,170000,206000,206000,206000,548,2,1900,8014.505630533002,1039.4705250000698,206292.07611083984,836.5492700729927
1789882870,3,,Aggregated,0.500000,0.000000,1900,2600,3200,3600,5600,9400,134000,170000,206000,206000,206000,548,2,1900,8014.505630533002,1039.4705250000698,206292.07611083984,836.5492700729927
1789882871,3,,Aggregated,0.500000,0.000000,1900,2600,3200,3600,5600,9400,134000,170000,206000,206000,206000,548,2,1900,8014.505630533002,1039.4705250000698,206292.07611083984,836.5492700729927
1789882872,3,,Aggregated,0.500000,0.000000,1900,2600,3200,3600,5600,9400,134000,170000,206000,206000,206000,550,2,1900,7989.921073180152,1039.4705250000698,206292.07611083984,834.4345454545454
1789882873,3,,Aggregated,0.500000,0.000000,1900,2600,3200,3600,5600,9400,134000,170000,206000,206000,206000,550,2,1900,7989.921073180152,1039.4705250000698,206292.07611083984,834.4345454545454
1789882874,3,,Aggregated,0.500000,0.000000,1900,2600,3200,3600,5600,9400,134000,170000,206000,206000,206000,550,2,1900,7989.921073180152,1039.4705250000698,206292.07611083984,834.4345454545454
1789882875,3,,Aggregated,0.500000,0.000000,1900,2600,3200,3600,5600,9400,134000,170000,206000,206000,206000,550,2,1900,7989.921073180152,1039.4705250000698,206292.07611083984,834.4345454545454
1789882876,3,,Aggregated,0.500000,0.000000,1900,2600,3200,3600,5600,9400,128000,170000,206000,206000,206000,551,2,1900,7977.6793647261065,1039.4705250000698,206292.07611083984,833.3865698729583
1789882877,3,,Aggregated,0.500000,0.000000,1900,2600,3200,3600,5600,9400,128000,170000,206000,206000,206000,551,2,1900,7977.6793647261065,1039.4705250000698,206292.07611083984,833.3865698729583
1789882878,3,,Aggregated,0.400000,0.000000,1900,2600,3200,3600,5600,9400,128000,170000,206000,206000,206000,552,2,1900,7966.1584897954435,1039.4705250000698,206292.07611083984,832.3423913043479
1789882879,3,,Aggregated,0.400000,0.000000,1900,2600,3200,3600,5600,9400,128000,170000,206000,206000,206000,552,2,1900,7966.1584897954435,1039.4705250000698,206292.07611083984,832.3423913043479
1789882880,3,,Aggregated,0.400000,0.000000,1900,2600,3200,3600,5600,9400,128000,170000,206000,206000,206000,552,2,1900,7966.1584897954435,1039.4705250000698,206292.07611083984,832.3423913043479
1789882881,3,,Aggregated,0.400000,0.000000,1900,2600,3200,3600,5600,9400,128000,170000,206000,206000,206000,552,2,1900,7966.1584897954435,1039.4705250000698,206292.07611083984,832.3423913043479
1789882882,3,,Aggregated,0.500000,0.000000,1900,2500,3100,3600,5600,9400,128000,170000,206000,206000,206000,553,2,1900,7953.8510536149815,1039.4705250000698,206292.07611083984,831.3019891500904
1789882883,3,,Aggregated,0.500000,0.000000,1900,2500,3100,3600,5600,9400,128000,170000,206000,206000,206000,553,2,1900,7953.8510536149815,1039.4705250000698,206292.07611083984,831.3019891500904
1789882884,3,,Aggregated,0.300000,0.000000,1900,2600,3200,3600,5700,9600,134000,170000,206000,206000,206000,556,2,1900,8189.194410088476,1039.4705250000698,206292.07611083984,862.5953237410072
1789882885,3,,Aggregated,0.300000,0.000000,1900,2600,3200,3600,5700,9600,134000,170000,206000,206000,206000,556,2,1900,8189.194410088476,1039.4705250000698,206292.07611083984,862.5953237410072
1789882886,3,,Aggregated,0.300000,0.000000,1900,2600,3200,3600,5700,9600,134000,170000,206000,206000,206000,556,2,1900,8189.194410088476,1039.4705250000698,206292.07611083984,862.5953237410072
1789882887,3,,Aggregated,0.300000,0.000000,1900,2600,3200,3600,5700,9600,134000,170000,206000,206000,206000,557,2,1900,8179.5277502911895,1039.4705250000698,206292.07611083984,861.1831238779174
1789882888,3,,Aggregated,0.500000,0.000000,1900,2600,3200,3600,5700,9600,134000,170000,206000,206000,206000,558,2,1900,8167.550433227944,1039.4705250000698,206292.07611083984,860.0931899641577
1789882889,3,,Aggregated,0.500000,0.000000,1900,2600,3200,3600,5700,9600,134000,170000,206000,206000,206000,558,2,1900,8167.550433227944,1039.4705250000698,206292.07611083984,860.0931899641577
1789882890,3,,Aggregated,0.600000,0.000000,1900,2600,3200,3600,5700,9600,134000,170000,206000,206000,206000,559,2,1900,8155.671266064746,1039.4705250000698,206292.07611083984,859.0
1789882891,3,,Aggregated,0.600000,0.000000,1900,2600,3200,3600,5700,9600,134000,170000,206000,206000,206000,560,2,1900,8144.461834553917,1039.4705250000698,206292.07611083984,857.925
1789882892,3,,Aggregated,0.600000,0.000000,1900,2600,3200,3600,5700,9600,134000,170000,206000,206000,206000,560,2,1900,8144.461834553917,1039.4705250000698,206292.07611083984,857.925
1789882893,3,,Aggregated,0.600000,0.000000,1900,2600,3200,3600,5700,9600,134000,170000,206000,206000,206000,560,2,1900,8144.461834553917,1039.4705250000698,206292.07611083984,857.925
1789882894,3,,Aggregated,0.600000,0.000000,1900,2600,3200,3600,5700,9600,134000,170000,206000,206000,206000,560,2,1900,8144.461834553917,1039.4705250000698,206292.07611083984,857.925
1789882895,3,,Aggregated,0.600000,0.000000,1900,2600,3200,3600,5700,9600,134000,170000,206000,206000,206000,560,2,1900,8144.461834553917,1039.4705250000698,206292.07611083984,857.925
1789882896,3,,Aggregated,0.700000,0.000000,1900,2600,3200,3600,5700,9600,134000,170000,206000,206000,206000,563,2,1900,8325.398634090954,1039.4705250000698,206292.07611083984,883.8969804618117
1789882897,3,,Aggregated,0.700000,0.000000,1900,2600,3200,3600,5700,9600,134000,170000,206000,206000,206000,563,2,1900,8325.398634090954,1039.4705250000698,206292.07611083984,883.8969804618117
1789882898,3,,Aggregated,0.700000,0.000000,1900,2600,3200,3600,5700,9600,134000,170000,206000,206000,206000,563,2,1900,8325.398634090954,1039.4705250000698,206292.07611083984,883.8969804618117
1789882899,3,,Aggregated,0.700000,0.000000,1900,2600,3200,3600,5700,9600,134000,170000,206000,206000,206000,563,2,1900,8325.398634090954,1039.4705250000698,206292.07611083984,883.8969804618117
1789882900,3,,Aggregated,0.600000,0.000000,1900,2600,3200,3600,5700,9600,134000,170000,206000,206000,206000,566,2,1900,8296.303018896124,1039.4705250000698,206292.07611083984,880.2544169611307
1789882901,3,,Aggregated,0.600000,0.000000,1900,2600,3200,3600,5700,9600,134000,170000,206000,206000,206000,566,2,1900,8296.303018896124,1039.4705250000698,206292.07611083984,880.2544169611307
1789882902,3,,Aggregated,0.600000,0.000000,1900,2600,3200,3600,5700,9600,134000,170000,206000,206000,206000,566,2,1900,8296.303018896124,1039.4705250000698,206292.07611083984,880.2544169611307
1789882903,3,,Aggregated,0.700000,0.000000,1900,2600,3200,3600,5700,9600,134000,170000,206000,206000,206000,568,2,1900,8272.09710179966,1039.4705250000698,206292.07611083984,878.0457746478874
1789882904,3,,Aggregated,0.700000,0.000000,1900,2600,3200,3600,5700,9600,134000,170000,206000,206000,206000,568,2,1900,8272.09710179966,1039.4705250000698,206292.07611083984,878.0457746478874
1789882905,3,,Aggregated,0.700000,0.000000,1900,2600,3200,3600,5700,9600,134000,170000,206000,206000,206000,568,2,1900,8272.09710179966,1039.4705250000698,206292.07611083984,878.0457746478874
1789882906,3,,Aggregated,0.600000,0.000000,1900,2600,3200,3600,5700,9600,134000,170000,206000,206000,206000,569,2,1900,8259.550091819343,1039.4705250000698,206292.07611083984,876.9543057996485
1789882907,3,,Aggregated,0.600000,0.000000,1900,2600,3200,3600,5700,9600,134000,170000,206000,206000,206000,569,2,1900,8259.550091819343,1039.4705250000698,206292.07611083984,876.9543057996485
1789882908,3,,Aggregated,0.800000,0.000000,1900,2600,3200,3600,5600,9600,134000,170000,206000,206000,206000,571,2,1900,8238.713331613319,1039.4705250000698,206292.07611083984,874.7828371278459
1789882909,3,,Aggregated,0.800000,0.000000,1900,2600,3200,3600,5600,9600,134000,170000,206000,206000,206000,571,2,1900,8238.713331613319,1039.4705250000698,206292.07611083984,874.7828371278459
1789882910,3,,Aggregated,0.800000,0.000000,1900,2600,3200,3600,5600,9600,134000,170000,206000,206000,206000,571,2,1900,8238.713331613319,1039.4705250000698,206292.07611083984,874.7828371278459
1789882911,3,,Aggregated,0.800000,0.000000,1900,2600,3200,3600,5600,9600,134000,170000,206000,206000,206000,573,2,1900,8215.33870101083,1039.4705250000698,206292.07611083984,872.6265270506108
1789882912,3,,Aggregated,0.600000,0.000000,1900,2600,3200,3600,5600,9600,134000,170000,206000,206000,206000,574,2,1900,8203.544175928932,1039.4705250000698,206292.07611083984,871.5540069686411
1789882913,3,,Aggregated,0.600000,0.000000,1900,2600,3200,3600,5600,9600,134000,170000,206000,206000,206000,574,2,1900,8203.544175928932,1039.4705250000698,206292.07611083984,871.5540069686411
1789882914,3,,Aggregated,0.600000,0.000000,1900,2600,3200,3600,5600,9600,134000,170000,206000,206000,206000,574,2,1900,8203.544175928932,1039.4705250000698,206292.07611083984,871.5540069686411
1789882915,3,,Aggregated,0.700000,0.000000,1900,2600,3200,3500,5600,9600,134000,170000,206000,206000,206000,576,2,1900,8180.110835717373,1039.4705250000698,206292.07611083984,869.4201388888889
1789882916,3,,Aggregated,0.700000,0.000000,1900,2600,3200,3500,5600,9600,134000,170000,206000,206000,206000,576,2,1900,8180.110835717373,1039.4705250000698,206292.07611083984,869.4201388888889
1789882917,3,,Aggregated,0.700000,0.000000,1900,2600,3200,3500,5600,9600,134000,170000,206000,206000,206000,576,2,1900,8180.110835717373,1039.4705250000698,206292.07611083984,869.4201388888889
1789882918,3,,Aggregated,0.800000,0.000000,1900,2500,3200,3500,5600,9600,134000,170000,206000,206000,206000,577,2,1900,8167.839505024623,1039.4705250000698,206292.07611083984,868.3587521663778
1789882919,3,,Aggregated,0.700000,0.000000,1900,2500,3200,3500,5600,9600,134000,170000,206000,206000,206000,578,2,1900,8156.014750014199,1039.4705250000698,206292.07611083984,867.3010380622837
1789882920,3,,Aggregated,0.700000,0.000000,1900,2500,3200,3500,5600,9600,134000,170000,206000,206000,206000,578,2,1900,8156.014750014199,1039.4705250000698,206292.07611083984,867.3010380622837
1789882921,3,,Aggregated,0.700000,0.000000,1900,2500,3200,3500,5600,9600,134000,170000,206000,206000,206000,580,2,1900,8132.176304443462,1039.4705250000698,206292.07611083984,865.196551724138
1789882922,3,,Aggregated,0.700000,0.000000,1900,2500,3200,3500,5600,9600,134000,170000,206000,206000,206000,580,2,1900,8132.176304443462,1039.4705250000698,206292.07611083984,865.196551724138
1789882923,3,,Aggregated,0.700000,0.000000,1900,2500,3200,3500,5600,9600,134000,170000,206000,206000,206000,580,2,1900,8132.176304443462,1039.4705250000698,206292.07611083984,865.196551724138
1789882924,3,,Aggregated,0.700000,0.000000,1900,2500,3100,3500,5600,9400,134000,170000,206000,206000,206000,581,2,1900,8120.409480566622,1039.4705250000698,206292.07611083984,864.1497418244406
1789882925,3,,Aggregated,0.600000,0.000000,1900,2500,3100,3500,5600,9400,134000,170000,206000,206000,206000,582,2,1900,8109.331563840563,1039.4705250000698,206292.07611083984,863.106529209622
1789882926,3,,Aggregated,0.600000,0.000000,1900,2500,3100,3500,5600,9400,134000,170000,206000,206000,206000,582,2,1900,8109.331563840563,1039.4705250000698,206292.07611083984,863.106529209622
1789882927,3,,Aggregated,0.500000,0.000000,1900,2500,3100,3500,5600,9400,134000,170000,206000,206000,206000,583,2,1900,8098.427681303959,1039.4705250000698,206292.07611083984,862.0668953687822
1789882928,3,,Aggregated,0.500000,0.000000,1900,2500,3100,3500,5600,9400,134000,170000,206000,206000,206000,583,2,1900,8098.427681303959,1039.4705250000698,206292.07611083984,862.0668953687822
1789882929,3,,Aggregated,0.600000,0.000000,1900,2500,3100,3500,5600,9400,134000,170000,206000,206000,206000,584,2,1900,8089.183830252069,1039.4705250000698,206292.07611083984,861.0308219178082
1789882930,3,,Aggregated,0.600000,0.000000,1900,2500,3100,3500,5600,9400,134000,170000,206000,206000,206000,584,2,1900,8089.183830252069,1039.4705250000698,206292.07611083984,861.0308219178082
1789882931,3,,Aggregated,0.500000,0.000000,1900,2500,3100,3500,5600,9400,134000,170000,206000,206000,206000,585,2,1900,8077.4986566465095,1039.4705250000698,206292.07611083984,859.9982905982906
1789882932,3,,Aggregated,0.500000,0.000000,1900,2500,3100,3500,5600,9400,134000,170000,206000,206000,206000,585,2,1900,8077.4986566465095,1039.4705250000698,206292.07611083984,859.9982905982906
1789882933,3,,Aggregated,0.500000,0.000000,1900,2500,3100,3500,5600,9400,134000,170000,206000,206000,206000,585,2,1900,8077.4986566465095,1039.4705250000698,206292.07611083984,859.9982905982906
1789882934,3,,Aggregated,0.500000,0.000000,1900,2500,3100,3500,5600,9400,134000,170000,206000,206000,206000,586,2,1900,8066.355583171005,1039.4705250000698,206292.07611083984,858.9692832764505
1789882935,3,,Aggregated,0.500000,0.000000,1900,2500,3100,3500,5600,9400,134000,170000,206000,206000,206000,587,2,1900,8054.7760916187535,1039.4705250000698,206292.07611083984,857.9437819420783
1789882936,3,,Aggregated,0.500000,0.000000,1900,2500,3100,3500,5600,9400,134000,170000,206000,206000,206000,587,2,1900,8054.7760916187535,1039.4705250000698,206292.07611083984,857.9437819420783
1789882937,3,,Aggregated,0.500000,0.000000,1900,2500,3100,3500,5600,9400,134000,170000,206000,206000,206000,587,2,1900,8054.7760916187535,1039.4705250000698,206292.07611083984,857.9437819420783
1789882938,3,,Aggregated,0.500000,0.000000,1900,2500,3100,3500,5600,9400,134000,170000,206000,206000,206000,588,2,1900,8043.633117714642,1039.4705250000698,206292.07611083984,856.921768707483
1789882939,3,,Aggregated,0.500000,0.000000,1900,2500,3100,3500,5600,9400,134000,170000,206000,206000,206000,588,2,1900,8043.633117714642,1039.4705250000698,206292.07611083984,856.921768707483
1789882940,3,,Aggregated,0.400000,0.000000,1900,2500,3100,3500,5600,9400,134000,170000,206000,206000,206000,589,2,1900,8032.293518129387,1039.4705250000698,206292.07611083984,855.9032258064516
1789882941,3,,Aggregated,0.400000,0.000000,1900,2500,3100,3500,5600,9400,134000,170000,206000,206000,206000,589,2,1900,8032.293518129387,1039.4705250000698,206292.07611083984,855.9032258064516
1789882942,3,,Aggregated,0.400000,0.000000,1900,2500,3100,3500,5600,9400,134000,170000,206000,206000,206000,590,2,1900,8021.300933447812,1039.4705250000698,206292.07611083984,854.8881355932203
1789882943,3,,Aggregated,0.400000,0.000000,1900,2500,3100,3500,5600,9400,134000,170000,206000,206000,206000,590,2,1900,8021.300933447812,1039.4705250000698,206292.07611083984,854.8881355932203
1789882944,3,,Aggregated,0.400000,0.000000,1900,2500,3100,3500,5600,9400,134000,170000,206000,206000,206000,591,2,1900,8009.800655853145,1039.4705250000698,206292.07611083984,853.8764805414552
1789882945,3,,Aggregated,0.400000,0.000000,1900,2500,3100,3500,5600,9400,134000,170000,206000,206000,206000,591,2,1900,8009.800655853145,1039.4705250000698,206292.07611083984,853.8764805414552
1789882946,3,,Aggregated,0.400000,0.000000,1900,2500,3100,3500,5600,9400,134000,170000,206000,206000,206000,591,2,1900,8009.800655853145,1039.4705250000698,206292.07611083984,853.8764805414552
1789882947,3,,Aggregated,0.500000,0.000000,1900,2500,3100,3500,5600,9400,134000,170000,206000,206000,206000,592,2,1900,7998.288053635488,1039.4705250000698,206292.07611083984,852.8682432432432
1789882948,3,,Aggregated,0.400000,0.000000,1900,2500,3000,3500,5600,9400,134000,170000,206000,206000,206000,593,2,1900,7987.504518830032,1039.4705250000698,206292.07611083984,851.8634064080944
1789882949,3,,Aggregated,0.400000,0.000000,1900,2500,3000,3500,5600,9400,134000,170000,206000,206000,206000,593,2,1900,7987.504518830032,1039.4705250000698,206292.07611083984,851.8634064080944
1789882950,3,,Aggregated,0.500000,0.000000,1900,2500,3000,3500,5600,9400,134000,170000,206000,206000,206000,594,2,1900,7976.071347670387,1039.4705250000698,206292.07611083984,850.8619528619529
1789882951,3,,Aggregated,0.500000,0.000000,1900,2500,3000,3500,5600,9400,134000,170000,206000,206000,206000,594,2,1900,7976.071347670387,1039.4705250000698,206292.07611083984,850.8619528619529
1789882952,3,,Aggregated,0.500000,0.000000,1900,2500,3000,3500,5600,9400,134000,170000,206000,206000,206000,594,2,1900,7976.071347670387,1039.4705250000698,206292.07611083984,850.8619528619529
1789882953,3,,Aggregated,0.500000,0.000000,1900,2500,3000,3500,5600,9400,134000,170000,206000,206000,206000,595,2,1900,7965.159324349933,1039.4705250000698,206292.07611083984,849.8638655462184
1789882954,3,,Aggregated,0.500000,0.000000,1900,2500,3000,3500,5600,9400,134000,170000,206000,206000,206000,595,2,1900,7965.159324349933,1039.4705250000698,206292.07611083984,849.8638655462184
1789882955,3,,Aggregated,0.500000,0.000000,1900,2500,3000,3500,5600,9400,134000,170000,206000,206000,206000,596,2,1900,7954.076415253708,1039.4705250000698,206292.07611083984,848.8691275167786
1789882956,3,,Aggregated,0.500000,0.000000,1900,2500,3000,3500,5600,9400,134000,170000,206000,206000,206000,596,2,1900,7954.076415253708,1039.4705250000698,206292.07611083984,848.8691275167786
1789882957,3,,Aggregated,0.500000,0.000000,1900,2500,3000,3500,5600,9400,134000,170000,206000,206000,206000,597,2,1900,7943.017517089129,1039.4705250000698,206292.07611083984,847.8777219430485
1789882958,3,,Aggregated,0.500000,0.000000,1900,2500,3000,3500,5600,9400,134000,170000,206000,206000,206000,597,2,1900,7943.017517089129,1039.4705250000698,206292.07611083984,847.8777219430485
