Timestamp,User Count,Type,Name,Requests/s,Failures/s,50%,66%,75%,80%,90%,95%,98%,99%,99.9%,99.99%,100%,Total Request Count,Total Failure Count,Total Median Response Time,Total Average Response Time,Total Min Response Time,Total Max Response Time,Total Average Content Size
1789888586,0,,Aggregated,0.000000,0.000000,N/A,N/A,N/A,N/A,N/A,N/A,N/A,N/A,N/A,N/A,N/A,0,0,0,0.0,0,0,0
1789888587,5,,Aggregated,0.000000,0.000000,N/A,N/A,N/A,N/A,N/A,N/A,N/A,N/A,N/A,N/A,N/A,0,0,0,0.0,0,0,0
1789888588,10,,Aggregated,0.000000,0.000000,N/A,N/A,N/A,N/A,N/A,N/A,N/A,N/A,N/A,N/A,N/A,0,0,0,0.0,0,0,0
1789888589,15,,Aggregated,0.000000,0.000000,N/A,N/A,N/A,N/A,N/A,N/A,N/A,N/A,N/A,N/A,N/A,0,0,0,0.0,0,0,0
1789888590,20,,Aggregated,0.000000,0.000000,N/A,N/A,N/A,N/A,N/A,N/A,N/A,N/A,N/A,N/A,N/A,0,0,0,0.0,0,0,0
1789888591,20,,Aggregated,0.000000,0.000000,N/A,N/A,N/A,N/A,N/A,N/A,N/A,N/A,N/A,N/A,N/A,0,0,0,0.0,0,0,0
1789888592,20,,Aggregated,0.000000,0.000000,N/A,N/A,N/A,N/A,N/A,N/A,N/A,N/A,N/A,N/A,N/A,0,0,0,0.0,0,0,0
1789888593,20,,Aggregated,0.000000,0.000000,N/A,N/A,N/A,N/A,N/A,N/A,N/A,N/A,N/A,N/A,N/A,0,0,0,0.0,0,0,0
1789888594,20,,Aggregated,0.000000,0.000000,N/A,N/A,N/A,N/A,N/A,N/A,N/A,N/A,N/A,N/A,N/A,0,0,0,0.0,0,0,0
1789888595,20,,Aggregated,0.000000,0.000000,N/A,N/A,N/A,N/A,N/A,N/A,N/A,N/A,N/A,N/A,N/A,0,0,0,0.0,0,0,0
1789888596,20,,Aggregated,0.000000,0.000000,9200,9200,9200,9200,9200,9200,9200,9200,9200,9200,9200,6,0,9200,9097.710021666595,8522.818417999588,9225.187649999498,390.0
1789888597,20,,Aggregated,0.000000,0.000000,9200,9400,9400,9400,9400,9400,9400,9400,9400,9400,9400,11,0,9200,9204.187928818019,8522.818417999588,9436.544795998998,390.0
1789888598,20,,Aggregated,0.000000,0.000000,9200,9400,9400,9400,9400,9400,9400,9400,9400,9400,9400,11,0,9200,9204.187928818019,8522.818417999588,9436.544795998998,390.0
1789888599,20,,Aggregated,1.000000,0.000000,9400,9400,10000,10000,11000,11000,11000,11000,11000,11000,11000,16,0,9400,9632.157610312333,8522.818417999588,10819.908953999402,390.0
1789888600,20,,Aggregated,1.000000,0.000000,9400,9400,10000,10000,11000,11000,11000,11000,11000,11000,11000,16,0,9400,9632.157610312333,8522.818417999588,10819.908953999402,390.0
1789888601,20,,Aggregated,1.000000,0.000000,9400,9400,10000,10000,11000,11000,11000,11000,11000,11000,11000,16,0,9400,9632.157610312333,8522.818417999588,10819.908953999402,390.0
1789888602,20,,Aggregated,1.600000,0.000000,9400,9400,10000,11000,11000,12000,12000,12000,12000,12000,12000,18,0,9400,9598.839959110997,6639.8573179994855,12024.740181001107,372.6666666666667
1789888603,20,,Aggregated,1.600000,0.000000,9400,9400,10000,11000,11000,12000,12000,12000,12000,12000,12000,18,0,9400,9598.839959110997,6639.8573179994855,12024.740181001107,372.6666666666667
1789888604,20,,Aggregated,1.700000,0.000000,9400,10000,11000,11000,15000,15000,15000,15000,15000,15000,15000,22,0,9400,10283.176086227286,6639.8573179994855,14918.99362500044,361.6363636363636
1789888605,20,,Aggregated,1.700000,0.000000,9400,10000,11000,11000,15000,15000,15000,15000,15000,15000,15000,22,0,9400,10283.176086227286,6639.8573179994855,14918.99362500044,361.6363636363636
1789888606,20,,Aggregated,1.700000,0.000000,9400,10000,11000,11000,15000,15000,15000,15000,15000,15000,15000,22,0,9400,10283.176086227286,6639.8573179994855,14918.99362500044,361.6363636363636
1789888607,20,,Aggregated,2.200000,0.000000,9400,11000,11000,11000,15000,15000,15000,15000,15000,15000,15000,23,0,9400,10294.975673521707,6639.8573179994855,14918.99362500044,349.30434782608694
1789888608,20,,Aggregated,2.200000,0.000000,9400,11000,11000,11000,15000,15000,15000,15000,15000,15000,15000,23,0,9400,10294.975673521707,6639.8573179994855,14918.99362500044,349.30434782608694
1789888609,20,,Aggregated,1.200000,0.000000,9400,11000,11000,12000,15000,15000,15000,15000,15000,15000,15000,24,0,9400,10440.239461750025,6639.8573179994855,14918.99362500044,338.0
1789888610,20,,Aggregated,1.200000,0.000000,9400,11000,11000,12000,15000,15000,15000,15000,15000,15000,15000,24,0,9400,10440.239461750025,6639.8573179994855,14918.99362500044,338.0
1789888611,20,,Aggregated,0.800000,0.000000,9400,11000,11000,14000,15000,15000,15000,15000,15000,15000,15000,25,0,9400,10642.068039440057,6639.8573179994855,15485.95390400078,327.6
1789888612,20,,Aggregated,0.800000,0.000000,9400,11000,11000,14000,15000,15000,15000,15000,15000,15000,15000,25,0,9400,10642.068039440057,6639.8573179994855,15485.95390400078,327.6
1789888613,20,,Aggregated,0.800000,0.000000,10000,11000,12000,14000,15000,15000,17000,17000,17000,17000,17000,26,0,10000,10870.045133153886,6639.8573179994855,16569.472475999646,318.0
1789888614,20,,Aggregated,0.800000,0.000000,10000,11000,12000,14000,15000,15000,17000,17000,17000,17000,17000,26,0,10000,10870.045133153886,6639.8573179994855,16569.472475999646,318.0
1789888615,20,,Aggregated,0.700000,0.000000,10000,11000,14000,15000,15000,17000,18000,18000,18000,18000,18000,27,0,10000,11150.300367333395,6639.8573179994855,18436.936456000694,309.1111111111111
1789888616,20,,Aggregated,0.700000,0.000000,10000,11000,14000,15000,15000,17000,18000,18000,18000,18000,18000,27,0,10000,11150.300367333395,6639.8573179994855,18436.936456000694,309.1111111111111
1789888617,20,,Aggregated,0.700000,0.000000,10000,11000,14000,15000,15000,17000,18000,18000,18000,18000,18000,27,0,10000,11150.300367333395,6639.8573179994855,18436.936456000694,309.1111111111111
1789888618,20,,Aggregated,0.500000,0.000000,10000,11000,15000,15000,17000,18000,19000,19000,19000,19000,19000,28,0,10000,11415.060499107183,6639.8573179994855,18563.58405699939,300.85714285714283
1789888619,20,,Aggregated,0.500000,0.000000,10000,11000,15000,15000,17000,18000,19000,19000,19000,19000,19000,28,0,10000,11415.060499107183,6639.8573179994855,18563.58405699939,300.85714285714283
1789888620,20,,Aggregated,0.400000,0.000000,10000,12000,15000,15000,18000,19000,24000,24000,24000,24000,24000,29,0,10000,11861.795605448324,6639.8573179994855,24370.378583000274,293.17241379310343
1789888621,20,,Aggregated,0.400000,0.000000,10000,12000,15000,15000,18000,19000,24000,24000,24000,24000,24000,29,0,10000,11861.795605448324,6639.8573179994855,24370.378583000274,293.17241379310343
1789888622,20,,Aggregated,0.400000,0.000000,11000,12000,15000,15000,19000,20000,24000,24000,24000,24000,24000,30,0,11000,12149.650370066714,6639.8573179994855,24370.378583000274,286.0
1789888623,20,,Aggregated,0.400000,0.000000,11000,12000,15000,15000,19000,20000,24000,24000,24000,24000,24000,30,0,11000,12149.650370066714,6639.8573179994855,24370.378583000274,286.0
1789888624,20,,Aggregated,0.400000,0.000000,11000,14000,15000,15000,19000,24000,25000,25000,25000,25000,25000,31,0,11000,12556.726667967767,6639.8573179994855,24769.015604999367,279.2903225806452
1789888625,20,,Aggregated,0.400000,0.000000,11000,14000,15000,15000,19000,24000,25000,25000,25000,25000,25000,31,0,11000,12556.726667967767,6639.8573179994855,24769.015604999367,279.2903225806452
1789888626,20,,Aggregated,0.500000,0.000000,11000,15000,15000,17000,20000,25000,30000,30000,30000,30000,30000,32,0,11000,13104.769171500038,6639.8573179994855,30094.086781000442,273.0
1789888627,20,,Aggregated,0.500000,0.000000,11000,15000,15000,17000,20000,25000,30000,30000,30000,30000,30000,32,0,11000,13104.769171500038,6639.8573179994855,30094.086781000442,273.0
1789888628,20,,Aggregated,0.500000,0.000000,11000,15000,15000,18000,24000,30000,30000,30000,30000,30000,30000,33,0,11000,13602.428942939448,6639.8573179994855,30094.086781000442,267.09090909090907
1789888629,20,,Aggregated,0.500000,0.000000,11000,15000,15000,18000,24000,30000,30000,30000,30000,30000,30000,33,0,11000,13602.428942939448,6639.8573179994855,30094.086781000442,267.09090909090907
1789888630,20,,Aggregated,0.500000,0.000000,11000,15000,17000,19000,25000,30000,31000,31000,31000,31000,31000,34,0,11000,14119.967761353002,6639.8573179994855,31198.748769000304,261.52941176470586
1789888631,20,,Aggregated,0.500000,0.000000,11000,15000,17000,19000,25000,30000,31000,31000,31000,31000,31000,34,0,11000,14119.967761353002,6639.8573179994855,31198.748769000304,261.52941176470586
1789888632,20,,Aggregated,0.500000,0.000000,11000,15000,17000,19000,25000,30000,31000,31000,31000,31000,31000,34,0,11000,14119.967761353002,6639.8573179994855,31198.748769000304,261.52941176470586
1789888633,20,,Aggregated,0.500000,0.000000,11000,15000,18000,20000,30000,31000,35000,35000,35000,35000,35000,35,0,11000,14720.52134014292,6639.8573179994855,35139.34301900008,256.2857142857143
1789888634,20,,Aggregated,0.500000,0.000000,11000,15000,18000,20000,30000,31000,35000,35000,35000,35000,35000,35,0,11000,14720.52134014292,6639.8573179994855,35139.34301900008,256.2857142857143
1789888635,20,,Aggregated,0.500000,0.000000,11000,15000,18000,20000,30000,31000,35000,35000,35000,35000,35000,35,0,11000,14720.52134014292,6639.8573179994855,35139.34301900008,256.2857142857143
1789888636,20,,Aggregated,0.500000,0.000000,11000,15000,19000,24000,31000,37000,39000,39000,39000,39000,39000,37,1,11000,15970.297858081158,6639.8573179994855,39020.295010001064,245.1081081081081
1789888637,20,,Aggregated,0.400000,0.000000,12000,17000,24000,27000,33000,37000,39000,39000,39000,39000,39000,39,1,12000,16686.346512948803,6639.8573179994855,39020.295010001064,241.15384615384616
1789888638,20,,Aggregated,0.400000,0.000000,12000,17000,24000,27000,33000,37000,39000,39000,39000,39000,39000,39,1,12000,16686.346512948803,6639.8573179994855,39020.295010001064,241.15384615384616
1789888639,20,,Aggregated,0.600000,0.100000,14000,18000,25000,30000,35000,37000,39000,39000,39000,39000,39000,40,1,14000,17143.491136150078,6639.8573179994855,39020.295010001064,237.075
1789888640,20,,Aggregated,0.600000,0.100000,14000,18000,25000,30000,35000,37000,39000,39000,39000,39000,39000,40,1,14000,17143.491136150078,6639.8573179994855,39020.295010001064,237.075
1789888641,20,,Aggregated,0.600000,0.100000,15000,20000,27000,30000,35000,37000,39000,39000,39000,39000,39000,43,1,15000,18136.34883697684,6639.8573179994855,39020.295010001064,233.51162790697674
1789888642,20,,Aggregated,0.700000,0.100000,15000,24000,30000,30000,36000,37000,39000,39000,39000,39000,39000,48,1,15000,19105.616920958368,6639.8573179994855,39020.295010001064,233.0625
1789888643,20,,Aggregated,0.600000,0.100000,15000,21000,27000,30000,35000,37000,37000,39000,39000,39000,39000,53,1,15000,19053.342938377373,6639.8573179994855,39020.295010001064,232.0188679245283
1789888644,20,,Aggregated,0.600000,0.100000,15000,21000,27000,30000,35000,37000,37000,39000,39000,39000,39000,53,1,15000,19053.342938377373,6639.8573179994855,39020.295010001064,232.0188679245283
1789888645,20,,Aggregated,0.600000,0.100000,15000,21000,27000,30000,35000,37000,37000,39000,39000,39000,39000,53,1,15000,19053.342938377373,6639.8573179994855,39020.295010001064,232.0188679245283
1789888646,20,,Aggregated,1.800000,0.100000,15000,21000,27000,30000,35000,37000,37000,39000,39000,39000,39000,58,1,15000,18091.30434431035,4936.245042999872,39020.295010001064,229.29310344827587
1789888647,20,,Aggregated,1.800000,0.100000,13000,19000,26000,28000,35000,37000,37000,39000,39000,39000,39000,63,1,13000,16828.986599396867,1109.4141710000258,39020.295010001064,229.28571428571428
1789888648,20,,Aggregated,1.800000,0.100000,13000,19000,26000,28000,35000,37000,37000,39000,39000,39000,39000,64,1,13000,16586.610516093777,1109.4141710000258,39020.295010001064,229.171875
1789888649,20,,Aggregated,1.800000,0.100000,12000,19000,25000,27000,35000,37000,37000,39000,39000,39000,39000,67,1,12000,15919.316286597032,1109.4141710000258,39020.295010001064,229.38805970149255
1789888650,20,,Aggregated,2.400000,0.000000,11000,17000,21000,27000,33000,37000,37000,39000,39000,39000,39000,73,1,11000,14772.694810410983,1109.4141710000258,39020.295010001064,228.78082191780823
1789888651,20,,Aggregated,2.800000,0.000000,11000,16000,21000,27000,33000,37000,37000,39000,39000,39000,39000,74,1,11000,14607.321855554095,1109.4141710000258,39020.295010001064,228.6891891891892
1789888652,20,,Aggregated,2.700000,0.000000,11000,16000,21000,26000,33000,37000,37000,39000,39000,39000,39000,76,1,11000,14254.17142480267,1109.4141710000258,39020.295010001064,228.51315789473685
1789888653,20,,Aggregated,3.300000,0.000000,10000,15000,21000,26000,33000,37000,37000,39000,39000,39000,39000,79,1,10000,13769.27737969624,1109.4141710000258,39020.295010001064,228.26582278481013
1789888654,20,,Aggregated,3.300000,0.000000,10000,15000,21000,26000,33000,37000,37000,39000,39000,39000,39000,79,1,10000,13769.27737969624,1109.4141710000258,39020.295010001064,228.26582278481013
1789888655,20,,Aggregated,2.800000,0.000000,9400,15000,19000,24000,31000,36000,37000,39000,39000,39000,39000,86,1,9400,12866.66221406985,1109.4141710000258,39020.295010001064,228.59302325581396
1789888656,20,,Aggregated,2.800000,0.000000,9400,15000,19000,24000,31000,36000,37000,39000,39000,39000,39000,86,1,9400,12866.66221406985,1109.4141710000258,39020.295010001064,228.59302325581396
1789888657,20,,Aggregated,2.600000,0.000000,9200,13000,18000,21000,30000,36000,37000,39000,39000,39000,39000,93,1,9200,12070.444084053848,1109.4141710000258,39020.295010001064,228.48387096774192
1789888658,20,,Aggregated,3.300000,0.000000,9200,13000,17000,21000,30000,36000,37000,39000,39000,39000,39000,97,1,9200,11635.850343350567,1109.4141710000258,39020.295010001064,228.2164948453608
1789888659,20,,Aggregated,3.300000,0.000000,9200,13000,17000,21000,30000,36000,37000,39000,39000,39000,39000,97,1,9200,11635.850343350567,1109.4141710000258,39020.295010001064,228.2164948453608
1789888660,20,,Aggregated,3.000000,0.000000,9200,12000,17000,21000,30000,36000,37000,39000,39000,39000,39000,100,1,9200,11333.165608750034,1109.4141710000258,39020.295010001064,228.03
1789888661,20,,Aggregated,3.000000,0.000000,8900,11000,16000,20000,30000,35000,37000,37000,39000,39000,39000,103,1,8900,11045.731759058286,1109.4141710000258,39020.295010001064,228.55339805825244
1789888662,20,,Aggregated,3.000000,0.000000,8900,11000,16000,20000,30000,35000,37000,37000,39000,39000,39000,103,1,8900,11045.731759058286,1109.4141710000258,39020.295010001064,228.55339805825244
1789888663,20,,Aggregated,2.700000,0.000000,8500,11000,15000,19000,30000,35000,37000,37000,39000,39000,39000,109,1,8500,10586.809597651416,1109.4141710000258,39020.295010001064,228.19266055045873
1789888664,20,,Aggregated,2.700000,0.000000,8500,11000,15000,19000,30000,35000,37000,37000,39000,39000,39000,109,1,8500,10586.809597651416,1109.4141710000258,39020.295010001064,228.19266055045873
1789888665,20,,Aggregated,2.700000,0.000000,8500,11000,15000,19000,30000,35000,37000,37000,39000,39000,39000,109,1,8500,10586.809597651416,1109.4141710000258,39020.295010001064,228.19266055045873
1789888666,20,,Aggregated,3.000000,0.000000,5100,10000,15000,19000,30000,35000,37000,37000,39000,39000,39000,114,1,5100,10284.678239298279,1109.4141710000258,39020.295010001064,228.23684210526315
1789888667,20,,Aggregated,3.000000,0.000000,4900,10000,15000,18000,30000,35000,37000,37000,39000,39000,39000,118,1,4900,10044.302717305112,1109.4141710000258,39020.295010001064,228.02542372881356
1789888668,20,,Aggregated,3.000000,0.000000,4900,10000,15000,18000,30000,35000,37000,37000,39000,39000,39000,118,1,4900,10044.302717305112,1109.4141710000258,39020.295010001064,228.02542372881356
1789888669,20,,Aggregated,2.900000,0.000000,4400,10000,14000,17000,28000,35000,37000,37000,39000,39000,39000,121,1,4400,9892.248784173591,1109.4141710000258,39020.295010001064,228.17355371900825
1789888670,20,,Aggregated,2.900000,0.000000,4400,10000,14000,17000,28000,35000,37000,37000,39000,39000,39000,121,1,4400,9892.248784173591,1109.4141710000258,39020.295010001064,228.17355371900825
1789888671,20,,Aggregated,2.900000,0.000000,4400,10000,14000,17000,28000,35000,37000,37000,39000,39000,39000,121,1,4400,9892.248784173591,1109.4141710000258,39020.295010001064,228.17355371900825
1789888672,20,,Aggregated,2.300000,0.000000,4200,9400,13000,16000,28000,35000,37000,37000,39000,39000,39000,129,1,4200,9561.211419403126,1109.4141710000258,39020.295010001064,228.06976744186048
1789888673,20,,Aggregated,2.100000,0.000000,3900,9400,13000,15000,27000,35000,37000,37000,39000,39000,39000,132,1,3900,9395.410175128807,1109.4141710000258,39020.295010001064,228.20454545454547
1789888674,20,,Aggregated,2.100000,0.000000,3900,9400,13000,15000,27000,35000,37000,37000,39000,39000,39000,132,1,3900,9395.410175128807,1109.4141710000258,39020.295010001064,228.20454545454547
1789888675,20,,Aggregated,2.100000,0.000000,3900,9400,13000,15000,27000,35000,37000,37000,39000,39000,39000,132,1,3900,9395.410175128807,1109.4141710000258,39020.295010001064,228.20454545454547
1789888676,20,,Aggregated,2.100000,0.000000,3900,9400,13000,15000,27000,35000,37000,37000,39000,39000,39000,132,1,3900,9395.410175128807,1109.4141710000258,39020.295010001064,228.20454545454547
1789888677,20,,Aggregated,2.300000,0.000000,4400,9200,11000,15000,27000,35000,37000,37000,39000,39000,39000,137,1,4400,9248.324540992715,1109.4141710000258,39020.295010001064,227.97810218978103
1789888678,20,,Aggregated,2.300000,0.000000,4600,9200,11000,15000,27000,35000,37000,37000,39000,39000,39000,138,1,4600,9225.28966664494,1109.4141710000258,39020.295010001064,227.93478260869566
1789888679,20,,Aggregated,2.300000,0.000000,4600,9200,11000,15000,27000,35000,37000,37000,39000,39000,39000,138,1,4600,9225.28966664494,1109.4141710000258,39020.295010001064,227.93478260869566
1789888680,20,,Aggregated,2.000000,0.000000,4900,9200,11000,15000,27000,33000,37000,37000,39000,39000,39000,141,1,4900,9157.530400092202,1109.4141710000258,39020.295010001064,228.06382978723406
1789888681,20,,Aggregated,2.000000,0.000000,4900,9200,11000,15000,27000,33000,37000,37000,39000,39000,39000,141,1,4900,9157.530400092202,1109.4141710000258,39020.295010001064,228.06382978723406
1789888682,20,,Aggregated,1.700000,0.000000,5100,9200,11000,15000,27000,33000,37000,37000,39000,39000,39000,144,1,5100,9081.211375083341,1109.4141710000258,39020.295010001064,227.9375
1789888683,20,,Aggregated,1.700000,0.000000,5100,9200,11000,15000,27000,33000,37000,37000,39000,39000,39000,145,1,5100,9054.697920737935,1109.4141710000258,39020.295010001064,227.89655172413794
1789888684,20,,Aggregated,1.900000,0.000000,5200,8900,11000,14000,26000,33000,37000,37000,39000,39000,39000,151,1,5200,8950.969268470208,1109.4141710000258,39020.295010001064,228.13907284768212
1789888685,20,,Aggregated,1.900000,0.000000,5200,8900,11000,14000,26000,33000,37000,37000,39000,39000,39000,151,1,5200,8950.969268470208,1109.4141710000258,39020.295010001064,228.13907284768212
1789888686,20,,Aggregated,1.700000,0.000000,5100,8700,10000,13000,26000,33000,37000,37000,39000,39000,39000,158,1,5100,8758.866488297475,1109.4141710000258,39020.295010001064,227.86708860759492
1789888687,20,,Aggregated,1.900000,0.000000,4900,8500,10000,13000,25000,31000,37000,37000,39000,39000,39000,161,1,4900,8625.695663968942,1109.4141710000258,39020.295010001064,227.98136645962734
1789888688,20,,Aggregated,1.900000,0.000000,4900,8500,10000,13000,25000,31000,37000,37000,39000,39000,39000,161,1,4900,8625.695663968942,1109.4141710000258,39020.295010001064,227.98136645962734
1789888689,20,,Aggregated,1.900000,0.000000,4900,8500,10000,13000,25000,31000,37000,37000,39000,39000,39000,161,1,4900,8625.695663968942,1109.4141710000258,39020.295010001064,227.98136645962734
1789888690,20,,Aggregated,2.300000,0.000000,4900,7600,10000,13000,25000,31000,37000,37000,39000,39000,39000,164,1,4900,8512.750477713418,1109.4141710000258,39020.295010001064,227.8719512195122
1789888691,20,,Aggregated,2.300000,0.000000,4900,7600,10000,13000,25000,31000,37000,37000,39000,39000,39000,164,1,4900,8512.750477713418,1109.4141710000258,39020.295010001064,227.8719512195122
1789888692,20,,Aggregated,2.300000,0.000000,4900,7600,10000,13000,25000,31000,37000,37000,39000,39000,39000,164,1,4900,8512.750477713418,1109.4141710000258,39020.295010001064,227.8719512195122
1789888693,20,,Aggregated,2.300000,0.000000,4900,7600,10000,13000,25000,31000,37000,37000,39000,39000,39000,164,1,4900,8512.750477713418,1109.4141710000258,39020.295010001064,227.8719512195122
1789888694,20,,Aggregated,2.300000,0.000000,4900,7600,10000,13000,25000,31000,37000,37000,39000,39000,39000,164,1,4900,8512.750477713418,1109.4141710000258,39020.295010001064,227.8719512195122
1789888695,20,,Aggregated,1.900000,0.000000,5100,6800,9400,12000,25000,31000,37000,37000,39000,39000,39000,169,1,5100,8461.985113846158,1109.4141710000258,39020.295010001064,227.9112426035503
1789888696,20,,Aggregated,1.500000,0.000000,5100,6800,9400,11000,24000,31000,37000,37000,39000,39000,39000,175,1,5100,8368.588450280016,1109.4141710000258,39020.295010001064,227.9142857142857
1789888697,20,,Aggregated,1.300000,0.000000,5100,6800,9400,11000,24000,31000,37000,37000,39000,39000,39000,179,1,5100,8300.051785994432,1109.4141710000258,39020.295010001064,227.9832402234637
1789888698,20,,Aggregated,1.300000,0.000000,5100,6800,9400,11000,24000,31000,37000,37000,39000,39000,39000,179,1,5100,8300.051785994432,1109.4141710000258,39020.295010001064,227.9832402234637
1789888699,20,,Aggregated,1.800000,0.000000,5100,6800,9400,11000,21000,30000,37000,37000,39000,39000,39000,184,1,5100,8231.78478769566,1109.4141710000258,39020.295010001064,227.82065217391303
1789888700,20,,Aggregated,1.800000,0.000000,5100,6800,9400,11000,21000,30000,37000,37000,39000,39000,39000,184,1,5100,8231.78478769566,1109.4141710000258,39020.295010001064,227.82065217391303
1789888701,20,,Aggregated,1.800000,0.000000,5100,6800,9400,11000,21000,30000,37000,37000,39000,39000,39000,184,1,5100,8231.78478769566,1109.4141710000258,39020.295010001064,227.82065217391303
1789888702,20,,Aggregated,2.300000,0.000000,5100,6700,9200,11000,21000,30000,37000,37000,39000,39000,39000,186,1,5100,8166.841700591407,1109.4141710000258,39020.295010001064,227.75806451612902
1789888703,20,,Aggregated,2.000000,0.000000,5000,6600,9200,10000,21000,30000,37000,37000,39000,39000,39000,192,1,5000,7984.706235578123,1109.4141710000258,39020.295010001064,227.765625
1789888704,20,,Aggregated,2.000000,0.000000,5000,6600,9200,10000,21000,30000,37000,37000,39000,39000,39000,192,1,5000,7984.706235578123,1109.4141710000258,39020.295010001064,227.765625
1789888705,20,,Aggregated,2.200000,0.000000,4900,6600,9200,10000,21000,30000,37000,37000,39000,39000,39000,195,1,4900,7927.93101658973,1109.4141710000258,39020.295010001064,227.86153846153846
1789888706,20,,Aggregated,2.800000,0.000000,4700,6600,9200,10000,21000,30000,37000,37000,39000,39000,39000,200,1,4700,7821.29477792999,1109.4141710000258,39020.295010001064,227.895
1789888707,20,,Aggregated,2.800000,0.000000,4700,6600,9200,10000,21000,30000,37000,37000,39000,39000,39000,200,1,4700,7821.29477792999,1109.4141710000258,39020.295010001064,227.895
1789888708,20,,Aggregated,2.800000,0.000000,4700,6600,9200,10000,21000,30000,37000,37000,39000,39000,39000,200,1,4700,7821.29477792999,1109.4141710000258,39020.295010001064,227.895
1789888709,20,,Aggregated,2.400000,0.000000,4700,6500,9200,10000,20000,30000,36000,37000,39000,39000,39000,203,1,4700,7780.678458901471,1109.4141710000258,39020.295010001064,227.807881773399
1789888710,20,,Aggregated,2.100000,0.000000,4700,6500,8900,10000,20000,30000,36000,37000,39000,39000,39000,205,1,4700,7748.275062312191,1109.4141710000258,39020.295010001064,227.75121951219512
1789888711,20,,Aggregated,2.100000,0.000000,4500,6100,8900,9400,19000,30000,36000,37000,39000,39000,39000,212,1,4500,7589.507665306619,1109.4141710000258,39020.295010001064,227.7311320754717
1789888712,20,,Aggregated,2.100000,0.000000,4500,6100,8900,9400,19000,30000,36000,37000,39000,39000,39000,212,1,4500,7589.507665306619,1109.4141710000258,39020.295010001064,227.7311320754717
1789888713,20,,Aggregated,2.100000,0.000000,4500,6100,8900,9400,19000,30000,36000,37000,39000,39000,39000,212,1,4500,7589.507665306619,1109.4141710000258,39020.295010001064,227.7311320754717
1789888714,20,,Aggregated,2.800000,0.000000,4500,6000,8700,9400,19000,30000,36000,37000,39000,39000,39000,215,1,4500,7536.321616325597,1109.4141710000258,39020.295010001064,227.8186046511628
1789888715,20,,Aggregated,2.800000,0.000000,4500,6000,8700,9400,19000,30000,36000,37000,39000,39000,39000,215,1,4500,7536.321616325597,1109.4141710000258,39020.295010001064,227.8186046511628
1789888716,20,,Aggregated,2.000000,0.000000,4500,6000,8500,9400,19000,30000,36000,37000,39000,39000,39000,218,1,4500,7505.016339651402,1109.4141710000258,39020.295010001064,227.88532110091742
1789888717,20,,Aggregated,2.000000,0.000000,4600,6000,8500,9400,19000,30000,36000,37000,39000,39000,39000,220,1,4600,7486.493680586387,1109.4141710000258,39020.295010001064,227.8318181818182
1789888718,20,,Aggregated,2.000000,0.000000,4600,6000,8500,9400,19000,30000,36000,37000,39000,39000,39000,220,1,4600,7486.493680586387,1109.4141710000258,39020.295010001064,227.8318181818182
1789888719,20,,Aggregated,2.000000,0.000000,4600,6000,7900,9400,19000,30000,36000,37000,39000,39000,39000,221,1,4600,7474.997016941196,1109.4141710000258,39020.295010001064,227.8054298642534
1789888720,20,,Aggregated,2.000000,0.000000,4500,5900,7900,9400,19000,30000,36000,37000,39000,39000,39000,224,1,4500,7427.366015013419,1109.4141710000258,39020.295010001064,227.85267857142858
1789888721,20,,Aggregated,2.000000,0.000000,4700,5900,7600,9400,19000,30000,36000,37000,39000,39000,39000,230,1,4700,7378.5505784522,1109.4141710000258,39020.295010001064,227.83913043478262
1789888722,20,,Aggregated,2.000000,0.000000,4700,5900,7600,9400,19000,30000,36000,37000,39000,39000,39000,230,1,4700,7378.5505784522,1109.4141710000258,39020.295010001064,227.83913043478262
1789888723,20,,Aggregated,2.000000,0.000000,4700,5900,7600,9400,19000,30000,36000,37000,39000,39000,39000,230,1,4700,7378.5505784522,1109.4141710000258,39020.295010001064,227.83913043478262
1789888724,20,,Aggregated,1.900000,0.000000,4800,5900,7600,9300,18000,30000,36000,37000,39000,39000,39000,234,1,4800,7372.774500841908,1109.4141710000258,39020.295010001064,227.73931623931625
1789888725,20,,Aggregated,1.900000,0.000000,4800,5900,7600,9300,18000,30000,36000,37000,39000,39000,39000,234,1,4800,7372.774500841908,1109.4141710000258,39020.295010001064,227.73931623931625
1789888726,20,,Aggregated,1.900000,0.000000,4800,5900,7600,9300,18000,30000,36000,37000,39000,39000,39000,234,1,4800,7372.774500841908,1109.4141710000258,39020.295010001064,227.73931623931625
1789888727,20,,Aggregated,1.900000,0.000000,4800,5900,7600,9300,18000,30000,36000,37000,39000,39000,39000,234,1,4800,7372.774500841908,1109.4141710000258,39020.295010001064,227.73931623931625
1789888728,20,,Aggregated,1.900000,0.000000,4800,5900,7600,9300,18000,30000,36000,37000,39000,39000,39000,234,1,4800,7372.774500841908,1109.4141710000258,39020.295010001064,227.73931623931625
1789888729,20,,Aggregated,1.400000,0.000000,4900,6000,8100,9400,19000,30000,37000,37000,134000,134000,134000,239,1,4900,7921.789904102441,1109.4141710000258,134016.1726474762,288.07112970711296
1789888730,20,,Aggregated,1.400000,0.000000,4900,6000,8100,9400,19000,30000,37000,37000,134000,134000,134000,239,1,4900,7921.789904102441,1109.4141710000258,134016.1726474762,288.07112970711296
1789888731,20,,Aggregated,1.400000,0.000000,5000,6400,8100,9400,18000,30000,37000,37000,134000,134000,134000,244,1,5000,7904.162046120831,1109.4141710000258,134016.1726474762,286.86475409836066
1789888732,20,,Aggregated,1.600000,0.000000,5100,6400,8500,9400,19000,30000,37000,39000,137000,137000,137000,246,1,5100,8445.052356929524,1109.4141710000258,137383.07404518127,342.2276422764228
1789888733,20,,Aggregated,1.500000,0.000000,5100,6400,8500,9400,19000,30000,37000,39000,137000,137000,137000,248,1,5100,8434.383093026858,1109.4141710000258,137383.07404518127,341.4032258064516
1789888734,20,,Aggregated,1.500000,0.000000,5100,6500,8100,9400,18000,30000,37000,39000,137000,137000,137000,251,1,5100,8422.675597241674,1109.4141710000258,137383.07404518127,339.9760956175299
1789888735,20,,Aggregated,1.500000,0.000000,5100,6500,8100,9400,18000,30000,37000,39000,137000,137000,137000,251,1,5100,8422.675597241674,1109.4141710000258,137383.07404518127,339.9760956175299
1789888736,20,,Aggregated,1.500000,0.000000,5100,6500,8100,9400,18000,30000,37000,39000,137000,137000,137000,251,1,5100,8422.675597241674,1109.4141710000258,137383.07404518127,339.9760956175299
1789888737,20,,Aggregated,1.500000,0.000000,5100,6500,8100,9400,18000,30000,37000,39000,137000,137000,137000,251,1,5100,8422.675597241674,1109.4141710000258,137383.07404518127,339.9760956175299
1789888738,20,,Aggregated,1.500000,0.000000,5100,6500,8100,9400,18000,30000,37000,39000,137000,137000,137000,251,1,5100,8422.675597241674,1109.4141710000258,137383.07404518127,339.9760956175299
1789888739,20,,Aggregated,1.500000,0.000000,5100,6500,8100,9400,18000,30000,37000,39000,137000,137000,137000,251,1,5100,8422.675597241674,1109.4141710000258,137383.07404518127,339.9760956175299
1789888740,20,,Aggregated,1.700000,0.000000,5100,6600,8500,9400,19000,30000,37000,134000,144000,144000,144000,253,1,5100,8979.546648893982,1109.4141710000258,143906.18991851807,397.7154150197629
1789888741,20,,Aggregated,1.700000,0.000000,5100,6600,8900,9400,19000,30000,37000,134000,144000,144000,144000,257,1,5100,9013.619359366447,1109.4141710000258,143906.18991851807,394.5603112840467
1789888742,20,,Aggregated,1.200000,0.000000,5200,6600,8500,9400,18000,30000,37000,134000,144000,144000,144000,265,1,5200,8931.59708413275,1109.4141710000258,143906.18991851807,389.62264150943395
1789888743,20,,Aggregated,1.700000,0.000000,5100,6600,8500,9400,18000,30000,37000,134000,144000,144000,144000,270,1,5100,8851.17775013401,1109.4141710000258,143906.18991851807,386.51851851851853
1789888744,20,,Aggregated,1.700000,0.000000,5100,6600,8500,9400,18000,30000,37000,134000,144000,144000,144000,270,1,5100,8851.17775013401,1109.4141710000258,143906.18991851807,386.51851851851853
1789888745,20,,Aggregated,1.700000,0.000000,5100,6600,8500,9400,18000,30000,37000,134000,144000,144000,144000,270,1,5100,8851.17775013401,1109.4141710000258,143906.18991851807,386.51851851851853
1789888746,20,,Aggregated,1.900000,0.000000,5100,6600,8500,9400,17000,30000,37000,134000,144000,144000,144000,273,1,5100,8847.21619944022,1109.4141710000258,143906.18991851807,384.1831501831502
1789888747,20,,Aggregated,1.900000,0.000000,5100,6600,8500,9400,17000,30000,37000,134000,144000,144000,144000,273,1,5100,8847.21619944022,1109.4141710000258,143906.18991851807,384.1831501831502
1789888748,20,,Aggregated,1.900000,0.000000,5100,6600,8500,9400,17000,30000,37000,134000,144000,144000,144000,273,1,5100,8847.21619944022,1109.4141710000258,143906.18991851807,384.1831501831502
1789888749,20,,Aggregated,1.900000,0.000000,5100,6600,8500,9400,17000,30000,37000,134000,144000,144000,144000,273,1,5100,8847.21619944022,1109.4141710000258,143906.18991851807,384.1831501831502
1789888750,20,,Aggregated,1.900000,0.000000,5100,6600,8500,9400,17000,30000,37000,134000,144000,144000,144000,273,1,5100,8847.21619944022,1109.4141710000258,143906.18991851807,384.1831501831502
1789888751,20,,Aggregated,2.200000,0.000000,5200,6600,8500,9400,17000,30000,37000,134000,144000,144000,144000,274,1,5200,8836.035183894819,1109.4141710000258,143906.18991851807,383.59124087591243
1789888752,20,,Aggregated,2.200000,0.000000,5200,6600,8500,9400,17000,30000,37000,134000,144000,144000,144000,276,1,5200,8816.286198261516,1109.4141710000258,143906.18991851807,382.5507246376812
1789888753,20,,Aggregated,1.700000,0.000000,5200,6600,8100,9400,17000,30000,37000,134000,144000,144000,144000,277,1,5200,8807.23209447718,1109.4141710000258,143906.18991851807,381.971119133574
1789888754,20,,Aggregated,1.500000,0.000000,5200,6600,8100,9400,17000,30000,37000,134000,144000,144000,144000,279,1,5200,8791.60830842358,1109.4141710000258,143906.18991851807,380.82437275985666
1789888755,20,,Aggregated,1.500000,0.000000,5200,6600,8100,9400,17000,30000,37000,134000,144000,144000,144000,279,1,5200,8791.60830842358,1109.4141710000258,143906.18991851807,380.82437275985666
1789888756,20,,Aggregated,0.700000,0.000000,5400,6700,8500,9400,17000,30000,37000,134000,144000,144000,144000,285,1,5400,8782.161500807637,1109.4141710000258,143906.18991851807,377.48070175438596
1789888757,20,,Aggregated,0.900000,0.000000,5400,6800,8700,9400,17000,30000,37000,134000,144000,144000,144000,288,1,5400,8799.588639313117,1109.4141710000258,143906.18991851807,375.9861111111111
1789888758,20,,Aggregated,0.800000,0.000000,5400,6800,8700,9400,17000,30000,37000,134000,144000,144000,144000,290,1,5400,8779.415204017856,1109.4141710000258,143906.18991851807,374.92413793103447
1789888759,20,,Aggregated,1.200000,0.000000,5400,6700,8700,9400,16000,30000,37000,134000,144000,144000,144000,292,1,5400,8737.649230469793,1109.4141710000258,143906.18991851807,374.0
1789888760,20,,Aggregated,1.200000,0.000000,5400,6700,8700,9400,16000,30000,37000,134000,144000,144000,144000,292,1,5400,8737.649230469793,1109.4141710000258,143906.18991851807,374.0
1789888761,20,,Aggregated,1.200000,0.000000,5400,6700,8700,9400,16000,30000,37000,134000,144000,144000,144000,292,1,5400,8737.649230469793,1109.4141710000258,143906.18991851807,374.0
1789888762,20,,Aggregated,1.700000,0.000000,5300,6700,8600,9400,16000,30000,37000,134000,144000,144000,144000,295,1,5300,8683.008342037894,1109.4141710000258,143906.18991851807,372.4542372881356
1789888763,20,,Aggregated,1.700000,0.000000,5300,6700,8600,9400,16000,30000,37000,134000,144000,144000,144000,295,1,5300,8683.008342037894,1109.4141710000258,143906.18991851807,372.4542372881356
1789888764,20,,Aggregated,1.700000,0.000000,5300,6700,8600,9400,16000,30000,37000,134000,144000,144000,144000,295,1,5300,8683.008342037894,1109.4141710000258,143906.18991851807,372.4542372881356
1789888765,20,,Aggregated,1.900000,0.000000,5400,6700,8600,9400,16000,30000,37000,134000,144000,144000,144000,296,1,5400,8676.55996742966,1109.4141710000258,143906.18991851807,371.94594594594594
1789888766,20,,Aggregated,1.800000,0.000000,5400,6800,8600,9400,16000,30000,37000,134000,144000,144000,144000,297,1,5400,8670.63262818916,1109.4141710000258,143906.18991851807,371.4410774410774
1789888767,20,,Aggregated,1.600000,0.000000,5400,6700,8500,9400,15000,28000,37000,39000,144000,144000,144000,301,1,5400,8630.860874538801,1109.4141710000258,143906.18991851807,369.45514950166114
1789888768,20,,Aggregated,1.700000,0.000000,5400,6700,8500,9400,16000,28000,37000,39000,144000,144000,144000,305,1,5400,8638.116364784191,1109.4141710000258,143906.18991851807,367.52131147540985
1789888769,20,,Aggregated,1.200000,0.000000,5400,6600,8500,9400,15000,28000,37000,39000,144000,144000,144000,311,1,5400,8572.566337511838,1109.4141710000258,143906.18991851807,364.94533762057875
1789888770,20,,Aggregated,1.300000,0.000000,5400,6600,8600,9400,17000,30000,37000,41000,144000,144000,144000,315,1,5400,8747.293862940265,1109.4141710000258,143906.18991851807,362.7873015873016
1789888771,20,,Aggregated,1.300000,0.000000,5400,6600,8600,9400,17000,30000,37000,41000,144000,144000,144000,315,1,5400,8747.293862940265,1109.4141710000258,143906.18991851807,362.7873015873016
1789888772,20,,Aggregated,1.300000,0.000000,5400,6600,8600,9400,17000,30000,37000,41000,144000,144000,144000,315,1,5400,8747.293862940265,1109.4141710000258,143906.18991851807,362.7873015873016
1789888773,20,,Aggregated,1.300000,0.000000,5400,6600,8600,9400,17000,30000,37000,41000,144000,144000,144000,315,1,5400,8747.293862940265,1109.4141710000258,143906.18991851807,362.7873015873016
1789888774,20,,Aggregated,2.000000,0.000000,5400,6600,8500,9400,17000,30000,37000,41000,144000,144000,144000,318,1,5400,8698.654901613778,1109.4141710000258,143906.18991851807,361.45911949685535
1789888775,20,,Aggregated,2.000000,0.000000,5300,6600,8500,9400,17000,30000,37000,41000,144000,144000,144000,319,1,5300,8681.593548279565,1109.4141710000258,143906.18991851807,361.0219435736677
1789888776,20,,Aggregated,2.000000,0.000000,5300,6600,8500,9400,17000,28000,37000,41000,144000,144000,144000,323,1,5300,8621.022532136785,1109.4141710000258,143906.18991851807,359.3003095975232
1789888777,20,,Aggregated,2.300000,0.000000,5300,6600,8500,9400,17000,28000,37000,41000,144000,144000,144000,325,1,5300,8594.02620964978,1109.4141710000258,143906.18991851807,358.4553846153846
1789888778,20,,Aggregated,2.300000,0.000000,5300,6600,8500,9400,17000,28000,37000,41000,144000,144000,144000,327,1,5300,8572.724745844585,1109.4141710000258,143906.18991851807,357.62079510703364
1789888779,20,,Aggregated,2.600000,0.000000,5300,6500,8100,9400,17000,28000,37000,41000,144000,144000,144000,330,1,5300,8542.261576076306,1109.4141710000258,143906.18991851807,356.4969696969697
1789888780,20,,Aggregated,2.300000,0.000000,5300,6500,8100,9300,16000,28000,37000,41000,144000,144000,144000,335,1,5300,8495.063192794576,1109.4141710000258,143906.18991851807,354.7044776119403
1789888781,20,,Aggregated,2.300000,0.000000,5300,6500,8100,9300,16000,28000,37000,41000,144000,144000,144000,335,1,5300,8495.063192794576,1109.4141710000258,143906.18991851807,354.7044776119403
1789888782,20,,Aggregated,2.300000,0.000000,5300,6500,8100,9300,16000,28000,37000,41000,144000,144000,144000,335,1,5300,8495.063192794576,1109.4141710000258,143906.18991851807,354.7044776119403
1789888783,20,,Aggregated,2.300000,0.000000,5300,6500,8100,9300,16000,28000,37000,41000,144000,144000,144000,335,1,5300,8495.063192794576,1109.4141710000258,143906.18991851807,354.7044776119403
1789888784,20,,Aggregated,2.300000,0.000000,5300,6500,8100,9300,16000,28000,37000,41000,144000,144000,144000,335,1,5300,8495.063192794576,1109.4141710000258,143906.18991851807,354.7044776119403
1789888785,20,,Aggregated,2.000000,0.000000,5300,6400,7900,9200,16000,28000,37000,41000,144000,144000,144000,338,1,5300,8469.13249288811,1109.4141710000258,143906.18991851807,353.5266272189349
1789888786,20,,Aggregated,2.000000,0.000000,5300,6400,7900,9200,16000,28000,37000,41000,144000,144000,144000,338,1,5300,8469.13249288811,1109.4141710000258,143906.18991851807,353.5266272189349
1789888787,20,,Aggregated,1.700000,0.000000,5300,6400,7600,9200,15000,27000,37000,41000,144000,144000,144000,341,1,5300,8448.420284182353,1109.4141710000258,143906.18991851807,352.36950146627566
1789888788,20,,Aggregated,1.900000,0.000000,5300,6400,7600,9200,15000,27000,37000,41000,144000,144000,144000,343,1,5300,8434.360671117154,1109.4141710000258,143906.18991851807,351.6093294460641
1789888789,20,,Aggregated,1.700000,0.000000,5400,6400,7600,9200,15000,27000,37000,41000,144000,144000,144000,347,1,5400,8405.040739496206,1109.4141710000258,143906.18991851807,350.2190201729107
1789888790,20,,Aggregated,1.700000,0.000000,5300,6400,7600,9200,15000,27000,37000,41000,144000,144000,144000,350,1,5300,8373.345285397665,1109.4141710000258,143906.18991851807,349.3257142857143
1789888791,20,,Aggregated,1.700000,0.000000,5300,6400,7600,9200,15000,27000,37000,41000,144000,144000,144000,350,1,5300,8373.345285397665,1109.4141710000258,143906.18991851807,349.3257142857143
1789888792,20,,Aggregated,2.000000,0.000000,5300,6400,7600,9200,15000,27000,37000,41000,144000,144000,144000,351,1,5300,8378.620140858065,1109.4141710000258,143906.18991851807,348.962962962963
1789888793,20,,Aggregated,1.500000,0.000000,5300,6400,7600,9200,15000,27000,37000,41000,144000,144000,144000,355,1,5300,8344.111958265297,1109.4141710000258,143906.18991851807,347.5323943661972
1789888794,20,,Aggregated,1.500000,0.000000,5300,6400,7600,9200,15000,27000,37000,41000,144000,144000,144000,360,1,5300,8304.086637369946,1109.4141710000258,143906.18991851807,345.7888888888889
1789888795,20,,Aggregated,1.500000,0.000000,5300,6400,7600,9200,15000,27000,37000,41000,144000,144000,144000,360,1,5300,8304.086637369946,1109.4141710000258,143906.18991851807,345.7888888888889
1789888796,20,,Aggregated,1.500000,0.000000,5300,6400,7600,9200,15000,27000,37000,41000,144000,144000,144000,360,1,5300,8304.086637369946,1109.4141710000258,143906.18991851807,345.7888888888889
1789888797,20,,Aggregated,2.500000,0.000000,5300,6300,7600,9200,15000,27000,37000,41000,144000,144000,144000,367,1,5300,8210.603823060446,1109.4141710000258,143906.18991851807,343.6239782016349
1789888798,20,,Aggregated,2.200000,0.000000,5300,6300,7600,9200,15000,27000,37000,41000,144000,144000,144000,369,1,5300,8210.629338705106,1109.4141710000258,143906.18991851807,343.06233062330625
1789888799,20,,Aggregated,2.000000,0.000000,5300,6300,7600,9200,15000,27000,37000,41000,144000,144000,144000,371,1,5300,8187.126776935805,1109.4141710000258,143906.18991851807,342.40970350404314
1789888800,20,,Aggregated,2.000000,0.000000,5300,6300,7600,9200,15000,27000,37000,41000,144000,144000,144000,371,1,5300,8187.126776935805,1109.4141710000258,143906.18991851807,342.40970350404314
1789888801,20,,Aggregated,2.000000,0.000000,5300,6300,7600,9200,15000,27000,37000,41000,144000,144000,144000,371,1,5300,8187.126776935805,1109.4141710000258,143906.18991851807,342.40970350404314
1789888802,20,,Aggregated,2.100000,0.000000,5200,6200,7600,9200,15000,27000,37000,41000,144000,144000,144000,375,1,5200,8135.657947336499,1109.4141710000258,143906.18991851807,341.12533333333334
1789888803,20,,Aggregated,2.100000,0.000000,5200,6200,7600,9200,15000,27000,37000,41000,144000,144000,144000,375,1,5200,8135.657947336499,1109.4141710000258,143906.18991851807,341.12533333333334
1789888804,20,,Aggregated,2.100000,0.000000,5200,6100,7600,9200,15000,27000,37000,41000,144000,144000,144000,380,1,5200,8096.318081989961,1109.4141710000258,143906.18991851807,339.5578947368421
1789888805,20,,Aggregated,2.100000,0.000000,5200,6100,7600,9200,15000,27000,37000,41000,144000,144000,144000,380,1,5200,8096.318081989961,1109.4141710000258,143906.18991851807,339.5578947368421
1789888806,20,,Aggregated,2.100000,0.000000,5200,6100,7600,9200,15000,27000,37000,41000,144000,144000,144000,380,1,5200,8096.318081989961,1109.4141710000258,143906.18991851807,339.5578947368421
1789888807,20,,Aggregated,2.000000,0.000000,5200,6100,7500,9200,14000,26000,37000,41000,144000,144000,144000,383,1,5200,8073.481875885604,1109.4141710000258,143906.18991851807,338.63707571801564
1789888808,20,,Aggregated,2.000000,0.000000,5200,6100,7500,9200,14000,26000,37000,41000,144000,144000,144000,383,1,5200,8073.481875885604,1109.4141710000258,143906.18991851807,338.63707571801564
1789888809,20,,Aggregated,2.000000,0.000000,5200,6100,7500,9200,14000,26000,37000,41000,144000,144000,144000,383,1,5200,8073.481875885604,1109.4141710000258,143906.18991851807,338.63707571801564
1789888810,20,,Aggregated,1.600000,0.000000,5200,6200,7600,9200,14000,26000,37000,41000,144000,144000,144000,386,1,5200,8073.4035058709505,1109.4141710000258,143906.18991851807,338.0103626943005
1789888811,20,,Aggregated,1.400000,0.000000,5200,6400,7600,9100,14000,26000,37000,41000,144000,144000,144000,391,1,5200,8069.013632941652,1109.4141710000258,143906.18991851807,336.52685421994886
1789888812,20,,Aggregated,1.400000,0.000000,5200,6400,7600,9100,14000,26000,37000,41000,144000,144000,144000,391,1,5200,8069.013632941652,1109.4141710000258,143906.18991851807,336.52685421994886
1789888813,20,,Aggregated,1.500000,0.000000,5300,6300,7600,9100,14000,26000,37000,41000,144000,144000,144000,394,1,5300,8052.388689381182,1109.4141710000258,143906.18991851807,335.65482233502536
1789888814,20,,Aggregated,2.000000,0.000000,5300,6300,7600,9100,14000,26000,37000,41000,144000,144000,144000,395,1,5300,8049.968490790345,1109.4141710000258,143906.18991851807,335.36708860759495
1789888815,20,,Aggregated,1.600000,0.000000,5300,6300,7600,8900,14000,26000,37000,41000,144000,144000,144000,397,1,5300,8039.751299917342,1109.4141710000258,143906.18991851807,334.79596977329976
1789888816,20,,Aggregated,1.600000,0.000000,5300,6300,7600,8900,14000,26000,37000,41000,144000,144000,144000,397,1,5300,8039.751299917342,1109.4141710000258,143906.18991851807,334.79596977329976
1789888817,20,,Aggregated,1.500000,0.000000,5300,6300,7600,8900,14000,26000,37000,41000,144000,144000,144000,400,1,5300,8017.4523446304665,1109.4141710000258,143906.18991851807,333.95
1789888819,20,,Aggregated,1.500000,0.000000,5300,6300,7600,8900,14000,26000,37000,41000,144000,144000,144000,400,1,5300,8017.4523446304665,1109.4141710000258,143906.18991851807,333.95
1789888820,20,,Aggregated,1.500000,0.000000,5300,6300,7600,8900,14000,26000,37000,41000,144000,144000,144000,400,1,5300,8017.4523446304665,1109.4141710000258,143906.18991851807,333.95
1789888821,20,,Aggregated,1.500000,0.000000,5300,6300,7600,8900,14000,26000,37000,41000,144000,144000,144000,400,1,5300,8017.4523446304665,1109.4141710000258,143906.18991851807,333.95
1789888822,20,,Aggregated,1.500000,0.000000,5300,6300,7600,8900,14000,26000,37000,41000,144000,144000,144000,400,1,5300,8017.4523446304665,1109.4141710000258,143906.18991851807,333.95
1789888823,20,,Aggregated,1.500000,0.000000,5300,6300,7600,8900,14000,26000,37000,41000,144000,144000,144000,400,1,5300,8017.4523446304665,1109.4141710000258,143906.18991851807,333.95
1789888824,20,,Aggregated,1.400000,0.000000,5300,6300,7600,8900,14000,25000,36000,39000,144000,144000,144000,403,1,5300,8031.158254275892,1109.4141710000258,143906.18991851807,333.2059553349876
1789888825,20,,Aggregated,0.900000,0.000000,5300,6400,7600,9200,14000,25000,36000,39000,144000,144000,144000,405,1,5300,8063.090411491814,1109.4141710000258,143906.18991851807,332.6567901234568
1789888826,20,,Aggregated,0.900000,0.000000,5300,6400,7600,9200,14000,25000,36000,39000,144000,144000,144000,405,1,5300,8063.090411491814,1109.4141710000258,143906.18991851807,332.6567901234568
1789888827,20,,Aggregated,0.900000,0.000000,5300,6400,7600,9200,14000,25000,36000,39000,144000,144000,144000,405,1,5300,8063.090411491814,1109.4141710000258,143906.18991851807,332.6567901234568
1789888828,20,,Aggregated,1.000000,0.000000,5300,6400,7700,9200,14000,25000,36000,39000,144000,144000,144000,406,1,5300,8071.181793975827,1109.4141710000258,143906.18991851807,332.4729064039409
1789888829,20,,Aggregated,1.000000,0.000000,5300,6400,7700,9200,14000,25000,36000,39000,144000,144000,144000,406,1,5300,8071.181793975827,1109.4141710000258,143906.18991851807,332.4729064039409
1789888830,20,,Aggregated,0.800000,0.000000,5400,6500,8100,9200,14000,25000,36000,39000,144000,144000,144000,412,1,5400,8123.968350748013,1109.4141710000258,143906.18991851807,330.86407766990294
1789888831,20,,Aggregated,0.800000,0.000000,5400,6500,8100,9200,14000,25000,36000,39000,144000,144000,144000,412,1,5400,8123.968350748013,1109.4141710000258,143906.18991851807,330.86407766990294
1789888832,20,,Aggregated,0.600000,0.000000,5400,6600,8100,9200,14000,25000,36000,39000,144000,144000,144000,413,1,5400,8130.09016912877,1109.4141710000258,143906.18991851807,330.6004842615012
1789888833,20,,Aggregated,1.200000,0.000000,5400,6600,8100,9300,14000,25000,36000,39000,144000,144000,144000,414,1,5400,8138.798998423145,1109.4141710000258,143906.18991851807,330.33816425120773
1789888834,20,,Aggregated,1.200000,0.000000,5400,6600,8100,9300,14000,25000,36000,39000,144000,144000,144000,414,1,5400,8138.798998423145,1109.4141710000258,143906.18991851807,330.33816425120773
1789888835,20,,Aggregated,1.200000,0.000000,5400,6600,8100,9300,14000,25000,36000,39000,144000,144000,144000,414,1,5400,8138.798998423145,1109.4141710000258,143906.18991851807,330.33816425120773
1789888836,20,,Aggregated,1.400000,0.000000,5400,6700,8500,9400,15000,25000,37000,41000,239000,239000,239000,421,1,5400,8798.943254405283,1109.4141710000258,239116.5156364441,354.17814726840857
1789888837,20,,Aggregated,1.400000,0.000000,5400,6700,8500,9400,15000,25000,37000,41000,239000,239000,239000,421,1,5400,8798.943254405283,1109.4141710000258,239116.5156364441,354.17814726840857
1789888838,20,,Aggregated,0.900000,0.000000,5400,6800,8500,9400,15000,25000,37000,41000,239000,239000,239000,423,1,5400,8795.851744126767,1109.4141710000258,239116.5156364441,353.5531914893617
1789888839,20,,Aggregated,0.900000,0.000000,5400,6800,8500,9400,15000,25000,37000,41000,239000,239000,239000,423,1,5400,8795.851744126767,1109.4141710000258,239116.5156364441,353.5531914893617
1789888840,20,,Aggregated,1.600000,0.000000,5400,6800,8300,9400,15000,25000,37000,41000,239000,239000,239000,426,1,5400,8774.374943564839,1109.4141710000258,239116.5156364441,352.7112676056338
1789888841,20,,Aggregated,1.700000,0.000000,5500,6700,8200,9400,15000,25000,37000,41000,239000,239000,239000,429,1,5500,8756.328031975805,1109.4141710000258,239116.5156364441,351.7972027972028
1789888842,20,,Aggregated,1.700000,0.000000,5500,6700,8300,9400,14000,25000,37000,41000,239000,239000,239000,434,1,5500,8749.577057310187,1109.4141710000258,239116.5156364441,350.05299539170505
1789888843,20,,Aggregated,1.700000,0.000000,5500,6700,8300,9400,14000,25000,37000,41000,239000,239000,239000,434,1,5500,8749.577057310187,1109.4141710000258,239116.5156364441,350.05299539170505
1789888844,20,,Aggregated,1.700000,0.000000,5500,6700,8300,9400,15000,25000,37000,41000,239000,239000,239000,439,1,5500,8712.046766864732,1109.4141710000258,239116.5156364441,348.6765375854214
1789888845,20,,Aggregated,2.100000,0.000000,5400,6600,8200,9400,14000,24000,37000,41000,239000,239000,239000,442,1,5400,8670.463807752527,1109.4141710000258,239116.5156364441,347.81674208144796
1789888846,20,,Aggregated,2.000000,0.000000,5400,6700,8300,9400,14000,24000,37000,41000,239000,239000,239000,444,1,5400,8658.559057129762,1109.4141710000258,239116.5156364441,347.3310810810811
1789888847,20,,Aggregated,2.500000,0.000000,5400,6600,8200,9400,14000,24000,37000,41000,239000,239000,239000,446,1,5400,8628.424666606756,1109.4141710000258,239116.5156364441,346.7690582959641
1789888848,20,,Aggregated,2.800000,0.000000,5400,6600,8200,9400,14000,24000,37000,41000,239000,239000,239000,449,1,5400,8587.252512074863,1109.4141710000258,239116.5156364441,345.93541202672606
1789888849,20,,Aggregated,2.500000,0.000000,5400,6600,8200,9400,14000,24000,37000,41000,239000,239000,239000,450,1,5400,8574.711027892472,1109.4141710000258,239116.5156364441,345.66
1789888850,20,,Aggregated,2.500000,0.000000,5400,6600,8100,9400,14000,24000,36000,41000,239000,239000,239000,453,1,5400,8539.321659102894,1109.4141710000258,239116.5156364441,344.841059602649
1789888851,20,,Aggregated,2.600000,0.000000,5400,6600,8100,9400,14000,24000,36000,41000,239000,239000,239000,454,1,5400,8526.688492137913,1109.4141710000258,239116.5156364441,344.5704845814978
1789888852,20,,Aggregated,2.600000,0.000000,5300,6600,8100,9400,14000,24000,36000,41000,239000,239000,239000,457,1,5300,8487.913656108562,1109.4141710000258,239116.5156364441,343.76586433260394
1789888853,20,,Aggregated,2.700000,0.000000,5300,6600,8100,9400,14000,24000,36000,41000,239000,239000,239000,458,1,5300,8477.682386972954,1109.4141710000258,239116.5156364441,343.57860262008734
1789888854,20,,Aggregated,2.500000,0.000000,5300,6500,8100,9400,14000,23000,36000,41000,239000,239000,239000,463,1,5300,8426.82444629506,1109.4141710000258,239116.5156364441,342.2656587473002
1789888855,20,,Aggregated,2.300000,0.000000,5300,6500,8100,9400,14000,24000,37000,134000,260000,260000,260000,467,1,5300,8947.235970356403,1109.4141710000258,259607.72252082825,378.5674518201285
1789888856,20,,Aggregated,2.300000,0.000000,5300,6500,8100,9400,14000,24000,37000,134000,260000,260000,260000,467,1,5300,8947.235970356403,1109.4141710000258,259607.72252082825,378.5674518201285
1789888857,20,,Aggregated,2.400000,0.000000,5300,6500,8100,9300,14000,24000,37000,134000,260000,260000,260000,472,1,5300,8888.807715390763,1109.4141710000258,259607.72252082825,376.9851694915254
1789888858,20,,Aggregated,2.500000,0.000000,5200,6500,8100,9300,14000,24000,37000,134000,260000,260000,260000,473,1,5200,8876.173805734548,1109.4141710000258,259607.72252082825,376.65750528541224
1789888859,20,,Aggregated,2.500000,0.000000,5200,6500,8100,9300,14000,24000,37000,134000,260000,260000,260000,473,1,5200,8876.173805734548,1109.4141710000258,259607.72252082825,376.65750528541224
1789888860,20,,Aggregated,2.500000,0.000000,5200,6500,8100,9300,14000,24000,37000,134000,260000,260000,260000,473,1,5200,8876.173805734548,1109.4141710000258,259607.72252082825,376.65750528541224
1789888861,20,,Aggregated,2.400000,0.000000,5300,6400,8100,9300,14000,24000,37000,134000,260000,260000,260000,475,1,5300,8864.232459251452,1109.4141710000258,259607.72252082825,375.7031578947368
1789888862,20,,Aggregated,2.400000,0.000000,5200,6400,8100,9200,14000,23000,37000,134000,260000,260000,260000,481,1,5200,8803.060159666195,1109.4141710000258,259607.72252082825,373.86070686070684
1789888863,20,,Aggregated,2.000000,0.000000,5300,6400,8100,9200,14000,23000,37000,134000,260000,260000,260000,482,1,5300,8799.016822615022,1109.4141710000258,259607.72252082825,373.54564315352695
1789888864,20,,Aggregated,2.400000,0.000000,5200,6400,7900,9200,14000,23000,37000,134000,260000,260000,260000,488,1,5200,8744.816606783694,1109.4141710000258,259607.72252082825,371.8217213114754
1789888865,20,,Aggregated,2.400000,0.000000,5200,6300,7900,9200,13000,23000,37000,134000,260000,260000,260000,492,1,5200,8705.893229862682,1109.4141710000258,259607.72252082825,370.6036585365854
1789888866,20,,Aggregated,2.400000,0.000000,5200,6300,7900,9200,13000,23000,37000,134000,260000,260000,260000,493,1,5200,8692.067850956266,1109.4141710000258,259607.72252082825,370.30223123732253
1789888867,20,,Aggregated,2.400000,0.000000,5200,6300,7900,9200,13000,23000,37000,134000,260000,260000,260000,493,1,5200,8692.067850956266,1109.4141710000258,259607.72252082825,370.30223123732253
1789888868,20,,Aggregated,2.500000,0.000000,5200,6300,7900,9200,13000,23000,37000,134000,260000,260000,260000,496,1,5200,8648.345759015,1109.4141710000258,259607.72252082825,369.40524193548384
1789888869,20,,Aggregated,2.600000,0.000000,5200,6300,7800,9200,13000,23000,37000,134000,260000,260000,260000,499,1,5200,8606.44894714116,1109.4141710000258,259607.72252082825,368.5190380761523
1789888870,20,,Aggregated,2.300000,0.000000,5100,6200,7700,9200,13000,22000,36000,41000,260000,260000,260000,504,1,5100,8540.62067693341,1109.4141710000258,259607.72252082825,367.1924603174603
1789888871,20,,Aggregated,2.600000,0.000000,5100,6200,7800,9200,13000,22000,36000,41000,260000,260000,260000,507,1,5100,8529.334599271082,1109.4141710000258,259607.72252082825,366.3333333333333
1789888872,20,,Aggregated,2.600000,0.000000,5100,6200,7700,9200,13000,22000,36000,41000,260000,260000,260000,509,1,5100,8504.019045788682,1109.4141710000258,259607.72252082825,365.7662082514735
1789888873,20,,Aggregated,2.900000,0.000000,5100,6200,7700,9200,13000,22000,36000,41000,260000,260000,260000,510,1,5100,8490.969049581254,1109.4141710000258,259607.72252082825,365.4843137254902
1789888874,20,,Aggregated,3.100000,0.000000,5100,6200,7700,9200,13000,22000,36000,41000,260000,260000,260000,511,1,5100,8477.13923605957,1109.4141710000258,259607.72252082825,365.20352250489236
1789888875,20,,Aggregated,2.800000,0.000000,5100,6100,7600,9200,13000,22000,36000,41000,260000,260000,260000,515,1,5100,8424.856493740657,1109.4141710000258,259607.72252082825,364.0912621359223
1789888876,20,,Aggregated,2.800000,0.000000,5100,6100,7600,9200,13000,22000,36000,41000,260000,260000,260000,515,1,5100,8424.856493740657,1109.4141710000258,259607.72252082825,364.0912621359223
1789888877,20,,Aggregated,2.800000,0.000000,5100,6100,7600,9200,13000,22000,36000,41000,260000,260000,260000,515,1,5100,8424.856493740657,1109.4141710000258,259607.72252082825,364.0912621359223
1789888878,20,,Aggregated,2.000000,0.000000,5100,6100,7600,9200,13000,22000,36000,41000,260000,260000,260000,518,1,5100,8396.545427085788,1109.4141710000258,259607.72252082825,363.3378378378378
1789888879,20,,Aggregated,2.200000,0.000000,5100,6100,7600,9100,13000,21000,36000,41000,260000,260000,260000,523,1,5100,8350.057260530477,1109.4141710000258,259607.72252082825,362.0554493307839
1789888880,20,,Aggregated,2.200000,0.000000,5100,6100,7600,9200,13000,21000,36000,41000,260000,260000,260000,525,1,5100,8344.28124283512,1109.4141710000258,259607.72252082825,361.5904761904762
1789888881,20,,Aggregated,2.200000,0.000000,5100,6100,7600,9200,13000,21000,36000,41000,260000,260000,260000,528,1,5100,8334.324074457267,1109.4141710000258,259607.72252082825,360.7973484848485
1789888882,20,,Aggregated,2.400000,0.000000,5100,6100,7600,9200,13000,21000,36000,41000,260000,260000,260000,529,1,5100,8342.388550547143,1109.4141710000258,259607.72252082825,360.5349716446125
1789888883,20,,Aggregated,2.300000,0.000000,5100,6100,7600,9200,13000,21000,36000,41000,260000,260000,260000,535,1,5100,8278.936864344743,1109.4141710000258,259607.72252082825,358.98130841121497
1789888884,20,,Aggregated,2.300000,0.000000,5100,6100,7600,9200,13000,21000,36000,41000,260000,260000,260000,535,1,5100,8278.936864344743,1109.4141710000258,259607.72252082825,358.98130841121497
1789888885,20,,Aggregated,2.300000,0.000000,5100,6100,7600,9200,13000,21000,36000,41000,260000,260000,260000,535,1,5100,8278.936864344743,1109.4141710000258,259607.72252082825,358.98130841121497
1789888886,20,,Aggregated,2.500000,0.000000,5100,6100,7600,9100,13000,21000,36000,41000,260000,260000,260000,538,1,5100,8247.199931223859,1109.4141710000258,259607.72252082825,358.2843866171004
1789888887,20,,Aggregated,2.400000,0.000000,5100,6100,7600,9100,13000,21000,36000,41000,260000,260000,260000,539,1,5100,8238.480250164073,1109.4141710000258,259607.72252082825,358.03153988868274
1789888888,20,,Aggregated,2.300000,0.000000,5100,6100,7600,9200,13000,21000,37000,134000,292000,292000,292000,543,1,5100,8762.87139447429,1109.4141710000258,291756.8590641022,385.34806629834253
1789888889,20,,Aggregated,2.400000,0.000000,5100,6100,7600,9100,13000,21000,37000,134000,292000,292000,292000,547,1,5100,8733.369070262415,1109.4141710000258,291756.8590641022,384.21937842778794
1789888890,20,,Aggregated,2.400000,0.000000,5100,6100,7600,9100,13000,21000,37000,134000,292000,292000,292000,549,1,5100,8717.731474986413,1109.4141710000258,291756.8590641022,383.62841530054646
1789888891,20,,Aggregated,2.400000,0.000000,5100,6000,7600,8900,13000,21000,36000,134000,292000,292000,292000,552,1,5100,8690.656381785404,1109.4141710000258,291756.8590641022,382.75
1789888892,20,,Aggregated,2.400000,0.000000,5100,6000,7600,8900,13000,21000,36000,134000,292000,292000,292000,552,1,5100,8690.656381785404,1109.4141710000258,291756.8590641022,382.75
1789888893,20,,Aggregated,2.400000,0.000000,5000,6000,7500,8900,13000,21000,36000,134000,292000,292000,292000,554,1,5000,8676.998970565966,1109.4141710000258,291756.8590641022,381.9097472924188
1789888894,20,,Aggregated,2.400000,0.000000,5000,6000,7500,8900,13000,21000,36000,134000,292000,292000,292000,559,1,5000,8640.717872646765,1109.4141710000258,291756.8590641022,380.479427549195
1789888895,20,,Aggregated,2.400000,0.000000,5000,6000,7500,8900,13000,21000,36000,134000,292000,292000,292000,559,1,5000,8640.717872646765,1109.4141710000258,291756.8590641022,380.479427549195
1789888896,20,,Aggregated,1.900000,0.000000,5000,6000,7500,8900,13000,21000,36000,134000,292000,292000,292000,560,1,5000,8631.60454481168,1109.4141710000258,291756.8590641022,380.19642857142856
1789888897,20,,Aggregated,2.400000,0.000000,5000,6000,7500,8900,13000,21000,36000,134000,292000,292000,292000,561,1,5000,8623.542226382428,1109.4141710000258,291756.8590641022,379.9144385026738
1789888898,20,,Aggregated,2.200000,0.000000,5000,5900,7500,8700,13000,21000,36000,134000,292000,292000,292000,567,1,5000,8571.036140254924,1109.4141710000258,291756.8590641022,378.30687830687833
1789888899,20,,Aggregated,2.200000,0.000000,5000,5900,7500,8600,13000,21000,36000,134000,292000,292000,292000,571,1,5000,8538.156251162067,1109.4141710000258,291756.8590641022,377.27495621716287
1789888900,20,,Aggregated,2.300000,0.000000,4900,5900,7400,8600,13000,21000,36000,134000,292000,292000,292000,574,1,4900,8502.41672179014,1109.4141710000258,291756.8590641022,376.4634146341463
1789888901,20,,Aggregated,2.500000,0.000000,4900,5900,7400,8600,13000,21000,36000,134000,292000,292000,292000,577,1,4900,8477.484041607517,1109.4141710000258,291756.8590641022,375.72270363951475
1789888902,20,,Aggregated,2.500000,0.000000,4900,5900,7400,8600,13000,21000,36000,134000,292000,292000,292000,577,1,4900,8477.484041607517,1109.4141710000258,291756.8590641022,375.72270363951475
1789888903,20,,Aggregated,2.200000,0.000000,4900,5900,7500,8600,13000,21000,36000,134000,292000,292000,292000,580,1,4900,8457.054408197479,1109.4141710000258,291756.8590641022,374.92758620689654
1789888904,20,,Aggregated,2.200000,0.000000,4900,5900,7500,8600,13000,21000,36000,134000,292000,292000,292000,580,1,4900,8457.054408197479,1109.4141710000258,291756.8590641022,374.92758620689654
1789888905,20,,Aggregated,2.200000,0.000000,4900,5900,7500,8600,13000,21000,36000,134000,292000,292000,292000,580,1,4900,8457.054408197479,1109.4141710000258,291756.8590641022,374.92758620689654
1789888906,20,,Aggregated,2.200000,0.000000,4900,5900,7500,8600,13000,21000,36000,134000,292000,292000,292000,580,1,4900,8457.054408197479,1109.4141710000258,291756.8590641022,374.92758620689654
1789888907,20,,Aggregated,2.100000,0.000000,4900,5900,7400,8500,13000,21000,36000,134000,292000,292000,292000,587,1,4900,8419.59235483226,1109.4141710000258,291756.8590641022,373.16524701873936
1789888908,20,,Aggregated,2.100000,0.000000,4900,5900,7400,8500,13000,21000,36000,134000,292000,292000,292000,587,1,4900,8419.59235483226,1109.4141710000258,291756.8590641022,373.16524701873936
1789888909,20,,Aggregated,2.100000,0.000000,4900,5900,7400,8500,13000,21000,36000,134000,292000,292000,292000,587,1,4900,8419.59235483226,1109.4141710000258,291756.8590641022,373.16524701873936
1789888910,20,,Aggregated,2.200000,0.000000,4900,5900,7100,8500,13000,21000,36000,134000,292000,292000,292000,590,1,4900,8410.5338156382,1109.4141710000258,291756.8590641022,372.45762711864404
1789888911,20,,Aggregated,2.200000,0.000000,4900,5900,7400,8500,13000,21000,36000,134000,292000,292000,292000,595,1,4900,8392.816919955527,1109.4141710000258,291756.8590641022,371.25378151260503
1789888912,20,,Aggregated,2.200000,0.000000,4900,5900,7400,8500,13000,21000,36000,134000,292000,292000,292000,595,1,4900,8392.816919955527,1109.4141710000258,291756.8590641022,371.25378151260503
1789888913,20,,Aggregated,1.600000,0.000000,4900,5900,7400,8500,13000,21000,36000,134000,292000,292000,292000,600,1,4900,8370.329837977564,1109.4141710000258,291756.8590641022,370.01
1789888914,20,,Aggregated,1.800000,0.000000,4900,5900,7100,8500,12000,20000,35000,41000,292000,292000,292000,604,1,4900,8334.820401148243,1109.4141710000258,291756.8590641022,369.08940397350995
1789888915,20,,Aggregated,1.800000,0.000000,4900,5900,7100,8300,12000,20000,35000,41000,292000,292000,292000,607,1,4900,8307.353848368268,1109.4141710000258,291756.8590641022,368.36243822075784
1789888916,20,,Aggregated,1.800000,0.000000,4900,5900,7100,8300,12000,20000,35000,41000,292000,292000,292000,607,1,4900,8307.353848368268,1109.4141710000258,291756.8590641022,368.36243822075784
1789888917,20,,Aggregated,1.800000,0.000000,4900,5900,7100,8300,12000,20000,35000,41000,292000,292000,292000,607,1,4900,8307.353848368268,1109.4141710000258,291756.8590641022,368.36243822075784
1789888918,20,,Aggregated,1.800000,0.000000,4900,5900,7100,8300,12000,20000,35000,41000,292000,292000,292000,607,1,4900,8307.353848368268,1109.4141710000258,291756.8590641022,368.36243822075784
1789888919,20,,Aggregated,1.800000,0.000000,4900,5900,7100,8300,12000,20000,35000,41000,292000,292000,292000,607,1,4900,8307.353848368268,1109.4141710000258,291756.8590641022,368.36243822075784
1789888920,20,,Aggregated,1.800000,0.000000,4900,5900,7100,8300,12000,20000,35000,41000,292000,292000,292000,607,1,4900,8307.353848368268,1109.4141710000258,291756.8590641022,368.36243822075784
1789888921,20,,Aggregated,2.000000,0.000000,4900,5900,7100,8200,12000,20000,35000,41000,292000,292000,292000,612,1,4900,8283.908883497614,1109.4141710000258,291756.8590641022,367.22549019607845
1789888922,20,,Aggregated,2.000000,0.000000,4900,5900,7100,8200,12000,20000,35000,41000,292000,292000,292000,617,1,4900,8251.599359863116,1109.4141710000258,291756.8590641022,366.1069692058347
1789888923,20,,Aggregated,1.600000,0.000000,4900,5900,7100,8100,12000,20000,35000,41000,292000,292000,292000,623,1,4900,8210.91611243586,1109.4141710000258,291756.8590641022,364.776886035313
1789888924,20,,Aggregated,1.600000,0.000000,4900,5900,7100,8100,12000,20000,35000,41000,292000,292000,292000,624,1,4900,8210.494555760484,1109.4141710000258,291756.8590641022,364.5480769230769
1789888925,20,,Aggregated,1.600000,0.000000,4900,5900,7100,8100,12000,20000,35000,41000,292000,292000,292000,624,1,4900,8210.494555760484,1109.4141710000258,291756.8590641022,364.5480769230769
1789888926,20,,Aggregated,2.200000,0.000000,4900,5900,7100,8200,12000,20000,35000,41000,292000,292000,292000,625,1,4900,8213.200058700066,1109.4141710000258,291756.8590641022,364.32
1789888927,20,,Aggregated,2.200000,0.000000,4900,5900,7100,8200,12000,20000,35000,41000,292000,292000,292000,625,1,4900,8213.200058700066,1109.4141710000258,291756.8590641022,364.32
1789888928,20,,Aggregated,1.700000,0.000000,4900,5900,7100,8200,12000,20000,35000,41000,292000,292000,292000,626,1,4900,8216.030600080736,1109.4141710000258,291756.8590641022,364.0926517571885
1789888929,20,,Aggregated,1.800000,0.000000,4900,5900,7100,8200,12000,20000,35000,41000,292000,292000,292000,627,1,4900,8219.830984608518,1109.4141710000258,291756.8590641022,363.86602870813397
1789888930,20,,Aggregated,1.900000,0.000000,4900,5900,7100,8200,12000,20000,35000,41000,292000,292000,292000,630,1,4900,8202.735020838956,1109.4141710000258,291756.8590641022,363.247619047619
1789888931,20,,Aggregated,2.000000,0.000000,4900,5900,7100,8200,12000,20000,35000,41000,292000,292000,292000,635,1,4900,8174.420636248099,1109.4141710000258,291756.8590641022,362.19212598425196
1789888932,20,,Aggregated,2.000000,0.000000,4900,5800,7100,8100,12000,20000,35000,41000,292000,292000,292000,639,1,4900,8149.0367587066385,1109.4141710000258,291756.8590641022,361.358372456964
1789888933,20,,Aggregated,2.000000,0.000000,4900,5800,7100,8100,12000,20000,35000,41000,292000,292000,292000,642,1,4900,8133.401481670625,1109.4141710000258,291756.8590641022,360.7071651090343
1789888934,20,,Aggregated,2.100000,0.000000,4900,5800,7100,8100,12000,20000,36000,134000,337000,337000,337000,646,1,4900,8626.866492540292,1109.4141710000258,337296.65541648865,380.43343653250776
1789888935,20,,Aggregated,2.100000,0.000000,4900,5800,7100,8100,12000,20000,36000,134000,337000,337000,337000,646,1,4900,8626.866492540292,1109.4141710000258,337296.65541648865,380.43343653250776
1789888936,20,,Aggregated,2.000000,0.000000,4900,5800,7100,8100,12000,20000,36000,134000,337000,337000,337000,648,1,4900,8607.749909171342,1109.4141710000258,337296.65541648865,379.94444444444446
1789888937,20,,Aggregated,2.000000,0.000000,4900,5800,7100,8100,12000,20000,36000,134000,337000,337000,337000,648,1,4900,8607.749909171342,1109.4141710000258,337296.65541648865,379.94444444444446
1789888938,20,,Aggregated,2.200000,0.000000,4900,5800,7000,8100,12000,20000,36000,134000,337000,337000,337000,649,1,4900,8599.91287610328,1109.4141710000258,337296.65541648865,379.47919876733437
1789888939,20,,Aggregated,2.300000,0.000000,4900,5800,7000,8100,12000,20000,36000,134000,337000,337000,337000,650,1,4900,8592.51777459389,1109.4141710000258,337296.65541648865,379.2923076923077
1789888940,20,,Aggregated,2.300000,0.000000,4800,5800,7000,8100,12000,20000,35000,134000,337000,337000,337000,652,1,4800,8578.90881512121,1109.4141710000258,337296.65541648865,378.86503067484665
1789888941,20,,Aggregated,2.300000,0.000000,4800,5800,7000,8100,12000,20000,35000,134000,337000,337000,337000,652,1,4800,8578.90881512121,1109.4141710000258,337296.65541648865,378.86503067484665
1789888942,20,,Aggregated,2.500000,0.000000,4900,5800,6900,8100,12000,20000,35000,134000,337000,337000,337000,663,1,4900,8524.708496434443,1109.4141710000258,337296.65541648865,376.31674208144796
1789888943,20,,Aggregated,2.500000,0.000000,4800,5800,6900,8100,12000,20000,35000,134000,337000,337000,337000,667,1,4800,8498.339533911596,1109.4141710000258,337296.65541648865,375.39130434782606
1789888944,20,,Aggregated,2.000000,0.000000,4800,5800,6900,8100,12000,20000,35000,134000,337000,337000,337000,669,1,4800,8482.019247502298,1109.4141710000258,337296.65541648865,374.93273542600895
1789888945,20,,Aggregated,2.000000,0.000000,4800,5800,6900,8100,12000,20000,35000,134000,337000,337000,337000,669,1,4800,8482.019247502298,1109.4141710000258,337296.65541648865,374.93273542600895
1789888946,20,,Aggregated,2.000000,0.000000,4800,5800,6900,8100,12000,20000,35000,134000,337000,337000,337000,669,1,4800,8482.019247502298,1109.4141710000258,337296.65541648865,374.93273542600895
1789888947,20,,Aggregated,2.000000,0.000000,4800,5800,6900,8100,12000,20000,35000,134000,337000,337000,337000,669,1,4800,8482.019247502298,1109.4141710000258,337296.65541648865,374.93273542600895
1789888948,20,,Aggregated,2.000000,0.000000,4800,5800,6900,8100,12000,20000,35000,134000,337000,337000,337000,669,1,4800,8482.019247502298,1109.4141710000258,337296.65541648865,374.93273542600895
1789888949,20,,Aggregated,2.100000,0.000000,4800,5800,6900,7900,12000,20000,35000,134000,337000,337000,337000,672,1,4800,8462.958257229222,1109.4141710000258,337296.65541648865,374.35714285714283
1789888950,20,,Aggregated,2.100000,0.000000,4800,5800,6900,7900,12000,20000,35000,134000,337000,337000,337000,672,1,4800,8462.958257229222,1109.4141710000258,337296.65541648865,374.35714285714283
1789888951,20,,Aggregated,2.300000,0.000000,4800,5800,6900,7900,12000,20000,35000,134000,337000,337000,337000,674,1,4800,8453.645532170674,1109.4141710000258,337296.65541648865,373.9050445103858
1789888952,20,,Aggregated,2.000000,0.000000,4900,5800,6800,7900,12000,19000,35000,134000,337000,337000,337000,681,1,4900,8419.723643262907,1109.4141710000258,337296.65541648865,372.3964757709251
1789888953,20,,Aggregated,2.000000,0.000000,4900,5700,6800,7900,12000,19000,35000,134000,337000,337000,337000,686,1,4900,8394.655755712885,1109.4141710000258,337296.65541648865,371.3002915451895
1789888954,20,,Aggregated,2.000000,0.000000,4900,5700,6800,7900,12000,19000,35000,134000,337000,337000,337000,687,1,4900,8390.363418663812,1109.4141710000258,337296.65541648865,371.0829694323144
1789888955,20,,Aggregated,2.000000,0.000000,4900,5700,6800,7900,12000,19000,35000,134000,337000,337000,337000,687,1,4900,8390.363418663812,1109.4141710000258,337296.65541648865,371.0829694323144
1789888956,20,,Aggregated,2.000000,0.000000,4900,5700,6800,7900,12000,19000,35000,134000,337000,337000,337000,687,1,4900,8390.363418663812,1109.4141710000258,337296.65541648865,371.0829694323144
1789888957,20,,Aggregated,1.800000,0.000000,4800,5700,6800,7900,12000,19000,35000,134000,337000,337000,337000,691,1,4800,8372.368826473281,1109.4141710000258,337296.65541648865,370.31837916063677
1789888958,20,,Aggregated,1.800000,0.000000,4900,5700,6800,7900,12000,19000,35000,134000,337000,337000,337000,692,1,4900,8375.556593205256,1109.4141710000258,337296.65541648865,370.1040462427746
1789888959,20,,Aggregated,2.000000,0.000000,4800,5700,6800,7900,12000,19000,35000,134000,337000,337000,337000,696,1,4800,8346.353812823332,1109.4141710000258,337296.65541648865,369.3045977011494
1789888960,20,,Aggregated,2.000000,0.000000,4800,5700,6800,7800,11000,19000,35000,41000,337000,337000,337000,701,1,4800,8305.197889168387,1109.4141710000258,337296.65541648865,368.25392296718974
1789888961,20,,Aggregated,2.300000,0.000000,4800,5700,6800,7800,11000,19000,35000,41000,337000,337000,337000,702,1,4800,8298.243785726552,1109.4141710000258,337296.65541648865,368.04558404558406
1789888962,20,,Aggregated,2.900000,0.000000,4800,5700,6800,7800,11000,19000,35000,41000,337000,337000,337000,708,1,4800,8261.072154014179,1109.4141710000258,337296.65541648865,366.80790960451975
1789888963,20,,Aggregated,2.900000,0.000000,4800,5700,6800,7800,11000,19000,35000,41000,337000,337000,337000,708,1,4800,8261.072154014179,1109.4141710000258,337296.65541648865,366.80790960451975
1789888964,20,,Aggregated,2.900000,0.000000,4800,5700,6800,7800,11000,19000,35000,41000,337000,337000,337000,708,1,4800,8261.072154014179,1109.4141710000258,337296.65541648865,366.80790960451975
1789888965,20,,Aggregated,2.900000,0.000000,4800,5700,6800,7800,11000,19000,35000,41000,337000,337000,337000,708,1,4800,8261.072154014179,1109.4141710000258,337296.65541648865,366.80790960451975
1789888966,20,,Aggregated,2.100000,0.000000,4700,5700,6700,7800,11000,19000,35000,41000,337000,337000,337000,713,1,4700,8226.008745152929,1109.4141710000258,337296.65541648865,365.8821879382889
1789888967,20,,Aggregated,2.100000,0.000000,4700,5700,6700,7800,11000,19000,35000,41000,337000,337000,337000,714,1,4700,8218.543930592488,1109.4141710000258,337296.65541648865,365.7310924369748
1789888968,20,,Aggregated,2.100000,0.000000,4700,5700,6700,7800,11000,19000,35000,41000,337000,337000,337000,714,1,4700,8218.543930592488,1109.4141710000258,337296.65541648865,365.7310924369748
1789888969,20,,Aggregated,2.100000,0.000000,4700,5700,6700,7800,11000,19000,35000,41000,337000,337000,337000,714,1,4700,8218.543930592488,1109.4141710000258,337296.65541648865,365.7310924369748
1789888970,20,,Aggregated,2.200000,0.000000,4700,5700,6600,7600,11000,19000,35000,41000,337000,337000,337000,727,1,4700,8151.233964530999,1109.4141710000258,337296.65541648865,363.1609353507565
1789888971,20,,Aggregated,2.200000,0.000000,4700,5700,6600,7700,11000,19000,35000,134000,372000,372000,372000,729,1,4700,8650.644936511513,1109.4141710000258,371545.62067985535,381.33882030178324
1789888972,20,,Aggregated,2.200000,0.000000,4700,5700,6600,7700,11000,19000,35000,134000,372000,372000,372000,729,1,4700,8650.644936511513,1109.4141710000258,371545.62067985535,381.33882030178324
1789888973,20,,Aggregated,2.200000,0.000000,4700,5700,6600,7700,11000,19000,35000,134000,372000,372000,372000,729,1,4700,8650.644936511513,1109.4141710000258,371545.62067985535,381.33882030178324
1789888974,20,,Aggregated,2.200000,0.000000,4700,5700,6600,7700,11000,19000,35000,134000,372000,372000,372000,729,1,4700,8650.644936511513,1109.4141710000258,371545.62067985535,381.33882030178324
1789888975,20,,Aggregated,2.100000,0.000000,4700,5700,6600,7600,11000,19000,35000,134000,372000,372000,372000,733,1,4700,8626.951258752926,1109.4141710000258,371545.62067985535,380.3219645293315
1789888976,20,,Aggregated,2.100000,0.000000,4700,5700,6600,7600,11000,19000,35000,134000,372000,372000,372000,734,1,4700,8621.421375758713,1109.4141710000258,371545.62067985535,380.15531335149865
1789888977,20,,Aggregated,2.100000,0.000000,4700,5700,6600,7600,11000,19000,35000,134000,372000,372000,372000,737,1,4700,8603.495320682354,1109.4141710000258,371545.62067985535,379.56037991858886
1789888978,20,,Aggregated,2.400000,0.000000,4700,5700,6600,7600,11000,19000,35000,134000,372000,372000,372000,741,1,4700,8573.247526512678,1109.4141710000258,371545.62067985535,378.70985155195683
1789888979,20,,Aggregated,2.400000,0.000000,4700,5700,6600,7600,11000,19000,35000,134000,372000,372000,372000,744,1,4700,8553.01454128346,1109.4141710000258,371545.62067985535,378.0779569892473
1789888980,20,,Aggregated,2.300000,0.000000,4700,5600,6600,7600,11000,19000,35000,134000,372000,372000,372000,746,1,4700,8542.605465959643,1109.4141710000258,371545.62067985535,377.65951742627345
1789888981,20,,Aggregated,2.600000,0.000000,4700,5600,6500,7600,11000,19000,35000,134000,372000,372000,372000,750,1,4700,8524.242545495861,1109.4141710000258,371545.62067985535,376.82933333333335
1789888982,20,,Aggregated,2.600000,0.000000,4700,5600,6500,7600,11000,19000,35000,134000,372000,372000,372000,750,1,4700,8524.242545495861,1109.4141710000258,371545.62067985535,376.82933333333335
1789888983,20,,Aggregated,2.700000,0.000000,4700,5600,6500,7600,11000,19000,35000,134000,372000,372000,372000,753,1,4700,8498.63476593213,1109.4141710000258,371545.62067985535,376.30810092961485
1789888984,20,,Aggregated,2.700000,0.000000,4700,5600,6500,7600,11000,19000,35000,134000,372000,372000,372000,753,1,4700,8498.63476593213,1109.4141710000258,371545.62067985535,376.30810092961485
1789888985,20,,Aggregated,2.400000,0.000000,4700,5600,6500,7600,11000,19000,35000,134000,372000,372000,372000,760,1,4700,8447.103752348545,1109.4141710000258,371545.62067985535,374.9342105263158
1789888986,20,,Aggregated,2.400000,0.000000,4700,5600,6500,7600,11000,18000,35000,134000,372000,372000,372000,762,1,4700,8432.416329602222,1109.4141710000258,371545.62067985535,374.5328083989501
1789888987,20,,Aggregated,2.800000,0.000000,4600,5600,6400,7500,11000,18000,35000,134000,372000,372000,372000,767,1,4600,8394.934359237148,1109.4141710000258,371545.62067985535,373.53846153846155
1789888988,20,,Aggregated,2.800000,0.000000,4600,5600,6400,7500,11000,18000,35000,134000,372000,372000,372000,770,1,4600,8370.484575092069,1109.4141710000258,371545.62067985535,372.94805194805195
1789888989,20,,Aggregated,2.800000,0.000000,4600,5600,6400,7500,11000,18000,35000,134000,372000,372000,372000,770,1,4600,8370.484575092069,1109.4141710000258,371545.62067985535,372.94805194805195
1789888990,20,,Aggregated,2.900000,0.000000,4600,5600,6400,7500,11000,18000,35000,134000,372000,372000,372000,773,1,4600,8345.812712853673,1109.4141710000258,371545.62067985535,372.4553686934023
1789888991,20,,Aggregated,2.600000,0.000000,4600,5600,6400,7500,11000,18000,35000,134000,372000,372000,372000,775,1,4600,8330.978146673408,1109.4141710000258,371545.62067985535,372.06709677419354
1789888992,20,,Aggregated,2.700000,0.000000,4600,5500,6400,7500,11000,18000,35000,134000,372000,372000,372000,778,1,4600,8306.33431476978,1109.4141710000258,371545.62067985535,371.53470437017995
1789888993,20,,Aggregated,2.400000,0.000000,4600,5500,6400,7500,11000,18000,35000,134000,372000,372000,372000,784,1,4600,8259.464781705212,1109.4141710000258,371545.62067985535,370.390306122449
1789888994,20,,Aggregated,2.400000,0.000000,4600,5500,6300,7500,11000,18000,35000,134000,372000,372000,372000,785,1,4600,8251.010036927244,1109.4141710000258,371545.62067985535,370.2012738853503
1789888995,20,,Aggregated,2.700000,0.000000,4600,5500,6300,7400,11000,18000,35000,134000,372000,372000,372000,788,1,4600,8229.057767695285,1109.4141710000258,371545.62067985535,369.6370558375635
1789888996,20,,Aggregated,3.200000,0.000000,4500,5500,6300,7400,11000,18000,35000,134000,372000,372000,372000,793,1,4500,8189.203232757732,1109.4141710000258,371545.62067985535,368.796973518285
1789888997,20,,Aggregated,3.200000,0.000000,4500,5500,6300,7400,11000,18000,35000,134000,372000,372000,372000,793,1,4500,8189.203232757732,1109.4141710000258,371545.62067985535,368.796973518285
1789888998,20,,Aggregated,3.100000,0.000000,4500,5500,6200,7200,11000,18000,35000,134000,372000,372000,372000,797,1,4500,8160.985577250791,1109.4141710000258,371545.62067985535,368.10539523212043
1789888999,20,,Aggregated,2.800000,0.000000,4500,5500,6200,7200,11000,18000,35000,134000,372000,372000,372000,800,1,4500,8135.915799337351,1109.4141710000258,371545.62067985535,367.5575
1789889000,20,,Aggregated,2.500000,0.000000,4500,5500,6200,7100,11000,17000,33000,41000,372000,372000,372000,804,1,4500,8106.016031695128,1109.4141710000258,371545.62067985535,366.8333333333333
1789889001,20,,Aggregated,2.700000,0.000000,4500,5500,6200,7100,11000,17000,33000,41000,372000,372000,372000,806,1,4500,8092.079028676034,1109.4141710000258,371545.62067985535,366.4739454094293
1789889002,20,,Aggregated,2.900000,0.000000,4500,5500,6200,7100,11000,17000,33000,41000,372000,372000,372000,811,1,4500,8053.37792854486,1109.4141710000258,371545.62067985535,365.58323057953146
1789889003,20,,Aggregated,3.100000,0.000000,4400,5500,6100,7100,11000,17000,33000,41000,372000,372000,372000,814,1,4400,8030.9328089544015,1109.4141710000258,371545.62067985535,365.14250614250614
1789889004,20,,Aggregated,3.100000,0.000000,4400,5500,6100,7100,11000,17000,33000,41000,372000,372000,372000,814,1,4400,8030.9328089544015,1109.4141710000258,371545.62067985535,365.14250614250614
1789889005,20,,Aggregated,3.000000,0.000000,4400,5500,6100,7100,11000,17000,33000,41000,372000,372000,372000,818,1,4400,8001.280760004747,1109.4141710000258,371545.62067985535,364.48655256723714
1789889006,20,,Aggregated,2.900000,0.000000,4400,5400,6100,7100,11000,17000,33000,41000,372000,372000,372000,822,1,4400,7971.552756807646,1109.4141710000258,371545.62067985535,363.79318734793185
1789889007,20,,Aggregated,2.700000,0.000000,4400,5400,6100,7100,11000,17000,33000,41000,372000,372000,372000,825,1,4400,7948.381906307741,1109.4141710000258,371545.62067985535,363.27757575757573
1789889008,20,,Aggregated,2.600000,0.000000,4400,5400,6100,7100,11000,17000,33000,41000,372000,372000,372000,826,1,4400,7941.510045671774,1109.4141710000258,371545.62067985535,363.10653753026634
1789889009,20,,Aggregated,3.000000,0.000000,4400,5400,6100,7100,11000,17000,33000,41000,372000,372000,372000,827,1,4400,7934.955189199376,1109.4141710000258,371545.62067985535,362.93591293833134
1789889010,20,,Aggregated,3.000000,0.000000,4400,5400,6100,7100,11000,17000,33000,41000,372000,372000,372000,830,1,4400,7916.900124946848,1109.4141710000258,371545.62067985535,362.4265060240964
1789889011,20,,Aggregated,3.000000,0.000000,4400,5400,6100,7000,11000,17000,33000,41000,372000,372000,372000,831,1,4400,7911.553321755575,1109.4141710000258,371545.62067985535,362.2575210589651
1789889012,20,,Aggregated,2.900000,0.000000,4400,5400,6100,7000,11000,17000,33000,41000,372000,372000,372000,834,1,4400,7896.202510195303,1109.4141710000258,371545.62067985535,361.8393285371703
1789889013,20,,Aggregated,2.600000,0.000000,4300,5400,6100,7000,11000,17000,33000,41000,372000,372000,372000,835,1,4300,7891.221968998663,1109.4141710000258,371545.62067985535,361.67185628742516
1789889014,20,,Aggregated,2.600000,0.000000,4300,5400,6100,7000,11000,17000,33000,41000,372000,372000,372000,837,1,4300,7881.18523970237,1109.4141710000258,371545.62067985535,361.3381123058542
1789889015,20,,Aggregated,2.300000,0.000000,4300,5400,6100,6900,11000,16000,33000,41000,372000,372000,372000,844,1,4300,7845.576002751044,1109.4141710000258,371545.62067985535,360.1824644549763
1789889016,20,,Aggregated,2.300000,0.000000,4300,5400,6000,6900,11000,16000,33000,41000,372000,372000,372000,845,1,4300,7839.428297822345,1109.4141710000258,371545.62067985535,360.0189349112426
1789889017,20,,Aggregated,2.600000,0.000000,4300,5400,6100,6900,11000,16000,33000,41000,372000,372000,372000,847,1,4300,7832.127889263143,1109.4141710000258,371545.62067985535,359.73553719008265
1789889018,20,,Aggregated,2.600000,0.000000,4300,5400,6000,6900,11000,16000,33000,41000,372000,372000,372000,850,1,4300,7815.615241586921,1109.4141710000258,371545.62067985535,359.2494117647059
1789889019,20,,Aggregated,2.300000,0.000000,4300,5400,6000,6900,10000,16000,31000,41000,372000,372000,372000,851,1,4300,7810.385253166724,1109.4141710000258,371545.62067985535,359.08813160987074
1789889020,20,,Aggregated,2.400000,0.000000,4300,5400,6000,6900,10000,16000,31000,41000,372000,372000,372000,855,1,4300,7785.663299252495,1109.4141710000258,371545.62067985535,358.5309941520468
1789889021,20,,Aggregated,2.400000,0.000000,4200,5400,6000,6900,10000,16000,31000,41000,372000,372000,372000,857,1,4200,7771.442643191229,1109.4141710000258,371545.62067985535,358.21236872812136
1789889022,20,,Aggregated,2.400000,0.000000,4200,5300,6000,6900,10000,16000,31000,41000,372000,372000,372000,859,1,4200,7758.19726027693,1109.4141710000258,371545.62067985535,357.895227008149
1789889023,20,,Aggregated,2.400000,0.000000,4200,5300,6000,6900,10000,16000,31000,41000,372000,372000,372000,859,1,4200,7758.19726027693,1109.4141710000258,371545.62067985535,357.895227008149
1789889024,20,,Aggregated,2.400000,0.000000,4200,5300,5900,6800,10000,15000,31000,41000,372000,372000,372000,866,1,4200,7723.622276370534,1109.4141710000258,371545.62067985535,356.838337182448
1789889025,20,,Aggregated,2.500000,0.000000,4200,5300,5900,6800,10000,15000,31000,41000,372000,372000,372000,870,1,4200,7698.351824671129,1109.4141710000258,371545.62067985535,356.2183908045977
1789889026,20,,Aggregated,2.400000,0.000000,4200,5300,5900,6800,10000,15000,31000,41000,372000,372000,372000,871,1,4200,7692.12738556703,1109.4141710000258,371545.62067985535,356.0642939150402
1789889027,20,,Aggregated,2.700000,0.000000,4200,5300,5900,6800,10000,15000,31000,41000,372000,372000,372000,874,1,4200,7673.698615761881,1109.4141710000258,371545.62067985535,355.6453089244851
1789889028,20,,Aggregated,2.700000,0.000000,4200,5300,5900,6800,10000,15000,31000,41000,372000,372000,372000,876,1,4200,7661.032983808086,1109.4141710000258,371545.62067985535,355.3401826484018
1789889029,20,,Aggregated,2.700000,0.000000,4200,5300,5900,6800,10000,15000,31000,41000,372000,372000,372000,877,1,4200,7655.200310681737,1109.4141710000258,371545.62067985535,355.2200684150513
1789889030,20,,Aggregated,2.700000,0.000000,4200,5300,5900,6800,10000,15000,31000,41000,372000,372000,372000,877,1,4200,7655.200310681737,1109.4141710000258,371545.62067985535,355.2200684150513
1789889031,20,,Aggregated,2.700000,0.000000,4200,5300,5900,6800,10000,15000,31000,41000,372000,372000,372000,877,1,4200,7655.200310681737,1109.4141710000258,371545.62067985535,355.2200684150513
1789889032,20,,Aggregated,2.300000,0.000000,4200,5300,5900,6800,10000,15000,31000,41000,372000,372000,372000,878,1,4200,7652.457012003283,1109.4141710000258,371545.62067985535,355.06833712984053
1789889033,20,,Aggregated,2.300000,0.000000,4200,5300,5900,6800,10000,15000,31000,41000,372000,372000,372000,883,1,4200,7627.844654210512,1109.4141710000258,371545.62067985535,354.3556058890147
1789889034,20,,Aggregated,2.300000,0.000000,4200,5300,5900,6800,10000,15000,31000,41000,372000,372000,372000,883,1,4200,7627.844654210512,1109.4141710000258,371545.62067985535,354.3556058890147
1789889035,20,,Aggregated,2.300000,0.000000,4200,5300,5900,6800,10000,15000,31000,41000,372000,372000,372000,883,1,4200,7627.844654210512,1109.4141710000258,371545.62067985535,354.3556058890147
1789889036,20,,Aggregated,2.200000,0.000000,4200,5300,5900,6800,10000,15000,31000,41000,372000,372000,372000,884,1,4200,7625.737701008916,1109.4141710000258,371545.62067985535,354.20588235294116
1789889037,20,,Aggregated,1.500000,0.000000,4200,5300,5900,6800,10000,15000,31000,41000,372000,372000,372000,886,1,4200,7623.511362151108,1109.4141710000258,371545.62067985535,353.9074492099323
1789889038,20,,Aggregated,1.300000,0.000000,4200,5300,5900,6800,10000,15000,33000,134000,442000,442000,442000,896,1,4200,8107.61382736305,1109.4141710000258,442135.7204914093,374.40513392857144
1789889039,20,,Aggregated,1.300000,0.000000,4200,5300,5900,6800,10000,15000,33000,134000,442000,442000,442000,897,1,4200,8103.145736742802,1109.4141710000258,442135.7204914093,374.27536231884056
1789889040,20,,Aggregated,1.700000,0.000000,4200,5300,5900,6900,10000,15000,33000,134000,442000,442000,442000,900,1,4200,8094.872595706993,1109.4141710000258,442135.7204914093,373.7677777777778
1789889041,20,,Aggregated,2.100000,0.000000,4200,5300,5900,6800,10000,15000,31000,41000,442000,442000,442000,901,1,4200,8090.0519151701355,1109.4141710000258,442135.7204914093,373.59933407325195
1789889042,20,,Aggregated,2.100000,0.000000,4200,5300,5900,6800,10000,15000,31000,41000,442000,442000,442000,901,1,4200,8090.0519151701355,1109.4141710000258,442135.7204914093,373.59933407325195
1789889043,20,,Aggregated,2.300000,0.000000,4200,5300,5900,6800,10000,15000,31000,41000,442000,442000,442000,905,1,4200,8074.208842752812,1109.4141710000258,442135.7204914093,372.77016574585633
1789889044,20,,Aggregated,2.300000,0.000000,4200,5300,5900,6800,10000,15000,31000,41000,442000,442000,442000,905,1,4200,8074.208842752812,1109.4141710000258,442135.7204914093,372.77016574585633
1789889045,20,,Aggregated,2.100000,0.000000,4200,5300,5900,6800,10000,15000,31000,41000,442000,442000,442000,907,1,4200,8062.246657453467,1109.4141710000258,442135.7204914093,372.43770672546856
1789889046,20,,Aggregated,2.200000,0.000000,4200,5300,5900,6800,10000,15000,31000,41000,442000,442000,442000,909,1,4200,8051.488232573481,1109.4141710000258,442135.7204914093,372.1067106710671
1789889047,20,,Aggregated,2.200000,0.000000,4200,5300,5900,6800,10000,15000,31000,41000,442000,442000,442000,913,1,4200,8033.582045489915,1109.4141710000258,442135.7204914093,371.48849945235486
1789889048,20,,Aggregated,2.500000,0.000000,4200,5300,5900,6800,10000,15000,31000,41000,442000,442000,442000,914,1,4200,8028.1235928340175,1109.4141710000258,442135.7204914093,371.3249452954048
1789889049,20,,Aggregated,2.500000,0.000000,4200,5300,5900,6800,10000,15000,33000,134000,447000,447000,447000,919,1,4200,8499.780044990399,1109.4141710000258,447432.0728778839,387.588683351469
1789889050,20,,Aggregated,2.000000,0.000000,4200,5300,5900,6800,10000,15000,33000,134000,447000,447000,447000,922,1,4200,8489.677313272427,1109.4141710000258,447432.0728778839,387.0889370932755
1789889051,20,,Aggregated,2.000000,0.000000,4200,5300,5900,6800,10000,15000,33000,134000,447000,447000,447000,923,1,4200,8485.018737772674,1109.4141710000258,447432.0728778839,386.9100758396533
1789889052,20,,Aggregated,2.000000,0.000000,4200,5300,5900,6800,10000,15000,33000,134000,447000,447000,447000,923,1,4200,8485.018737772674,1109.4141710000258,447432.0728778839,386.9100758396533
1789889053,20,,Aggregated,2.400000,0.000000,4200,5300,5900,6800,10000,15000,33000,134000,447000,447000,447000,925,1,4200,8477.089988322356,1109.4141710000258,447432.0728778839,386.5535135135135
1789889054,20,,Aggregated,2.400000,0.000000,4200,5300,5900,6800,10000,15000,33000,134000,447000,447000,447000,925,1,4200,8477.089988322356,1109.4141710000258,447432.0728778839,386.5535135135135
1789889055,20,,Aggregated,2.100000,0.000000,4200,5300,5900,6800,10000,15000,33000,134000,447000,447000,447000,927,1,4200,8468.08168225262,1109.4141710000258,447432.0728778839,386.1984897518878
1789889056,20,,Aggregated,2.100000,0.000000,4200,5300,5900,6800,10000,15000,33000,134000,447000,447000,447000,932,1,4200,8447.43790227058,1109.4141710000258,447432.0728778839,385.3562231759657
1789889057,20,,Aggregated,2.000000,0.000000,4200,5300,5900,6800,10000,15000,33000,134000,447000,447000,447000,934,1,4200,8438.64621543274,1109.4141710000258,447432.0728778839,385.00642398286936
1789889058,20,,Aggregated,2.400000,0.000000,4200,5300,5900,6800,10000,15000,33000,134000,447000,447000,447000,936,1,4200,8435.738633838866,1109.4141710000258,447432.0728778839,384.5042735042735
1789889059,20,,Aggregated,2.400000,0.000000,4200,5300,5900,6800,10000,15000,33000,134000,447000,447000,447000,936,1,4200,8435.738633838866,1109.4141710000258,447432.0728778839,384.5042735042735
1789889060,20,,Aggregated,2.100000,0.000000,4200,5300,5900,6800,10000,15000,33000,134000,447000,447000,447000,937,1,4200,8433.54060261065,1109.4141710000258,447432.0728778839,384.3692636072572
1789889061,20,,Aggregated,1.700000,0.000000,4200,5300,5900,6800,10000,15000,33000,134000,447000,447000,447000,943,1,4200,8416.963910980041,1109.4141710000258,447432.0728778839,383.3743372216331
1789889062,20,,Aggregated,1.500000,0.000000,4200,5300,5900,6800,10000,15000,33000,134000,447000,447000,447000,947,1,4200,8394.761180521837,1109.4141710000258,447432.0728778839,382.6927138331573
1789889063,20,,Aggregated,1.400000,0.000000,4200,5300,5900,6800,10000,15000,33000,134000,447000,447000,447000,950,1,4200,8375.537055787554,1109.4141710000258,447432.0728778839,382.1852631578947
1789889064,20,,Aggregated,2.100000,0.000000,4200,5300,5900,6800,10000,15000,31000,134000,447000,447000,447000,955,1,4200,8343.518344939452,1109.4141710000258,447432.0728778839,381.3801047120419
1789889065,20,,Aggregated,2.100000,0.000000,4200,5300,5900,6800,10000,15000,31000,134000,447000,447000,447000,956,1,4200,8336.508795781565,1109.4141710000258,447432.0728778839,381.21338912133893
1789889066,20,,Aggregated,2.100000,0.000000,4200,5300,5900,6800,10000,15000,31000,134000,447000,447000,447000,956,1,4200,8336.508795781565,1109.4141710000258,447432.0728778839,381.21338912133893
1789889067,20,,Aggregated,3.100000,0.000000,4200,5300,5900,6800,10000,15000,31000,134000,447000,447000,447000,958,1,4200,8322.192660652585,1109.4141710000258,447432.0728778839,380.9185803757829
1789889068,20,,Aggregated,3.100000,0.000000,4200,5300,5900,6800,10000,15000,31000,134000,447000,447000,447000,958,1,4200,8322.192660652585,1109.4141710000258,447432.0728778839,380.9185803757829
1789889069,20,,Aggregated,2.500000,0.000000,4200,5300,5900,6700,10000,15000,31000,134000,447000,447000,447000,963,1,4200,8291.884982537045,1109.4141710000258,447432.0728778839,380.0934579439252
1789889070,20,,Aggregated,2.400000,0.000000,4200,5300,5900,6700,10000,15000,31000,134000,447000,447000,447000,966,1,4200,8277.99882503952,1109.4141710000258,447432.0728778839,379.6024844720497
1789889071,20,,Aggregated,2.600000,0.000000,4200,5300,5900,6700,10000,15000,31000,134000,447000,447000,447000,969,1,4200,8280.581999038366,1109.4141710000258,447432.0728778839,379.1145510835913
1789889072,20,,Aggregated,2.900000,0.000000,4200,5300,5800,6700,10000,15000,31000,134000,447000,447000,447000,973,1,4200,8261.53558776894,1109.4141710000258,447432.0728778839,378.46865364850976
1789889073,20,,Aggregated,3.100000,0.000000,4200,5300,5900,6700,10000,15000,31000,134000,447000,447000,447000,975,1,4200,8255.30629853967,1109.4141710000258,447432.0728778839,378.2133333333333
1789889074,20,,Aggregated,3.100000,0.000000,4200,5300,5900,6700,10000,15000,31000,134000,447000,447000,447000,975,1,4200,8255.30629853967,1109.4141710000258,447432.0728778839,378.2133333333333
1789889075,20,,Aggregated,2.600000,0.000000,4200,5300,5900,6700,10000,15000,33000,137000,476000,476000,476000,983,1,4200,8691.07522086602,1109.4141710000258,476028.16915512085,389.323499491353
1789889076,20,,Aggregated,2.600000,0.000000,4200,5300,5900,6700,10000,15000,33000,137000,476000,476000,476000,983,1,4200,8691.07522086602,1109.4141710000258,476028.16915512085,389.323499491353
1789889077,20,,Aggregated,2.600000,0.000000,4200,5300,5900,6700,10000,15000,33000,137000,476000,476000,476000,983,1,4200,8691.07522086602,1109.4141710000258,476028.16915512085,389.323499491353
1789889078,20,,Aggregated,2.600000,0.000000,4200,5300,5900,6700,10000,15000,33000,137000,476000,476000,476000,983,1,4200,8691.07522086602,1109.4141710000258,476028.16915512085,389.323499491353
1789889079,20,,Aggregated,2.600000,0.000000,4200,5300,5800,6700,10000,15000,33000,137000,476000,476000,476000,986,1,4200,8678.27108794655,1109.4141710000258,476028.16915512085,388.6683569979716
1789889080,20,,Aggregated,2.600000,0.000000,4200,5300,5800,6700,10000,15000,33000,137000,476000,476000,476000,988,1,4200,8671.349025734107,1109.4141710000258,476028.16915512085,388.33097165991904
1789889081,20,,Aggregated,2.100000,0.000000,4200,5300,5800,6600,10000,15000,33000,137000,476000,476000,476000,992,1,4200,8656.561645430746,1109.4141710000258,476028.16915512085,387.6602822580645
1789889082,20,,Aggregated,2.300000,0.000000,4200,5300,5800,6600,10000,15000,33000,137000,476000,476000,476000,993,1,4200,8652.667792448437,1109.4141710000258,476028.16915512085,387.4934541792548
1789889083,20,,Aggregated,2.000000,0.000000,4200,5300,5800,6600,10000,15000,33000,137000,476000,476000,476000,997,1,4200,8639.747778381443,1109.4141710000258,476028.16915512085,386.90170511534603
1789889084,20,,Aggregated,2.200000,0.000000,4200,5300,5800,6600,10000,15000,31000,134000,447000,476000,476000,1001,1,4200,8624.14459525005,1109.4141710000258,476028.16915512085,386.24275724275725
1789889085,20,,Aggregated,2.200000,0.000000,4200,5300,5800,6600,10000,15000,31000,134000,447000,476000,476000,1001,1,4200,8624.14459525005,1109.4141710000258,476028.16915512085,386.24275724275725
1789889086,20,,Aggregated,2.100000,0.000000,4200,5300,5800,6600,10000,15000,31000,134000,447000,476000,476000,1003,1,4200,8609.660562709172,1109.4141710000258,476028.16915512085,385.91525423728814
1789889087,20,,Aggregated,2.100000,0.000000,4200,5300,5800,6700,10000,15000,31000,134000,447000,476000,476000,1010,1,4200,8576.605153494353,1109.4141710000258,476028.16915512085,384.8148514851485
1789889088,20,,Aggregated,2.000000,0.000000,4200,5300,5800,6600,10000,15000,31000,134000,447000,476000,476000,1013,1,4200,8556.531333124674,1109.4141710000258,476028.16915512085,384.3326752221125
1789889089,20,,Aggregated,2.200000,0.000000,4200,5300,5800,6600,10000,15000,31000,134000,447000,476000,476000,1016,1,4200,8538.533603151864,1109.4141710000258,476028.16915512085,383.88877952755905
1789889090,20,,Aggregated,2.200000,0.000000,4200,5200,5800,6600,10000,15000,31000,134000,447000,476000,476000,1018,1,4200,8524.948148934474,1109.4141710000258,476028.16915512085,383.60609037328095
1789889091,20,,Aggregated,2.700000,0.000000,4200,5200,5800,6600,10000,15000,31000,134000,447000,476000,476000,1020,1,4200,8511.052061471857,1109.4141710000258,476028.16915512085,383.28921568627453
1789889092,20,,Aggregated,3.000000,0.000000,4100,5200,5800,6600,10000,15000,31000,134000,447000,476000,476000,1023,1,4100,8490.490921938705,1109.4141710000258,476028.16915512085,382.8162267839687
1789889093,20,,Aggregated,3.200000,0.000000,4100,5200,5800,6600,10000,15000,31000,134000,447000,476000,476000,1024,1,4100,8483.408281915328,1109.4141710000258,476028.16915512085,382.6591796875
1789889094,20,,Aggregated,2.900000,0.000000,4100,5200,5800,6600,10000,15000,31000,134000,447000,476000,476000,1030,1,4100,8449.149629143978,1109.4141710000258,476028.16915512085,381.75825242718446
1789889095,20,,Aggregated,2.800000,0.000000,4100,5200,5800,6600,10000,15000,31000,134000,447000,476000,476000,1033,1,4100,8430.833139513361,1109.4141710000258,476028.16915512085,381.2942884801549
1789889096,20,,Aggregated,2.700000,0.000000,4100,5200,5800,6600,10000,15000,31000,134000,447000,476000,476000,1038,1,4100,8399.783258117825,1109.4141710000258,476028.16915512085,380.59633911368013
1789889097,20,,Aggregated,2.700000,0.000000,4000,5200,5800,6600,10000,15000,31000,134000,447000,476000,476000,1040,1,4000,8386.97002261279,1109.4141710000258,476028.16915512085,380.2913461538462
1789889098,20,,Aggregated,2.900000,0.000000,4000,5200,5800,6500,10000,15000,31000,134000,447000,476000,476000,1041,1,4000,8380.986364575701,1109.4141710000258,476028.16915512085,380.1392891450528
1789889099,20,,Aggregated,2.900000,0.000000,4000,5200,5800,6500,10000,15000,31000,134000,447000,476000,476000,1041,1,4000,8380.986364575701,1109.4141710000258,476028.16915512085,380.1392891450528
1789889100,20,,Aggregated,3.100000,0.000000,4000,5200,5800,6500,10000,15000,31000,134000,447000,476000,476000,1042,1,4000,8376.316545844822,1109.4141710000258,476028.16915512085,379.98752399232245
1789889101,20,,Aggregated,2.600000,0.000000,4000,5200,5800,6500,10000,15000,31000,134000,447000,476000,476000,1045,1,4000,8360.74752461943,1109.4141710000258,476028.16915512085,379.533971291866
1789889102,20,,Aggregated,2.600000,0.000000,4000,5200,5800,6500,10000,15000,31000,134000,447000,476000,476000,1045,1,4000,8360.74752461943,1109.4141710000258,476028.16915512085,379.533971291866
1789889103,20,,Aggregated,2.300000,0.000000,4000,5200,5800,6500,10000,15000,31000,134000,447000,476000,476000,1048,1,4000,8345.555942155825,1109.4141710000258,476028.16915512085,379.0830152671756
1789889104,20,,Aggregated,2.400000,0.000000,4000,5200,5800,6500,10000,15000,30000,134000,447000,476000,476000,1053,1,4000,8325.2819872472,1109.4141710000258,476028.16915512085,378.3713200379867
1789889105,20,,Aggregated,2.500000,0.000000,4000,5200,5800,6500,10000,15000,30000,134000,447000,476000,476000,1058,1,4000,8308.452250972874,1109.4141710000258,476028.16915512085,377.70037807183365
1789889106,20,,Aggregated,2.900000,0.000000,4000,5200,5800,6400,10000,14000,30000,134000,447000,476000,476000,1062,1,4000,8291.73295593249,1109.4141710000258,476028.16915512085,377.1139359698682
1789889107,20,,Aggregated,2.900000,0.000000,4000,5200,5800,6400,10000,14000,30000,134000,447000,476000,476000,1063,1,4000,8285.255238860116,1109.4141710000258,476028.16915512085,376.96801505174034
1789889108,20,,Aggregated,2.300000,0.000000,4000,5200,5800,6400,10000,14000,30000,134000,447000,476000,476000,1065,1,4000,8273.16561750451,1109.4141710000258,476028.16915512085,376.6769953051643
1789889109,20,,Aggregated,2.300000,0.000000,4000,5200,5800,6400,10000,14000,30000,134000,447000,476000,476000,1068,1,4000,8253.810299593919,1109.4141710000258,476028.16915512085,376.2425093632959
1789889110,20,,Aggregated,2.400000,0.000000,4000,5100,5800,6400,9900,14000,30000,134000,447000,476000,476000,1071,1,4000,8234.740027277596,1109.4141710000258,476028.16915512085,375.84407096171805
1789889111,20,,Aggregated,2.500000,0.000000,4000,5100,5800,6400,9900,14000,30000,134000,447000,476000,476000,1073,1,4000,8224.127004060862,1109.4141710000258,476028.16915512085,375.5573159366263
1789889112,20,,Aggregated,2.500000,0.000000,4000,5100,5800,6400,9900,14000,30000,134000,447000,476000,476000,1073,1,4000,8224.127004060862,1109.4141710000258,476028.16915512085,375.5573159366263
1789889113,20,,Aggregated,2.700000,0.000000,3900,5100,5800,6400,9900,14000,30000,134000,447000,476000,476000,1075,1,3900,8213.688653290514,1109.4141710000258,476028.16915512085,375.30511627906975
1789889114,20,,Aggregated,2.700000,0.000000,3900,5100,5800,6400,9900,14000,30000,134000,447000,476000,476000,1075,1,3900,8213.688653290514,1109.4141710000258,476028.16915512085,375.30511627906975
1789889115,20,,Aggregated,2.600000,0.000000,4000,5100,5700,6400,9900,14000,30000,134000,447000,476000,476000,1079,1,4000,8200.88127559713,1109.4141710000258,476028.16915512085,374.77015755329006
1789889116,20,,Aggregated,2.200000,0.000000,4000,5100,5700,6400,9900,14000,30000,134000,447000,476000,476000,1088,1,4000,8163.253172975463,1109.4141710000258,476028.16915512085,373.5064338235294
1789889117,20,,Aggregated,2.200000,0.000000,4000,5100,5700,6400,9900,14000,30000,134000,447000,476000,476000,1088,1,4000,8163.253172975463,1109.4141710000258,476028.16915512085,373.5064338235294
1789889118,20,,Aggregated,2.200000,0.000000,3900,5100,5700,6400,9700,14000,30000,134000,447000,476000,476000,1091,1,3900,8148.037921901287,1109.4141710000258,476028.16915512085,373.1228230980752
1789889119,20,,Aggregated,2.200000,0.000000,3900,5100,5700,6400,9700,14000,30000,134000,447000,476000,476000,1091,1,3900,8148.037921901287,1109.4141710000258,476028.16915512085,373.1228230980752
1789889120,20,,Aggregated,2.600000,0.000000,3900,5100,5700,6400,9700,14000,30000,134000,447000,476000,476000,1095,1,3900,8128.732004528132,1109.4141710000258,476028.16915512085,372.60365296803656
1789889121,20,,Aggregated,2.600000,0.000000,3900,5100,5700,6400,9700,14000,30000,134000,447000,476000,476000,1095,1,3900,8128.732004528132,1109.4141710000258,476028.16915512085,372.60365296803656
1789889122,20,,Aggregated,2.500000,0.000000,3900,5100,5700,6300,9700,14000,30000,134000,447000,476000,476000,1098,1,3900,8109.9506978317895,1109.4141710000258,476028.16915512085,372.22495446265935
1789889123,20,,Aggregated,2.400000,0.000000,3900,5100,5700,6300,9600,14000,30000,41000,447000,476000,476000,1103,1,3900,8083.212449797195,1109.4141710000258,476028.16915512085,371.54397098821397
1789889124,20,,Aggregated,2.500000,0.000000,3900,5100,5700,6300,9600,14000,30000,41000,447000,476000,476000,1108,1,3900,8060.326729016523,1109.4141710000258,476028.16915512085,370.8691335740072
1789889125,20,,Aggregated,2.500000,0.000000,3900,5100,5700,6300,9600,14000,30000,41000,447000,476000,476000,1109,1,3900,8055.262531985851,1109.4141710000258,476028.16915512085,370.73489630297564
1789889126,20,,Aggregated,2.800000,0.000000,3900,5100,5700,6300,9600,14000,30000,41000,447000,476000,476000,1114,1,3900,8028.432113684297,1109.4141710000258,476028.16915512085,370.1319569120287
1789889127,20,,Aggregated,2.800000,0.000000,3900,5100,5700,6300,9600,14000,30000,41000,447000,476000,476000,1114,1,3900,8028.432113684297,1109.4141710000258,476028.16915512085,370.1319569120287
1789889128,20,,Aggregated,3.300000,0.000000,3900,5100,5700,6300,9600,14000,30000,41000,447000,476000,476000,1115,1,3900,8023.610732887271,1109.4141710000258,476028.16915512085,369.99910313901347
1789889129,20,,Aggregated,2.800000,0.000000,3900,5100,5700,6200,9600,14000,30000,41000,447000,476000,476000,1118,1,3900,8007.8693791013475,1109.4141710000258,476028.16915512085,369.63416815742397
1789889130,20,,Aggregated,2.400000,0.000000,3900,5100,5700,6200,9400,14000,30000,41000,447000,476000,476000,1121,1,3900,7992.003303628284,1109.4141710000258,476028.16915512085,369.23907225691346
1789889131,20,,Aggregated,2.700000,0.000000,3900,5100,5700,6200,9400,14000,30000,41000,447000,476000,476000,1124,1,3900,7976.188010189773,1109.4141710000258,476028.16915512085,368.8460854092527
1789889132,20,,Aggregated,2.800000,0.000000,3900,5100,5700,6200,9400,14000,30000,41000,447000,476000,476000,1127,1,3900,7962.873326075693,1109.4141710000258,476028.16915512085,368.455190771961
1789889133,20,,Aggregated,2.800000,0.000000,3900,5100,5700,6200,9400,14000,30000,41000,447000,476000,476000,1130,1,3900,7946.6446946737215,1109.4141710000258,476028.16915512085,368.06637168141594
1789889134,20,,Aggregated,2.800000,0.000000,3900,5100,5700,6200,9400,14000,30000,41000,447000,476000,476000,1134,1,3900,7929.632332970288,1109.4141710000258,476028.16915512085,367.5828924162258
1789889135,20,,Aggregated,3.100000,0.000000,3900,5100,5700,6200,9400,14000,30000,134000,476000,540000,540000,1139,1,3900,8377.711307587742,1109.4141710000258,540227.9398441315,378.72519754170327
1789889136,20,,Aggregated,2.800000,0.000000,3900,5100,5700,6200,9400,14000,30000,134000,476000,540000,540000,1140,1,3900,8371.48701903986,1109.4141710000258,540227.9398441315,378.5877192982456
1789889137,20,,Aggregated,2.800000,0.000000,3900,5100,5700,6100,9400,14000,30000,134000,476000,540000,540000,1141,1,3900,8365.392808657705,1109.4141710000258,540227.9398441315,378.4750219106047
1789889138,20,,Aggregated,2.800000,0.000000,3900,5100,5700,6100,9400,14000,30000,134000,476000,540000,540000,1141,1,3900,8365.392808657705,1109.4141710000258,540227.9398441315,378.4750219106047
1789889139,20,,Aggregated,2.700000,0.000000,3900,5100,5700,6100,9400,14000,30000,134000,476000,540000,540000,1144,1,3900,8353.096281053708,1109.4141710000258,540227.9398441315,377.9388111888112
1789889140,20,,Aggregated,2.600000,0.000000,3900,5100,5700,6100,9400,14000,30000,134000,476000,540000,540000,1147,1,3900,8339.098754283732,1109.4141710000258,540227.9398441315,377.53095030514385
1789889141,20,,Aggregated,2.300000,0.000000,3900,5000,5700,6100,9400,14000,30000,134000,476000,540000,540000,1151,1,3900,8324.861876050776,1109.4141710000258,540227.9398441315,376.99044309296266
1789889142,20,,Aggregated,2.500000,0.000000,3900,5000,5700,6100,9400,14000,30000,134000,476000,540000,540000,1154,1,3900,8312.362835141634,1109.4141710000258,540227.9398441315,376.6187175043328
1789889143,20,,Aggregated,2.700000,0.000000,3900,5000,5700,6100,9400,14000,30000,134000,476000,540000,540000,1158,1,3900,8294.704368988296,1109.4141710000258,540227.9398441315,376.11571675302247
1789889144,20,,Aggregated,2.600000,0.000000,3800,5000,5700,6100,9400,14000,30000,134000,476000,540000,540000,1159,1,3800,8290.444866930498,1109.4141710000258,540227.9398441315,375.98274374460743
1789889145,20,,Aggregated,2.600000,0.000000,3800,5000,5700,6100,9400,13000,30000,134000,476000,540000,540000,1162,1,3800,8278.744580576977,1109.4141710000258,540227.9398441315,375.61617900172115
1789889146,20,,Aggregated,2.700000,0.000000,3800,5000,5700,6100,9400,13000,30000,134000,476000,540000,540000,1164,1,3800,8267.062417732344,1109.4141710000258,540227.9398441315,375.35223367697597
1789889147,20,,Aggregated,2.700000,0.000000,3800,5000,5600,6100,9400,13000,30000,134000,476000,540000,540000,1165,1,3800,8261.98508000725,1109.4141710000258,540227.9398441315,375.2206008583691
1789889148,20,,Aggregated,2.300000,0.000000,3800,5000,5600,6100,9400,13000,30000,134000,476000,540000,540000,1170,1,3800,8236.265665704655,1109.4141710000258,540227.9398441315,374.565811965812
1789889149,20,,Aggregated,2.400000,0.000000,3800,5000,5600,6100,9400,13000,30000,134000,476000,540000,540000,1174,1,3800,8216.583201621332,1109.4141710000258,540227.9398441315,374.045996592845
1789889150,20,,Aggregated,2.800000,0.000000,3800,5000,5600,6100,9400,13000,30000,134000,476000,540000,540000,1179,1,3800,8191.821757866363,1109.4141710000258,540227.9398441315,373.4588634435963
1789889151,20,,Aggregated,2.800000,0.000000,3800,5000,5600,6100,9400,13000,30000,134000,476000,540000,540000,1179,1,3800,8191.821757866363,1109.4141710000258,540227.9398441315,373.4588634435963
1789889152,20,,Aggregated,3.100000,0.000000,3800,5000,5600,6100,9400,13000,30000,134000,476000,540000,540000,1182,1,3800,8176.389241716955,1109.4141710000258,540227.9398441315,373.1049069373942
1789889153,20,,Aggregated,3.100000,0.000000,3800,5000,5600,6000,9400,13000,30000,134000,476000,540000,540000,1186,1,3800,8154.838839469176,1109.4141710000258,540227.9398441315,372.59527824620574
1789889154,20,,Aggregated,3.100000,0.000000,3800,5000,5600,6000,9400,13000,30000,134000,476000,540000,540000,1186,1,3800,8154.838839469176,1109.4141710000258,540227.9398441315,372.59527824620574
1789889155,20,,Aggregated,2.700000,0.000000,3800,5000,5600,6000,9400,13000,30000,134000,476000,540000,540000,1189,1,3800,8138.627501685824,1109.4141710000258,540227.9398441315,372.215306980656
1789889156,20,,Aggregated,2.800000,0.000000,3800,4900,5600,6000,9300,13000,30000,134000,476000,540000,540000,1194,1,3800,8114.763006604227,1109.4141710000258,540227.9398441315,371.58626465661644
1789889157,20,,Aggregated,3.000000,0.000000,3800,4900,5600,6000,9300,13000,30000,134000,476000,540000,540000,1198,1,3800,8094.638921373493,1109.4141710000258,540227.9398441315,371.1168614357262
1789889158,20,,Aggregated,2.700000,0.000000,3800,4900,5600,6000,9300,13000,30000,134000,476000,540000,540000,1199,1,3800,8090.54830438736,1109.4141710000258,540227.9398441315,370.99249374478734
1789889159,20,,Aggregated,2.900000,0.000000,3800,4900,5600,6000,9200,13000,30000,41000,476000,540000,540000,1202,1,3800,8074.744194960437,1109.4141710000258,540227.9398441315,370.6505823627288
1789889160,20,,Aggregated,2.900000,0.000000,3800,4900,5600,6000,9200,13000,30000,41000,476000,540000,540000,1204,1,3800,8064.408935443061,1109.4141710000258,540227.9398441315,370.42691029900334
1789889161,20,,Aggregated,3.100000,0.000000,3800,4900,5600,6000,9300,13000,30000,134000,540000,563000,563000,1210,1,3800,8500.375798946961,1109.4141710000258,562943.0742263794,380.3809917355372
1789889162,20,,Aggregated,2.800000,0.000000,3800,4900,5600,6000,9200,13000,30000,134000,540000,563000,563000,1212,1,3800,8489.08064580266,1109.4141710000258,562943.0742263794,380.1196369636964
1789889163,20,,Aggregated,2.800000,0.000000,3800,4900,5600,6000,9200,13000,30000,134000,540000,563000,563000,1215,1,3800,8472.866822291215,1109.4141710000258,562943.0742263794,379.72921810699586
1789889164,20,,Aggregated,2.800000,0.000000,3800,4900,5600,6000,9200,13000,30000,134000,540000,563000,563000,1215,1,3800,8472.866822291215,1109.4141710000258,562943.0742263794,379.72921810699586
1789889165,20,,Aggregated,2.800000,0.000000,3800,4900,5600,6000,9200,13000,30000,134000,540000,563000,563000,1215,1,3800,8472.866822291215,1109.4141710000258,562943.0742263794,379.72921810699586
1789889166,20,,Aggregated,2.900000,0.000000,3800,4900,5600,6000,9200,13000,30000,134000,540000,563000,563000,1220,1,3800,8457.092483158875,1109.4141710000258,562943.0742263794,378.96475409836063
1789889167,20,,Aggregated,2.900000,0.000000,3800,4900,5600,6000,9200,13000,30000,134000,540000,563000,563000,1221,1,3800,8452.55792706374,1109.4141710000258,562943.0742263794,378.8656838656839
1789889168,20,,Aggregated,2.600000,0.000000,3800,4900,5600,5900,9200,13000,30000,134000,540000,563000,563000,1228,1,3800,8425.370659902135,1109.4141710000258,562943.0742263794,378.03013029315963
1789889169,20,,Aggregated,2.700000,0.000000,3800,4900,5500,5900,9200,13000,30000,134000,540000,563000,563000,1234,1,3800,8395.884953691912,1109.4141710000258,562943.0742263794,377.2714748784441
1789889170,20,,Aggregated,2.500000,0.000000,3800,4900,5500,5900,9200,13000,30000,134000,540000,563000,563000,1236,1,3800,8385.41397171102,1109.4141710000258,562943.0742263794,377.02022653721684
1789889171,20,,Aggregated,2.500000,0.000000,3800,4900,5500,5900,9200,13000,30000,134000,540000,563000,563000,1236,1,3800,8385.41397171102,1109.4141710000258,562943.0742263794,377.02022653721684
1789889172,20,,Aggregated,2.500000,0.000000,3800,4900,5500,5900,9200,13000,30000,134000,540000,563000,563000,1236,1,3800,8385.41397171102,1109.4141710000258,562943.0742263794,377.02022653721684
1789889173,20,,Aggregated,3.100000,0.000000,3800,4900,5500,5900,9200,13000,30000,134000,540000,563000,563000,1238,1,3800,8374.337729718758,1109.4141710000258,562943.0742263794,376.76978998384493
1789889174,20,,Aggregated,2.600000,0.000000,3700,4900,5500,5900,9200,13000,30000,134000,540000,563000,563000,1243,1,3700,8349.217334538072,1109.4141710000258,562943.0742263794,376.20514883346743
1789889175,20,,Aggregated,2.200000,0.000000,3700,4900,5500,5900,9200,13000,30000,134000,540000,563000,563000,1248,1,3700,8326.050620973414,1109.4141710000258,562943.0742263794,375.5873397435897
1789889176,20,,Aggregated,2.300000,0.000000,3700,4900,5500,5900,9200,13000,30000,134000,540000,563000,563000,1250,1,3700,8316.806331043059,1109.4141710000258,562943.0742263794,375.3704
1789889177,20,,Aggregated,2.800000,0.000000,3700,4900,5500,5900,9200,13000,30000,134000,540000,563000,563000,1254,1,3700,8299.534831978328,1109.4141710000258,562943.0742263794,374.88118022328547
1789889178,20,,Aggregated,2.800000,0.000000,3700,4900,5500,5900,9200,13000,30000,134000,540000,563000,563000,1254,1,3700,8299.534831978328,1109.4141710000258,562943.0742263794,374.88118022328547
1789889179,20,,Aggregated,2.900000,0.000000,3700,4800,5500,5900,9200,13000,30000,134000,540000,563000,563000,1256,1,3700,8292.30073065989,1109.4141710000258,562943.0742263794,374.6377388535032
1789889180,20,,Aggregated,3.100000,0.000000,3700,4800,5500,5900,9200,13000,30000,134000,540000,563000,563000,1258,1,3700,8282.61118248714,1109.4141710000258,562943.0742263794,374.3950715421304
1789889181,20,,Aggregated,3.100000,0.000000,3700,4800,5500,5900,9200,13000,30000,134000,540000,563000,563000,1259,1,3700,8280.62709068453,1109.4141710000258,562943.0742263794,374.27402700555996
1789889182,20,,Aggregated,2.200000,0.000000,3700,4800,5500,5900,9200,13000,30000,134000,540000,563000,563000,1263,1,3700,8263.127344769453,1109.4141710000258,562943.0742263794,373.84877276326205
1789889183,20,,Aggregated,2.300000,0.000000,3700,4800,5500,5900,9200,13000,30000,134000,540000,563000,563000,1268,1,3700,8242.08724214339,1109.4141710000258,562943.0742263794,373.25
1789889184,20,,Aggregated,2.300000,0.000000,3700,4800,5500,5900,9200,13000,30000,134000,540000,563000,563000,1271,1,3700,8229.77654132008,1109.4141710000258,562943.0742263794,372.9213217938631
1789889185,20,,Aggregated,2.600000,0.000000,3700,4800,5500,5900,9200,13000,30000,134000,540000,563000,563000,1275,1,3700,8213.304296048485,1109.4141710000258,562943.0742263794,372.4478431372549
1789889186,20,,Aggregated,3.000000,0.000000,3700,4800,5500,5800,9200,13000,30000,134000,540000,563000,563000,1276,1,3700,8208.428010910517,1109.4141710000258,562943.0742263794,372.32993730407526
1789889187,20,,Aggregated,3.000000,0.000000,3700,4800,5500,5800,9200,13000,30000,134000,540000,563000,563000,1276,1,3700,8208.428010910517,1109.4141710000258,562943.0742263794,372.32993730407526
1789889188,20,,Aggregated,3.000000,0.000000,3700,4800,5500,5800,9200,13000,30000,134000,540000,563000,563000,1278,1,3700,8199.803797517854,1109.4141710000258,562943.0742263794,372.09467918622846
1789889189,20,,Aggregated,2.600000,0.000000,3700,4800,5500,5800,9200,13000,30000,134000,540000,563000,563000,1280,1,3700,8192.019997193607,1109.4141710000258,562943.0742263794,371.86015625
1789889190,20,,Aggregated,2.400000,0.000000,3700,4800,5500,5800,9100,13000,30000,134000,540000,563000,563000,1282,1,3700,8183.8353208305925,1109.4141710000258,562943.0742263794,371.6544461778471
1789889191,20,,Aggregated,2.400000,0.000000,3700,4800,5500,5800,9100,13000,30000,134000,540000,563000,563000,1287,1,3700,8163.995719476159,1109.4141710000258,562943.0742263794,371.1010101010101
1789889192,20,,Aggregated,2.400000,0.000000,3700,4700,5500,5800,9100,13000,30000,134000,540000,563000,563000,1293,1,3700,8139.820079981297,1109.4141710000258,562943.0742263794,370.4369682907966
1789889193,20,,Aggregated,2.800000,0.000000,3600,4700,5500,5800,9100,13000,30000,134000,540000,563000,563000,1296,1,3600,8126.71526517347,1109.4141710000258,562943.0742263794,370.0933641975309
1789889194,20,,Aggregated,2.900000,0.000000,3600,4700,5400,5800,9100,13000,30000,134000,540000,563000,563000,1297,1,3600,8122.85600852029,1109.4141710000258,562943.0742263794,369.9791827293755
1789889195,20,,Aggregated,3.000000,0.000000,3600,4700,5400,5800,9100,13000,30000,134000,540000,563000,563000,1299,1,3600,8114.054685867447,1109.4141710000258,562943.0742263794,369.75134719014625
1789889196,20,,Aggregated,3.000000,0.000000,3600,4700,5400,5800,9100,13000,30000,134000,540000,563000,563000,1299,1,3600,8114.054685867447,1109.4141710000258,562943.0742263794,369.75134719014625
1789889197,20,,Aggregated,2.400000,0.000000,3600,4700,5400,5800,9000,13000,28000,41000,540000,563000,563000,1301,1,3600,8105.795166364192,1109.4141710000258,562943.0742263794,369.52421214450425
1789889198,20,,Aggregated,2.400000,0.000000,3600,4700,5400,5800,9000,13000,28000,41000,540000,563000,563000,1305,1,3600,8089.350755831274,1109.4141710000258,562943.0742263794,369.09961685823754
1789889199,20,,Aggregated,2.300000,0.000000,3600,4700,5400,5800,9000,13000,28000,41000,540000,563000,563000,1310,1,3600,8068.591619409018,1109.4141710000258,562943.0742263794,368.5931297709924
1789889200,20,,Aggregated,2.400000,0.000000,3600,4700,5400,5800,8900,13000,28000,41000,540000,563000,563000,1315,1,3600,8047.464763713167,1109.4141710000258,562943.0742263794,368.0357414448669
1789889201,20,,Aggregated,2.400000,0.000000,3600,4700,5400,5800,8900,13000,28000,41000,540000,563000,563000,1317,1,3600,8038.349901131977,1109.4141710000258,562943.0742263794,367.81397114654516
1789889202,20,,Aggregated,3.000000,0.000000,3600,4700,5400,5800,8900,13000,28000,41000,540000,563000,563000,1319,1,3600,8028.864482967258,1109.4141710000258,562943.0742263794,367.592873388931
1789889203,20,,Aggregated,3.000000,0.000000,3600,4700,5400,5800,8900,13000,28000,41000,540000,563000,563000,1319,1,3600,8028.864482967258,1109.4141710000258,562943.0742263794,367.592873388931
1789889204,20,,Aggregated,3.000000,0.000000,3600,4700,5400,5800,8900,13000,28000,41000,540000,563000,563000,1320,1,3600,8024.134862633192,1109.4141710000258,562943.0742263794,367.4825757575758
1789889205,20,,Aggregated,2.600000,0.000000,3600,4700,5400,5800,8900,13000,28000,41000,540000,563000,563000,1323,1,3600,8011.634488249292,1109.4141710000258,562943.0742263794,367.1798941798942
1789889206,20,,Aggregated,2.400000,0.000000,3600,4700,5400,5800,8900,13000,28000,41000,540000,563000,563000,1328,1,3600,7990.175105703925,1109.4141710000258,562943.0742263794,366.66039156626505
1789889207,20,,Aggregated,2.300000,0.000000,3600,4700,5400,5800,8900,13000,28000,41000,540000,563000,563000,1332,1,3600,7973.841952215325,1109.4141710000258,562943.0742263794,366.253003003003
1789889208,20,,Aggregated,2.400000,0.000000,3600,4700,5400,5800,8900,13000,28000,41000,540000,563000,563000,1334,1,3600,7966.33583203584,1109.4141710000258,562943.0742263794,366.0367316341829
1789889209,20,,Aggregated,2.900000,0.000000,3600,4700,5400,5800,8900,13000,28000,41000,540000,563000,563000,1339,1,3600,7947.602694819126,1109.4141710000258,562943.0742263794,365.4988797610157
1789889210,20,,Aggregated,3.000000,0.000000,3600,4700,5400,5800,8900,13000,28000,41000,540000,563000,563000,1340,1,3600,7942.685473014036,1109.4141710000258,562943.0742263794,365.39179104477614
1789889211,20,,Aggregated,3.000000,0.000000,3600,4700,5400,5800,8900,13000,28000,41000,540000,563000,563000,1340,1,3600,7942.685473014036,1109.4141710000258,562943.0742263794,365.39179104477614
1789889212,20,,Aggregated,2.900000,0.000000,3600,4700,5400,5800,8900,13000,28000,41000,540000,563000,563000,1341,1,3600,7937.988885078157,1109.4141710000258,562943.0742263794,365.3117076808352
1789889213,20,,Aggregated,2.300000,0.000000,3600,4700,5400,5800,8900,13000,28000,41000,540000,563000,563000,1344,1,3600,7923.860854626345,1109.4141710000258,562943.0742263794,364.9918154761905
1789889214,20,,Aggregated,2.200000,0.000000,3600,4700,5400,5800,8900,13000,28000,41000,540000,563000,563000,1347,1,3600,7911.377923149817,1109.4141710000258,562943.0742263794,364.70007423904974
1789889215,20,,Aggregated,2.200000,0.000000,3600,4700,5400,5800,8800,13000,27000,41000,540000,563000,563000,1351,1,3600,7897.618922880682,1109.4141710000258,562943.0742263794,364.27757216876387
1789889216,20,,Aggregated,2.400000,0.000000,3500,4600,5400,5800,8800,13000,27000,41000,540000,563000,563000,1359,1,3500,7868.755809848274,1109.4141710000258,562943.0742263794,363.46651949963206
1789889217,20,,Aggregated,2.400000,0.000000,3500,4600,5400,5800,8800,13000,27000,41000,540000,563000,563000,1360,1,3500,7864.195433377064,1109.4141710000258,562943.0742263794,363.3625
1789889218,20,,Aggregated,3.100000,0.000000,3500,4600,5400,5800,8700,13000,27000,41000,540000,563000,563000,1361,1,3500,7859.337368547249,1109.4141710000258,562943.0742263794,363.2850844966936
1789889219,20,,Aggregated,3.200000,0.000000,3500,4600,5400,5800,8700,13000,27000,41000,540000,563000,563000,1363,1,3500,7849.63628458753,1109.4141710000258,562943.0742263794,363.0777696258254
1789889220,20,,Aggregated,2.800000,0.000000,3500,4600,5400,5800,8700,13000,27000,41000,540000,563000,563000,1364,1,3500,7844.699945903083,1109.4141710000258,562943.0742263794,363.0007331378299
1789889221,20,,Aggregated,2.400000,0.000000,3500,4600,5300,5800,8700,13000,27000,41000,540000,563000,563000,1368,1,3500,7826.859901627781,1109.4141710000258,562943.0742263794,362.5884502923977
1789889222,20,,Aggregated,2.400000,0.000000,3500,4600,5300,5700,8600,13000,27000,41000,540000,563000,563000,1373,1,3500,7805.504287491482,1109.4141710000258,562943.0742263794,362.0764748725419
1789889223,20,,Aggregated,2.600000,0.000000,3500,4600,5300,5700,8600,13000,27000,41000,540000,563000,563000,1375,1,3500,7797.750212321313,1109.4141710000258,562943.0742263794,361.8727272727273
1789889224,20,,Aggregated,2.800000,0.000000,3500,4600,5300,5700,8600,13000,27000,41000,540000,563000,563000,1378,1,3500,7786.832825705954,1109.4141710000258,562943.0742263794,361.5943396226415
1789889225,20,,Aggregated,3.200000,0.000000,3500,4600,5300,5700,8600,12000,27000,41000,540000,563000,563000,1381,1,3500,7776.139089002755,1109.4141710000258,562943.0742263794,361.31426502534396
1789889226,20,,Aggregated,3.200000,0.000000,3500,4600,5300,5700,8600,12000,27000,41000,540000,563000,563000,1381,1,3500,7776.139089002755,1109.4141710000258,562943.0742263794,361.31426502534396
1789889227,20,,Aggregated,2.900000,0.000000,3500,4600,5300,5700,8600,12000,27000,41000,540000,563000,563000,1383,1,3500,7768.832970023719,1109.4141710000258,562943.0742263794,361.1127982646421
1789889228,20,,Aggregated,2.900000,0.000000,3500,4600,5300,5700,8600,12000,27000,41000,540000,563000,563000,1383,1,3500,7768.832970023719,1109.4141710000258,562943.0742263794,361.1127982646421
1789889229,20,,Aggregated,2.900000,0.000000,3500,4600,5300,5700,8600,12000,27000,41000,540000,563000,563000,1383,1,3500,7768.832970023719,1109.4141710000258,562943.0742263794,361.1127982646421
1789889230,20,,Aggregated,2.300000,0.000000,3500,4600,5300,5700,8600,12000,27000,41000,540000,563000,563000,1385,1,3500,7763.668065500219,1109.4141710000258,562943.0742263794,360.93790613718414
1789889231,20,,Aggregated,2.200000,0.000000,3500,4600,5300,5700,8600,12000,27000,41000,540000,563000,563000,1388,1,3500,7755.033307494815,1109.4141710000258,562943.0742263794,360.6376080691643
1789889232,20,,Aggregated,2.000000,0.000000,3500,4600,5300,5700,8500,12000,27000,41000,540000,563000,563000,1394,1,3500,7745.096810499861,1109.4141710000258,562943.0742263794,360.04088952654234
1789889233,20,,Aggregated,1.900000,0.000000,3500,4600,5300,5700,8500,12000,27000,41000,540000,563000,563000,1400,1,3500,7731.213336017004,1109.4141710000258,562943.0742263794,359.495
1789889234,20,,Aggregated,2.100000,0.000000,3500,4600,5300,5700,8500,12000,27000,39000,540000,563000,563000,1401,1,3500,7727.721442585157,1109.4141710000258,562943.0742263794,359.39685938615276
1789889235,20,,Aggregated,2.100000,0.000000,3500,4600,5300,5700,8500,12000,27000,39000,540000,563000,563000,1402,1,3500,7724.100278728105,1109.4141710000258,562943.0742263794,359.29885877318117
1789889236,20,,Aggregated,2.100000,0.000000,3500,4600,5300,5700,8500,12000,27000,39000,540000,563000,563000,1402,1,3500,7724.100278728105,1109.4141710000258,562943.0742263794,359.29885877318117
1789889237,20,,Aggregated,2.100000,0.000000,3500,4600,5300,5700,8500,12000,27000,39000,540000,563000,563000,1402,1,3500,7724.100278728105,1109.4141710000258,562943.0742263794,359.29885877318117
1789889238,20,,Aggregated,2.100000,0.000000,3500,4600,5300,5700,8500,12000,27000,39000,540000,563000,563000,1405,1,3500,7714.149912064629,1109.4141710000258,562943.0742263794,359.0313167259786
1789889239,20,,Aggregated,2.000000,0.000000,3500,4600,5300,5700,8500,12000,27000,39000,540000,563000,563000,1406,1,3500,7710.771841224611,1109.4141710000258,562943.0742263794,358.9338549075391
1789889240,20,,Aggregated,1.900000,0.000000,3500,4600,5300,5700,8500,12000,27000,39000,540000,563000,563000,1408,1,3500,7705.262499013357,1109.4141710000258,562943.0742263794,358.73934659090907
1789889241,20,,Aggregated,2.200000,0.000000,3500,4600,5300,5700,8500,12000,27000,39000,540000,563000,563000,1412,1,3500,7693.690820877343,1109.4141710000258,562943.0742263794,358.35198300283287
1789889242,20,,Aggregated,2.300000,0.000000,3500,4600,5300,5700,8500,12000,27000,39000,540000,563000,563000,1413,1,3500,7691.015039785427,1109.4141710000258,562943.0742263794,358.2554847841472
1789889243,20,,Aggregated,2.300000,0.000000,3500,4600,5300,5700,8500,12000,27000,39000,540000,563000,563000,1420,1,3500,7674.961284980854,1109.4141710000258,562943.0742263794,357.6345070422535
1789889244,20,,Aggregated,2.300000,0.000000,3500,4600,5300,5700,8500,12000,27000,39000,540000,563000,563000,1420,1,3500,7674.961284980854,1109.4141710000258,562943.0742263794,357.6345070422535
1789889245,20,,Aggregated,2.300000,0.000000,3500,4600,5300,5700,8500,12000,27000,39000,540000,563000,563000,1420,1,3500,7674.961284980854,1109.4141710000258,562943.0742263794,357.6345070422535
1789889246,20,,Aggregated,2.000000,0.000000,3500,4600,5300,5700,8500,12000,27000,39000,540000,563000,563000,1424,1,3500,7664.933522959843,1109.4141710000258,562943.0742263794,357.2759831460674
1789889247,20,,Aggregated,1.800000,0.000000,3500,4600,5300,5700,8500,12000,27000,41000,563000,649000,649000,1427,1,3500,8117.1651157998485,1109.4141710000258,648537.9071235657,371.69096005606167
1789889248,20,,Aggregated,1.800000,0.000000,3500,4600,5300,5700,8500,12000,27000,41000,563000,649000,649000,1431,1,3500,8100.499288534161,1109.4141710000258,648537.9071235657,371.27253668763103
1789889249,20,,Aggregated,1.800000,0.000000,3500,4600,5300,5700,8500,12000,27000,41000,563000,649000,649000,1431,1,3500,8100.499288534161,1109.4141710000258,648537.9071235657,371.27253668763103
1789889250,20,,Aggregated,1.800000,0.000000,3500,4600,5300,5700,8500,12000,27000,41000,563000,649000,649000,1431,1,3500,8100.499288534161,1109.4141710000258,648537.9071235657,371.27253668763103
1789889251,20,,Aggregated,2.600000,0.000000,3500,4600,5300,5700,8500,12000,27000,41000,563000,649000,649000,1436,1,3500,8086.450184458486,1109.4141710000258,648537.9071235657,370.6775766016713
1789889252,20,,Aggregated,2.500000,0.000000,3500,4600,5300,5700,8500,12000,27000,41000,563000,649000,649000,1442,1,3500,8071.457290219408,1109.4141710000258,648537.9071235657,370.0839112343967
1789889253,20,,Aggregated,2.300000,0.000000,3500,4600,5300,5700,8500,12000,27000,41000,563000,649000,649000,1445,1,3500,8058.252574719297,1109.4141710000258,648537.9071235657,369.79584775086505
1789889254,20,,Aggregated,2.400000,0.000000,3500,4600,5300,5700,8500,12000,27000,134000,649000,657000,657000,1451,1,3500,8484.04977252089,1109.4141710000258,657471.7018604279,378.53618194348724
1789889255,20,,Aggregated,2.300000,0.000000,3500,4600,5300,5700,8500,12000,27000,134000,649000,657000,657000,1453,1,3500,8474.442558251762,1109.4141710000258,657471.7018604279,378.32071576049555
1789889256,20,,Aggregated,2.300000,0.000000,3500,4600,5300,5700,8500,12000,27000,134000,649000,657000,657000,1453,1,3500,8474.442558251762,1109.4141710000258,657471.7018604279,378.32071576049555
1789889257,20,,Aggregated,3.100000,0.000000,3500,4600,5300,5700,8500,12000,27000,134000,649000,657000,657000,1454,1,3500,8470.726017686939,1109.4141710000258,657471.7018604279,378.11416781292985
1789889258,20,,Aggregated,3.300000,0.000000,3500,4500,5300,5700,8500,12000,27000,134000,649000,657000,657000,1457,1,3500,8457.918358895546,1109.4141710000258,657471.7018604279,377.81743308167466
1789889259,20,,Aggregated,3.300000,0.000000,3500,4500,5300,5700,8500,12000,27000,134000,649000,657000,657000,1457,1,3500,8457.918358895546,1109.4141710000258,657471.7018604279,377.81743308167466
1789889260,20,,Aggregated,2.900000,0.000000,3500,4500,5300,5700,8500,12000,27000,134000,649000,657000,657000,1458,1,3500,8454.775377589032,1109.4141710000258,657471.7018604279,377.7105624142661
1789889261,20,,Aggregated,2.600000,0.000000,3500,4500,5300,5700,8500,12000,27000,134000,649000,657000,657000,1462,1,3500,8444.347291259786,1109.4141710000258,657471.7018604279,377.30916552667577
1789889262,20,,Aggregated,2.700000,0.000000,3500,4600,5300,5700,8500,12000,27000,134000,649000,657000,657000,1467,1,3500,8430.795537966467,1109.4141710000258,657471.7018604279,376.8043626448534
1789889263,20,,Aggregated,2.700000,0.000000,3500,4600,5300,5700,8300,12000,27000,134000,649000,657000,657000,1472,1,3500,8416.528483525008,1109.4141710000258,657471.7018604279,376.2785326086956
1789889264,20,,Aggregated,2.600000,0.000000,3500,4500,5200,5700,8300,12000,27000,134000,649000,657000,657000,1474,1,3500,8410.721404292952,1109.4141710000258,657471.7018604279,376.0691994572592
1789889265,20,,Aggregated,2.500000,0.000000,3500,4500,5200,5700,8300,12000,27000,134000,649000,657000,657000,1476,1,3500,8402.182884346754,1109.4141710000258,657471.7018604279,375.86043360433604
1789889266,20,,Aggregated,2.700000,0.000000,3500,4500,5200,5700,8300,12000,27000,134000,649000,657000,657000,1479,1,3500,8389.089753407578,1109.4141710000258,657471.7018604279,375.57268424611226
1789889267,20,,Aggregated,2.300000,0.000000,3500,4500,5200,5700,8200,12000,27000,134000,649000,657000,657000,1483,1,3500,8370.048571096297,1109.4141710000258,657471.7018604279,375.18273769386377
1789889268,20,,Aggregated,2.300000,0.000000,3500,4500,5200,5700,8200,12000,27000,134000,649000,657000,657000,1484,1,3500,8365.461567159575,1109.4141710000258,657471.7018604279,375.07951482479785
1789889269,20,,Aggregated,2.600000,0.000000,3500,4500,5200,5700,8200,12000,27000,134000,649000,657000,657000,1489,1,3500,8344.050290561992,1109.4141710000258,657471.7018604279,374.58965748824716
1789889270,20,,Aggregated,2.900000,0.000000,3500,4500,5200,5700,8200,12000,27000,134000,649000,657000,657000,1493,1,3500,8327.297593096991,1109.4141710000258,657471.7018604279,374.1808439383791
1789889271,20,,Aggregated,2.800000,0.000000,3500,4500,5200,5700,8200,12000,27000,134000,649000,657000,657000,1497,1,3500,8309.834712727328,1109.4141710000258,657471.7018604279,373.77421509686036
1789889272,20,,Aggregated,3.100000,0.000000,3500,4500,5200,5700,8200,12000,27000,134000,649000,657000,657000,1499,1,3500,8300.630752540234,1109.4141710000258,657471.7018604279,373.59573048699133
1789889273,20,,Aggregated,3.500000,0.000000,3500,4500,5200,5700,8100,12000,27000,41000,649000,657000,657000,1501,1,3500,8291.558784718061,1109.4141710000258,657471.7018604279,373.3937375083278
1789889275,20,,Aggregated,3.500000,0.000000,3500,4500,5200,5700,8100,12000,27000,41000,649000,657000,657000,1506,1,3500,8268.071651745558,1078.8801039998361,657471.7018604279,372.91500664010624
1789889276,20,,Aggregated,3.300000,0.000000,3500,4500,5200,5700,8100,12000,27000,41000,649000,657000,657000,1509,1,3500,8254.485833080724,1078.8801039998361,657471.7018604279,372.6388336646786
1789889277,20,,Aggregated,2.900000,0.000000,3500,4500,5200,5700,8100,12000,27000,41000,649000,657000,657000,1513,1,3500,8236.014013322414,1078.8801039998361,657471.7018604279,372.2405816259088
1789889278,20,,Aggregated,3.200000,0.000000,3500,4500,5200,5700,8100,12000,27000,41000,649000,657000,657000,1517,1,3500,8218.500234361774,1078.8801039998361,657471.7018604279,371.8444297956493
1789889279,20,,Aggregated,3.300000,0.000000,3500,4500,5200,5700,8100,12000,27000,41000,649000,657000,657000,1520,1,3500,8204.820681261719,1078.8801039998361,657471.7018604279,371.56973684210527
1789889280,20,,Aggregated,3.400000,0.000000,3500,4500,5200,5600,8100,12000,27000,41000,649000,657000,657000,1523,1,3500,8192.845171379393,1078.8801039998361,657471.7018604279,371.27511490479316
1789889281,20,,Aggregated,3.400000,0.000000,3500,4500,5200,5600,8100,12000,27000,41000,649000,657000,657000,1527,1,3500,8174.822303884623,1041.7970520011295,657471.7018604279,370.9076620825147
1789889282,20,,Aggregated,3.500000,0.000000,3500,4400,5200,5600,8100,12000,27000,41000,649000,657000,657000,1530,1,3500,8161.142888184849,1041.7970520011295,657471.7018604279,370.6392156862745
1789889283,20,,Aggregated,3.400000,0.000000,3500,4400,5200,5600,8100,12000,27000,41000,649000,657000,657000,1534,1,3500,8143.707291416441,1041.7970520011295,657471.7018604279,370.251629726206
1789889284,20,,Aggregated,3.400000,0.000000,3500,4400,5200,5600,8100,12000,27000,41000,649000,657000,657000,1534,1,3500,8143.707291416441,1041.7970520011295,657471.7018604279,370.251629726206
1789889285,20,,Aggregated,3.300000,0.000000,3400,4400,5200,5600,8100,12000,27000,41000,649000,657000,657000,1539,1,3400,8121.78972629228,1041.7970520011295,657471.7018604279,369.7699805068226
1789889286,20,,Aggregated,3.400000,0.000000,3400,4400,5100,5600,8100,12000,27000,41000,649000,657000,657000,1542,1,3400,8108.611169604941,1041.7970520011295,657471.7018604279,369.50064850843063
1789889287,20,,Aggregated,3.300000,0.000000,3400,4400,5100,5600,8100,12000,27000,134000,657000,688000,688000,1546,1,3400,8536.195844716787,1041.7970520011295,687624.9067783356,378.4003880983182
1789889288,20,,Aggregated,3.300000,0.000000,3400,4400,5100,5600,8100,12000,27000,134000,657000,688000,688000,1550,1,3400,8518.076920447842,1041.7970520011295,687624.9067783356,378.02
1789889289,20,,Aggregated,3.300000,0.000000,3400,4400,5100,5600,8100,12000,27000,134000,657000,688000,688000,1550,1,3400,8518.076920447842,1041.7970520011295,687624.9067783356,378.02
1789889290,20,,Aggregated,3.300000,0.000000,3400,4400,5100,5600,8100,12000,27000,134000,657000,688000,688000,1554,1,3400,8504.124148734976,1041.7970520011295,687624.9067783356,377.5489060489061
1789889291,20,,Aggregated,3.300000,0.000000,3400,4400,5100,5600,8100,12000,27000,134000,657000,688000,688000,1556,1,3400,8495.965989842001,1041.7970520011295,687624.9067783356,377.34897172236504
1789889292,20,,Aggregated,3.000000,0.000000,3400,4400,5100,5600,8100,12000,27000,134000,657000,688000,688000,1559,1,3400,8485.624728528,1041.7970520011295,687624.9067783356,377.0500320718409
1789889293,20,,Aggregated,2.900000,0.000000,3400,4400,5100,5600,8100,12000,27000,134000,657000,688000,688000,1564,1,3400,8466.787162545497,1041.7970520011295,687624.9067783356,376.57736572890025
1789889294,20,,Aggregated,2.900000,0.000000,3400,4400,5100,5600,8100,12000,27000,134000,657000,688000,688000,1569,1,3400,8446.161355148603,1041.7970520011295,687624.9067783356,376.1077119184194
1789889295,20,,Aggregated,2.900000,0.000000,3400,4400,5100,5600,8100,12000,27000,134000,657000,688000,688000,1570,1,3400,8442.25043433768,1041.7970520011295,687624.9067783356,376.00955414012736
1789889296,20,,Aggregated,2.700000,0.000000,3400,4400,5100,5600,7900,12000,27000,134000,657000,688000,688000,1571,1,3400,8438.493216462864,1041.7970520011295,687624.9067783356,375.9115213239975
1789889297,20,,Aggregated,2.700000,0.000000,3400,4400,5100,5600,7900,12000,27000,134000,657000,688000,688000,1571,1,3400,8438.493216462864,1041.7970520011295,687624.9067783356,375.9115213239975
1789889298,20,,Aggregated,3.100000,0.000000,3400,4400,5100,5600,7900,12000,27000,134000,657000,688000,688000,1574,1,3400,8428.066209062363,1041.7970520011295,687624.9067783356,375.641041931385
1789889299,20,,Aggregated,3.100000,0.000000,3400,4400,5100,5600,7900,12000,27000,134000,657000,688000,688000,1574,1,3400,8428.066209062363,1041.7970520011295,687624.9067783356,375.641041931385
1789889300,20,,Aggregated,2.500000,0.000000,3400,4400,5100,5600,7900,12000,27000,134000,657000,688000,688000,1579,1,3400,8412.197658509283,1041.7970520011295,687624.9067783356,375.1545281823939
1789889301,20,,Aggregated,2.400000,0.000000,3400,4400,5100,5600,7900,12000,27000,134000,657000,688000,688000,1583,1,3400,8399.251935300796,1041.7970520011295,687624.9067783356,374.76753000631714
1789889302,20,,Aggregated,2.400000,0.000000,3400,4400,5100,5600,7900,12000,27000,134000,657000,688000,688000,1585,1,3400,8393.10392594395,1041.7970520011295,687624.9067783356,374.597476340694
1789889303,20,,Aggregated,2.700000,0.000000,3400,4300,5100,5600,7900,12000,27000,134000,657000,688000,688000,1590,1,3400,8377.778952666136,1041.7970520011295,687624.9067783356,374.14025157232703
1789889304,20,,Aggregated,2.700000,0.000000,3400,4300,5100,5600,7900,12000,27000,134000,657000,688000,688000,1591,1,3400,8374.538729612921,1041.7970520011295,687624.9067783356,374.0446260213702
1789889305,20,,Aggregated,2.600000,0.000000,3400,4300,5100,5600,7900,12000,27000,134000,657000,688000,688000,1592,1,3400,8370.952001669695,1041.7970520011295,687624.9067783356,373.9491206030151
1789889306,20,,Aggregated,2.600000,0.000000,3400,4300,5100,5600,7900,12000,27000,134000,657000,688000,688000,1592,1,3400,8370.952001669695,1041.7970520011295,687624.9067783356,373.9491206030151
1789889307,20,,Aggregated,2.600000,0.000000,3400,4300,5100,5600,7900,12000,27000,134000,657000,688000,688000,1592,1,3400,8370.952001669695,1041.7970520011295,687624.9067783356,373.9491206030151
1789889308,20,,Aggregated,2.600000,0.000000,3400,4300,5100,5600,7900,12000,27000,134000,657000,688000,688000,1592,1,3400,8370.952001669695,1041.7970520011295,687624.9067783356,373.9491206030151
1789889309,20,,Aggregated,2.100000,0.000000,3400,4300,5100,5500,7900,12000,27000,134000,657000,688000,688000,1599,1,3400,8354.744238193342,1041.7970520011295,687624.9067783356,373.30644152595374
1789889310,20,,Aggregated,2.100000,0.000000,3400,4300,5100,5500,7900,12000,26000,41000,657000,688000,688000,1603,1,3400,8342.330968244636,1041.7970520011295,687624.9067783356,372.95134123518403
1789889311,20,,Aggregated,1.800000,0.000000,3400,4300,5100,5500,7900,12000,26000,41000,657000,688000,688000,1604,1,3400,8339.461171512563,1041.7970520011295,687624.9067783356,372.8572319201995
1789889312,20,,Aggregated,2.500000,0.000000,3400,4300,5100,5500,7900,12000,26000,41000,657000,688000,688000,1608,1,3400,8328.978012489522,1041.7970520011295,687624.9067783356,372.48196517412936
1789889313,20,,Aggregated,2.400000,0.000000,3400,4300,5100,5500,7800,12000,26000,41000,657000,688000,688000,1611,1,3400,8322.99686033715,1041.7970520011295,687624.9067783356,372.22408441961517
1789889314,20,,Aggregated,2.100000,0.000000,3400,4300,5100,5500,7800,12000,26000,41000,657000,688000,688000,1612,1,3400,8322.694662242027,1041.7970520011295,687624.9067783356,372.13089330024815
1789889315,20,,Aggregated,2.100000,0.000000,3400,4300,5100,5500,7800,12000,26000,41000,657000,688000,688000,1612,1,3400,8322.694662242027,1041.7970520011295,687624.9067783356,372.13089330024815
1789889316,20,,Aggregated,2.200000,0.000000,3400,4300,5100,5500,7800,12000,26000,41000,657000,688000,688000,1614,1,3400,8316.303540419545,1041.7970520011295,687624.9067783356,371.96716232961586
1789889317,20,,Aggregated,2.000000,0.000000,3400,4300,5100,5500,7800,12000,26000,41000,657000,688000,688000,1617,1,3400,8307.487596079867,1041.7970520011295,687624.9067783356,371.68893011750157
1789889318,20,,Aggregated,2.000000,0.000000,3400,4300,5100,5500,7800,12000,26000,41000,657000,688000,688000,1624,1,3400,8287.9234276528,1041.7970520011295,687624.9067783356,371.0658866995074
1789889319,20,,Aggregated,2.200000,0.000000,3400,4300,5100,5500,7800,12000,26000,41000,657000,688000,688000,1629,1,3400,8268.519601011754,1041.7970520011295,687624.9067783356,370.6083486801719
1789889320,20,,Aggregated,2.300000,0.000000,3400,4300,5100,5500,7800,12000,26000,41000,657000,688000,688000,1633,1,3400,8252.987733807808,1041.7970520011295,687624.9067783356,370.26638089406003
1789889321,20,,Aggregated,2.300000,0.000000,3400,4300,5100,5500,7800,12000,26000,41000,657000,688000,688000,1633,1,3400,8252.987733807808,1041.7970520011295,687624.9067783356,370.26638089406003
1789889322,20,,Aggregated,3.000000,0.000000,3400,4300,5100,5500,7800,12000,26000,41000,657000,688000,688000,1634,1,3400,8248.724266063127,1041.7970520011295,687624.9067783356,370.19767441860466
1789889323,20,,Aggregated,3.000000,0.000000,3400,4300,5100,5500,7800,12000,26000,41000,657000,688000,688000,1635,1,3400,8244.425427279602,1041.7970520011295,687624.9067783356,370.1070336391437
1789889324,20,,Aggregated,2.900000,0.000000,3400,4300,5100,5500,7800,12000,26000,41000,657000,688000,688000,1637,1,3400,8236.018740362339,1041.7970520011295,687624.9067783356,369.9260843005498
1789889325,20,,Aggregated,2.600000,0.000000,3400,4300,5100,5500,7800,12000,26000,41000,657000,688000,688000,1638,1,3400,8231.714840003755,1041.7970520011295,687624.9067783356,369.83577533577534
1789889326,20,,Aggregated,2.400000,0.000000,3400,4300,5100,5500,7800,11000,26000,41000,657000,688000,688000,1644,1,3400,8210.689998414324,1041.7970520011295,687624.9067783356,369.3181265206813
1789889327,20,,Aggregated,2.400000,0.000000,3400,4300,5100,5500,7800,11000,26000,41000,657000,688000,688000,1644,1,3400,8210.689998414324,1041.7970520011295,687624.9067783356,369.3181265206813
1789889328,20,,Aggregated,2.600000,0.000000,3400,4300,5100,5500,7700,11000,25000,41000,657000,688000,688000,1651,1,3400,8190.921885496151,1041.7970520011295,687624.9067783356,368.7153240460327
1789889329,20,,Aggregated,2.600000,0.000000,3400,4300,5100,5500,7700,11000,25000,41000,657000,688000,688000,1651,1,3400,8190.921885496151,1041.7970520011295,687624.9067783356,368.7153240460327
1789889330,20,,Aggregated,2.700000,0.000000,3400,4300,5100,5500,7700,11000,25000,41000,657000,688000,688000,1655,1,3400,8180.328639539061,1041.7970520011295,687624.9067783356,368.38247734138974
1789889331,20,,Aggregated,2.700000,0.000000,3400,4300,5100,5500,7700,11000,25000,41000,657000,688000,688000,1658,1,3400,8168.7804924904385,1041.7970520011295,687624.9067783356,368.1176115802171
1789889332,20,,Aggregated,2.700000,0.000000,3400,4300,5100,5500,7700,11000,25000,41000,657000,688000,688000,1658,1,3400,8168.7804924904385,1041.7970520011295,687624.9067783356,368.1176115802171
1789889333,20,,Aggregated,2.100000,0.000000,3400,4300,5100,5500,7600,11000,25000,41000,657000,688000,688000,1661,1,3400,8158.5710031096605,1041.7970520011295,687624.9067783356,367.8537025888019
1789889334,20,,Aggregated,2.400000,0.000000,3400,4300,5100,5500,7600,11000,25000,41000,657000,688000,688000,1664,1,3400,8150.019849247684,1041.7970520011295,687624.9067783356,367.6123798076923
1789889335,20,,Aggregated,2.400000,0.000000,3400,4300,5100,5500,7600,11000,25000,41000,657000,688000,688000,1664,1,3400,8150.019849247684,1041.7970520011295,687624.9067783356,367.6123798076923
1789889336,20,,Aggregated,2.600000,0.000000,3400,4300,5100,5500,7600,11000,25000,41000,657000,688000,688000,1667,1,3400,8140.468352133262,1041.7970520011295,687624.9067783356,367.3503299340132
1789889337,20,,Aggregated,2.500000,0.000000,3400,4300,5100,5500,7600,11000,25000,41000,657000,688000,688000,1669,1,3400,8136.1641555297465,1041.7970520011295,687624.9067783356,367.19772318753746
1789889338,20,,Aggregated,2.300000,0.000000,3400,4300,5100,5500,7600,11000,25000,41000,657000,688000,688000,1675,1,3400,8120.685830252624,1041.7970520011295,687624.9067783356,366.69910447761197
1789889339,20,,Aggregated,2.300000,0.000000,3400,4300,5100,5500,7600,11000,25000,41000,657000,688000,688000,1677,1,3400,8114.798576871881,1041.7970520011295,687624.9067783356,366.5265354800238
1789889340,20,,Aggregated,2.500000,0.000000,3400,4300,5100,5500,7600,11000,25000,41000,657000,688000,688000,1678,1,3400,8112.0598731258315,1041.7970520011295,687624.9067783356,366.4404052443385
1789889341,20,,Aggregated,2.600000,0.000000,3400,4300,5100,5500,7600,11000,25000,41000,657000,688000,688000,1682,1,3400,8098.982468017327,1041.7970520011295,687624.9067783356,366.0969084423306
1789889342,20,,Aggregated,2.600000,0.000000,3400,4300,5100,5500,7600,11000,25000,41000,657000,688000,688000,1683,1,3400,8096.387097618623,1041.7970520011295,687624.9067783356,366.01128936423055
1789889343,20,,Aggregated,2.400000,0.000000,3300,4200,5100,5500,7600,11000,25000,41000,657000,688000,688000,1687,1,3300,8083.387662676433,1041.7970520011295,687624.9067783356,365.6911677534084
1789889344,20,,Aggregated,2.400000,0.000000,3300,4200,5100,5500,7600,11000,25000,41000,657000,688000,688000,1687,1,3300,8083.387662676433,1041.7970520011295,687624.9067783356,365.6911677534084
1789889345,20,,Aggregated,2.600000,0.000000,3300,4200,5100,5500,7600,11000,25000,41000,657000,688000,688000,1688,1,3300,8080.464975358495,1041.7970520011295,687624.9067783356,365.60604265402844
1789889346,20,,Aggregated,2.500000,0.000000,3300,4200,5000,5500,7600,11000,25000,41000,657000,688000,688000,1693,1,3300,8065.607339314908,1041.7970520011295,687624.9067783356,365.2031896042528
1789889347,20,,Aggregated,2.500000,0.000000,3300,4200,5000,5400,7600,11000,25000,41000,657000,688000,688000,1698,1,3300,8050.998065969458,1041.7970520011295,687624.9067783356,364.8027090694935
1789889348,20,,Aggregated,2.500000,0.000000,3300,4200,5000,5400,7600,11000,25000,41000,657000,688000,688000,1698,1,3300,8050.998065969458,1041.7970520011295,687624.9067783356,364.8027090694935
1789889349,20,,Aggregated,2.500000,0.000000,3300,4200,5000,5400,7600,11000,24000,39000,657000,688000,688000,1701,1,3300,8042.229896617367,1041.7970520011295,687624.9067783356,364.55085243974133
1789889350,20,,Aggregated,2.900000,0.000000,3300,4200,5000,5400,7600,11000,24000,39000,657000,688000,688000,1706,1,3300,8026.483365042286,1041.7970520011295,687624.9067783356,364.1541617819461
1789889351,20,,Aggregated,2.700000,0.000000,3300,4200,5000,5400,7600,11000,24000,39000,657000,688000,688000,1707,1,3300,8023.489098626327,1041.7970520011295,687624.9067783356,364.07088459285296
1789889352,20,,Aggregated,2.700000,0.000000,3300,4200,5000,5400,7600,11000,24000,39000,657000,688000,688000,1707,1,3300,8023.489098626327,1041.7970520011295,687624.9067783356,364.07088459285296
1789889353,20,,Aggregated,2.800000,0.000000,3300,4200,5000,5400,7600,11000,24000,39000,657000,688000,688000,1709,1,3300,8016.993373816349,1041.7970520011295,687624.9067783356,363.90462258630777
1789889354,20,,Aggregated,2.400000,0.000000,3300,4200,5000,5400,7600,11000,24000,39000,657000,688000,688000,1715,1,3300,7998.290727787252,1041.7970520011295,687624.9067783356,363.45014577259474
1789889355,20,,Aggregated,2.200000,0.000000,3300,4200,5000,5400,7600,11000,24000,39000,657000,688000,688000,1719,1,3300,7985.647758698741,1041.7970520011295,687624.9067783356,363.12100058173354
1789889356,20,,Aggregated,2.700000,0.000000,3300,4200,5000,5400,7600,11000,24000,39000,657000,688000,688000,1723,1,3300,7970.80318112312,1041.7970520011295,687624.9067783356,362.7933836331979
1789889357,20,,Aggregated,3.100000,0.000000,3300,4200,5000,5400,7600,11000,24000,39000,657000,688000,688000,1727,1,3300,7956.056298883692,1041.7970520011295,687624.9067783356,362.4881297046902
1789889358,20,,Aggregated,3.100000,0.000000,3300,4200,5000,5400,7600,11000,24000,39000,657000,688000,688000,1727,1,3300,7956.056298883692,1041.7970520011295,687624.9067783356,362.4881297046902
1789889359,20,,Aggregated,2.800000,0.000000,3300,4200,5000,5400,7600,11000,24000,39000,657000,688000,688000,1728,1,3300,7952.179445690472,1041.7970520011295,687624.9067783356,362.4068287037037
1789889360,20,,Aggregated,2.800000,0.000000,3300,4200,5000,5400,7600,11000,24000,39000,657000,688000,688000,1730,1,3300,7944.74283649372,1041.7970520011295,687624.9067783356,362.24450867052025
1789889361,20,,Aggregated,2.900000,0.000000,3300,4200,5000,5400,7500,11000,24000,39000,657000,688000,688000,1734,1,3300,7930.753201551404,1041.7970520011295,687624.9067783356,361.941753171857
1789889362,20,,Aggregated,2.600000,0.000000,3300,4200,5000,5400,7500,11000,24000,39000,657000,688000,688000,1735,1,3300,7927.671590646188,1041.7970520011295,687624.9067783356,361.86109510086453
1789889363,20,,Aggregated,2.700000,0.000000,3300,4200,5000,5400,7500,11000,24000,39000,657000,688000,688000,1739,1,3300,7915.354577019631,1041.7970520011295,687624.9067783356,361.53939045428405
1789889364,20,,Aggregated,2.700000,0.000000,3300,4200,5000,5400,7500,11000,24000,39000,657000,688000,688000,1743,1,3300,7903.403660460205,1041.7970520011295,687624.9067783356,361.2191623637407
1789889365,20,,Aggregated,2.700000,0.000000,3300,4200,5000,5400,7500,11000,24000,39000,657000,688000,688000,1743,1,3300,7903.403660460205,1041.7970520011295,687624.9067783356,361.2191623637407
1789889366,20,,Aggregated,2.900000,0.000000,3300,4200,5000,5400,7500,11000,24000,39000,657000,688000,688000,1746,1,3300,7896.2774912440655,1041.7970520011295,687624.9067783356,361.0005727376861
1789889367,20,,Aggregated,2.500000,0.000000,3300,4200,5000,5400,7500,11000,24000,41000,688000,763000,763000,1753,1,3300,8310.87078225572,1041.7970520011295,762832.225561142,371.9315459212778
1789889368,20,,Aggregated,2.500000,0.000000,3300,4200,5000,5400,7500,11000,24000,41000,688000,763000,763000,1753,1,3300,8310.87078225572,1041.7970520011295,762832.225561142,371.9315459212778
1789889369,20,,Aggregated,2.500000,0.000000,3300,4200,5000,5400,7500,11000,24000,41000,688000,763000,763000,1753,1,3300,8310.87078225572,1041.7970520011295,762832.225561142,371.9315459212778
1789889370,20,,Aggregated,2.500000,0.000000,3300,4200,5000,5400,7500,11000,24000,41000,688000,763000,763000,1753,1,3300,8310.87078225572,1041.7970520011295,762832.225561142,371.9315459212778
1789889371,20,,Aggregated,2.500000,0.000000,3300,4200,5000,5400,7500,11000,24000,41000,688000,763000,763000,1753,1,3300,8310.87078225572,1041.7970520011295,762832.225561142,371.9315459212778
1789889372,20,,Aggregated,2.500000,0.000000,3300,4200,5000,5400,7500,11000,24000,41000,688000,763000,763000,1753,1,3300,8310.87078225572,1041.7970520011295,762832.225561142,371.9315459212778
1789889373,20,,Aggregated,2.300000,0.000000,3300,4200,5000,5400,7500,11000,24000,41000,688000,763000,763000,1758,1,3300,8303.714637083209,1041.7970520011295,762832.225561142,371.44368600682594
1789889374,20,,Aggregated,1.800000,0.000000,3300,4200,5000,5400,7500,11000,24000,41000,688000,763000,763000,1761,1,3300,8300.287650701466,1041.7970520011295,762832.225561142,371.18909710391824
1789889375,20,,Aggregated,1.800000,0.000000,3300,4200,5000,5400,7500,11000,24000,41000,688000,763000,763000,1762,1,3300,8300.942042220931,1041.7970520011295,762832.225561142,371.1044267877412
1789889376,20,,Aggregated,1.500000,0.000000,3300,4200,5000,5400,7500,11000,24000,41000,688000,763000,763000,1764,1,3300,8299.380916688366,1041.7970520011295,762832.225561142,370.9353741496599
1789889377,20,,Aggregated,1.500000,0.000000,3300,4200,5000,5400,7600,11000,24000,41000,688000,763000,763000,1766,1,3300,8298.136440433907,1041.7970520011295,762832.225561142,370.78708946772366
1789889378,20,,Aggregated,1.700000,0.000000,3300,4200,5000,5500,7600,11000,24000,41000,688000,763000,763000,1768,1,3300,8297.094277367238,1041.7970520011295,762832.225561142,370.618778280543
1789889379,20,,Aggregated,1.700000,0.000000,3300,4200,5100,5500,7500,11000,24000,41000,688000,763000,763000,1772,1,3300,8292.447023054332,1041.7970520011295,762832.225561142,370.3013544018059
1789889380,20,,Aggregated,1.400000,0.000000,3300,4200,5100,5500,7500,11000,24000,41000,688000,763000,763000,1773,1,3300,8290.863081830388,1041.7970520011295,762832.225561142,370.2177100958827
1789889381,20,,Aggregated,1.400000,0.000000,3300,4200,5100,5500,7500,11000,24000,41000,688000,763000,763000,1773,1,3300,8290.863081830388,1041.7970520011295,762832.225561142,370.2177100958827
1789889382,20,,Aggregated,1.900000,0.000000,3300,4200,5100,5500,7600,11000,24000,41000,688000,763000,763000,1774,1,3300,8291.350238601059,1041.7970520011295,762832.225561142,370.13416009019164
1789889383,20,,Aggregated,1.900000,0.000000,3300,4200,5100,5500,7600,11000,24000,41000,688000,763000,763000,1774,1,3300,8291.350238601059,1041.7970520011295,762832.225561142,370.13416009019164
1789889384,20,,Aggregated,2.000000,0.000000,3300,4200,5100,5500,7600,11000,24000,41000,688000,763000,763000,1775,1,3300,8289.936016630578,1041.7970520011295,762832.225561142,370.07098591549294
1789889385,20,,Aggregated,1.600000,0.000000,3300,4200,5100,5500,7600,11000,24000,41000,688000,763000,763000,1778,1,3300,8286.776146777996,1041.7970520011295,762832.225561142,369.8211473565804
1789889386,20,,Aggregated,1.700000,0.000000,3300,4200,5100,5500,7500,11000,24000,41000,688000,763000,763000,1781,1,3300,8282.087697413406,1041.7970520011295,762832.225561142,369.58787198203254
1789889387,20,,Aggregated,1.300000,0.000000,3300,4200,5100,5500,7500,11000,24000,41000,688000,763000,763000,1783,1,3300,8278.6694371886,1041.7970520011295,762832.225561142,369.4425126191812
1789889388,20,,Aggregated,1.700000,0.000000,3300,4300,5100,5500,7500,11000,24000,41000,688000,763000,763000,1785,1,3300,8275.35592004161,1041.7970520011295,762832.225561142,369.2773109243698
1789889389,20,,Aggregated,1.700000,0.000000,3300,4300,5100,5500,7500,11000,24000,41000,688000,763000,763000,1786,1,3300,8273.684378718517,1041.7970520011295,762832.225561142,369.1948488241881
1789889390,20,,Aggregated,1.700000,0.000000,3300,4300,5100,5500,7600,11000,24000,41000,688000,763000,763000,1790,1,3300,8276.288756623057,1041.7970520011295,762832.225561142,368.8659217877095
1789889391,20,,Aggregated,1.700000,0.000000,3300,4300,5100,5500,7600,11000,24000,41000,688000,763000,763000,1791,1,3300,8274.20320462773,1041.7970520011295,762832.225561142,368.78391959798995
1789889392,20,,Aggregated,1.400000,0.000000,3300,4300,5100,5500,7600,11000,24000,41000,688000,763000,763000,1792,1,3300,8274.457069170907,1041.7970520011295,762832.225561142,368.70200892857144
1789889393,20,,Aggregated,1.500000,0.000000,3300,4300,5100,5500,7600,11000,24000,41000,688000,763000,763000,1794,1,3300,8274.987536011296,1041.7970520011295,762832.225561142,368.55852842809367
1789889394,20,,Aggregated,1.800000,0.000000,3300,4300,5100,5500,7600,11000,24000,41000,688000,763000,763000,1797,1,3300,8267.89595612647,1041.7970520011295,762832.225561142,368.31385642737894
1789889395,20,,Aggregated,2.000000,0.000000,3400,4300,5100,5500,7600,11000,24000,41000,688000,763000,763000,1800,1,3400,8261.202928351813,1041.7970520011295,762832.225561142,368.07
1789889396,20,,Aggregated,2.000000,0.000000,3400,4300,5100,5500,7600,11000,23000,39000,688000,763000,763000,1801,1,3400,8259.57612638049,1041.7970520011295,762832.225561142,368.00888395335926
1789889397,20,,Aggregated,2.300000,0.000000,3400,4300,5100,5500,7600,11000,23000,39000,688000,763000,763000,1805,1,3400,8250.30861648602,1041.7970520011295,762832.225561142,367.70526315789476
1789889398,20,,Aggregated,2.000000,0.000000,3400,4300,5100,5500,7600,11000,23000,39000,688000,763000,763000,1810,1,3400,8234.09452498523,1041.7970520011295,762832.225561142,367.30276243093925
1789889399,20,,Aggregated,2.000000,0.000000,3400,4300,5100,5500,7600,11000,24000,41000,763000,794000,794000,1812,1,3400,8671.602210026436,1041.7970520011295,794308.0809116364,377.2869757174393
1789889400,20,,Aggregated,2.500000,0.000000,3300,4300,5100,5500,7600,11000,24000,41000,763000,794000,794000,1815,1,3300,8661.68897143631,1041.7970520011295,794308.0809116364,377.05013774104685
1789889401,20,,Aggregated,2.500000,0.000000,3300,4300,5100,5500,7600,11000,24000,41000,763000,794000,794000,1815,1,3300,8661.68897143631,1041.7970520011295,794308.0809116364,377.05013774104685
1789889402,20,,Aggregated,2.600000,0.000000,3300,4300,5100,5500,7600,11000,24000,41000,763000,794000,794000,1817,1,3300,8655.70678831475,1041.7970520011295,794308.0809116364,376.800220143093
1789889403,20,,Aggregated,2.400000,0.000000,3300,4300,5100,5500,7600,11000,24000,41000,763000,794000,794000,1822,1,3300,8641.630192736498,1041.7970520011295,794308.0809116364,376.39517014270035
1789889404,20,,Aggregated,2.400000,0.000000,3300,4300,5100,5500,7600,11000,24000,41000,763000,794000,794000,1826,1,3300,8627.524655546495,1041.7970520011295,794308.0809116364,376.0766703176342
1789889405,20,,Aggregated,2.700000,0.000000,3300,4200,5100,5500,7600,11000,24000,41000,763000,794000,794000,1831,1,3300,8610.947256995576,1041.7970520011295,794308.0809116364,375.6559257236483
1789889406,20,,Aggregated,2.700000,0.000000,3300,4200,5100,5500,7600,11000,24000,41000,763000,794000,794000,1833,1,3300,8603.977100331096,1041.7970520011295,794308.0809116364,375.48827059465356
1789889407,20,,Aggregated,3.100000,0.000000,3300,4200,5100,5500,7600,11000,24000,41000,763000,794000,794000,1836,1,3300,8592.625304691666,1041.7970520011295,794308.0809116364,375.2570806100218
1789889408,20,,Aggregated,3.100000,0.000000,3300,4200,5100,5500,7600,11000,24000,41000,763000,794000,794000,1836,1,3300,8592.625304691666,1041.7970520011295,794308.0809116364,375.2570806100218
1789889409,20,,Aggregated,3.300000,0.000000,3300,4200,5100,5500,7600,11000,24000,41000,763000,794000,794000,1839,1,3300,8580.759188134256,1041.7970520011295,794308.0809116364,375.0070690592713
1789889410,20,,Aggregated,2.700000,0.000000,3300,4200,5100,5500,7600,11000,24000,41000,763000,794000,794000,1843,1,3300,8566.805610990177,1041.7970520011295,794308.0809116364,374.6945198046663
1789889411,20,,Aggregated,2.700000,0.000000,3300,4200,5100,5500,7600,11000,24000,41000,763000,794000,794000,1844,1,3300,8563.557955274347,1041.7970520011295,794308.0809116364,374.6117136659436
1789889412,20,,Aggregated,2.700000,0.000000,3300,4200,5100,5500,7600,11000,24000,41000,763000,794000,794000,1849,1,3300,8547.242288947482,1041.7970520011295,794308.0809116364,374.19902650081127
1789889413,20,,Aggregated,2.700000,0.000000,3300,4200,5100,5500,7500,11000,23000,41000,763000,794000,794000,1852,1,3300,8537.863742821219,1041.7970520011295,794308.0809116364,373.9524838012959
1789889414,20,,Aggregated,2.900000,0.000000,3300,4200,5100,5500,7500,11000,23000,41000,763000,794000,794000,1853,1,3300,8534.532746849378,1041.7970520011295,794308.0809116364,373.8704803022126
1789889415,20,,Aggregated,3.200000,0.000000,3300,4200,5100,5500,7500,11000,23000,41000,763000,794000,794000,1856,1,3300,8524.986196203608,1041.7970520011295,794308.0809116364,373.6443965517241
1789889416,20,,Aggregated,3.100000,0.000000,3300,4200,5100,5500,7500,11000,23000,41000,763000,794000,794000,1859,1,3300,8514.846756407691,1041.7970520011295,794308.0809116364,373.4190424959656
1789889417,20,,Aggregated,2.700000,0.000000,3300,4200,5100,5500,7600,11000,24000,134000,794000,812000,812000,1861,1,3300,8946.59330695619,1041.7970520011295,812484.4670295715,381.2482536270822
1789889418,20,,Aggregated,2.800000,0.000000,3300,4200,5100,5500,7600,11000,24000,134000,794000,812000,812000,1864,1,3300,8936.341542650467,1041.7970520011295,812484.4670295715,381.0112660944206
1789889419,20,,Aggregated,2.800000,0.000000,3300,4200,5100,5500,7600,11000,24000,134000,794000,812000,812000,1864,1,3300,8936.341542650467,1041.7970520011295,812484.4670295715,381.0112660944206
1789889420,20,,Aggregated,2.800000,0.000000,3300,4200,5100,5500,7600,11000,24000,134000,794000,812000,812000,1864,1,3300,8936.341542650467,1041.7970520011295,812484.4670295715,381.0112660944206
1789889421,20,,Aggregated,2.800000,0.000000,3300,4200,5100,5500,7600,11000,24000,134000,794000,812000,812000,1869,1,3300,8923.957051277406,1041.7970520011295,812484.4670295715,380.5088282504013
1789889422,20,,Aggregated,2.500000,0.000000,3300,4200,5100,5500,7500,11000,24000,134000,794000,812000,812000,1874,1,3300,8911.83517491167,1041.7970520011295,812484.4670295715,380.08591248665954
1789889423,20,,Aggregated,2.500000,0.000000,3300,4200,5100,5500,7500,11000,24000,134000,794000,812000,812000,1879,1,3300,8898.385435812917,1041.7970520011295,812484.4670295715,379.7035657264502
1789889424,20,,Aggregated,2.600000,0.000000,3300,4200,5100,5500,7500,11000,24000,134000,794000,812000,812000,1880,1,3300,8895.305809938018,1041.7970520011295,812484.4670295715,379.61968085106383
1789889425,20,,Aggregated,2.600000,0.000000,3300,4200,5100,5500,7500,11000,24000,134000,794000,812000,812000,1882,1,3300,8889.194806090582,1041.7970520011295,812484.4670295715,379.47130712008504
1789889426,20,,Aggregated,2.600000,0.000000,3300,4200,5000,5500,7500,11000,24000,134000,794000,812000,812000,1886,1,3300,8876.838047188478,1041.7970520011295,812484.4670295715,379.1373276776246
1789889427,20,,Aggregated,2.600000,0.000000,3300,4200,5000,5500,7500,11000,24000,134000,794000,812000,812000,1886,1,3300,8876.838047188478,1041.7970520011295,812484.4670295715,379.1373276776246
1789889428,20,,Aggregated,2.600000,0.000000,3300,4200,5000,5500,7500,11000,24000,134000,794000,812000,812000,1886,1,3300,8876.838047188478,1041.7970520011295,812484.4670295715,379.1373276776246
1789889429,20,,Aggregated,2.600000,0.000000,3300,4200,5000,5500,7500,11000,24000,134000,794000,812000,812000,1886,1,3300,8876.838047188478,1041.7970520011295,812484.4670295715,379.1373276776246
1789889430,20,,Aggregated,2.600000,0.000000,3300,4200,5000,5500,7500,11000,24000,134000,794000,812000,812000,1886,1,3300,8876.838047188478,1041.7970520011295,812484.4670295715,379.1373276776246
1789889431,20,,Aggregated,2.200000,0.000000,3300,4200,5000,5500,7500,11000,24000,134000,794000,812000,812000,1889,1,3300,8870.591812430634,1041.7970520011295,812484.4670295715,378.8877713075701
1789889432,20,,Aggregated,2.200000,0.000000,3300,4200,5000,5500,7500,11000,24000,134000,794000,812000,812000,1889,1,3300,8870.591812430634,1041.7970520011295,812484.4670295715,378.8877713075701
1789889433,20,,Aggregated,2.200000,0.000000,3300,4200,5000,5500,7500,11000,24000,134000,794000,812000,812000,1889,1,3300,8870.591812430634,1041.7970520011295,812484.4670295715,378.8877713075701
1789889434,20,,Aggregated,1.500000,0.000000,3300,4200,5100,5500,7500,11000,24000,134000,794000,812000,812000,1894,1,3300,8864.622960406792,1041.7970520011295,812484.4670295715,378.49260823653646
1789889435,20,,Aggregated,1.400000,0.000000,3300,4200,5100,5500,7600,11000,23000,41000,794000,812000,812000,1905,1,3300,8849.928401446961,1041.7970520011295,812484.4670295715,377.6267716535433
1789889436,20,,Aggregated,1.400000,0.000000,3300,4200,5100,5500,7600,11000,23000,41000,794000,812000,812000,1906,1,3300,8849.206977723221,1041.7970520011295,812484.4670295715,377.5451206715635
1789889437,20,,Aggregated,1.400000,0.000000,3300,4200,5100,5500,7600,11000,23000,41000,794000,812000,812000,1906,1,3300,8849.206977723221,1041.7970520011295,812484.4670295715,377.5451206715635
1789889438,20,,Aggregated,1.400000,0.000000,3300,4200,5100,5500,7600,11000,23000,41000,794000,812000,812000,1906,1,3300,8849.206977723221,1041.7970520011295,812484.4670295715,377.5451206715635
1789889439,20,,Aggregated,1.400000,0.000000,3300,4200,5100,5500,7600,11000,23000,41000,794000,812000,812000,1906,1,3300,8849.206977723221,1041.7970520011295,812484.4670295715,377.5451206715635
1789889440,20,,Aggregated,2.000000,0.000000,3300,4200,5100,5500,7600,11000,23000,41000,794000,812000,812000,1907,1,3300,8845.937525835061,1041.7970520011295,812484.4670295715,377.46355532249606
1789889441,20,,Aggregated,2.000000,0.000000,3300,4200,5100,5500,7600,11000,23000,41000,794000,812000,812000,1907,1,3300,8845.937525835061,1041.7970520011295,812484.4670295715,377.46355532249606
1789889442,20,,Aggregated,2.100000,0.000000,3300,4200,5100,5500,7500,11000,23000,41000,794000,812000,812000,1911,1,3300,8835.466248479568,1041.7970520011295,812484.4670295715,377.138147566719
1789889443,20,,Aggregated,1.800000,0.000000,3300,4200,5100,5500,7500,11000,23000,41000,794000,812000,812000,1917,1,3300,8820.313198636128,1041.7970520011295,812484.4670295715,376.6901408450704
1789889444,20,,Aggregated,2.100000,0.000000,3300,4200,5100,5500,7500,11000,23000,41000,794000,812000,812000,1925,1,3300,8799.711385928029,1041.7970520011295,812484.4670295715,376.065974025974
1789889445,20,,Aggregated,2.100000,0.000000,3300,4200,5100,5500,7500,11000,23000,41000,794000,812000,812000,1927,1,3300,8796.636580957682,1041.7970520011295,812484.4670295715,375.9060716139076
1789889446,20,,Aggregated,2.100000,0.000000,3300,4200,5100,5500,7500,11000,23000,41000,794000,812000,812000,1927,1,3300,8796.636580957682,1041.7970520011295,812484.4670295715,375.9060716139076
1789889447,20,,Aggregated,2.100000,0.000000,3300,4200,5100,5500,7500,11000,23000,41000,794000,812000,812000,1927,1,3300,8796.636580957682,1041.7970520011295,812484.4670295715,375.9060716139076
1789889448,20,,Aggregated,2.100000,0.000000,3300,4200,5100,5500,7500,11000,23000,41000,794000,812000,812000,1930,1,3300,8784.945029811635,1041.7970520011295,812484.4670295715,375.66683937823836
1789889449,20,,Aggregated,2.100000,0.000000,3300,4200,5100,5500,7500,11000,23000,41000,794000,812000,812000,1931,1,3300,8781.130040061342,1041.7970520011295,812484.4670295715,375.58726048679443
1789889450,20,,Aggregated,2.300000,0.000000,3300,4200,5100,5500,7500,11000,23000,41000,794000,812000,812000,1936,1,3300,8764.648107537421,1041.7970520011295,812484.4670295715,375.2277892561983
1789889451,20,,Aggregated,2.400000,0.000000,3300,4200,5100,5500,7500,11000,23000,41000,794000,812000,812000,1940,1,3300,8751.67633339456,1041.7970520011295,812484.4670295715,374.9118556701031
1789889452,20,,Aggregated,2.800000,0.000000,3300,4200,5100,5500,7500,11000,23000,41000,794000,812000,812000,1945,1,3300,8737.376870156526,1041.7970520011295,812484.4670295715,374.53727506426736
1789889453,20,,Aggregated,3.200000,0.000000,3300,4200,5100,5500,7500,11000,23000,41000,794000,812000,812000,1947,1,3300,8731.94294405929,1041.7970520011295,812484.4670295715,374.3805855161787
1789889454,20,,Aggregated,3.100000,0.000000,3300,4200,5100,5500,7500,11000,23000,41000,794000,812000,812000,1949,1,3300,8724.556549756511,1041.7970520011295,812484.4670295715,374.2242175474602
1789889455,20,,Aggregated,3.100000,0.000000,3300,4200,5100,5500,7500,11000,23000,41000,794000,812000,812000,1950,1,3300,8720.81941318125,1041.7970520011295,812484.4670295715,374.1461538461538
1789889456,20,,Aggregated,2.500000,0.000000,3300,4200,5000,5500,7500,11000,22000,41000,794000,812000,812000,1953,1,3300,8709.542864786708,1041.7970520011295,812484.4670295715,373.91244239631334
1789889457,20,,Aggregated,2.300000,0.000000,3300,4200,5000,5500,7500,11000,22000,41000,794000,812000,812000,1956,1,3300,8698.682962290102,1041.7970520011295,812484.4670295715,373.71625766871165
1789889458,20,,Aggregated,2.500000,0.000000,3300,4200,5000,5500,7500,11000,22000,41000,794000,812000,812000,1958,1,3300,8692.703771080918,1041.7970520011295,812484.4670295715,373.56128702757917
1789889459,20,,Aggregated,2.500000,0.000000,3300,4200,5000,5500,7500,11000,22000,41000,794000,812000,812000,1961,1,3300,8682.945069678959,1041.7970520011295,812484.4670295715,373.32942376338605
1789889460,20,,Aggregated,2.700000,0.000000,3300,4200,5000,5500,7500,11000,22000,41000,794000,812000,812000,1962,1,3300,8680.081116757614,1041.7970520011295,812484.4670295715,373.2522935779817
1789889461,20,,Aggregated,2.700000,0.000000,3300,4200,5000,5500,7500,11000,22000,41000,794000,812000,812000,1962,1,3300,8680.081116757614,1041.7970520011295,812484.4670295715,373.2522935779817
1789889462,20,,Aggregated,2.600000,0.000000,3300,4200,5000,5500,7500,11000,22000,41000,794000,812000,812000,1964,1,3300,8676.266086092892,1041.7970520011295,812484.4670295715,373.09826883910387
1789889463,20,,Aggregated,2.300000,0.000000,3300,4200,5000,5500,7500,11000,22000,41000,794000,812000,812000,1967,1,3300,8670.050061146132,1041.7970520011295,812484.4670295715,372.88612099644126
1789889464,20,,Aggregated,2.100000,0.000000,3300,4200,5000,5500,7500,11000,22000,41000,794000,812000,812000,1970,1,3300,8664.351688574334,1041.7970520011295,812484.4670295715,372.656345177665
1789889465,20,,Aggregated,2.000000,0.000000,3300,4200,5000,5500,7400,11000,22000,41000,794000,812000,812000,1972,1,3300,8659.770586610264,1041.7970520011295,812484.4670295715,372.5035496957404
1789889466,20,,Aggregated,2.200000,0.000000,3300,4200,5000,5500,7400,11000,22000,41000,794000,812000,812000,1975,1,3300,8653.013936860474,1041.7970520011295,812484.4670295715,372.29316455696204
1789889467,20,,Aggregated,2.200000,0.000000,3300,4200,5000,5400,7400,11000,22000,41000,794000,812000,812000,1976,1,3300,8650.97343763939,1041.7970520011295,812484.4670295715,372.23532388663966
1789889468,20,,Aggregated,2.200000,0.000000,3300,4200,5000,5400,7400,11000,22000,41000,794000,812000,812000,1979,1,3300,8645.21682163842,1041.7970520011295,812484.4670295715,372.0075795856493
1789889469,20,,Aggregated,2.100000,0.000000,3300,4200,5000,5400,7400,11000,22000,41000,794000,812000,812000,1985,1,3300,8629.333939823895,1041.7970520011295,812484.4670295715,371.5722921914358
1789889470,20,,Aggregated,2.100000,0.000000,3300,4200,5000,5400,7400,11000,22000,41000,794000,812000,812000,1985,1,3300,8629.333939823895,1041.7970520011295,812484.4670295715,371.5722921914358
1789889471,20,,Aggregated,2.000000,0.000000,3300,4200,5000,5400,7400,11000,22000,41000,794000,812000,812000,1987,1,3300,8623.349761262923,1041.7970520011295,812484.4670295715,371.4217413185707
1789889472,20,,Aggregated,2.400000,0.000000,3300,4200,5000,5400,7400,11000,22000,41000,794000,812000,812000,1990,1,3300,8614.520883852982,1041.7970520011295,812484.4670295715,371.1964824120603
1789889473,20,,Aggregated,2.500000,0.000000,3300,4200,5000,5400,7400,11000,22000,41000,794000,812000,812000,1993,1,3300,8606.110502219482,1041.7970520011295,812484.4670295715,370.9899648770697
1789889474,20,,Aggregated,2.500000,0.000000,3300,4200,5000,5400,7400,11000,22000,41000,794000,812000,812000,1995,1,3300,8599.590413181668,1041.7970520011295,812484.4670295715,370.85864661654136
1789889475,20,,Aggregated,2.400000,0.000000,3300,4200,5000,5400,7400,11000,22000,41000,794000,812000,812000,1996,1,3300,8598.313586145005,1041.7970520011295,812484.4670295715,370.78406813627254
1789889476,20,,Aggregated,2.400000,0.000000,3300,4200,5000,5400,7400,11000,22000,41000,794000,812000,812000,1999,1,3300,8589.15416707275,1041.7970520011295,812484.4670295715,370.5607803901951
1789889477,20,,Aggregated,2.600000,0.000000,3300,4200,5000,5400,7400,11000,22000,39000,763000,812000,812000,2002,1,3300,8579.956087938277,1041.7970520011295,812484.4670295715,370.33816183816185
1789889478,20,,Aggregated,2.400000,0.000000,3300,4200,5000,5400,7400,11000,22000,39000,763000,812000,812000,2007,1,3300,8565.535676016656,1041.7970520011295,812484.4670295715,369.9865470852018
1789889479,20,,Aggregated,2.500000,0.000000,3300,4200,5000,5400,7400,11000,22000,39000,763000,812000,812000,2009,1,3300,8558.916066863329,1041.7970520011295,812484.4670295715,369.83922349427576
1789889480,20,,Aggregated,3.100000,0.000000,3300,4200,5000,5400,7400,11000,22000,39000,763000,812000,812000,2010,1,3300,8556.091029645984,1041.7970520011295,812484.4670295715,369.7656716417911
1789889481,20,,Aggregated,3.100000,0.000000,3300,4200,5000,5400,7400,11000,22000,39000,763000,812000,812000,2014,1,3300,8543.959236096538,1041.7970520011295,812484.4670295715,369.50794438927505
1789889482,20,,Aggregated,2.800000,0.000000,3300,4200,5000,5400,7400,11000,22000,39000,763000,812000,812000,2016,1,3300,8538.24174285041,1041.7970520011295,812484.4670295715,369.36160714285717
1789889483,20,,Aggregated,2.700000,0.000000,3300,4200,5000,5400,7400,11000,22000,39000,763000,812000,812000,2019,1,3300,8529.557321819428,1041.7970520011295,812484.4670295715,369.14264487369985
1789889484,20,,Aggregated,2.800000,0.000000,3300,4200,5000,5400,7400,11000,22000,39000,763000,812000,812000,2020,1,3300,8526.69533257942,1041.7970520011295,812484.4670295715,369.069801980198
1789889485,20,,Aggregated,2.600000,0.000000,3300,4200,5000,5400,7400,11000,22000,39000,763000,812000,812000,2025,1,3300,8512.665392844656,1041.7970520011295,812484.4670295715,368.70666666666665
1789889486,20,,Aggregated,2.400000,0.000000,3300,4200,5000,5400,7400,11000,22000,39000,763000,812000,812000,2026,1,3300,8510.250340617684,1041.7970520011295,812484.4670295715,368.6520236920039
1789889487,20,,Aggregated,2.800000,0.000000,3300,4200,5000,5400,7400,11000,22000,39000,763000,812000,812000,2030,1,3300,8499.63992180415,1041.7970520011295,812484.4670295715,368.3630541871921
1789889488,20,,Aggregated,2.600000,0.000000,3300,4200,5000,5400,7300,11000,22000,39000,763000,812000,812000,2033,1,3300,8490.888096955448,1041.7970520011295,812484.4670295715,368.1805213969503
1789889489,20,,Aggregated,2.500000,0.000000,3300,4200,5000,5400,7300,11000,22000,39000,763000,812000,812000,2034,1,3300,8487.912479948094,1041.7970520011295,812484.4670295715,368.1086529006883
1789889490,20,,Aggregated,2.500000,0.000000,3300,4200,5000,5400,7300,11000,22000,39000,763000,812000,812000,2038,1,3300,8476.032610445745,1041.7970520011295,812484.4670295715,367.8218842001963
1789889491,20,,Aggregated,2.300000,0.000000,3300,4200,5000,5400,7300,11000,22000,39000,763000,812000,812000,2039,1,3300,8473.067337541652,1041.7970520011295,812484.4670295715,367.75036782736635
1789889492,20,,Aggregated,2.400000,0.000000,3300,4200,5000,5400,7300,11000,22000,39000,763000,812000,812000,2043,1,3300,8460.777480922383,1041.7970520011295,812484.4670295715,367.4650024473813
1789889493,20,,Aggregated,2.500000,0.000000,3300,4200,5000,5400,7300,11000,22000,39000,763000,812000,812000,2046,1,3300,8452.088741294441,1041.7970520011295,812484.4670295715,367.28299120234607
1789889494,20,,Aggregated,2.500000,0.000000,3300,4200,5000,5400,7300,11000,22000,39000,763000,812000,812000,2050,1,3300,8439.158648322158,1041.7970520011295,812484.4670295715,366.99951219512195
1789889495,20,,Aggregated,2.500000,0.000000,3300,4200,5000,5400,7300,11000,22000,39000,763000,812000,812000,2050,1,3300,8439.158648322158,1041.7970520011295,812484.4670295715,366.99951219512195
1789889496,20,,Aggregated,3.100000,0.000000,3300,4200,5000,5400,7300,11000,21000,39000,763000,812000,812000,2052,1,3300,8433.907461511415,1041.7970520011295,812484.4670295715,366.87573099415204
1789889497,20,,Aggregated,3.100000,0.000000,3300,4200,5000,5400,7300,11000,21000,39000,763000,812000,812000,2052,1,3300,8433.907461511415,1041.7970520011295,812484.4670295715,366.87573099415204
1789889498,20,,Aggregated,2.500000,0.000000,3300,4100,4900,5400,7300,11000,21000,39000,763000,812000,812000,2057,1,3300,8421.982213776091,1041.7970520011295,812484.4670295715,366.5235780262518
1789889499,20,,Aggregated,2.500000,0.000000,3300,4100,4900,5400,7200,11000,21000,39000,763000,812000,812000,2061,1,3300,8410.722919960415,1041.7970520011295,812484.4670295715,366.2430858806405
1789889500,20,,Aggregated,2.300000,0.000000,3300,4100,4900,5400,7200,11000,21000,39000,763000,812000,812000,2063,1,3300,8405.042359603693,1041.7970520011295,812484.4670295715,366.1032476975279
1789889501,20,,Aggregated,2.400000,0.000000,3300,4100,4900,5400,7300,11000,22000,41000,794000,865000,865000,2070,1,3300,8803.482668697536,1041.7970520011295,865440.1779174805,371.6294685990338
1789889502,20,,Aggregated,2.400000,0.000000,3300,4100,4900,5400,7300,11000,22000,41000,794000,865000,865000,2071,1,3300,8800.5842315929,1041.7970520011295,865440.1779174805,371.5572187349107
1789889503,20,,Aggregated,2.400000,0.000000,3300,4100,4900,5400,7300,11000,22000,41000,794000,865000,865000,2071,1,3300,8800.5842315929,1041.7970520011295,865440.1779174805,371.5572187349107
1789889504,20,,Aggregated,2.400000,0.000000,3300,4100,4900,5400,7300,11000,22000,41000,794000,865000,865000,2071,1,3300,8800.5842315929,1041.7970520011295,865440.1779174805,371.5572187349107
1789889505,20,,Aggregated,2.400000,0.000000,3300,4100,4900,5400,7300,11000,22000,41000,794000,865000,865000,2071,1,3300,8800.5842315929,1041.7970520011295,865440.1779174805,371.5572187349107
1789889506,20,,Aggregated,2.100000,0.000000,3300,4100,4900,5400,7300,11000,22000,41000,794000,865000,865000,2074,1,3300,8795.014117323963,1041.7970520011295,865440.1779174805,371.2888138862102
1789889507,20,,Aggregated,2.100000,0.000000,3300,4100,4900,5400,7300,11000,22000,41000,794000,865000,865000,2076,1,3300,8790.130170549568,1041.7970520011295,865440.1779174805,371.1449903660886
1789889508,20,,Aggregated,2.100000,0.000000,3300,4100,4900,5400,7200,11000,22000,41000,794000,865000,865000,2086,1,3300,8766.807125590078,1041.7970520011295,865440.1779174805,370.4300095877277
1789889509,20,,Aggregated,2.400000,0.000000,3300,4100,4900,5400,7200,11000,22000,41000,794000,865000,865000,2090,1,3300,8756.48812263584,1041.7970520011295,865440.1779174805,370.16315789473686
1789889510,20,,Aggregated,2.800000,0.000000,3300,4100,4900,5400,7200,11000,22000,41000,794000,865000,865000,2091,1,3300,8753.365620269202,1041.7970520011295,865440.1779174805,370.092300334768
1789889511,20,,Aggregated,2.900000,0.000000,3300,4100,4900,5400,7200,11000,22000,134000,794000,865000,865000,2093,1,3300,9119.804494054784,1041.7970520011295,865440.1779174805,377.98566650740565
1789889512,20,,Aggregated,2.900000,0.000000,3300,4100,4900,5400,7200,11000,22000,134000,794000,865000,865000,2093,1,3300,9119.804494054784,1041.7970520011295,865440.1779174805,377.98566650740565
1789889513,20,,Aggregated,2.900000,0.000000,3300,4100,4900,5400,7200,11000,22000,134000,794000,865000,865000,2093,1,3300,9119.804494054784,1041.7970520011295,865440.1779174805,377.98566650740565
1789889514,20,,Aggregated,2.900000,0.000000,3300,4100,4900,5400,7200,11000,22000,134000,794000,865000,865000,2093,1,3300,9119.804494054784,1041.7970520011295,865440.1779174805,377.98566650740565
1789889515,20,,Aggregated,2.200000,0.000000,3300,4100,4900,5400,7200,11000,22000,134000,794000,865000,865000,2097,1,3300,9108.881632765693,1041.7970520011295,865440.1779174805,377.6366237482117
1789889516,20,,Aggregated,2.200000,0.000000,3300,4100,4900,5400,7200,11000,22000,41000,794000,865000,865000,2101,1,3300,9097.335321182609,1041.7970520011295,865440.1779174805,377.3574488338886
1789889517,20,,Aggregated,2.200000,0.000000,3300,4100,4900,5400,7200,11000,22000,41000,794000,865000,865000,2105,1,3300,9086.050592653522,1041.7970520011295,865440.1779174805,377.06223277909737
1789889518,20,,Aggregated,2.500000,0.000000,3300,4100,4900,5300,7200,11000,22000,41000,794000,865000,865000,2106,1,3300,9084.060584323677,1041.7970520011295,865440.1779174805,376.988603988604
1789889519,20,,Aggregated,2.900000,0.000000,3300,4100,4900,5400,7200,11000,22000,41000,794000,865000,865000,2112,1,3300,9074.343936941606,1041.7970520011295,865440.1779174805,376.56534090909093
1789889520,20,,Aggregated,2.500000,0.000000,3300,4100,4900,5400,7200,11000,22000,41000,794000,865000,865000,2115,1,3300,9067.184319717102,1041.7970520011295,865440.1779174805,376.34609929078016
1789889521,20,,Aggregated,2.400000,0.000000,3300,4100,4900,5400,7200,11000,22000,41000,794000,865000,865000,2117,1,3300,9060.147425652656,1041.7970520011295,865440.1779174805,376.21728861596597
1789889522,20,,Aggregated,2.400000,0.000000,3300,4100,4900,5400,7200,11000,22000,41000,794000,865000,865000,2118,1,3300,9056.683935498899,1041.7970520011295,865440.1779174805,376.1444759206799
1789889523,20,,Aggregated,2.200000,0.000000,3300,4100,4900,5400,7200,11000,22000,41000,794000,865000,865000,2119,1,3300,9053.26866961287,1041.7970520011295,865440.1779174805,376.07173194903254
1789889524,20,,Aggregated,2.500000,0.000000,3300,4100,4900,5400,7200,11000,22000,41000,794000,865000,865000,2120,1,3300,9050.364803696542,1041.7970520011295,865440.1779174805,375.99905660377357
1789889525,20,,Aggregated,2.600000,0.000000,3300,4100,4900,5400,7100,11000,22000,41000,794000,865000,865000,2124,1,3300,9039.963146307286,1041.7970520011295,865440.1779174805,375.725988700565
1789889526,20,,Aggregated,2.600000,0.000000,3300,4100,4900,5400,7100,11000,22000,41000,794000,865000,865000,2128,1,3300,9029.390026499843,1041.7970520011295,865440.1779174805,375.437030075188
1789889527,20,,Aggregated,2.600000,0.000000,3300,4100,4900,5300,7100,11000,22000,41000,794000,865000,865000,2133,1,3300,9015.186494777152,1041.7970520011295,865440.1779174805,375.0942334739803
1789889528,20,,Aggregated,2.600000,0.000000,3300,4100,4900,5300,7100,11000,22000,41000,794000,865000,865000,2133,1,3300,9015.186494777152,1041.7970520011295,865440.1779174805,375.0942334739803
1789889529,20,,Aggregated,2.600000,0.000000,3300,4100,4900,5300,7100,11000,22000,41000,794000,865000,865000,2133,1,3300,9015.186494777152,1041.7970520011295,865440.1779174805,375.0942334739803
1789889530,20,,Aggregated,2.800000,0.000000,3300,4100,4900,5400,7100,11000,22000,41000,794000,865000,865000,2134,1,3300,9013.609979864883,1041.7970520011295,865440.1779174805,375.0224929709466
1789889531,20,,Aggregated,2.300000,0.000000,3300,4100,4900,5400,7100,11000,22000,41000,794000,865000,865000,2135,1,3300,9012.08138631038,1041.7970520011295,865440.1779174805,374.95081967213116
1789889532,20,,Aggregated,2.200000,0.000000,3300,4100,4900,5400,7100,11000,22000,41000,794000,865000,865000,2138,1,3300,9007.103916526035,1041.7970520011295,865440.1779174805,374.7530402245089
1789889533,20,,Aggregated,2.200000,0.000000,3300,4100,4900,5400,7100,11000,22000,41000,794000,865000,865000,2138,1,3300,9007.103916526035,1041.7970520011295,865440.1779174805,374.7530402245089
1789889534,20,,Aggregated,1.900000,0.000000,3300,4100,4900,5400,7100,11000,22000,41000,794000,865000,865000,2139,1,3300,9005.527234719339,1041.7970520011295,865440.1779174805,374.68162692847125
1789889535,20,,Aggregated,1.900000,0.000000,3300,4100,5000,5400,7100,10000,22000,41000,794000,865000,865000,2143,1,3300,8999.788437295225,1041.7970520011295,865440.1779174805,374.4134391040597
1789889536,20,,Aggregated,1.900000,0.000000,3300,4100,5000,5400,7100,10000,22000,41000,794000,865000,865000,2143,1,3300,8999.788437295225,1041.7970520011295,865440.1779174805,374.4134391040597
1789889537,20,,Aggregated,1.800000,0.000000,3300,4200,5000,5400,7100,10000,22000,41000,794000,865000,865000,2149,1,3300,8990.042889760196,1041.7970520011295,865440.1779174805,374.0046533271289
1789889538,20,,Aggregated,1.500000,0.000000,3300,4200,5000,5400,7100,10000,21000,41000,794000,865000,865000,2153,1,3300,8986.102889776897,1041.7970520011295,865440.1779174805,373.7222480260102
1789889539,20,,Aggregated,1.100000,0.000000,3300,4200,5000,5400,7100,10000,21000,41000,794000,865000,865000,2155,1,3300,8979.86877729172,1041.7970520011295,865440.1779174805,373.5981438515081
1789889540,20,,Aggregated,1.100000,0.000000,3300,4200,5000,5400,7100,10000,21000,41000,794000,865000,865000,2155,1,3300,8979.86877729172,1041.7970520011295,865440.1779174805,373.5981438515081
1789889541,20,,Aggregated,1.100000,0.000000,3300,4200,5000,5400,7100,10000,21000,41000,794000,865000,865000,2155,1,3300,8979.86877729172,1041.7970520011295,865440.1779174805,373.5981438515081
1789889542,20,,Aggregated,2.100000,0.000000,3300,4200,5000,5400,7100,10000,21000,41000,794000,865000,865000,2156,1,3300,8978.142990850027,1041.7970520011295,865440.1779174805,373.5278293135436
1789889543,20,,Aggregated,2.100000,0.000000,3300,4200,5000,5400,7100,10000,21000,41000,794000,865000,865000,2156,1,3300,8978.142990850027,1041.7970520011295,865440.1779174805,373.5278293135436
1789889544,20,,Aggregated,1.800000,0.000000,3300,4200,5000,5400,7200,11000,21000,41000,794000,865000,865000,2157,1,3300,8980.237581770356,1041.7970520011295,865440.1779174805,373.45757997218357
1789889545,20,,Aggregated,1.800000,0.000000,3300,4200,5000,5400,7200,10000,21000,41000,794000,865000,865000,2168,1,3300,8958.1399179468,1041.7970520011295,865440.1779174805,372.70571955719555
1789889546,20,,Aggregated,1.700000,0.000000,3300,4200,5000,5400,7100,10000,21000,41000,794000,865000,865000,2171,1,3300,8950.654383758942,1041.7970520011295,865440.1779174805,372.5140488254261
1789889547,20,,Aggregated,1.700000,0.000000,3300,4200,5000,5400,7100,10000,21000,41000,794000,865000,865000,2172,1,3300,8947.683411403159,1041.7970520011295,865440.1779174805,372.46132596685084
1789889548,20,,Aggregated,1.700000,0.000000,3300,4200,5000,5400,7100,10000,21000,41000,794000,865000,865000,2172,1,3300,8947.683411403159,1041.7970520011295,865440.1779174805,372.46132596685084
1789889549,20,,Aggregated,2.800000,0.000000,3300,4200,5000,5400,7100,10000,21000,41000,794000,865000,865000,2175,1,3300,8940.905232768122,1041.7970520011295,865440.1779174805,372.2537931034483
1789889550,20,,Aggregated,2.000000,0.000000,3300,4200,5000,5400,7200,11000,21000,41000,794000,865000,865000,2177,1,3300,8938.275355467003,1041.7970520011295,865440.1779174805,372.11575562700966
1789889551,20,,Aggregated,2.100000,0.000000,3300,4200,5000,5400,7200,11000,21000,41000,794000,865000,865000,2179,1,3300,8931.35356534129,1041.7970520011295,865440.1779174805,371.977971546581
1789889552,20,,Aggregated,2.100000,0.000000,3300,4200,5000,5400,7200,11000,21000,41000,794000,865000,865000,2180,1,3300,8927.985762781502,1041.7970520011295,865440.1779174805,371.9256880733945
1789889553,20,,Aggregated,2.100000,0.000000,3300,4200,5000,5400,7100,10000,21000,41000,794000,865000,865000,2185,1,3300,8913.27979778612,1041.7970520011295,865440.1779174805,371.5826086956522
1789889554,20,,Aggregated,2.500000,0.000000,3300,4200,5000,5400,7100,10000,21000,41000,794000,865000,865000,2190,1,3300,8901.254681081587,1041.7970520011295,865440.1779174805,371.241095890411
1789889555,20,,Aggregated,2.500000,0.000000,3300,4200,5000,5400,7100,10000,21000,41000,794000,865000,865000,2191,1,3300,8898.6543441491,1041.7970520011295,865440.1779174805,371.1894112277499
1789889556,20,,Aggregated,2.900000,0.000000,3300,4200,5000,5400,7100,10000,21000,41000,794000,865000,865000,2196,1,3300,8883.472437416063,1041.7970520011295,865440.1779174805,370.8661202185792
1789889557,20,,Aggregated,2.900000,0.000000,3300,4200,5000,5400,7100,10000,21000,41000,794000,865000,865000,2196,1,3300,8883.472437416063,1041.7970520011295,865440.1779174805,370.8661202185792
1789889558,20,,Aggregated,2.500000,0.000000,3300,4100,5000,5400,7100,10000,21000,41000,794000,865000,865000,2199,1,3300,8874.263970112632,1041.7970520011295,865440.1779174805,370.6630286493861
1789889559,20,,Aggregated,2.500000,0.000000,3300,4100,5000,5400,7100,10000,21000,41000,794000,865000,865000,2199,1,3300,8874.263970112632,1041.7970520011295,865440.1779174805,370.6630286493861
1789889560,20,,Aggregated,2.400000,0.000000,3300,4100,5000,5400,7100,10000,21000,39000,794000,865000,865000,2203,1,3300,8863.422981180971,1041.7970520011295,865440.1779174805,370.4094416704494
1789889561,20,,Aggregated,2.500000,0.000000,3300,4100,5000,5400,7100,10000,21000,39000,794000,865000,865000,2208,1,3300,8848.902480089528,1041.7970520011295,865440.1779174805,370.0733695652174
1789889562,20,,Aggregated,2.300000,0.000000,3300,4100,5000,5400,7100,10000,21000,39000,794000,865000,865000,2210,1,3300,8843.795310771346,1041.7970520011295,865440.1779174805,369.9393665158371
1789889563,20,,Aggregated,2.800000,0.000000,3300,4100,4900,5400,7100,10000,21000,39000,794000,865000,865000,2213,1,3300,8835.67673836768,1041.7970520011295,865440.1779174805,369.77135110709446
1789889564,20,,Aggregated,2.800000,0.000000,3300,4100,4900,5400,7100,10000,21000,39000,794000,865000,865000,2216,1,3300,8828.029807700215,1041.7970520011295,865440.1779174805,369.57129963898916
1789889565,20,,Aggregated,2.800000,0.000000,3300,4100,4900,5400,7100,10000,21000,39000,794000,865000,865000,2216,1,3300,8828.029807700215,1041.7970520011295,865440.1779174805,369.57129963898916
1789889566,20,,Aggregated,2.900000,0.000000,3300,4100,4900,5400,7100,10000,21000,39000,794000,865000,865000,2219,1,3300,8819.983211418512,1041.7970520011295,865440.1779174805,369.37178909418657
1789889567,20,,Aggregated,2.900000,0.000000,3300,4100,4900,5400,7100,10000,21000,39000,794000,865000,865000,2219,1,3300,8819.983211418512,1041.7970520011295,865440.1779174805,369.37178909418657
1789889568,20,,Aggregated,2.900000,0.000000,3300,4100,4900,5400,7100,10000,21000,39000,794000,865000,865000,2219,1,3300,8819.983211418512,1041.7970520011295,865440.1779174805,369.37178909418657
1789889569,20,,Aggregated,2.900000,0.000000,3300,4100,4900,5400,7100,10000,21000,39000,794000,865000,865000,2219,1,3300,8819.983211418512,1041.7970520011295,865440.1779174805,369.37178909418657
1789889570,20,,Aggregated,2.300000,0.000000,3300,4100,4900,5400,7100,10000,21000,39000,794000,865000,865000,2233,1,3300,8787.714792168243,1041.7970520011295,865440.1779174805,368.49440214957457
1789889571,20,,Aggregated,2.000000,0.000000,3300,4100,4900,5300,7100,10000,21000,39000,794000,865000,865000,2236,1,3300,8778.513541029379,1041.7970520011295,865440.1779174805,368.29785330948124
1789889572,20,,Aggregated,2.300000,0.000000,3300,4100,4900,5300,7100,10000,21000,39000,794000,865000,865000,2239,1,3300,8768.394402603257,1041.7970520011295,865440.1779174805,368.1018311746315
1789889573,20,,Aggregated,2.300000,0.000000,3300,4100,4900,5300,7100,10000,21000,39000,794000,865000,865000,2239,1,3300,8768.394402603257,1041.7970520011295,865440.1779174805,368.1018311746315
1789889574,20,,Aggregated,2.300000,0.000000,3300,4100,4900,5300,7100,10000,21000,39000,794000,865000,865000,2239,1,3300,8768.394402603257,1041.7970520011295,865440.1779174805,368.1018311746315
1789889575,20,,Aggregated,2.300000,0.000000,3300,4100,4900,5300,7100,10000,21000,39000,794000,865000,865000,2239,1,3300,8768.394402603257,1041.7970520011295,865440.1779174805,368.1018311746315
1789889576,20,,Aggregated,2.500000,0.000000,3300,4100,4900,5300,7100,10000,21000,39000,794000,865000,865000,2242,1,3300,8758.50727754536,1041.7970520011295,865440.1779174805,367.9063336306869
1789889577,20,,Aggregated,2.300000,0.000000,3300,4100,4900,5300,7100,10000,21000,39000,794000,865000,865000,2244,1,3300,8752.677549441487,1041.7970520011295,865440.1779174805,367.79233511586455
1789889578,20,,Aggregated,2.200000,0.000000,3300,4100,4900,5300,7100,10000,21000,39000,794000,865000,865000,2248,1,3300,8742.070779493635,1041.7970520011295,865440.1779174805,367.5329181494662
1789889579,20,,Aggregated,2.300000,0.000000,3300,4100,4900,5300,7100,10000,21000,39000,794000,865000,865000,2250,1,3300,8737.651826648751,1041.7970520011295,865440.1779174805,367.40355555555556
1789889580,20,,Aggregated,2.800000,0.000000,3300,4100,4900,5300,7100,10000,21000,39000,794000,865000,865000,2254,1,3300,8729.14240552382,1041.7970520011295,865440.1779174805,367.16149068322983
1789889581,20,,Aggregated,2.900000,0.000000,3300,4100,4900,5300,7100,10000,21000,41000,812000,865000,865000,2258,1,3300,9096.3109160705,1041.7970520011295,865440.1779174805,372.96855624446414
1789889582,20,,Aggregated,2.800000,0.000000,3300,4100,4900,5300,7100,10000,21000,41000,812000,865000,865000,2259,1,3300,9095.417589852674,1041.7970520011295,865440.1779174805,372.9176626826029
1789889583,20,,Aggregated,2.800000,0.000000,3300,4100,4900,5300,7100,10000,21000,41000,812000,865000,865000,2259,1,3300,9095.417589852674,1041.7970520011295,865440.1779174805,372.9176626826029
1789889584,20,,Aggregated,2.300000,0.000000,3300,4100,4900,5300,7100,10000,21000,41000,812000,865000,865000,2262,1,3300,9086.883414980633,1041.7970520011295,865440.1779174805,372.7175066312997
1789889585,20,,Aggregated,2.000000,0.000000,3300,4100,4900,5300,7100,10000,21000,41000,812000,865000,865000,2267,1,3300,9073.221924453546,1041.7970520011295,865440.1779174805,372.3215703573004
1789889586,20,,Aggregated,2.300000,0.000000,3300,4100,4900,5300,7100,10000,21000,41000,812000,865000,865000,2271,1,3300,9062.225065716948,1041.7970520011295,865440.1779174805,372.07265521796563
1789889587,20,,Aggregated,2.300000,0.000000,3300,4100,4900,5300,7100,10000,21000,41000,812000,865000,865000,2273,1,3300,9055.842890590493,1041.7970520011295,865440.1779174805,371.95644522657284
1789889588,20,,Aggregated,2.700000,0.000000,3300,4100,4900,5300,7100,10000,21000,41000,812000,865000,865000,2278,1,3300,9045.808060450037,1041.7970520011295,865440.1779174805,371.6273046532046
1789889589,20,,Aggregated,2.700000,0.000000,3300,4100,4900,5300,7100,10000,21000,41000,812000,865000,865000,2278,1,3300,9045.808060450037,1041.7970520011295,865440.1779174805,371.6273046532046
1789889590,20,,Aggregated,2.700000,0.000000,3300,4100,4900,5300,7100,10000,21000,41000,812000,865000,865000,2280,1,3300,9040.346354761487,1041.7970520011295,865440.1779174805,371.51184210526316
1789889591,20,,Aggregated,3.000000,0.000000,3300,4100,4900,5300,7100,10000,21000,41000,812000,865000,865000,2283,1,3300,9031.369980419704,1041.7970520011295,865440.1779174805,371.3153745072273
1789889592,20,,Aggregated,2.800000,0.000000,3300,4100,4900,5300,7100,10000,21000,41000,812000,865000,865000,2284,1,3300,9028.519012553057,1041.7970520011295,865440.1779174805,371.25
1789889593,20,,Aggregated,2.300000,0.000000,3300,4100,4900,5300,7100,10000,21000,41000,812000,865000,865000,2287,1,3300,9020.543851646342,1041.7970520011295,865440.1779174805,371.0542195015304
1789889594,20,,Aggregated,2.500000,0.000000,3300,4100,4900,5300,7100,10000,21000,41000,812000,865000,865000,2290,1,3300,9012.569328937197,1041.7970520011295,865440.1779174805,370.8589519650655
1789889595,20,,Aggregated,2.500000,0.000000,3200,4100,4900,5300,7100,10000,21000,41000,812000,865000,865000,2291,1,3200,9009.99987125892,1041.7970520011295,865440.1779174805,370.809690091663
1789889596,20,,Aggregated,2.500000,0.000000,3300,4100,4900,5300,7100,10000,21000,41000,812000,865000,865000,2295,1,3300,9001.695476329494,1041.7970520011295,865440.1779174805,370.56601307189544
1789889597,20,,Aggregated,2.900000,0.000000,3300,4100,4900,5300,7100,10000,21000,41000,812000,865000,865000,2298,1,3300,8995.486943355609,1041.7970520011295,865440.1779174805,370.3720626631854
1789889598,20,,Aggregated,2.400000,0.000000,3300,4100,4900,5300,7100,10000,21000,41000,812000,865000,865000,2299,1,3300,8993.832460236272,1041.7970520011295,865440.1779174805,370.3075250108743
1789889599,20,,Aggregated,2.400000,0.000000,3300,4100,4900,5300,7100,10000,21000,41000,812000,865000,865000,2300,1,3300,8991.490039788341,1041.7970520011295,865440.1779174805,370.2586956521739
1789889600,20,,Aggregated,2.400000,0.000000,3300,4100,4900,5300,7100,10000,21000,41000,812000,865000,865000,2300,1,3300,8991.490039788341,1041.7970520011295,865440.1779174805,370.2586956521739
1789889601,20,,Aggregated,2.400000,0.000000,3300,4100,4900,5300,7100,10000,21000,39000,812000,865000,865000,2302,1,3300,8987.876057513115,1041.7970520011295,865440.1779174805,370.12988705473504
1789889602,20,,Aggregated,2.200000,0.000000,3300,4100,4900,5300,7100,10000,21000,39000,812000,865000,865000,2306,1,3300,8980.991861545617,1041.7970520011295,865440.1779174805,369.8729401561145
1789889603,20,,Aggregated,2.200000,0.000000,3300,4100,4900,5300,7000,10000,21000,39000,812000,865000,865000,2311,1,3300,8971.187350183987,1041.7970520011295,865440.1779174805,369.5530073561229
1789889604,20,,Aggregated,1.900000,0.000000,3300,4100,4900,5300,7000,10000,21000,39000,812000,865000,865000,2313,1,3300,8966.31536660017,1041.7970520011295,865440.1779174805,369.4409857328145
1789889605,20,,Aggregated,2.200000,0.000000,3300,4100,4900,5300,7000,10000,21000,39000,812000,865000,865000,2317,1,3300,8955.926743376862,1041.7970520011295,865440.1779174805,369.18644799309453
1789889606,20,,Aggregated,2.400000,0.000000,3300,4100,4900,5300,7000,10000,21000,39000,812000,865000,865000,2320,1,3300,8949.320189900081,1041.7970520011295,865440.1779174805,369.0271551724138
1789889607,20,,Aggregated,2.400000,0.000000,3300,4100,4900,5300,7000,10000,21000,39000,812000,865000,865000,2320,1,3300,8949.320189900081,1041.7970520011295,865440.1779174805,369.0271551724138
1789889608,20,,Aggregated,2.600000,0.000000,3300,4100,4900,5300,7000,10000,21000,39000,812000,865000,865000,2321,1,3300,8946.828855246957,1041.7970520011295,865440.1779174805,368.9638087031452
1789889609,20,,Aggregated,2.500000,0.000000,3300,4100,4900,5300,7000,10000,21000,39000,812000,865000,865000,2327,1,3300,8929.36948319389,1041.7970520011295,865440.1779174805,368.58487322733134
1789889610,20,,Aggregated,2.200000,0.000000,3300,4100,4900,5300,7000,10000,21000,39000,812000,865000,865000,2332,1,3300,8914.15466695891,1041.7970520011295,865440.1779174805,368.2705831903945
1789889611,20,,Aggregated,2.300000,0.000000,3300,4100,4900,5300,7000,10000,21000,39000,812000,865000,865000,2335,1,3300,8904.81911832213,1041.7970520011295,865440.1779174805,368.09807280513917
1789889612,20,,Aggregated,2.800000,0.000000,3200,4100,4900,5300,7000,10000,21000,39000,812000,865000,865000,2338,1,3200,8895.35649935636,1041.7970520011295,865440.1779174805,367.91060735671516
1789889613,20,,Aggregated,3.000000,0.000000,3200,4100,4900,5300,7000,10000,21000,39000,812000,865000,865000,2341,1,3200,8886.18168539435,1041.7970520011295,865440.1779174805,367.754378470739
1789889614,20,,Aggregated,3.000000,0.000000,3200,4100,4900,5300,7000,10000,21000,39000,812000,865000,865000,2341,1,3200,8886.18168539435,1041.7970520011295,865440.1779174805,367.754378470739
1789889615,20,,Aggregated,3.400000,0.000000,3200,4100,4900,5300,7000,10000,21000,39000,812000,865000,865000,2343,1,3200,8879.68391527664,1041.7970520011295,865440.1779174805,367.62996158770807
1789889616,20,,Aggregated,3.000000,0.000000,3200,4100,4900,5300,7000,10000,21000,39000,812000,865000,865000,2347,1,3200,8867.563098264238,1041.7970520011295,865440.1779174805,367.3817639539838
1789889617,20,,Aggregated,2.700000,0.000000,3200,4100,4900,5300,7000,10000,20000,39000,812000,865000,865000,2352,1,3200,8853.216585913337,1041.7970520011295,865440.1779174805,367.07270408163265
1789889618,20,,Aggregated,2.600000,0.000000,3200,4100,4900,5300,7000,10000,20000,39000,812000,865000,865000,2356,1,3200,8841.735130469935,1041.7970520011295,865440.1779174805,366.84168081494056
1789889619,20,,Aggregated,2.800000,0.000000,3200,4100,4900,5300,7000,10000,20000,39000,812000,865000,865000,2358,1,3200,8836.113222461056,1041.7970520011295,865440.1779174805,366.7188295165394
1789889620,20,,Aggregated,3.200000,0.000000,3200,4000,4900,5300,6900,10000,20000,39000,812000,865000,865000,2361,1,3200,8827.496054446068,1041.7970520011295,865440.1779174805,366.5637441761965
1789889621,20,,Aggregated,3.400000,0.000000,3200,4000,4900,5300,6900,10000,20000,39000,812000,865000,865000,2362,1,3200,8824.345866323103,1041.7970520011295,865440.1779174805,366.5025402201524
1789889622,20,,Aggregated,3.100000,0.000000,3200,4000,4900,5300,6900,10000,20000,39000,812000,865000,865000,2364,1,3200,8817.923140231036,1041.7970520011295,865440.1779174805,366.38028764805415
1789889623,20,,Aggregated,2.900000,0.000000,3200,4000,4900,5300,6900,10000,20000,39000,812000,865000,865000,2366,1,3200,8811.766633568117,1041.7970520011295,865440.1779174805,366.25824175824175
1789889624,20,,Aggregated,2.700000,0.000000,3200,4000,4900,5300,6900,10000,20000,39000,812000,865000,865000,2370,1,3200,8800.726249166737,1041.7970520011295,865440.1779174805,366.01476793248946
1789889625,20,,Aggregated,2.400000,0.000000,3200,4000,4900,5300,6900,10000,20000,39000,812000,865000,865000,2374,1,3200,8790.360428205211,1041.7970520011295,865440.1779174805,365.7872788542544
1789889626,20,,Aggregated,2.600000,0.000000,3200,4000,4800,5300,6900,10000,20000,39000,812000,865000,865000,2378,1,3200,8779.01621419099,1041.7970520011295,865440.1779174805,365.54541631623215
1789889627,20,,Aggregated,3.100000,0.000000,3200,4000,4800,5300,6900,10000,20000,39000,812000,865000,865000,2380,1,3200,8773.358974766878,1041.7970520011295,865440.1779174805,365.43991596638654
1789889628,20,,Aggregated,3.200000,0.000000,3200,4000,4800,5300,6900,10000,20000,39000,812000,865000,865000,2382,1,3200,8767.177259201584,1041.7970520011295,865440.1779174805,365.33123425692696
1789889629,20,,Aggregated,3.000000,0.000000,3200,4000,4800,5300,6900,10000,21000,41000,851000,889000,889000,2385,1,3200,9131.350019002899,1041.7970520011295,888914.9343967438,371.8335429769392
1789889630,20,,Aggregated,2.800000,0.000000,3200,4000,4800,5300,6900,10000,21000,41000,851000,889000,889000,2389,1,3200,9118.586236945132,1041.7970520011295,888914.9343967438,371.5826705734617
1789889631,20,,Aggregated,2.800000,0.000000,3200,4000,4800,5300,6900,10000,21000,41000,851000,889000,889000,2389,1,3200,9118.586236945132,1041.7970520011295,888914.9343967438,371.5826705734617
1789889632,20,,Aggregated,2.800000,0.000000,3200,4000,4800,5300,6900,10000,21000,41000,851000,889000,889000,2389,1,3200,9118.586236945132,1041.7970520011295,888914.9343967438,371.5826705734617
1789889633,20,,Aggregated,2.800000,0.000000,3200,4000,4800,5300,6900,10000,21000,41000,851000,889000,889000,2394,1,3200,9106.637022313667,1041.7970520011295,888914.9343967438,371.22514619883043
1789889634,20,,Aggregated,2.700000,0.000000,3200,4000,4800,5300,6900,10000,21000,41000,851000,889000,889000,2399,1,3200,9095.051992062496,1041.7970520011295,888914.9343967438,370.91413088786993
1789889635,20,,Aggregated,2.600000,0.000000,3200,4000,4800,5300,6900,10000,20000,39000,851000,889000,889000,2404,1,3200,9082.567801950885,1041.7970520011295,888914.9343967438,370.63435940099833
1789889636,20,,Aggregated,2.700000,0.000000,3200,4000,4800,5300,6900,10000,20000,39000,851000,889000,889000,2407,1,3200,9073.587519371804,1041.7970520011295,888914.9343967438,370.44910677191524
1789889637,20,,Aggregated,2.700000,0.000000,3200,4000,4800,5300,6900,10000,20000,39000,851000,889000,889000,2410,1,3200,9064.606957886694,1041.7970520011295,888914.9343967438,370.2643153526971
1789889638,20,,Aggregated,2.700000,0.000000,3200,4000,4800,5300,6900,10000,20000,39000,851000,889000,889000,2410,1,3200,9064.606957886694,1041.7970520011295,888914.9343967438,370.2643153526971
1789889639,20,,Aggregated,2.900000,0.000000,3200,4000,4800,5200,6900,10000,20000,39000,851000,889000,889000,2413,1,3200,9055.143634960186,1041.7970520011295,888914.9343967438,370.09490261085784
1789889640,20,,Aggregated,3.000000,0.000000,3200,4000,4800,5200,6900,10000,20000,39000,851000,889000,889000,2415,1,3200,9049.320164268296,1041.7970520011295,888914.9343967438,369.97225672877846
1789889641,20,,Aggregated,2.800000,0.000000,3200,4000,4800,5200,6900,10000,20000,39000,851000,889000,889000,2418,1,3200,9040.390013382106,1041.7970520011295,888914.9343967438,369.7886683209264
1789889642,20,,Aggregated,2.800000,0.000000,3200,4000,4800,5200,6900,10000,20000,39000,851000,889000,889000,2423,1,3200,9026.258280536498,1041.7970520011295,888914.9343967438,369.49855550969875
1789889643,20,,Aggregated,2.800000,0.000000,3200,4000,4800,5200,6900,10000,20000,39000,851000,889000,889000,2427,1,3200,9014.99509851707,1041.7970520011295,888914.9343967438,369.2702925422332
1789889644,20,,Aggregated,2.900000,0.000000,3200,4000,4800,5200,6900,10000,20000,39000,851000,889000,889000,2431,1,3200,9002.911824440533,1041.7970520011295,888914.9343967438,369.02797202797206
1789889645,20,,Aggregated,3.300000,0.000000,3200,4000,4800,5200,6900,10000,20000,39000,851000,889000,889000,2432,1,3200,8999.726983715844,1041.7970520011295,888914.9343967438,368.96751644736844
1789889646,20,,Aggregated,3.400000,0.000000,3200,4000,4800,5200,6900,10000,20000,39000,851000,889000,889000,2434,1,3200,8993.58881961994,1041.7970520011295,888914.9343967438,368.8615447822514
1789889647,20,,Aggregated,3.200000,0.000000,3200,4000,4800,5200,6900,10000,20000,39000,851000,889000,889000,2436,1,3200,8987.238797360402,1041.7970520011295,888914.9343967438,368.7409688013136
1789889648,20,,Aggregated,2.800000,0.000000,3200,4000,4800,5200,6800,10000,20000,39000,851000,889000,889000,2441,1,3200,8973.096741954909,1041.7970520011295,888914.9343967438,368.440393281442
1789889649,20,,Aggregated,2.700000,0.000000,3200,4000,4800,5200,6800,10000,20000,39000,851000,889000,889000,2446,1,3200,8958.672774634886,1041.7970520011295,888914.9343967438,368.1557645134914
1789889650,20,,Aggregated,2.700000,0.000000,3200,4000,4800,5200,6800,10000,20000,39000,851000,889000,889000,2447,1,3200,8955.929529728211,1041.7970520011295,888914.9343967438,368.11074785451575
1789889651,20,,Aggregated,3.100000,0.000000,3200,4000,4800,5200,6800,10000,20000,39000,851000,889000,889000,2451,1,3200,8944.77722392572,1041.7970520011295,888914.9343967438,367.8722970216238
1789889652,20,,Aggregated,3.300000,0.000000,3100,4000,4800,5200,6800,10000,20000,39000,851000,889000,889000,2455,1,3100,8932.815987375532,1041.7970520011295,888914.9343967438,367.6492871690428
1789889653,20,,Aggregated,3.200000,0.000000,3100,4000,4800,5200,6800,10000,20000,39000,851000,889000,889000,2457,1,3100,8926.599967170097,1041.7970520011295,888914.9343967438,367.53072853072854
1789889654,20,,Aggregated,3.200000,0.000000,3100,4000,4800,5200,6800,10000,20000,39000,851000,889000,889000,2457,1,3100,8926.599967170097,1041.7970520011295,888914.9343967438,367.53072853072854
1789889655,20,,Aggregated,3.200000,0.000000,3100,4000,4800,5200,6800,10000,20000,39000,851000,889000,889000,2460,1,3100,8917.798144579649,1041.7970520011295,888914.9343967438,367.35325203252034
1789889656,20,,Aggregated,2.900000,0.000000,3100,4000,4800,5200,6800,10000,20000,39000,851000,889000,889000,2464,1,3100,8906.927694061662,1041.7970520011295,888914.9343967438,367.13189935064935
1789889657,20,,Aggregated,2.600000,0.000000,3100,4000,4800,5200,6800,10000,20000,39000,851000,889000,889000,2467,1,3100,8899.766115969978,1041.7970520011295,888914.9343967438,366.9554114308877
1789889658,20,,Aggregated,2.800000,0.000000,3100,4000,4700,5200,6800,10000,20000,39000,851000,889000,889000,2471,1,3100,8889.173331428547,1041.7970520011295,888914.9343967438,366.7353298259814
1789889659,20,,Aggregated,3.000000,0.000000,3100,3900,4700,5200,6800,10000,20000,39000,851000,889000,889000,2474,1,3100,8881.133240414283,1041.7970520011295,888914.9343967438,366.57275666936135
1789889660,20,,Aggregated,3.100000,0.000000,3100,3900,4700,5200,6800,10000,20000,39000,851000,889000,889000,2478,1,3100,8869.872881192066,1041.7970520011295,888914.9343967438,366.33938660209844
1789889661,20,,Aggregated,3.000000,0.000000,3100,3900,4700,5200,6800,10000,20000,39000,851000,889000,889000,2480,1,3100,8863.743599123361,1041.7970520011295,888914.9343967438,366.22298387096777
1789889662,20,,Aggregated,2.900000,0.000000,3100,3900,4700,5200,6800,10000,20000,39000,851000,889000,889000,2485,1,3100,8848.728924756517,1041.7970520011295,888914.9343967438,365.94728370221327
1789889663,20,,Aggregated,2.900000,0.000000,3100,3900,4700,5200,6800,10000,20000,39000,851000,889000,889000,2485,1,3100,8848.728924756517,1041.7970520011295,888914.9343967438,365.94728370221327
1789889664,20,,Aggregated,2.800000,0.000000,3100,3900,4700,5200,6800,10000,20000,39000,851000,889000,889000,2490,1,3100,8833.836614922066,1041.7970520011295,888914.9343967438,365.68393574297187
1789889665,20,,Aggregated,3.000000,0.000000,3100,3900,4700,5200,6800,10000,20000,39000,851000,889000,889000,2493,1,3100,8824.832898753688,1041.7970520011295,888914.9343967438,365.51103088648216
1789889666,20,,Aggregated,2.800000,0.000000,3100,3900,4700,5200,6800,10000,20000,39000,851000,889000,889000,2496,1,3100,8815.910167983151,1041.7970520011295,888914.9343967438,365.3385416666667
1789889667,20,,Aggregated,3.300000,0.000000,3100,3900,4700,5200,6800,10000,20000,41000,851000,889000,889000,2500,1,3100,9137.19383231758,1041.7970520011295,888914.9343967438,373.3464
1789889668,20,,Aggregated,3.300000,0.000000,3100,3900,4700,5200,6800,10000,20000,39000,851000,889000,889000,2502,1,3100,9131.017718797742,1041.7970520011295,888914.9343967438,373.2254196642686
1789889669,20,,Aggregated,3.300000,0.000000,3100,3900,4700,5200,6800,10000,20000,39000,851000,889000,889000,2503,1,3100,9127.934078252476,1041.7970520011295,888914.9343967438,373.1650019976029
1789889670,20,,Aggregated,3.300000,0.000000,3100,3900,4700,5200,6800,10000,20000,39000,851000,889000,889000,2503,1,3100,9127.934078252476,1041.7970520011295,888914.9343967438,373.1650019976029
1789889671,20,,Aggregated,3.100000,0.000000,3100,3900,4700,5200,6800,10000,20000,39000,851000,889000,889000,2507,1,3100,9118.634245187453,1041.7970520011295,888914.9343967438,372.8807339449541
1789889672,20,,Aggregated,2.800000,0.000000,3100,3900,4700,5200,6800,10000,20000,39000,851000,889000,889000,2512,1,3100,9105.27815150197,1041.7970520011295,888914.9343967438,372.609076433121
1789889673,20,,Aggregated,2.500000,0.000000,3100,3900,4700,5200,6800,10000,20000,39000,851000,889000,889000,2516,1,3100,9096.044954113653,1041.7970520011295,888914.9343967438,372.3696343402226
1789889674,20,,Aggregated,2.700000,0.000000,3100,3900,4700,5200,6800,10000,20000,39000,851000,889000,889000,2521,1,3100,9082.447643301846,1041.7970520011295,888914.9343967438,372.0714002380008
1789889675,20,,Aggregated,2.700000,0.000000,3100,3900,4700,5200,6800,10000,20000,39000,851000,889000,889000,2524,1,3100,9073.766987185798,1041.7970520011295,888914.9343967438,371.8930269413629
1789889676,20,,Aggregated,2.700000,0.000000,3100,3900,4700,5200,6800,10000,20000,39000,851000,889000,889000,2524,1,3100,9073.766987185798,1041.7970520011295,888914.9343967438,371.8930269413629
1789889677,20,,Aggregated,3.200000,0.000000,3100,3900,4700,5200,6800,10000,20000,39000,851000,889000,889000,2527,1,3100,9064.6449859521,1041.7970520011295,888914.9343967438,371.7293233082707
1789889678,20,,Aggregated,3.100000,0.000000,3100,3900,4700,5200,6800,10000,20000,39000,851000,889000,889000,2529,1,3100,9058.85147471647,1041.7970520011295,888914.9343967438,371.62514827995255
1789889679,20,,Aggregated,2.700000,0.000000,3100,3900,4700,5200,6800,10000,20000,39000,851000,889000,889000,2530,1,3100,9055.992760140693,1041.7970520011295,888914.9343967438,371.56600790513835
1789889680,20,,Aggregated,2.700000,0.000000,3100,3900,4700,5200,6700,10000,20000,39000,851000,889000,889000,2535,1,3100,9043.349411652842,1041.7970520011295,888914.9343967438,371.2852071005917
1789889681,20,,Aggregated,2.700000,0.000000,3100,3900,4700,5200,6700,10000,20000,39000,851000,889000,889000,2540,1,3100,9030.380394289354,1041.7970520011295,888914.9343967438,370.99133858267714
1789889682,20,,Aggregated,2.700000,0.000000,3100,3900,4700,5100,6700,10000,20000,39000,851000,889000,889000,2545,1,3100,9017.371503183484,1041.7970520011295,888914.9343967438,370.69862475442045
1789889683,20,,Aggregated,3.200000,0.000000,3100,3900,4700,5100,6700,10000,20000,39000,851000,889000,889000,2547,1,3100,9011.242596191192,1041.7970520011295,888914.9343967438,370.5959952885748
1789889684,20,,Aggregated,3.300000,0.000000,3100,3900,4700,5100,6700,10000,20000,39000,851000,889000,889000,2548,1,3100,9008.276046009405,1041.7970520011295,888914.9343967438,370.5376766091052
1789889685,20,,Aggregated,3.300000,0.000000,3100,3900,4700,5100,6700,10000,20000,39000,851000,889000,889000,2550,1,3100,9002.293666553713,1041.7970520011295,888914.9343967438,370.43529411764706
1789889686,20,,Aggregated,3.000000,0.000000,3100,3900,4700,5100,6700,10000,20000,39000,851000,889000,889000,2554,1,3100,8990.03138603601,1035.5315070009965,888914.9343967438,370.21691464369616
1789889687,20,,Aggregated,2.600000,0.000000,3100,3900,4700,5100,6700,10000,20000,39000,851000,889000,889000,2558,1,3100,8978.673094519143,1035.5315070009965,888914.9343967438,369.9851446442533
1789889688,20,,Aggregated,2.600000,0.000000,3100,3900,4600,5100,6700,10000,20000,39000,851000,889000,889000,2561,1,3100,8970.437760748915,1035.5315070009965,888914.9343967438,369.81179226864504
1789889689,20,,Aggregated,3.000000,0.000000,3100,3900,4600,5100,6700,10000,20000,39000,851000,889000,889000,2565,1,3100,8959.202017128255,1035.5315070009965,888914.9343967438,369.5812865497076
1789889690,20,,Aggregated,3.200000,0.000000,3100,3900,4600,5100,6700,10000,20000,39000,851000,889000,889000,2568,1,3100,8950.845536365645,1035.5315070009965,888914.9343967438,369.42289719626166
1789889691,20,,Aggregated,3.200000,0.000000,3100,3900,4600,5100,6700,10000,20000,39000,851000,889000,889000,2571,1,3100,8942.083276333713,1035.5315070009965,888914.9343967438,369.2648774795799
1789889692,20,,Aggregated,3.500000,0.000000,3100,3900,4600,5100,6700,10000,20000,39000,851000,889000,889000,2573,1,3100,8936.070747473368,1035.5315070009965,888914.9343967438,369.16439953361834
1789889693,20,,Aggregated,3.300000,0.000000,3100,3900,4600,5100,6700,10000,20000,39000,851000,889000,889000,2575,1,3100,8930.322096954555,1035.5315070009965,888914.9343967438,369.0500970873786
1789889694,20,,Aggregated,3.100000,0.000000,3100,3900,4600,5100,6700,10000,20000,39000,851000,889000,889000,2580,1,3100,8916.28383354689,1035.5315070009965,888914.9343967438,368.7651162790698
1789889696,20,,Aggregated,2.800000,0.000000,3100,3900,4600,5100,6700,9900,20000,39000,851000,889000,889000,2584,1,3100,8905.120153934975,1035.5315070009965,888914.9343967438,368.5379256965944
1789889697,20,,Aggregated,2.800000,0.000000,3100,3900,4600,5100,6700,9900,20000,39000,851000,889000,889000,2587,1,3100,8896.56893453961,1035.5315070009965,888914.9343967438,368.3803633552377
1789889698,20,,Aggregated,3.200000,0.000000,3100,3900,4600,5100,6600,9900,20000,39000,851000,889000,889000,2591,1,3100,8884.967026761859,1035.5315070009965,888914.9343967438,368.16827479737555
1789889699,20,,Aggregated,3.400000,0.000000,3100,3900,4600,5100,6600,9900,20000,39000,851000,889000,889000,2594,1,3100,8876.21232548727,1035.5315070009965,888914.9343967438,368.0131071703932
1789889700,20,,Aggregated,3.300000,0.000000,3100,3900,4600,5100,6600,9900,20000,39000,851000,889000,889000,2595,1,3100,8873.429867011551,1035.5315070009965,888914.9343967438,367.95684007707126
1789889701,20,,Aggregated,3.200000,0.000000,3100,3900,4600,5100,6600,9900,20000,39000,851000,889000,889000,2599,1,3100,8861.912824194682,1035.5315070009965,888914.9343967438,367.73220469411314
1789889702,20,,Aggregated,3.300000,0.000000,3000,3900,4600,5100,6600,9900,19000,37000,851000,889000,889000,2603,1,3000,8850.879273842866,1035.5315070009965,888914.9343967438,367.5082597003458
1789889703,20,,Aggregated,3.000000,0.000000,3000,3900,4600,5100,6600,9900,19000,37000,851000,889000,889000,2606,1,3000,8842.554991154251,1035.5315070009965,888914.9343967438,367.3407521105142
1789889704,20,,Aggregated,3.100000,0.000000,3000,3900,4600,5100,6600,9900,19000,37000,851000,889000,889000,2609,1,3000,8834.244856433876,1035.5315070009965,888914.9343967438,367.1736297431966
1789889705,20,,Aggregated,3.200000,0.000000,3000,3900,4600,5100,6600,9900,19000,37000,851000,889000,889000,2611,1,3000,8828.566061185362,1035.5315070009965,888914.9343967438,367.07621600919185
1789889706,20,,Aggregated,3.300000,0.000000,3000,3900,4600,5100,6600,9900,20000,39000,851000,889000,889000,2616,1,3000,9139.661890945503,1035.5315070009965,888914.9343967438,374.34977064220186
1789889707,20,,Aggregated,3.300000,0.000000,3000,3900,4600,5100,6600,9900,20000,39000,851000,889000,889000,2616,1,3000,9139.661890945503,1035.5315070009965,888914.9343967438,374.34977064220186
1789889708,20,,Aggregated,3.300000,0.000000,3000,3900,4600,5100,6600,9900,20000,39000,851000,889000,889000,2616,1,3000,9139.661890945503,1035.5315070009965,888914.9343967438,374.34977064220186
1789889709,20,,Aggregated,3.200000,0.000000,3000,3900,4600,5100,6600,9900,20000,39000,851000,889000,889000,2620,1,3000,9130.33935274406,1035.5315070009965,888914.9343967438,374.07595419847326
1789889710,20,,Aggregated,2.900000,0.000000,3000,3900,4600,5100,6600,9900,20000,39000,851000,889000,889000,2623,1,3000,9123.486705487014,1035.5315070009965,888914.9343967438,373.902020587114
1789889711,20,,Aggregated,2.500000,0.000000,3000,3800,4600,5100,6600,9900,20000,39000,851000,889000,889000,2627,1,3000,9114.07126534733,1035.5315070009965,888914.9343967438,373.6707270650933
1789889712,20,,Aggregated,2.600000,0.000000,3000,3800,4600,5100,6600,9900,20000,39000,851000,889000,889000,2632,1,3000,9102.951306163917,1035.5315070009965,888914.9343967438,373.39627659574467
1789889713,20,,Aggregated,2.800000,0.000000,3000,3800,4600,5100,6600,9900,20000,39000,851000,889000,889000,2637,1,3000,9090.079028373693,1035.5315070009965,888914.9343967438,373.12286689419795
1789889714,20,,Aggregated,2.800000,0.000000,3000,3800,4600,5100,6600,9900,20000,39000,851000,889000,889000,2637,1,3000,9090.079028373693,1035.5315070009965,888914.9343967438,373.12286689419795
1789889715,20,,Aggregated,2.900000,0.000000,3000,3800,4600,5100,6600,9900,20000,39000,851000,889000,889000,2640,1,3000,9081.120599949407,1035.5315070009965,888914.9343967438,372.9647727272727
1789889716,20,,Aggregated,2.900000,0.000000,3000,3800,4600,5100,6600,9900,20000,39000,851000,889000,889000,2640,1,3000,9081.120599949407,1035.5315070009965,888914.9343967438,372.9647727272727
1789889717,20,,Aggregated,2.800000,0.000000,3000,3800,4600,5100,6600,9800,20000,39000,851000,889000,889000,2643,1,3000,9072.690215908224,1035.5315070009965,888914.9343967438,372.7934165720772
1789889718,20,,Aggregated,2.900000,0.000000,3000,3800,4600,5100,6600,9800,20000,39000,851000,889000,889000,2647,1,3000,9062.485141583089,1035.5315070009965,888914.9343967438,372.56554590102
1789889719,20,,Aggregated,2.400000,0.000000,3000,3800,4600,5100,6600,9800,19000,39000,851000,889000,889000,2652,1,3000,9050.20734762573,1035.5315070009965,888914.9343967438,372.2816742081448
1789889720,20,,Aggregated,2.700000,0.000000,3000,3800,4600,5100,6600,9800,19000,39000,851000,889000,889000,2655,1,3000,9042.593266625401,1035.5315070009965,888914.9343967438,372.13898305084746
1789889721,20,,Aggregated,3.100000,0.000000,3000,3800,4600,5100,6600,9800,19000,39000,851000,889000,889000,2657,1,3000,9037.805151358463,1035.5315070009965,888914.9343967438,372.02596913812573
1789889722,20,,Aggregated,3.200000,0.000000,3000,3800,4600,5100,6600,9700,19000,39000,851000,889000,889000,2661,1,3000,9026.792877508244,1035.5315070009965,888914.9343967438,371.8139797068771
1789889723,20,,Aggregated,3.000000,0.000000,3000,3800,4600,5100,6600,9700,19000,39000,851000,889000,889000,2664,1,3000,9018.441505723888,1035.5315070009965,888914.9343967438,371.64527027027026
1789889724,20,,Aggregated,3.000000,0.000000,3000,3800,4600,5100,6600,9700,19000,39000,851000,889000,889000,2665,1,3000,9015.456259611421,1035.5315070009965,888914.9343967438,371.5891181988743
1789889725,20,,Aggregated,2.900000,0.000000,3000,3800,4600,5100,6600,9700,19000,39000,851000,889000,889000,2668,1,3000,9007.000348018155,1035.5315070009965,888914.9343967438,371.4209145427286
1789889726,20,,Aggregated,2.500000,0.000000,3000,3800,4600,5100,6600,9700,19000,39000,851000,889000,889000,2671,1,3000,8999.357925347975,1035.5315070009965,888914.9343967438,371.2530887308124
1789889727,20,,Aggregated,2.800000,0.000000,3000,3800,4600,5100,6600,9700,19000,39000,851000,889000,889000,2675,1,3000,8989.333675887267,1035.5315070009965,888914.9343967438,371.05682242990656
1789889728,20,,Aggregated,2.800000,0.000000,3000,3800,4600,5100,6600,9700,19000,39000,851000,889000,889000,2678,1,3000,8981.879643780223,1035.5315070009965,888914.9343967438,370.8898431665422
1789889729,20,,Aggregated,3.100000,0.000000,3000,3800,4600,5100,6500,9600,19000,39000,851000,889000,889000,2682,1,3000,8971.195231834243,1035.5315070009965,888914.9343967438,370.68120805369125
1789889730,20,,Aggregated,3.100000,0.000000,3000,3800,4500,5100,6500,9600,19000,39000,851000,889000,889000,2686,1,3000,8960.254666930172,1035.5315070009965,888914.9343967438,370.4597915115413
1789889731,20,,Aggregated,3.100000,0.000000,3000,3800,4500,5100,6500,9600,19000,39000,851000,889000,889000,2688,1,3000,8954.560382321964,1035.5315070009965,888914.9343967438,370.34933035714283
1789889732,20,,Aggregated,3.000000,0.000000,3000,3800,4500,5100,6500,9600,19000,39000,851000,889000,889000,2691,1,3000,8946.113633138775,1035.5315070009965,888914.9343967438,370.18394648829434
1789889733,20,,Aggregated,3.100000,0.000000,3000,3800,4500,5100,6500,9600,19000,39000,851000,889000,889000,2696,1,3000,8932.247857449716,1035.5315070009965,888914.9343967438,369.9358308605341
1789889734,20,,Aggregated,3.100000,0.000000,3000,3800,4500,5100,6500,9600,19000,39000,851000,889000,889000,2698,1,3000,8926.739322149902,1035.5315070009965,888914.9343967438,369.82616753150484
1789889735,20,,Aggregated,3.100000,0.000000,3000,3800,4500,5100,6500,9600,19000,37000,851000,889000,889000,2702,1,3000,8915.548785325476,1035.5315070009965,888914.9343967438,369.62065136935604
1789889736,20,,Aggregated,3.300000,0.000000,3000,3800,4500,5100,6500,9600,19000,37000,851000,889000,889000,2705,1,3000,8907.254272988333,1035.5315070009965,888914.9343967438,369.45693160813306
1789889737,20,,Aggregated,3.300000,0.000000,3000,3800,4500,5000,6500,9600,19000,37000,851000,889000,889000,2709,1,3000,8896.344557277016,1035.5315070009965,888914.9343967438,369.2392026578073
1789889738,20,,Aggregated,3.300000,0.000000,3000,3800,4500,5000,6500,9600,19000,37000,851000,889000,889000,2711,1,3000,8890.655665291568,1035.5315070009965,888914.9343967438,369.1305791220952
1789889739,20,,Aggregated,3.300000,0.000000,3000,3800,4500,5000,6500,9600,19000,37000,851000,889000,889000,2713,1,3000,8885.037897138385,1035.5315070009965,888914.9343967438,369.0221157390343
1789889740,20,,Aggregated,3.300000,0.000000,3000,3800,4500,5000,6500,9600,19000,37000,851000,889000,889000,2715,1,3000,8879.398319830732,1035.5315070009965,888914.9343967438,368.9270718232044
1789889741,20,,Aggregated,3.300000,0.000000,3000,3800,4500,5000,6500,9600,19000,37000,851000,889000,889000,2719,1,3000,8868.84972292734,1035.5315070009965,888914.9343967438,368.72416329532916
1789889742,20,,Aggregated,3.100000,0.000000,2900,3800,4500,5000,6500,9500,19000,37000,851000,889000,889000,2722,1,2900,8861.177521848434,1035.5315070009965,888914.9343967438,368.57567964731817
1789889743,20,,Aggregated,3.000000,0.000000,2900,3800,4500,5000,6500,9500,19000,37000,851000,889000,889000,2726,1,2900,8850.572332738238,1035.5315070009965,888914.9343967438,368.3606016140866
1789889744,20,,Aggregated,3.100000,0.000000,2900,3800,4500,5000,6500,9500,19000,37000,851000,889000,889000,2729,1,2900,8842.493729946293,1035.5315070009965,888914.9343967438,368.19970685232687
1789889745,20,,Aggregated,3.200000,0.000000,2900,3800,4500,5000,6500,9500,19000,37000,851000,889000,889000,2731,1,2900,8836.984452052155,1035.5315070009965,888914.9343967438,368.0926400585866
1789889746,20,,Aggregated,3.300000,0.000000,2900,3800,4500,5000,6500,9500,19000,37000,851000,889000,889000,2735,1,2900,8826.158590255003,1035.5315070009965,888914.9343967438,367.89213893967093
1789889747,20,,Aggregated,3.100000,0.000000,2900,3800,4500,5000,6500,9500,19000,37000,851000,889000,889000,2737,1,2900,8820.714153534687,1035.5315070009965,888914.9343967438,367.7855316039459
1789889748,20,,Aggregated,3.100000,0.000000,2900,3800,4500,5000,6400,9400,19000,37000,851000,889000,889000,2741,1,2900,8810.31058450472,1035.5315070009965,888914.9343967438,367.5990514410799
1789889749,20,,Aggregated,3.100000,0.000000,2900,3800,4500,5000,6400,9400,19000,37000,851000,889000,889000,2744,1,2900,8802.333279158323,1035.5315070009965,888914.9343967438,367.43986880466474
1789889750,20,,Aggregated,2.900000,0.000000,2900,3800,4500,5000,6400,9400,19000,37000,851000,889000,889000,2749,1,2900,8789.211987411945,1035.5315070009965,888914.9343967438,367.17533648599493
1789889751,20,,Aggregated,3.100000,0.000000,2900,3800,4500,5000,6400,9400,19000,37000,851000,889000,889000,2751,1,2900,8783.967711751522,1035.5315070009965,888914.9343967438,367.06979280261726
1789889752,20,,Aggregated,3.100000,0.000000,2900,3800,4500,5000,6400,9400,19000,37000,851000,889000,889000,2754,1,2900,8775.89937987961,1035.5315070009965,888914.9343967438,366.9117647058824
1789889753,20,,Aggregated,3.200000,0.000000,2900,3800,4500,5000,6400,9400,19000,37000,851000,889000,889000,2755,1,2900,8773.190966521031,1035.5315070009965,888914.9343967438,366.859165154265
1789889754,20,,Aggregated,3.100000,0.000000,2900,3800,4500,5000,6400,9500,19000,39000,865000,889000,889000,2759,1,2900,9076.281799860351,1035.5315070009965,888914.9343967438,371.76332004349405
1789889755,20,,Aggregated,3.200000,0.000000,2900,3800,4500,5000,6400,9400,19000,39000,865000,889000,889000,2763,1,2900,9065.155598207279,1035.5315070009965,888914.9343967438,371.57256605139344
1789889756,20,,Aggregated,3.200000,0.000000,2900,3800,4500,5000,6400,9400,19000,39000,865000,889000,889000,2763,1,2900,9065.155598207279,1035.5315070009965,888914.9343967438,371.57256605139344
1789889757,20,,Aggregated,3.000000,0.000000,2900,3800,4500,5000,6400,9400,19000,39000,865000,889000,889000,2764,1,2900,9063.15097716234,1035.5315070009965,888914.9343967438,371.4663531114327
1789889758,20,,Aggregated,3.200000,0.000000,2900,3800,4500,5000,6400,9400,19000,39000,865000,889000,889000,2767,1,2900,9057.027537522483,1035.5315070009965,888914.9343967438,371.3144199494037
1789889759,20,,Aggregated,2.800000,0.000000,2900,3800,4500,5000,6400,9400,19000,39000,865000,889000,889000,2772,1,2900,9046.634838169806,1035.5315070009965,888914.9343967438,371.0450937950938
1789889760,20,,Aggregated,2.700000,0.000000,2900,3800,4500,5000,6400,9400,19000,39000,865000,889000,889000,2777,1,2900,9036.000653252324,1035.5315070009965,888914.9343967438,370.77673748649624
1789889761,20,,Aggregated,2.800000,0.000000,2900,3800,4500,5000,6400,9400,19000,39000,865000,889000,889000,2782,1,2900,9023.428281283503,1035.5315070009965,888914.9343967438,370.52228612508986
1789889762,20,,Aggregated,2.800000,0.000000,2900,3800,4500,5000,6400,9400,19000,39000,865000,889000,889000,2784,1,2900,9018.720004037968,1035.5315070009965,888914.9343967438,370.4285201149425
1789889763,20,,Aggregated,2.800000,0.000000,2900,3800,4500,5000,6400,9400,19000,39000,865000,889000,889000,2784,1,2900,9018.720004037968,1035.5315070009965,888914.9343967438,370.4285201149425
1789889764,20,,Aggregated,2.900000,0.000000,2900,3800,4500,5000,6400,9400,19000,39000,865000,889000,889000,2787,1,2900,9010.627505148797,1035.5315070009965,888914.9343967438,370.2816648726229
1789889765,20,,Aggregated,3.000000,0.000000,2900,3800,4500,5000,6400,9400,19000,39000,865000,889000,889000,2788,1,2900,9007.77942008705,1035.5315070009965,888914.9343967438,370.2284791965567
1789889766,20,,Aggregated,2.800000,0.000000,2900,3800,4500,5000,6400,9400,19000,39000,865000,889000,889000,2793,1,2900,8995.521583812995,1035.5315070009965,888914.9343967438,369.9631220909416
1789889767,20,,Aggregated,2.800000,0.000000,2900,3800,4400,5000,6400,9400,19000,39000,865000,889000,889000,2797,1,2900,8985.410659339183,1035.5315070009965,888914.9343967438,369.75151948516265
1789889768,20,,Aggregated,2.900000,0.000000,2900,3800,4400,5000,6400,9400,19000,37000,865000,889000,889000,2801,1,2900,8975.398289216599,1035.5315070009965,888914.9343967438,369.5533737950732
1789889769,20,,Aggregated,2.900000,0.000000,2900,3800,4400,5000,6400,9400,19000,37000,865000,889000,889000,2805,1,2900,8965.171310107198,1035.5315070009965,888914.9343967438,369.3557932263815
1789889770,20,,Aggregated,3.300000,0.000000,2900,3800,4400,5000,6400,9400,19000,37000,865000,889000,889000,2806,1,2900,8962.457186466034,1035.5315070009965,888914.9343967438,369.3032786885246
1789889771,20,,Aggregated,3.300000,0.000000,2900,3700,4400,5000,6400,9400,19000,37000,865000,889000,889000,2809,1,2900,8954.406845509679,1035.5315070009965,888914.9343967438,369.15877536489853
1789889772,20,,Aggregated,3.300000,0.000000,2900,3700,4400,5000,6400,9400,19000,37000,865000,889000,889000,2811,1,2900,8949.001024724897,1035.5315070009965,888914.9343967438,369.054073283529
1789889773,20,,Aggregated,3.000000,0.000000,2900,3700,4400,5000,6400,9400,19000,37000,865000,889000,889000,2815,1,2900,8938.562563354419,1035.5315070009965,888914.9343967438,368.8451154529307
1789889774,20,,Aggregated,2.700000,0.000000,2900,3700,4400,5000,6400,9400,19000,37000,865000,889000,889000,2820,1,2900,8926.153807394216,1035.5315070009965,888914.9343967438,368.5847517730496
1789889775,20,,Aggregated,3.000000,0.000000,2900,3700,4400,5000,6400,9400,19000,37000,865000,889000,889000,2824,1,2900,8916.18231613693,1035.5315070009965,888914.9343967438,368.4026203966006
1789889776,20,,Aggregated,3.100000,0.000000,2900,3700,4400,5000,6400,9400,19000,37000,865000,889000,889000,2826,1,2900,8910.983924449996,1035.5315070009965,888914.9343967438,368.2990092002831
1789889777,20,,Aggregated,3.100000,0.000000,2900,3700,4400,5000,6400,9400,19000,37000,865000,889000,889000,2829,1,2900,8902.995368467902,1035.5315070009965,888914.9343967438,368.1565924354896
1789889778,20,,Aggregated,3.300000,0.000000,2900,3700,4400,4900,6400,9400,19000,37000,865000,889000,889000,2832,1,2900,8895.01622111571,1035.5315070009965,888914.9343967438,368.00176553672316
1789889779,20,,Aggregated,3.200000,0.000000,2900,3700,4400,4900,6400,9400,19000,37000,865000,889000,889000,2833,1,2900,8892.439653750333,1035.5315070009965,888914.9343967438,367.9502294387575
1789889780,20,,Aggregated,3.200000,0.000000,2900,3700,4400,4900,6400,9400,19000,37000,865000,889000,889000,2837,1,2900,8881.835509982973,1035.5315070009965,888914.9343967438,367.74444836094466
1789889781,20,,Aggregated,3.200000,0.000000,2900,3700,4400,4900,6400,9400,19000,37000,865000,889000,889000,2841,1,2900,8871.512345080851,1035.5315070009965,888914.9343967438,367.53924674410416
1789889782,20,,Aggregated,2.700000,0.000000,2900,3700,4400,4900,6400,9400,19000,37000,865000,889000,889000,2845,1,2900,8861.205914150685,1035.5315070009965,888914.9343967438,367.3599297012302
1789889783,20,,Aggregated,3.200000,0.000000,2900,3700,4400,4900,6400,9400,19000,37000,865000,889000,889000,2849,1,2900,8850.822142488487,1035.5315070009965,888914.9343967438,367.1684801684802
1789889784,20,,Aggregated,3.400000,0.000000,2900,3700,4400,4900,6300,9400,18000,37000,865000,889000,889000,2853,1,2900,8840.18827884532,1035.5315070009965,888914.9343967438,366.96494917630565
1789889785,20,,Aggregated,3.400000,0.000000,2900,3700,4400,4900,6300,9400,18000,37000,865000,889000,889000,2853,1,2900,8840.18827884532,1035.5315070009965,888914.9343967438,366.96494917630565
1789889786,20,,Aggregated,3.400000,0.000000,2900,3700,4400,4900,6300,9400,18000,37000,865000,889000,889000,2855,1,2900,8834.877105965918,1035.5315070009965,888914.9343967438,366.8633975481611
1789889787,20,,Aggregated,3.300000,0.000000,2900,3700,4400,4900,6300,9400,18000,37000,865000,889000,889000,2858,1,2900,8827.289095965603,1035.5315070009965,888914.9343967438,366.7113365990203
1789889788,20,,Aggregated,3.200000,0.000000,2900,3700,4400,4900,6300,9400,18000,37000,865000,889000,889000,2863,1,2900,8815.631568326124,1035.5315070009965,888914.9343967438,366.4586098498079
1789889789,20,,Aggregated,2.900000,0.000000,2900,3700,4400,4900,6300,9400,18000,37000,865000,889000,889000,2868,1,2900,8803.671552741873,1035.5315070009965,888914.9343967438,366.2318688981869
1789889790,20,,Aggregated,3.100000,0.000000,2900,3700,4400,4900,6300,9400,18000,37000,865000,889000,889000,2870,1,2900,8799.014221120451,1035.5315070009965,888914.9343967438,366.1439024390244
1789889791,20,,Aggregated,3.100000,0.000000,2900,3700,4400,4900,6300,9400,18000,37000,865000,889000,889000,2873,1,2900,8791.461946890948,1035.5315070009965,888914.9343967438,365.99338670379393
1789889792,20,,Aggregated,3.400000,0.000000,2900,3700,4400,4900,6300,9400,18000,37000,865000,889000,889000,2875,1,2900,8786.184741475718,1035.5315070009965,888914.9343967438,365.89321739130435
1789889793,20,,Aggregated,3.200000,0.000000,2900,3700,4400,4900,6300,9400,18000,37000,865000,889000,889000,2878,1,2900,8778.337543965146,1035.5315070009965,888914.9343967438,365.74322446143157
1789889794,20,,Aggregated,3.200000,0.000000,2900,3700,4400,4900,6300,9400,18000,37000,865000,889000,889000,2880,1,2900,8773.067912214474,1035.5315070009965,888914.9343967438,365.6434027777778
1789889795,20,,Aggregated,2.800000,0.000000,2900,3700,4400,4900,6300,9300,18000,37000,865000,889000,889000,2884,1,2900,8763.04705115003,1035.5315070009965,888914.9343967438,365.45665742024966
1789889796,20,,Aggregated,2.900000,0.000000,2900,3700,4400,4900,6300,9300,18000,37000,865000,889000,889000,2888,1,2900,8753.752952248855,1035.5315070009965,888914.9343967438,365.27042936288086
1789889797,20,,Aggregated,2.900000,0.000000,2900,3700,4400,4900,6300,9300,18000,37000,865000,889000,889000,2892,1,2900,8743.617094414141,1035.5315070009965,888914.9343967438,365.0847164591978
1789889798,20,,Aggregated,2.800000,0.000000,2800,3700,4400,4900,6300,9300,18000,37000,865000,889000,889000,2895,1,2800,8736.096201251363,1035.5315070009965,888914.9343967438,364.9364421416235
1789889799,20,,Aggregated,3.200000,0.000000,2800,3700,4400,4900,6300,9300,18000,37000,865000,889000,889000,2896,1,2800,8733.479644174964,1035.5315070009965,888914.9343967438,364.88708563535914
1789889800,20,,Aggregated,3.400000,0.000000,2800,3700,4400,4900,6300,9300,18000,37000,865000,889000,889000,2900,1,2800,8723.318336584724,1035.5315070009965,888914.9343967438,364.69
1789889801,20,,Aggregated,3.400000,0.000000,2800,3700,4400,4900,6300,9300,18000,37000,865000,889000,889000,2900,1,2800,8723.318336584724,1035.5315070009965,888914.9343967438,364.69
1789889802,20,,Aggregated,3.000000,0.000000,2800,3700,4400,4900,6300,9200,18000,37000,865000,889000,889000,2904,1,2800,8713.613055119731,1035.5315070009965,888914.9343967438,364.50585399449034
1789889803,20,,Aggregated,2.700000,0.000000,2800,3700,4400,4900,6300,9200,18000,37000,865000,889000,889000,2909,1,2800,8701.958033053525,1035.5315070009965,888914.9343967438,364.2842901340667
1789889804,20,,Aggregated,2.900000,0.000000,2800,3700,4300,4900,6300,9200,18000,37000,865000,889000,889000,2914,1,2800,8690.361226549658,1035.5315070009965,888914.9343967438,364.04015099519563
1789889805,20,,Aggregated,3.200000,0.000000,2800,3700,4300,4900,6300,9200,18000,37000,865000,889000,889000,2915,1,2800,8688.10629830796,1035.5315070009965,888914.9343967438,363.99142367066895
1789889806,20,,Aggregated,3.000000,0.000000,2800,3700,4300,4900,6300,9200,18000,37000,865000,889000,889000,2918,1,2800,8680.669543545819,1035.5315070009965,888914.9343967438,363.84544208361893
1789889807,20,,Aggregated,3.000000,0.000000,2800,3700,4300,4900,6300,9200,18000,37000,865000,889000,889000,2920,1,2800,8675.732621803323,1035.5315070009965,888914.9343967438,363.7482876712329
1789889808,20,,Aggregated,3.300000,0.000000,2800,3700,4300,4900,6300,9200,18000,37000,865000,889000,889000,2922,1,2800,8670.771963729196,1035.5315070009965,888914.9343967438,363.65126625598907
1789889809,20,,Aggregated,3.300000,0.000000,2800,3700,4300,4900,6300,9200,18000,37000,865000,889000,889000,2922,1,2800,8670.771963729196,1035.5315070009965,888914.9343967438,363.65126625598907
1789889810,20,,Aggregated,2.800000,0.000000,2800,3700,4300,4900,6300,9200,18000,37000,865000,889000,889000,2926,1,2800,8661.749958521774,1035.5315070009965,888914.9343967438,363.46992481203006
1789889811,20,,Aggregated,2.600000,0.000000,2800,3700,4300,4900,6300,9200,18000,37000,865000,889000,889000,2930,1,2800,8653.09738810195,1035.5315070009965,888914.9343967438,363.2767918088737
1789889812,20,,Aggregated,2.600000,0.000000,2800,3700,4300,4900,6300,9200,18000,37000,865000,889000,889000,2930,1,2800,8653.09738810195,1035.5315070009965,888914.9343967438,363.2767918088737
1789889813,20,,Aggregated,2.600000,0.000000,2800,3700,4300,4900,6200,9200,18000,37000,865000,889000,889000,2934,1,2800,8645.33945034278,1035.5315070009965,888914.9343967438,363.0937286980232
1789889814,20,,Aggregated,2.600000,0.000000,2800,3700,4300,4900,6300,9200,18000,37000,866000,889000,889000,2940,1,2800,8932.42040094704,1035.5315070009965,888914.9343967438,369.34013605442175
1789889815,20,,Aggregated,2.600000,0.000000,2800,3700,4300,4900,6300,9200,19000,39000,866000,889000,889000,2942,1,2800,9215.54806346597,1035.5315070009965,888914.9343967438,373.54078857919785
1789889816,20,,Aggregated,2.600000,0.000000,2800,3700,4300,4900,6300,9200,19000,39000,866000,889000,889000,2942,1,2800,9215.54806346597,1035.5315070009965,888914.9343967438,373.54078857919785
1789889817,20,,Aggregated,2.800000,0.000000,2800,3700,4300,4900,6300,9200,19000,39000,866000,889000,889000,2945,1,2800,9209.940633425087,1035.5315070009965,888914.9343967438,373.3375212224109
1789889818,20,,Aggregated,2.800000,0.000000,2800,3700,4300,4900,6300,9200,19000,39000,866000,889000,889000,2946,1,2800,9207.354080040015,1035.5315070009965,888914.9343967438,373.28615071283093
1789889819,20,,Aggregated,2.800000,0.000000,2800,3700,4300,4900,6300,9200,19000,39000,866000,889000,889000,2946,1,2800,9207.354080040015,1035.5315070009965,888914.9343967438,373.28615071283093
1789889820,20,,Aggregated,2.400000,0.000000,2800,3700,4300,4900,6300,9200,18000,39000,866000,889000,889000,2951,1,2800,9200.395795656688,1035.5315070009965,888914.9343967438,372.9932226363944
1789889821,20,,Aggregated,2.400000,0.000000,2800,3700,4400,4900,6300,9200,18000,39000,866000,889000,889000,2955,1,2800,9194.747686428726,1035.5315070009965,888914.9343967438,372.78883248730966
1789889822,20,,Aggregated,2.400000,0.000000,2800,3700,4400,4900,6300,9200,18000,39000,866000,889000,889000,2956,1,2800,9192.904524044277,1035.5315070009965,888914.9343967438,372.7378213802436
1789889823,20,,Aggregated,2.300000,0.000000,2800,3700,4300,4900,6300,9200,18000,39000,866000,889000,889000,2961,1,2800,9184.266892129648,1035.5315070009965,888914.9343967438,372.4954407294833
1789889824,20,,Aggregated,2.500000,0.000000,2800,3700,4300,4900,6300,9200,18000,39000,866000,889000,889000,2966,1,2800,9174.551281610547,1035.5315070009965,888914.9343967438,372.2538772757923
1789889825,20,,Aggregated,2.600000,0.000000,2800,3700,4300,4900,6300,9200,18000,39000,866000,889000,889000,2967,1,2800,9172.100641859079,1035.5315070009965,888914.9343967438,372.2032355915066
1789889826,20,,Aggregated,2.600000,0.000000,2800,3700,4300,4900,6300,9200,18000,39000,866000,889000,889000,2970,1,2800,9164.072219780095,1035.5315070009965,888914.9343967438,372.05151515151516
1789889827,20,,Aggregated,2.500000,0.000000,2800,3700,4300,4900,6300,9200,18000,39000,866000,889000,889000,2972,1,2800,9158.839749231454,1035.5315070009965,888914.9343967438,371.9505383580081
1789889828,20,,Aggregated,2.600000,0.000000,2800,3700,4300,4900,6300,9200,18000,39000,866000,889000,889000,2976,1,2800,9149.080618530537,1035.5315070009965,888914.9343967438,371.76108870967744
1789889829,20,,Aggregated,2.600000,0.000000,2800,3700,4300,4900,6200,9200,18000,39000,866000,889000,889000,2981,1,2800,9136.798431582987,1035.5315070009965,888914.9343967438,371.5219724924522
1789889830,20,,Aggregated,2.900000,0.000000,2800,3700,4300,4900,6200,9200,18000,39000,866000,889000,889000,2985,1,2800,9126.749718907833,1035.5315070009965,888914.9343967438,371.3336683417085
1789889831,20,,Aggregated,3.500000,0.000000,2800,3700,4300,4900,6200,9200,18000,39000,866000,889000,889000,2989,1,2800,9116.73811271458,1035.5315070009965,888914.9343967438,371.13382402141184
1789889832,20,,Aggregated,3.500000,0.000000,2800,3700,4300,4900,6200,9200,18000,39000,866000,889000,889000,2989,1,2800,9116.73811271458,1035.5315070009965,888914.9343967438,371.13382402141184
1789889833,20,,Aggregated,3.400000,0.000000,2800,3700,4300,4900,6200,9200,18000,39000,866000,889000,889000,2993,1,2800,9106.457579833572,1035.5315070009965,888914.9343967438,370.9345138656866
1789889834,20,,Aggregated,3.300000,0.000000,2800,3700,4300,4900,6200,9200,18000,39000,866000,889000,889000,2995,1,2800,9101.2932495235,1035.5315070009965,888914.9343967438,370.8350584307179
1789889835,20,,Aggregated,3.200000,0.000000,2800,3700,4300,4900,6200,9200,18000,39000,866000,889000,889000,2999,1,2800,9091.158779521467,1035.5315070009965,888914.9343967438,370.6485495165055
1789889836,20,,Aggregated,3.200000,0.000000,2800,3700,4300,4900,6200,9200,18000,37000,865000,889000,889000,3002,1,2800,9083.887964935337,1035.5315070009965,888914.9343967438,370.5119920053298
1789889837,20,,Aggregated,3.100000,0.000000,2800,3600,4300,4900,6200,9200,18000,37000,865000,889000,889000,3007,1,2800,9072.177398821375,1035.5315070009965,888914.9343967438,370.27702028599936
1789889838,20,,Aggregated,3.400000,0.000000,2800,3600,4300,4900,6200,9200,18000,37000,865000,889000,889000,3010,1,2800,9065.33892876275,1035.5315070009965,888914.9343967438,370.12923588039865
1789889839,20,,Aggregated,3.500000,0.000000,2800,3600,4300,4900,6200,9200,18000,37000,865000,889000,889000,3014,1,2800,9055.493420300556,1035.5315070009965,888914.9343967438,369.9326476443265
1789889840,20,,Aggregated,3.500000,0.000000,2800,3600,4300,4900,6200,9200,18000,37000,865000,889000,889000,3016,1,2800,9050.398080691271,1035.5315070009965,888914.9343967438,369.834549071618
1789889841,20,,Aggregated,3.100000,0.000000,2800,3600,4300,4900,6200,9200,18000,37000,865000,889000,889000,3018,1,2800,9045.500974686507,1035.5315070009965,888914.9343967438,369.7485089463221
1789889842,20,,Aggregated,3.300000,0.000000,2800,3600,4300,4900,6200,9200,18000,37000,865000,889000,889000,3023,1,2800,9033.024219280805,1035.5315070009965,888914.9343967438,369.5160436652332
1789889843,20,,Aggregated,3.300000,0.000000,2800,3600,4300,4900,6200,9200,18000,37000,865000,889000,889000,3025,1,2800,9028.083796621115,1035.5315070009965,888914.9343967438,369.4185123966942
1789889844,20,,Aggregated,3.200000,0.000000,2800,3600,4300,4900,6200,9200,18000,37000,865000,889000,889000,3031,1,2800,9013.12114942424,1035.5315070009965,888914.9343967438,369.1385681293303
1789889845,20,,Aggregated,3.200000,0.000000,2800,3600,4300,4900,6200,9200,18000,37000,865000,889000,889000,3033,1,2800,9008.18990759442,1035.5315070009965,888914.9343967438,369.0415430267062
1789889846,20,,Aggregated,3.600000,0.000000,2800,3600,4300,4900,6200,9200,18000,37000,865000,889000,889000,3037,1,2800,8998.231237122118,1035.5315070009965,888914.9343967438,368.84787619361214
1789889847,20,,Aggregated,3.600000,0.000000,2800,3600,4300,4900,6200,9200,18000,37000,865000,889000,889000,3038,1,2800,8995.657364638208,1035.5315070009965,888914.9343967438,368.79953917050693
1789889848,20,,Aggregated,3.400000,0.000000,2800,3600,4300,4900,6200,9200,18000,37000,865000,889000,889000,3042,1,2800,8985.72371003316,1035.5315070009965,888914.9343967438,368.6183431952663
1789889849,20,,Aggregated,3.200000,0.000000,2800,3600,4300,4900,6200,9200,18000,37000,865000,889000,889000,3045,1,2800,8978.17141271129,1035.5315070009965,888914.9343967438,368.47389162561575
1789889850,20,,Aggregated,3.300000,0.000000,2800,3600,4300,4900,6200,9200,18000,37000,865000,889000,889000,3049,1,2800,8968.788644097367,1035.5315070009965,888914.9343967438,368.3053460150869
1789889851,20,,Aggregated,3.200000,0.000000,2800,3600,4200,4900,6200,9200,17000,37000,865000,889000,889000,3053,1,2800,8958.885921612144,1035.5315070009965,888914.9343967438,368.1136586963642
1789889852,20,,Aggregated,3.000000,0.000000,2800,3600,4200,4800,6200,9200,17000,37000,865000,889000,889000,3057,1,2800,8948.907285642419,1035.5315070009965,888914.9343967438,367.9224730127576
1789889853,20,,Aggregated,3.500000,0.000000,2800,3600,4200,4800,6200,9200,17000,37000,865000,889000,889000,3058,1,2800,8946.50183181945,1035.5315070009965,888914.9343967438,367.8747547416612
1789889854,20,,Aggregated,3.400000,0.000000,2800,3600,4200,4800,6200,9200,17000,37000,865000,889000,889000,3061,1,2800,8939.127867309011,1035.5315070009965,888914.9343967438,367.7435478601764
1789889855,20,,Aggregated,3.200000,0.000000,2800,3600,4200,4800,6200,9200,17000,37000,865000,889000,889000,3063,1,2800,8934.189704396633,1035.5315070009965,888914.9343967438,367.64838393731634
1789889856,20,,Aggregated,2.900000,0.000000,2800,3600,4200,4800,6200,9200,17000,37000,865000,889000,889000,3066,1,2800,8927.247129053128,1035.5315070009965,888914.9343967438,367.51761252446187
1789889857,20,,Aggregated,2.900000,0.000000,2800,3600,4200,4800,6200,9200,17000,37000,865000,889000,889000,3069,1,2800,8920.047390146918,1035.5315070009965,888914.9343967438,367.38709677419354
1789889858,20,,Aggregated,2.800000,0.000000,2800,3600,4200,4800,6100,9200,17000,37000,865000,889000,889000,3074,1,2800,8908.387140742321,1035.5315070009965,888914.9343967438,367.1506180871828
1789889859,20,,Aggregated,2.800000,0.000000,2800,3600,4200,4800,6100,9200,17000,37000,865000,889000,889000,3077,1,2800,8901.353019094538,1035.5315070009965,888914.9343967438,367.0090997725057
1789889860,20,,Aggregated,3.200000,0.000000,2800,3600,4200,4800,6100,9200,17000,37000,865000,889000,889000,3079,1,2800,8896.410897324096,1035.5315070009965,888914.9343967438,366.92659954530694
1789889861,20,,Aggregated,3.200000,0.000000,2800,3600,4200,4800,6100,9200,17000,37000,865000,889000,889000,3082,1,2800,8889.12055372839,1035.5315070009965,888914.9343967438,366.78552887735236
1789889862,20,,Aggregated,3.200000,0.000000,2800,3600,4200,4800,6100,9200,17000,37000,865000,889000,889000,3084,1,2800,8884.314303029798,1035.5315070009965,888914.9343967438,366.69163424124514
1789889863,20,,Aggregated,3.100000,0.000000,2800,3600,4200,4800,6100,9200,17000,37000,865000,889000,889000,3088,1,2800,8874.574368691354,1035.5315070009965,888914.9343967438,366.51586787564764
1789889864,20,,Aggregated,3.100000,0.000000,2800,3600,4200,4800,6100,9200,17000,37000,865000,889000,889000,3093,1,2800,8862.301932419949,1035.5315070009965,888914.9343967438,366.29388942774005
1789889865,20,,Aggregated,3.000000,0.000000,2800,3600,4200,4800,6100,9200,17000,37000,865000,889000,889000,3097,1,2800,8852.6203539144,1035.5315070009965,888914.9343967438,366.10752340975137
1789889866,20,,Aggregated,3.400000,0.000000,2800,3600,4200,4800,6100,9200,17000,37000,865000,889000,889000,3099,1,2800,8847.666080639852,1035.5315070009965,888914.9343967438,366.026137463698
1789889867,20,,Aggregated,3.200000,0.000000,2800,3600,4200,4800,6100,9100,17000,37000,865000,889000,889000,3102,1,2800,8840.208647529626,1026.6103539997857,888914.9343967438,365.88684719535786
1789889868,20,,Aggregated,3.400000,0.000000,2800,3600,4200,4800,6100,9100,17000,37000,865000,889000,889000,3104,1,2800,8835.246931499967,1026.6103539997857,888914.9343967438,365.7941365979381
1789889869,20,,Aggregated,3.300000,0.000000,2800,3600,4200,4800,6100,9100,17000,37000,865000,889000,889000,3107,1,2800,8827.901315881525,1026.6103539997857,888914.9343967438,365.6668812359189
1789889870,20,,Aggregated,3.000000,0.000000,2800,3600,4200,4800,6100,9100,17000,37000,865000,889000,889000,3109,1,2800,8823.582341064297,1026.6103539997857,888914.9343967438,365.5860405275008
1789889871,20,,Aggregated,2.900000,0.000000,2800,3600,4200,4800,6100,9100,17000,37000,865000,889000,889000,3112,1,2800,8816.89205171173,1026.6103539997857,888914.9343967438,365.44762210796915
1789889872,20,,Aggregated,2.900000,0.000000,2800,3600,4200,4800,6100,9100,17000,37000,865000,889000,889000,3117,1,2800,8805.932951087232,1026.6103539997857,888914.9343967438,365.2175168431184
1789889873,20,,Aggregated,2.900000,0.000000,2800,3600,4200,4800,6100,9100,17000,37000,865000,889000,889000,3122,1,2800,8794.430200516947,1026.6103539997857,888914.9343967438,364.99839846252405
1789889874,20,,Aggregated,3.300000,0.000000,2800,3600,4200,4800,6100,9100,17000,37000,865000,889000,889000,3123,1,2800,8791.999560740924,1026.6103539997857,888914.9343967438,364.9526096701889
1789889875,20,,Aggregated,3.200000,0.000000,2800,3600,4200,4800,6100,9100,17000,37000,865000,889000,889000,3126,1,2800,8784.872503282439,1026.6103539997857,888914.9343967438,364.8269353806782
1789889876,20,,Aggregated,2.900000,0.000000,2800,3600,4200,4800,6100,9100,17000,37000,865000,889000,889000,3128,1,2800,8780.246075930916,1026.6103539997857,888914.9343967438,364.74712276214836
1789889877,20,,Aggregated,3.100000,0.000000,2800,3600,4200,4800,6100,9100,17000,37000,865000,889000,889000,3130,1,2800,8775.606461915944,1026.6103539997857,888914.9343967438,364.655910543131
1789889878,20,,Aggregated,2.800000,0.000000,2800,3600,4200,4800,6100,9100,17000,37000,865000,889000,889000,3135,1,2800,8764.336283369987,1026.6103539997857,888914.9343967438,364.4283891547049
1789889879,20,,Aggregated,2.800000,0.000000,2800,3600,4200,4800,6100,9100,17000,37000,865000,889000,889000,3137,1,2800,8760.07811160915,1026.6103539997857,888914.9343967438,364.33758367867387
1789889880,20,,Aggregated,2.900000,0.000000,2800,3600,4200,4800,6100,9000,17000,37000,865000,889000,889000,3141,1,2800,8751.291842200542,1026.6103539997857,888914.9343967438,364.15631964342566
1789889881,20,,Aggregated,2.900000,0.000000,2800,3600,4200,4800,6100,9000,17000,37000,865000,889000,889000,3143,1,2800,8746.832543084283,1026.6103539997857,888914.9343967438,364.0773146675151
1789889882,20,,Aggregated,2.900000,0.000000,2800,3600,4200,4800,6100,9100,17000,37000,865000,889000,889000,3147,1,2800,9006.378985317868,1026.6103539997857,888914.9343967438,370.09596441054975
1789889883,20,,Aggregated,3.200000,0.000000,2800,3600,4200,4800,6100,9100,17000,37000,865000,889000,889000,3149,1,2800,9001.444350474541,1026.6103539997857,888914.9343967438,370.02476976818036
1789889884,20,,Aggregated,3.200000,0.000000,2800,3600,4200,4800,6100,9100,17000,37000,865000,889000,889000,3149,1,2800,9001.444350474541,1026.6103539997857,888914.9343967438,370.02476976818036
1789889885,20,,Aggregated,3.000000,0.000000,2800,3600,4200,4800,6100,9100,17000,37000,865000,889000,889000,3151,1,2800,8997.783815525336,1026.6103539997857,888914.9343967438,369.88511583624245
1789889886,20,,Aggregated,2.700000,0.000000,2800,3600,4200,4800,6100,9100,17000,37000,865000,889000,889000,3155,1,2800,8989.995007017536,1026.6103539997857,888914.9343967438,369.69762282091915
1789889887,20,,Aggregated,2.500000,0.000000,2800,3600,4200,4800,6100,9100,17000,37000,865000,889000,889000,3160,1,2800,8980.174260471624,1026.6103539997857,888914.9343967438,369.4639240506329
1789889888,20,,Aggregated,2.700000,0.000000,2800,3600,4200,4800,6100,9000,17000,37000,865000,889000,889000,3163,1,2800,8974.281873662769,1026.6103539997857,888914.9343967438,369.3354410369902
1789889889,20,,Aggregated,2.800000,0.000000,2800,3600,4200,4800,6100,9000,17000,37000,865000,889000,889000,3167,1,2800,8967.558743336387,1026.6103539997857,888914.9343967438,369.1493526997158
1789889890,20,,Aggregated,2.900000,0.000000,2800,3600,4200,4800,6100,9000,17000,37000,865000,889000,889000,3170,1,2800,8961.476148090327,1026.6103539997857,888914.9343967438,369.0328075709779
1789889891,20,,Aggregated,3.000000,0.000000,2800,3500,4200,4800,6100,9000,17000,37000,865000,889000,889000,3171,1,2800,8959.053195675919,1026.6103539997857,888914.9343967438,368.9864396089562
1789889892,20,,Aggregated,3.000000,0.000000,2800,3500,4200,4800,6100,9000,17000,37000,865000,889000,889000,3173,1,2800,8954.167158202752,1026.6103539997857,888914.9343967438,368.8937913646391
1789889893,20,,Aggregated,2.900000,0.000000,2800,3500,4200,4700,6100,9000,17000,37000,865000,889000,889000,3176,1,2800,8946.972254498216,1026.6103539997857,888914.9343967438,368.7550377833753
1789889894,20,,Aggregated,2.500000,0.000000,2800,3500,4200,4700,6100,9000,17000,37000,865000,889000,889000,3179,1,2800,8940.830100426967,1026.6103539997857,888914.9343967438,368.6165460836741
1789889895,20,,Aggregated,2.500000,0.000000,2800,3500,4200,4700,6100,9000,17000,37000,865000,889000,889000,3184,1,2800,8929.851033538105,1026.6103539997857,888914.9343967438,368.39761306532665
1789889896,20,,Aggregated,2.900000,0.000000,2800,3500,4200,4700,6100,9000,17000,37000,865000,889000,889000,3188,1,2800,8921.309201024256,1026.6103539997857,888914.9343967438,368.21392722710164
1789889897,20,,Aggregated,3.300000,0.000000,2700,3500,4200,4700,6100,9000,17000,37000,865000,889000,889000,3191,1,2700,8914.938635917368,1026.6103539997857,888914.9343967438,368.0990285177061
1789889898,20,,Aggregated,3.200000,0.000000,2700,3500,4200,4700,6100,9000,17000,37000,865000,889000,889000,3193,1,2700,8910.112741891426,1026.6103539997857,888914.9343967438,368.00751644221737
1789889899,20,,Aggregated,3.200000,0.000000,2700,3500,4200,4700,6100,9000,17000,37000,865000,889000,889000,3194,1,2700,8908.09812356084,1026.6103539997857,888914.9343967438,367.96180338134
1789889900,20,,Aggregated,3.000000,0.000000,2700,3500,4200,4700,6100,9000,17000,37000,865000,889000,889000,3197,1,2700,8900.931249194658,1026.6103539997857,888914.9343967438,367.8248357835471
1789889901,20,,Aggregated,2.900000,0.000000,2700,3500,4200,4700,6100,9000,17000,37000,865000,889000,889000,3200,1,2700,8894.041226966352,1026.6103539997857,888914.9343967438,367.688125
1789889902,20,,Aggregated,2.700000,0.000000,2700,3500,4200,4700,6100,8900,17000,37000,865000,889000,889000,3205,1,2700,8884.27150200291,1026.6103539997857,888914.9343967438,367.47207488299534
1789889903,20,,Aggregated,2.900000,0.000000,2700,3500,4200,4700,6100,8900,17000,37000,865000,889000,889000,3208,1,2700,8878.070788367619,1026.6103539997857,888914.9343967438,367.3360349127182
1789889904,20,,Aggregated,2.900000,0.000000,2700,3500,4200,4700,6100,8900,17000,37000,865000,889000,889000,3212,1,2700,8869.334525143624,1026.6103539997857,888914.9343967438,367.1774595267746
1789889905,20,,Aggregated,3.100000,0.000000,2700,3500,4100,4700,6100,8900,17000,37000,865000,889000,889000,3214,1,2700,8864.68955303059,1026.6103539997857,888914.9343967438,367.08711885500935
1789889906,20,,Aggregated,3.200000,0.000000,2700,3500,4100,4700,6100,8900,17000,37000,865000,889000,889000,3218,1,2700,8855.282748730055,1026.6103539997857,888914.9343967438,366.90677439403356
1789889907,20,,Aggregated,3.000000,0.000000,2700,3500,4100,4700,6100,8900,17000,37000,865000,889000,889000,3220,1,2700,8850.573097537053,1026.6103539997857,888914.9343967438,366.8167701863354
1789889908,20,,Aggregated,3.200000,0.000000,2700,3500,4100,4700,6100,8900,17000,37000,865000,889000,889000,3223,1,2700,8843.493965773601,1026.6103539997857,888914.9343967438,366.6819733167856
1789889909,20,,Aggregated,2.900000,0.000000,2700,3500,4100,4700,6100,8900,17000,37000,865000,889000,889000,3225,1,2700,8838.968028654052,1026.6103539997857,888914.9343967438,366.6034108527132
1789889910,20,,Aggregated,3.000000,0.000000,2700,3500,4100,4700,6100,8900,17000,37000,865000,889000,889000,3230,1,2700,8828.157112745608,1026.6103539997857,888914.9343967438,366.3795665634675
1789889911,20,,Aggregated,3.000000,0.000000,2700,3500,4100,4700,6000,8900,17000,37000,865000,889000,889000,3233,1,2700,8821.705913040307,1026.6103539997857,888914.9343967438,366.26786266625425
1789889912,20,,Aggregated,3.200000,0.000000,2700,3500,4100,4700,6000,8900,17000,37000,865000,889000,889000,3238,1,2700,8810.674592963964,1026.6103539997857,888914.9343967438,366.0450895614577
1789889913,20,,Aggregated,3.300000,0.000000,2700,3500,4100,4700,6000,8900,17000,37000,865000,889000,889000,3241,1,2700,8803.743643576154,1026.6103539997857,888914.9343967438,365.9117556309781
1789889914,20,,Aggregated,3.400000,0.000000,2700,3500,4100,4700,6000,8900,17000,37000,865000,889000,889000,3243,1,2700,8799.074644237531,1026.6103539997857,888914.9343967438,365.8230033919211
1789889915,20,,Aggregated,3.400000,0.000000,2700,3500,4100,4700,6000,8900,17000,37000,865000,889000,889000,3244,1,2700,8796.735991429814,1026.6103539997857,888914.9343967438,365.7786683107275
1789889916,20,,Aggregated,3.200000,0.000000,2700,3500,4100,4700,6000,8900,17000,37000,865000,889000,889000,3248,1,2700,8787.668668210688,1026.6103539997857,888914.9343967438,365.61268472906403
1789889917,20,,Aggregated,3.100000,0.000000,2700,3500,4100,4700,6000,8900,17000,37000,865000,889000,889000,3249,1,2700,8785.505620653836,1026.6103539997857,888914.9343967438,365.56848261003387
1789889918,20,,Aggregated,2.800000,0.000000,2700,3500,4100,4700,6000,8900,16000,37000,865000,889000,889000,3254,1,2700,8774.88820774902,1026.6103539997857,888914.9343967438,365.3700061462815
1789889919,20,,Aggregated,3.000000,0.000000,2700,3500,4100,4700,6000,8900,16000,37000,865000,889000,889000,3259,1,2700,8764.208578744494,1026.6103539997857,888914.9343967438,365.15004602638845
1789889920,20,,Aggregated,3.200000,0.000000,2700,3500,4100,4700,6000,8900,16000,37000,865000,889000,889000,3262,1,2700,8757.388700929587,1026.6103539997857,888914.9343967438,365.01839362354383
1789889921,20,,Aggregated,3.200000,0.000000,2700,3500,4100,4700,6000,8900,16000,37000,865000,889000,889000,3264,1,2700,8752.805673088023,1026.6103539997857,888914.9343967438,364.93075980392155
1789889922,20,,Aggregated,3.200000,0.000000,2700,3500,4100,4700,6000,8900,16000,37000,865000,889000,889000,3265,1,2700,8750.585508337306,1026.6103539997857,888914.9343967438,364.8980091883614
1789889923,20,,Aggregated,3.200000,0.000000,2700,3500,4100,4700,6000,8900,16000,37000,865000,889000,889000,3267,1,2700,8746.139244123142,1026.6103539997857,888914.9343967438,364.81052953780227
1789889924,20,,Aggregated,2.900000,0.000000,2700,3500,4100,4700,6000,8900,16000,37000,865000,889000,889000,3271,1,2700,8737.447528178936,1026.6103539997857,888914.9343967438,364.6579027820238
1789889925,20,,Aggregated,2.800000,0.000000,2700,3500,4100,4700,6000,8900,16000,37000,865000,889000,889000,3276,1,2700,8727.153102852046,1026.6103539997857,888914.9343967438,364.44017094017096
1789889926,20,,Aggregated,2.600000,0.000000,2700,3500,4100,4700,6000,8900,16000,37000,865000,889000,889000,3278,1,2700,8723.00240901321,1026.6103539997857,888914.9343967438,364.35326418547896
1789889927,20,,Aggregated,2.800000,0.000000,2700,3500,4100,4700,6000,8800,16000,37000,865000,889000,889000,3282,1,2700,8714.855684838605,1026.6103539997857,888914.9343967438,364.1797684338818
1789889928,20,,Aggregated,3.100000,0.000000,2700,3500,4100,4700,6000,8800,16000,37000,865000,889000,889000,3285,1,2700,8708.605407282284,1026.6103539997857,888914.9343967438,364.05966514459664
1789889929,20,,Aggregated,3.300000,0.000000,2700,3500,4100,4600,6000,8800,16000,37000,865000,889000,889000,3286,1,2700,8706.325210247202,1026.6103539997857,888914.9343967438,364.01643335362144
1789889930,20,,Aggregated,3.000000,0.000000,2700,3500,4100,4600,6000,8800,16000,37000,865000,889000,889000,3289,1,2700,8699.808055101337,1026.6103539997857,888914.9343967438,363.89662511401644
1789889931,20,,Aggregated,3.000000,0.000000,2700,3500,4100,4600,6000,8800,16000,37000,865000,889000,889000,3291,1,2700,8695.344008405742,1026.6103539997857,888914.9343967438,363.8213309024613
1789889932,20,,Aggregated,2.700000,0.000000,2700,3500,4100,4600,6000,8800,16000,37000,865000,889000,889000,3296,1,2700,8684.74718808929,1026.6103539997857,888914.9343967438,363.60618932038835
1789889933,20,,Aggregated,2.700000,0.000000,2700,3500,4100,4600,6000,8700,15000,37000,865000,889000,889000,3301,1,2700,8673.834906061586,1026.6103539997857,888914.9343967438,363.39169948500455
1789889934,20,,Aggregated,3.100000,0.000000,2700,3500,4100,4600,6000,8700,15000,37000,865000,889000,889000,3304,1,2700,8667.333311859957,1026.6103539997857,888914.9343967438,363.2633171912833
1789889935,20,,Aggregated,3.100000,0.000000,2700,3500,4100,4600,6000,8700,15000,37000,865000,889000,889000,3305,1,2700,8665.089215296308,1026.6103539997857,888914.9343967438,363.22904689863844
1789889936,20,,Aggregated,3.300000,0.000000,2700,3500,4100,4600,6000,8700,15000,37000,865000,889000,889000,3306,1,2700,8662.987687738443,1026.6103539997857,888914.9343967438,363.18632788868723
1789889937,20,,Aggregated,3.200000,0.000000,2700,3500,4100,4600,6000,8800,16000,37000,866000,889000,889000,3311,1,2700,8920.362132895609,1026.6103539997857,888914.9343967438,366.5765629719118
1789889938,20,,Aggregated,3.200000,0.000000,2700,3500,4100,4600,6000,8800,16000,37000,866000,889000,889000,3311,1,2700,8920.362132895609,1026.6103539997857,888914.9343967438,366.5765629719118
1789889939,20,,Aggregated,2.900000,0.000000,2700,3500,4100,4600,6000,8900,17000,37000,866000,889000,889000,3313,1,2700,9176.870008029045,1026.6103539997857,888914.9343967438,371.42348324781165
1789889940,20,,Aggregated,2.800000,0.000000,2700,3500,4100,4600,6000,8900,17000,37000,866000,889000,889000,3318,1,2700,9167.6143200938,1026.6103539997857,888914.9343967438,371.15491259795056
1789889941,20,,Aggregated,2.800000,0.000000,2700,3500,4100,4600,6000,8800,17000,37000,866000,889000,889000,3323,1,2700,9158.756657012404,1026.6103539997857,888914.9343967438,370.9304845019561
1789889942,20,,Aggregated,2.800000,0.000000,2700,3500,4100,4600,6000,8800,17000,37000,866000,889000,889000,3323,1,2700,9158.756657012404,1026.6103539997857,888914.9343967438,370.9304845019561
1789889943,20,,Aggregated,2.800000,0.000000,2700,3500,4100,4600,6000,8800,17000,37000,866000,889000,889000,3323,1,2700,9158.756657012404,1026.6103539997857,888914.9343967438,370.9304845019561
1789889944,20,,Aggregated,2.800000,0.000000,2700,3500,4100,4600,6000,8800,17000,37000,866000,889000,889000,3328,1,2700,9152.591441453491,1026.6103539997857,888914.9343967438,370.66346153846155
1789889945,20,,Aggregated,2.500000,0.000000,2700,3500,4100,4600,6000,8800,17000,37000,866000,889000,889000,3333,1,2700,9144.738206326498,1026.6103539997857,888914.9343967438,370.46204620462044
1789889946,20,,Aggregated,2.400000,0.000000,2700,3500,4100,4600,6000,8800,17000,37000,866000,889000,889000,3336,1,2700,9138.75311659569,1026.6103539997857,888914.9343967438,370.3393285371703
1789889947,20,,Aggregated,2.400000,0.000000,2700,3500,4100,4600,6000,8800,17000,37000,866000,889000,889000,3338,1,2700,9134.517984136077,1026.6103539997857,888914.9343967438,370.25044937088074
1789889948,20,,Aggregated,2.800000,0.000000,2700,3500,4100,4600,6000,8700,17000,37000,866000,889000,889000,3343,1,2700,9123.898227430818,1026.6103539997857,888914.9343967438,370.02871672150764
1789889949,20,,Aggregated,2.800000,0.000000,2700,3500,4100,4600,6000,8700,17000,37000,866000,889000,889000,3345,1,2700,9119.563213158512,1026.6103539997857,888914.9343967438,369.94020926756355
1789889950,20,,Aggregated,3.000000,0.000000,2700,3500,4100,4600,6000,8700,17000,37000,866000,889000,889000,3349,1,2700,9110.283140080686,1026.6103539997857,888914.9343967438,369.76351149596894
1789889951,20,,Aggregated,3.200000,0.000000,2700,3500,4100,4600,6000,8700,17000,37000,866000,889000,889000,3350,1,2700,9107.986997155589,1026.6103539997857,888914.9343967438,369.7194029850746
1789889952,20,,Aggregated,2.700000,0.000000,2700,3500,4100,4600,6000,8700,16000,37000,866000,889000,889000,3353,1,2700,9101.400341798455,1026.6103539997857,888914.9343967438,369.608708619147
1789889953,20,,Aggregated,3.000000,0.000000,2700,3500,4100,4600,6000,8700,16000,37000,866000,889000,889000,3357,1,2700,9093.206578938403,1026.6103539997857,888914.9343967438,369.43282692880547
1789889954,20,,Aggregated,2.700000,0.000000,2700,3500,4100,4600,6000,8700,16000,37000,866000,889000,889000,3362,1,2700,9083.010478914404,1026.6103539997857,888914.9343967438,369.2242712671029
1789889955,20,,Aggregated,3.200000,0.000000,2700,3500,4100,4600,6000,8700,16000,37000,866000,889000,889000,3366,1,2700,9074.370704023833,1026.6103539997857,888914.9343967438,369.0493166963755
1789889956,20,,Aggregated,3.200000,0.000000,2700,3500,4100,4600,6000,8700,16000,37000,866000,889000,889000,3368,1,2700,9069.880772353095,1026.6103539997857,888914.9343967438,368.9619952494062
1789889957,20,,Aggregated,3.200000,0.000000,2700,3400,4100,4600,6000,8700,16000,37000,866000,889000,889000,3371,1,2700,9062.961305408848,1026.6103539997857,888914.9343967438,368.8312073568674
1789889958,20,,Aggregated,3.200000,0.000000,2700,3400,4100,4600,6000,8700,16000,37000,866000,889000,889000,3371,1,2700,9062.961305408848,1026.6103539997857,888914.9343967438,368.8312073568674
1789889959,20,,Aggregated,3.300000,0.000000,2700,3400,4000,4600,6000,8700,16000,37000,866000,889000,889000,3374,1,2700,9056.578901667523,1026.6103539997857,888914.9343967438,368.7219917012448
1789889960,20,,Aggregated,3.300000,0.000000,2700,3400,4000,4600,6000,8700,16000,37000,866000,889000,889000,3374,1,2700,9056.578901667523,1026.6103539997857,888914.9343967438,368.7219917012448
1789889961,20,,Aggregated,2.600000,0.000000,2700,3400,4000,4600,6000,8700,16000,37000,866000,889000,889000,3378,1,2700,9049.95155228781,1026.6103539997857,888914.9343967438,368.5482534043813
1789889962,20,,Aggregated,2.600000,0.000000,2700,3400,4000,4600,6000,8700,16000,37000,866000,889000,889000,3383,1,2700,9040.583270586822,1026.6103539997857,888914.9343967438,368.34229973396396
1789889963,20,,Aggregated,2.500000,0.000000,2700,3400,4000,4600,6000,8700,16000,37000,866000,889000,889000,3388,1,2700,9031.410491497409,1026.6103539997857,888914.9343967438,368.1263282172373
1789889964,20,,Aggregated,3.300000,0.000000,2700,3400,4000,4600,6000,8700,16000,37000,866000,889000,889000,3390,1,2700,9027.540741706556,1026.6103539997857,888914.9343967438,368.0401179941003
1789889965,20,,Aggregated,2.900000,0.000000,2700,3400,4000,4600,6000,8700,16000,37000,866000,889000,889000,3395,1,2700,9016.78473567282,1026.6103539997857,888914.9343967438,367.8356406480118
1789889966,20,,Aggregated,2.900000,0.000000,2700,3400,4000,4600,6000,8700,16000,37000,866000,889000,889000,3396,1,2700,9014.616334850773,1026.6103539997857,888914.9343967438,367.8032979976443
1789889967,20,,Aggregated,2.900000,0.000000,2700,3400,4000,4600,6000,8700,16000,37000,866000,889000,889000,3396,1,2700,9014.616334850773,1026.6103539997857,888914.9343967438,367.8032979976443
1789889968,20,,Aggregated,2.900000,0.000000,2700,3400,4000,4600,6000,8700,16000,37000,866000,889000,889000,3399,1,2700,9007.870137848551,1026.6103539997857,888914.9343967438,367.67461017946454
1789889969,20,,Aggregated,2.500000,0.000000,2700,3400,4000,4600,5900,8600,15000,37000,866000,889000,889000,3404,1,2700,8998.019009916046,1026.6103539997857,888914.9343967438,367.47121034077554
1789889970,20,,Aggregated,2.800000,0.000000,2700,3400,4000,4600,5900,8600,15000,37000,866000,889000,889000,3409,1,2700,8988.127384463543,1026.6103539997857,888914.9343967438,367.2578468759167
1789889971,20,,Aggregated,2.800000,0.000000,2700,3400,4000,4600,5900,8600,15000,37000,866000,889000,889000,3411,1,2700,8984.322904608978,1026.6103539997857,888914.9343967438,367.17267663441805
1789889972,20,,Aggregated,2.800000,0.000000,2700,3400,4000,4600,5900,8600,15000,37000,866000,889000,889000,3411,1,2700,8984.322904608978,1026.6103539997857,888914.9343967438,367.17267663441805
1789889973,20,,Aggregated,3.500000,0.000000,2700,3400,4000,4600,5900,8600,15000,37000,866000,889000,889000,3416,1,2700,8976.101700114235,1026.6103539997857,888914.9343967438,366.98126463700237
1789889974,20,,Aggregated,2.800000,0.000000,2700,3400,4000,4600,5900,8600,15000,37000,866000,889000,889000,3419,1,2700,8969.518581327939,1026.6103539997857,888914.9343967438,366.8540508920737
1789889975,20,,Aggregated,2.800000,0.000000,2700,3400,4000,4600,5900,8600,15000,37000,866000,889000,889000,3419,1,2700,8969.518581327939,1026.6103539997857,888914.9343967438,366.8540508920737
1789889976,20,,Aggregated,2.800000,0.000000,2700,3400,4000,4600,5900,8600,15000,37000,866000,889000,889000,3422,1,2700,8963.318354920288,1026.6103539997857,888914.9343967438,366.7375803623612
1789889977,20,,Aggregated,2.700000,0.000000,2700,3400,4000,4600,5900,8600,15000,37000,866000,889000,889000,3425,1,2700,8957.850687877437,1026.6103539997857,888914.9343967438,366.610802919708
1789889978,20,,Aggregated,2.300000,0.000000,2700,3400,4000,4600,5900,8600,15000,37000,866000,889000,889000,3431,1,2700,8946.648120380129,1026.6103539997857,888914.9343967438,366.35791314485573
1789889979,20,,Aggregated,2.600000,0.000000,2700,3400,4000,4600,5900,8600,15000,37000,866000,889000,889000,3435,1,2700,8937.606282795698,1026.6103539997857,888914.9343967438,366.2107714701601
1789889980,20,,Aggregated,2.800000,0.000000,2700,3400,4000,4600,5900,8600,15000,37000,866000,889000,889000,3439,1,2700,8928.797508146037,1026.6103539997857,888914.9343967438,366.0430357662111
1789889981,20,,Aggregated,2.800000,0.000000,2700,3400,4000,4600,5900,8600,15000,37000,866000,889000,889000,3439,1,2700,8928.797508146037,1026.6103539997857,888914.9343967438,366.0430357662111
1789889982,20,,Aggregated,3.100000,0.000000,2700,3400,4000,4600,5900,8500,15000,37000,866000,889000,889000,3442,1,2700,8922.016432354509,1023.4507819986902,888914.9343967438,365.9279488669378
1789889983,20,,Aggregated,3.100000,0.000000,2700,3400,4000,4600,5900,8500,15000,37000,866000,889000,889000,3442,1,2700,8922.016432354509,1023.4507819986902,888914.9343967438,365.9279488669378
1789889984,20,,Aggregated,2.800000,0.000000,2700,3400,4000,4600,5900,8500,15000,37000,866000,889000,889000,3445,1,2700,8915.499389343751,1023.4507819986902,888914.9343967438,365.80261248185775
1789889985,20,,Aggregated,3.100000,0.000000,2700,3400,4000,4600,5900,8500,15000,37000,866000,889000,889000,3450,1,2700,8905.941148171369,1023.4507819986902,888914.9343967438,365.59420289855075
1789889986,20,,Aggregated,2.700000,0.000000,2700,3400,4000,4600,5900,8500,15000,37000,866000,889000,889000,3454,1,2700,8898.450858307533,1023.4507819986902,888914.9343967438,365.4383323682687
1789889987,20,,Aggregated,2.700000,0.000000,2600,3400,4000,4600,5900,8500,15000,37000,866000,889000,889000,3459,1,2600,8888.698726830364,1023.4507819986902,888914.9343967438,365.2402428447528
1789889988,20,,Aggregated,3.100000,0.000000,2600,3400,4000,4600,5900,8500,15000,37000,866000,889000,889000,3460,1,2600,8886.453414802667,1023.4507819986902,888914.9343967438,365.2092485549133
1789889989,20,,Aggregated,3.300000,0.000000,2600,3400,4000,4600,5900,8500,15000,37000,866000,889000,889000,3462,1,2600,8882.187693349864,1023.4507819986902,888914.9343967438,365.1265164644714
1789889990,20,,Aggregated,3.200000,0.000000,2600,3400,4000,4600,5900,8500,15000,37000,866000,889000,889000,3465,1,2600,8875.700664396601,1023.4507819986902,888914.9343967438,365.0025974025974
1789889991,20,,Aggregated,3.000000,0.000000,2600,3400,4000,4600,5900,8500,15000,37000,866000,889000,889000,3468,1,2600,8868.977009487378,1023.4507819986902,888914.9343967438,364.878892733564
1789889992,20,,Aggregated,3.000000,0.000000,2600,3400,4000,4600,5900,8500,15000,37000,866000,889000,889000,3469,1,2600,8866.821374881012,1023.4507819986902,888914.9343967438,364.8377053906025
1789889993,20,,Aggregated,2.600000,0.000000,2600,3400,4000,4600,5900,8500,15000,37000,866000,889000,889000,3474,1,2600,8856.37448867652,1023.4507819986902,888914.9343967438,364.64248704663214
1789889994,20,,Aggregated,3.000000,0.000000,2600,3400,4000,4600,5900,8500,15000,37000,866000,889000,889000,3478,1,2600,8848.13335630944,1023.4507819986902,888914.9343967438,364.4784358826912
1789889995,20,,Aggregated,3.000000,0.000000,2600,3400,4000,4600,5900,8500,15000,37000,866000,889000,889000,3483,1,2600,9084.86776839928,1023.4507819986902,888914.9343967438,368.72667240884294
1789889996,20,,Aggregated,3.100000,0.000000,2600,3400,4000,4600,5900,8500,15000,37000,866000,889000,889000,3484,1,2600,9082.644675045836,1023.4507819986902,888914.9343967438,368.6845579793341
1789889997,20,,Aggregated,3.100000,0.000000,2600,3400,4000,4600,5900,8500,15000,37000,866000,889000,889000,3484,1,2600,9082.644675045836,1023.4507819986902,888914.9343967438,368.6845579793341
1789889998,20,,Aggregated,3.300000,0.000000,2600,3400,4000,4600,5900,8500,15000,37000,866000,889000,889000,3485,1,2600,9080.94820267423,1023.4507819986902,888914.9343967438,368.60114777618367
1789889999,20,,Aggregated,2.900000,0.000000,2600,3400,4000,4500,5900,8500,15000,37000,866000,889000,889000,3489,1,2600,9074.079033590624,1023.4507819986902,888914.9343967438,368.433075379765
1789890000,20,,Aggregated,2.500000,0.000000,2600,3400,4000,4500,5900,8500,15000,37000,866000,889000,889000,3494,1,2600,9064.519991340207,1023.4507819986902,888914.9343967438,368.23382942186606
1789890001,20,,Aggregated,2.600000,0.000000,2600,3400,4000,4500,5900,8500,15000,37000,866000,889000,889000,3498,1,2600,9057.816137192593,1023.4507819986902,888914.9343967438,368.07690108633506
1789890002,20,,Aggregated,2.800000,0.000000,2600,3400,4000,4500,5900,8500,15000,37000,866000,889000,889000,3500,1,2600,9053.943272804196,1023.4507819986902,888914.9343967438,368.0037142857143
1789890003,20,,Aggregated,2.900000,0.000000,2600,3400,4000,4500,5900,8500,15000,37000,866000,889000,889000,3504,1,2600,9046.76539357725,1023.4507819986902,888914.9343967438,367.8370433789954
1789890004,20,,Aggregated,3.000000,0.000000,2600,3400,4000,4500,5900,8500,15000,37000,866000,889000,889000,3505,1,2600,9044.87363714713,1023.4507819986902,888914.9343967438,367.7954350927247
1789890005,20,,Aggregated,3.000000,0.000000,2600,3400,4000,4500,5900,8500,15000,37000,866000,889000,889000,3507,1,2600,9040.474758592442,1023.4507819986902,888914.9343967438,367.7122897063017
1789890006,20,,Aggregated,3.000000,0.000000,2600,3400,4000,4500,5900,8500,15000,37000,866000,889000,889000,3511,1,2600,9031.98179415172,1023.4507819986902,888914.9343967438,367.55653659925946
1789890007,20,,Aggregated,2.700000,0.000000,2600,3400,4000,4500,5900,8500,15000,37000,866000,889000,889000,3516,1,2600,9021.898900036602,1023.4507819986902,888914.9343967438,367.3495449374289
1789890008,20,,Aggregated,2.600000,0.000000,2600,3400,4000,4500,5900,8500,15000,37000,866000,889000,889000,3520,1,2600,9013.609622888265,1023.4507819986902,888914.9343967438,367.2048295454546
1789890009,20,,Aggregated,2.900000,0.000000,2600,3400,4000,4500,5900,8500,15000,37000,866000,889000,889000,3524,1,2600,9004.965220195714,1023.4507819986902,888914.9343967438,367.0400113507378
1789890010,20,,Aggregated,3.200000,0.000000,2600,3400,4000,4500,5900,8500,15000,37000,866000,889000,889000,3526,1,2600,9000.695677953687,1023.4507819986902,888914.9343967438,366.9577424844016
1789890011,20,,Aggregated,3.400000,0.000000,2600,3400,4000,4500,5900,8500,15000,37000,866000,889000,889000,3527,1,2600,8998.514019184206,1023.4507819986902,888914.9343967438,366.91664303941025
1789890012,20,,Aggregated,3.400000,0.000000,2600,3400,4000,4500,5900,8500,15000,37000,866000,889000,889000,3527,1,2600,8998.514019184206,1023.4507819986902,888914.9343967438,366.91664303941025
1789890013,20,,Aggregated,3.200000,0.000000,2600,3400,3900,4500,5900,8500,15000,37000,866000,889000,889000,3529,1,2600,8994.833389875515,1023.4507819986902,888914.9343967438,366.83451402663644
1789890014,20,,Aggregated,2.800000,0.000000,2600,3400,3900,4500,5900,8500,15000,37000,866000,889000,889000,3533,1,2600,8987.893269666203,1023.4507819986902,888914.9343967438,366.68072459666007
1789890015,20,,Aggregated,2.800000,0.000000,2600,3400,3900,4500,5900,8500,15000,37000,866000,889000,889000,3533,1,2600,8987.893269666203,1023.4507819986902,888914.9343967438,366.68072459666007
1789890016,20,,Aggregated,2.500000,0.000000,2600,3400,3900,4500,5900,8500,15000,37000,866000,889000,889000,3536,1,2600,8982.103307172143,1023.4507819986902,888914.9343967438,366.55797511312215
1789890017,20,,Aggregated,2.500000,0.000000,2600,3400,3900,4500,5900,8500,15000,37000,866000,889000,889000,3536,1,2600,8982.103307172143,1023.4507819986902,888914.9343967438,366.55797511312215
1789890018,20,,Aggregated,2.500000,0.000000,2600,3400,3900,4500,5900,8500,15000,37000,866000,889000,889000,3536,1,2600,8982.103307172143,1023.4507819986902,888914.9343967438,366.55797511312215
1789890019,20,,Aggregated,2.500000,0.000000,2600,3400,3900,4500,5900,8500,15000,37000,866000,889000,889000,3536,1,2600,8982.103307172143,1023.4507819986902,888914.9343967438,366.55797511312215
1789890020,20,,Aggregated,2.500000,0.000000,2600,3400,3900,4500,5900,8500,15000,37000,866000,889000,889000,3536,1,2600,8982.103307172143,1023.4507819986902,888914.9343967438,366.55797511312215
1789890021,20,,Aggregated,2.500000,0.000000,2600,3400,3900,4500,5900,8500,15000,37000,866000,889000,889000,3536,1,2600,8982.103307172143,1023.4507819986902,888914.9343967438,366.55797511312215
1789890022,20,,Aggregated,2.500000,0.000000,2600,3400,3900,4500,5900,8500,15000,37000,866000,889000,889000,3536,1,2600,8982.103307172143,1023.4507819986902,888914.9343967438,366.55797511312215
1789890023,20,,Aggregated,1.000000,0.000000,2600,3400,4000,4500,5900,8700,15000,37000,866000,889000,889000,3546,1,2600,8982.962938559418,1023.4507819986902,888914.9343967438,366.17061477721376
1789890024,20,,Aggregated,0.900000,0.000000,2600,3400,4000,4600,5900,8700,15000,37000,866000,889000,889000,3555,1,2600,8973.567817319185,1023.4507819986902,888914.9343967438,365.81575246132206
1789890025,20,,Aggregated,0.800000,0.000000,2600,3400,4000,4600,5900,8700,15000,37000,866000,889000,889000,3556,1,2600,8973.075458504134,1023.4507819986902,888914.9343967438,365.77530933633295
1789890026,20,,Aggregated,0.800000,0.000000,2600,3400,4000,4600,5900,8700,15000,37000,866000,889000,889000,3556,1,2600,8973.075458504134,1023.4507819986902,888914.9343967438,365.77530933633295
1789890027,20,,Aggregated,2.200000,0.000000,2600,3400,4000,4600,5900,8700,15000,37000,866000,889000,889000,3557,1,2600,8971.197200666207,1023.4507819986902,888914.9343967438,365.73488895136353
1789890028,20,,Aggregated,2.200000,0.000000,2600,3400,4000,4600,5900,8700,15000,37000,866000,889000,889000,3557,1,2600,8971.197200666207,1023.4507819986902,888914.9343967438,365.73488895136353
1789890029,20,,Aggregated,2.200000,0.000000,2600,3400,4000,4600,5900,8700,15000,37000,866000,889000,889000,3557,1,2600,8971.197200666207,1023.4507819986902,888914.9343967438,365.73488895136353
1789890030,20,,Aggregated,2.200000,0.000000,2600,3400,4000,4600,5900,8700,15000,37000,866000,889000,889000,3557,1,2600,8971.197200666207,1023.4507819986902,888914.9343967438,365.73488895136353
1789890031,20,,Aggregated,2.200000,0.000000,2600,3400,4000,4600,5900,8700,15000,37000,866000,889000,889000,3557,1,2600,8971.197200666207,1023.4507819986902,888914.9343967438,365.73488895136353
1789890032,20,,Aggregated,2.200000,0.000000,2600,3400,4000,4600,5900,8700,15000,37000,866000,889000,889000,3557,1,2600,8971.197200666207,1023.4507819986902,888914.9343967438,365.73488895136353
1789890033,20,,Aggregated,2.200000,0.000000,2600,3400,4000,4600,5900,8700,15000,37000,866000,889000,889000,3557,1,2600,8971.197200666207,1023.4507819986902,888914.9343967438,365.73488895136353
1789890034,20,,Aggregated,2.200000,0.000000,2600,3400,4000,4600,5900,8700,15000,37000,866000,889000,889000,3557,1,2600,8971.197200666207,1023.4507819986902,888914.9343967438,365.73488895136353
1789890035,20,,Aggregated,2.200000,0.000000,2600,3400,4000,4600,5900,8700,15000,37000,866000,889000,889000,3557,1,2600,8971.197200666207,1023.4507819986902,888914.9343967438,365.73488895136353
1789890036,20,,Aggregated,2.200000,0.000000,2600,3400,4000,4600,5900,8700,15000,37000,866000,889000,889000,3557,1,2600,8971.197200666207,1023.4507819986902,888914.9343967438,365.73488895136353
1789890037,20,,Aggregated,2.200000,0.000000,2600,3400,4000,4600,5900,8700,15000,37000,866000,889000,889000,3557,1,2600,8971.197200666207,1023.4507819986902,888914.9343967438,365.73488895136353
1789890038,20,,Aggregated,2.200000,0.000000,2600,3400,4000,4600,5900,8700,15000,37000,866000,889000,889000,3557,1,2600,8971.197200666207,1023.4507819986902,888914.9343967438,365.73488895136353
1789890039,20,,Aggregated,0.100000,0.000000,2600,3400,4000,4600,6000,9200,15000,37000,866000,889000,889000,3576,1,2600,8979.00091506591,1023.4507819986902,888914.9343967438,364.99133109619686
1789890040,20,,Aggregated,0.100000,0.000000,2600,3400,4000,4600,6000,9200,15000,37000,866000,889000,889000,3576,1,2600,8979.00091506591,1023.4507819986902,888914.9343967438,364.99133109619686
1789890041,20,,Aggregated,0.000000,0.000000,2600,3400,4000,4600,6100,9300,15000,37000,866000,889000,889000,3578,1,2600,9199.425698396046,1023.4507819986902,888914.9343967438,368.53214086081607
1789890042,20,,Aggregated,0.000000,0.000000,2600,3400,4000,4600,6100,9300,15000,37000,866000,889000,889000,3578,1,2600,9199.425698396046,1023.4507819986902,888914.9343967438,368.53214086081607
1789890043,20,,Aggregated,0.000000,0.000000,2600,3400,4000,4600,6100,9300,15000,37000,866000,889000,889000,3578,1,2600,9199.425698396046,1023.4507819986902,888914.9343967438,368.53214086081607
1789890044,20,,Aggregated,2.100000,0.000000,2600,3400,4000,4600,6100,9300,15000,37000,866000,889000,889000,3579,1,2600,9197.642046051986,1023.4507819986902,888914.9343967438,368.4509639564124
1789890045,20,,Aggregated,2.100000,0.000000,2600,3400,4000,4600,6100,9200,15000,37000,866000,889000,889000,3582,1,2600,9191.096787195997,1023.4507819986902,888914.9343967438,368.33835845896147
1789890046,20,,Aggregated,2.100000,0.000000,2600,3400,4000,4600,6100,9200,15000,37000,866000,889000,889000,3582,1,2600,9191.096787195997,1023.4507819986902,888914.9343967438,368.33835845896147
1789890047,20,,Aggregated,2.200000,0.000000,2600,3400,4000,4600,6100,9200,15000,37000,866000,889000,889000,3587,1,2600,9182.219477907458,1023.4507819986902,888914.9343967438,368.1432952327851
1789890048,20,,Aggregated,2.500000,0.000000,2600,3400,4000,4600,6000,9200,15000,37000,866000,889000,889000,3592,1,2600,9175.222582052354,1023.4507819986902,888914.9343967438,367.93986636971044
1789890049,20,,Aggregated,2.500000,0.000000,2600,3400,4000,4600,6000,9200,15000,37000,866000,889000,889000,3592,1,2600,9175.222582052354,1023.4507819986902,888914.9343967438,367.93986636971044
1789890050,20,,Aggregated,3.000000,0.000000,2700,3400,4000,4600,6000,9200,15000,37000,866000,889000,889000,3597,1,2700,9170.437530901601,1023.4507819986902,888914.9343967438,367.737003058104
1789890051,20,,Aggregated,3.500000,0.000000,2700,3400,4000,4600,6100,9200,15000,37000,866000,889000,889000,3599,1,2700,9168.734688488486,1023.4507819986902,888914.9343967438,367.66601833842736
1789890052,20,,Aggregated,3.500000,0.000000,2700,3400,4000,4600,6100,9200,15000,37000,866000,889000,889000,3599,1,2700,9168.734688488486,1023.4507819986902,888914.9343967438,367.66601833842736
1789890053,20,,Aggregated,2.100000,0.000000,2700,3400,4000,4600,6000,9200,15000,37000,866000,889000,889000,3604,1,2700,9158.615381413445,1023.4507819986902,888914.9343967438,367.4739178690344
1789890054,20,,Aggregated,2.100000,0.000000,2600,3400,4000,4600,6100,9200,15000,37000,880000,893000,893000,3608,1,2600,9397.477569690602,1023.4507819986902,893178.48944664,370.65909090909093
1789890055,20,,Aggregated,2.400000,0.000000,2600,3400,4000,4600,6000,9200,15000,37000,880000,893000,893000,3611,1,2600,9391.964228524977,1023.4507819986902,893178.48944664,370.54555524785377
1789890056,20,,Aggregated,2.600000,0.000000,2600,3400,4000,4600,6000,9200,15000,37000,880000,893000,893000,3613,1,2600,9388.212651780708,1023.4507819986902,893178.48944664,370.463326875173
1789890057,20,,Aggregated,2.600000,0.000000,2600,3400,4000,4600,6000,9200,15000,37000,880000,893000,893000,3613,1,2600,9388.212651780708,1023.4507819986902,893178.48944664,370.463326875173
1789890058,20,,Aggregated,2.600000,0.000000,2600,3400,4000,4600,6000,9200,15000,37000,880000,893000,893000,3613,1,2600,9388.212651780708,1023.4507819986902,893178.48944664,370.463326875173
1789890059,20,,Aggregated,3.100000,0.000000,2700,3400,4100,4600,6000,9200,15000,37000,880000,893000,893000,3620,1,2700,9379.039949090802,1023.4507819986902,893178.48944664,370.1364640883978
1789890060,20,,Aggregated,3.100000,0.000000,2700,3400,4100,4600,6000,9200,15000,37000,880000,893000,893000,3620,1,2700,9379.039949090802,1023.4507819986902,893178.48944664,370.1364640883978
1789890061,20,,Aggregated,2.100000,0.000000,2700,3400,4100,4600,6000,9200,15000,37000,880000,893000,893000,3622,1,2700,9376.324521365186,1023.4507819986902,893178.48944664,370.0646051905025
1789890062,20,,Aggregated,2.100000,0.000000,2700,3400,4100,4600,6000,9200,15000,37000,880000,893000,893000,3622,1,2700,9376.324521365186,1023.4507819986902,893178.48944664,370.0646051905025
1789890063,20,,Aggregated,2.400000,0.000000,2700,3400,4100,4600,6000,9200,15000,37000,880000,893000,893000,3625,1,2700,9372.666001292884,1023.4507819986902,893178.48944664,369.952
1789890064,20,,Aggregated,2.300000,0.000000,2700,3400,4100,4600,6000,9200,15000,37000,880000,893000,893000,3629,1,2700,9368.280244738136,1023.4507819986902,893178.48944664,369.78892256820063
1789890065,20,,Aggregated,2.000000,0.000000,2700,3400,4100,4600,6000,9200,15000,37000,880000,893000,893000,3635,1,2700,9359.804561755902,1023.4507819986902,893178.48944664,369.5548830811554
1789890066,20,,Aggregated,2.100000,0.000000,2700,3400,4100,4600,6000,9200,15000,37000,880000,893000,893000,3639,1,2700,9351.367347412946,1023.4507819986902,893178.48944664,369.39269029953283
1789890067,20,,Aggregated,2.100000,0.000000,2700,3400,4100,4600,6000,9200,15000,37000,880000,893000,893000,3642,1,2700,9345.450734350552,1023.4507819986902,893178.48944664,369.28116419549696
1789890068,20,,Aggregated,2.100000,0.000000,2700,3400,4100,4600,6000,9200,15000,37000,880000,893000,893000,3642,1,2700,9345.450734350552,1023.4507819986902,893178.48944664,369.28116419549696
1789890069,20,,Aggregated,2.100000,0.000000,2700,3400,4100,4600,6000,9200,15000,37000,880000,893000,893000,3642,1,2700,9345.450734350552,1023.4507819986902,893178.48944664,369.28116419549696
1789890070,20,,Aggregated,2.100000,0.000000,2700,3400,4100,4600,6000,9200,15000,37000,880000,893000,893000,3642,1,2700,9345.450734350552,1023.4507819986902,893178.48944664,369.28116419549696
1789890071,20,,Aggregated,2.100000,0.000000,2700,3400,4100,4600,6000,9200,15000,37000,880000,893000,893000,3642,1,2700,9345.450734350552,1023.4507819986902,893178.48944664,369.28116419549696
1789890072,20,,Aggregated,2.100000,0.000000,2700,3400,4100,4600,6000,9200,15000,37000,880000,893000,893000,3642,1,2700,9345.450734350552,1023.4507819986902,893178.48944664,369.28116419549696
1789890073,20,,Aggregated,2.100000,0.000000,2700,3400,4100,4600,6000,9200,15000,37000,880000,893000,893000,3647,1,2700,9340.066110849111,1023.4507819986902,893178.48944664,369.08911434055386
1789890074,20,,Aggregated,2.100000,0.000000,2700,3400,4100,4600,6000,9200,15000,37000,880000,893000,893000,3647,1,2700,9340.066110849111,1023.4507819986902,893178.48944664,369.08911434055386
1789890075,20,,Aggregated,2.100000,0.000000,2700,3400,4100,4600,6000,9200,15000,37000,880000,893000,893000,3647,1,2700,9340.066110849111,1023.4507819986902,893178.48944664,369.08911434055386
1789890076,20,,Aggregated,2.100000,0.000000,2700,3400,4100,4600,6000,9200,15000,37000,880000,893000,893000,3647,1,2700,9340.066110849111,1023.4507819986902,893178.48944664,369.08911434055386
1789890077,20,,Aggregated,1.800000,0.000000,2700,3500,4100,4700,6100,9200,15000,37000,880000,893000,893000,3655,1,2700,9335.242614320852,1023.4507819986902,893178.48944664,368.7671682626539
1789890078,20,,Aggregated,1.100000,0.000000,2700,3500,4100,4700,6100,9200,15000,37000,880000,893000,893000,3663,1,2700,9329.158259192931,1023.4507819986902,893178.48944664,368.4662844662845
1789890079,20,,Aggregated,0.700000,0.000000,2700,3500,4100,4700,6100,9200,15000,37000,880000,893000,893000,3664,1,2700,9327.01436758398,1023.4507819986902,893178.48944664,368.42631004366814
1789890080,20,,Aggregated,0.700000,0.000000,2700,3500,4100,4700,6100,9200,15000,37000,880000,893000,893000,3667,1,2700,9320.661645479604,1023.4507819986902,893178.48944664,368.3163348786474
1789890081,20,,Aggregated,2.100000,0.000000,2700,3500,4100,4700,6100,9200,15000,37000,880000,893000,893000,3668,1,2700,9318.465678804174,1023.4507819986902,893178.48944664,368.2764449291167
1789890082,20,,Aggregated,2.100000,0.000000,2700,3500,4100,4700,6100,9200,15000,37000,880000,893000,893000,3668,1,2700,9318.465678804174,1023.4507819986902,893178.48944664,368.2764449291167
1789890083,20,,Aggregated,2.500000,0.000000,2700,3500,4100,4700,6100,9200,15000,37000,880000,893000,893000,3671,1,2700,9311.772846036694,1023.4507819986902,893178.48944664,368.15690547534734
1789890084,20,,Aggregated,2.600000,0.000000,2700,3500,4100,4700,6100,9200,15000,37000,880000,893000,893000,3672,1,2700,9309.78087207835,1023.4507819986902,893178.48944664,368.11710239651416
1789890085,20,,Aggregated,2.600000,0.000000,2700,3500,4100,4700,6100,9200,15000,37000,880000,893000,893000,3676,1,2700,9302.611640783924,1023.4507819986902,893178.48944664,367.9581066376496
1789890086,20,,Aggregated,2.400000,0.000000,2700,3500,4100,4700,6100,9200,15000,37000,880000,893000,893000,3681,1,2700,9294.669518086579,1023.4507819986902,893178.48944664,367.7794077696278
1789890087,20,,Aggregated,2.500000,0.000000,2700,3500,4100,4700,6100,9200,15000,37000,880000,893000,893000,3683,1,2700,9291.841979983625,1023.4507819986902,893178.48944664,367.70024436600596
1789890088,20,,Aggregated,3.000000,0.000000,2700,3500,4100,4700,6100,9200,15000,37000,880000,893000,893000,3686,1,2700,9287.329781932092,1023.4507819986902,893178.48944664,367.59142702116117
1789890089,20,,Aggregated,3.400000,0.000000,2700,3500,4100,4700,6100,9200,15000,37000,880000,893000,893000,3691,1,2700,9278.244488637412,1023.4507819986902,893178.48944664,367.39420211324847
1789890090,20,,Aggregated,3.400000,0.000000,2700,3500,4100,4700,6100,9200,15000,37000,880000,893000,893000,3691,1,2700,9278.244488637412,1023.4507819986902,893178.48944664,367.39420211324847
1789890091,20,,Aggregated,2.300000,0.000000,2700,3500,4100,4700,6100,9200,15000,37000,880000,893000,893000,3694,1,2700,9271.86654182585,1023.4507819986902,893178.48944664,367.27612344342174
1789890092,20,,Aggregated,2.400000,0.000000,2700,3500,4100,4600,6100,9200,15000,37000,880000,893000,893000,3697,1,2700,9265.420725038595,1023.4507819986902,893178.48944664,367.17771165810115
1789890093,20,,Aggregated,2.400000,0.000000,2700,3500,4100,4600,6100,9200,15000,37000,880000,893000,893000,3700,1,2700,9259.758207355322,1023.4507819986902,893178.48944664,367.06
1789890094,20,,Aggregated,2.600000,0.000000,2700,3500,4100,4600,6100,9200,15000,37000,880000,893000,893000,3705,1,2700,9249.501340393166,1023.4507819986902,893178.48944664,366.8642375168691
1789890095,20,,Aggregated,2.900000,0.000000,2700,3500,4100,4600,6100,9200,15000,37000,880000,893000,893000,3708,1,2700,9243.408939342957,1023.4507819986902,893178.48944664,366.75674217907226
1789890096,20,,Aggregated,2.900000,0.000000,2700,3400,4100,4600,6100,9200,15000,37000,880000,893000,893000,3711,1,2700,9237.225331685177,1023.4507819986902,893178.48944664,366.6397197520884
1789890097,20,,Aggregated,3.300000,0.000000,2700,3400,4100,4600,6100,9200,15000,37000,880000,893000,893000,3713,1,2700,9232.83451087845,1023.4507819986902,893178.48944664,366.56180985725825
1789890098,20,,Aggregated,3.100000,0.000000,2700,3400,4100,4600,6100,9200,15000,37000,880000,893000,893000,3715,1,2700,9228.701386625218,1023.4507819986902,893178.48944664,366.4936742934051
1789890099,20,,Aggregated,3.000000,0.000000,2700,3400,4100,4600,6100,9200,15000,37000,880000,893000,893000,3720,1,2700,9217.981112453677,1023.4507819986902,893178.48944664,366.30913978494624
1789890100,20,,Aggregated,3.000000,0.000000,2700,3400,4100,4600,6100,9200,15000,37000,880000,893000,893000,3725,1,2700,9207.348799763942,1023.4507819986902,893178.48944664,366.1154362416107
1789890101,20,,Aggregated,2.900000,0.000000,2700,3400,4100,4600,6100,9200,15000,37000,880000,893000,893000,3727,1,2700,9203.017423614885,1023.4507819986902,893178.48944664,366.0477595921653
1789890102,20,,Aggregated,2.900000,0.000000,2700,3400,4100,4600,6100,9200,15000,37000,880000,893000,893000,3728,1,2700,9200.874302436072,1023.4507819986902,893178.48944664,366.0091201716738
1789890103,20,,Aggregated,3.400000,0.000000,2600,3400,4100,4600,6100,9200,15000,37000,880000,893000,893000,3733,1,2600,9190.624063339319,1023.4507819986902,893178.48944664,365.816233592285
1789890104,20,,Aggregated,3.300000,0.000000,2600,3400,4100,4600,6100,9200,15000,37000,880000,893000,893000,3734,1,2600,9188.594879265313,1023.4507819986902,893178.48944664,365.7777182645956
1789890105,20,,Aggregated,3.100000,0.000000,2600,3400,4100,4600,6100,9200,15000,37000,880000,893000,893000,3737,1,2600,9182.388752623943,1023.4507819986902,893178.48944664,365.68049237356166
1789890106,20,,Aggregated,3.300000,0.000000,2600,3400,4100,4600,6100,9200,15000,37000,880000,893000,893000,3741,1,2600,9174.414457422261,1023.4507819986902,893178.48944664,365.5268644747394
1789890108,20,,Aggregated,2.900000,0.000000,2600,3400,4100,4600,6100,9200,15000,37000,880000,893000,893000,3743,1,2600,9170.405050520885,1023.4507819986902,893178.48944664,365.45017365749396
1789890109,20,,Aggregated,2.900000,0.000000,2600,3400,4100,4600,6100,9200,15000,37000,880000,893000,893000,3748,1,2600,9160.564786245912,1023.4507819986902,893178.48944664,365.2684098185699
1789890110,20,,Aggregated,3.000000,0.000000,2600,3400,4100,4600,6000,9200,15000,37000,880000,893000,893000,3751,1,2600,9154.281319740518,1023.4507819986902,893178.48944664,365.1538256464943
1789890111,20,,Aggregated,3.000000,0.000000,2600,3400,4100,4600,6000,9200,15000,37000,880000,893000,893000,3754,1,2600,9148.067254725007,1023.4507819986902,893178.48944664,365.0394246137453
1789890112,20,,Aggregated,3.300000,0.000000,2600,3400,4100,4600,6000,9200,15000,37000,880000,893000,893000,3755,1,2600,9146.048070177809,1023.4507819986902,893178.48944664,365.0109187749667
1789890113,20,,Aggregated,3.100000,0.000000,2600,3400,4100,4600,6000,9200,15000,37000,880000,893000,893000,3757,1,2600,9141.96803976382,1023.4507819986902,893178.48944664,364.934788394996
1789890114,20,,Aggregated,2.900000,0.000000,2600,3400,4100,4600,6000,9200,15000,37000,880000,893000,893000,3764,1,2600,9356.07886875051,1023.4507819986902,893178.48944664,368.8809776833156
1789890115,20,,Aggregated,2.800000,0.000000,2600,3400,4100,4600,6000,9200,15000,37000,880000,893000,893000,3769,1,2600,9345.550057672572,1023.4507819986902,893178.48944664,368.6956752454232
1789890116,20,,Aggregated,2.800000,0.000000,2600,3400,4100,4600,6000,9200,15000,37000,880000,893000,893000,3769,1,2600,9345.550057672572,1023.4507819986902,893178.48944664,368.6956752454232
1789890117,20,,Aggregated,2.800000,0.000000,2600,3400,4100,4600,6000,9200,15000,37000,880000,893000,893000,3769,1,2600,9345.550057672572,1023.4507819986902,893178.48944664,368.6956752454232
1789890118,20,,Aggregated,3.500000,0.000000,2600,3400,4100,4600,6000,9200,15000,37000,880000,893000,893000,3773,1,2600,9338.83040624859,1023.4507819986902,893178.48944664,368.50198780811024
1789890119,20,,Aggregated,3.200000,0.000000,2600,3400,4000,4600,6000,9200,15000,37000,880000,893000,893000,3778,1,2600,9329.703813163296,1023.4507819986902,893178.48944664,368.3176283748015
1789890120,20,,Aggregated,3.000000,0.000000,2600,3400,4000,4600,6000,9100,15000,37000,880000,893000,893000,3782,1,2600,9321.6390012324,1023.4507819986902,893178.48944664,368.1723955579059
1789890121,20,,Aggregated,3.000000,0.000000,2600,3400,4000,4600,6000,9100,15000,37000,880000,893000,893000,3783,1,2600,9319.502385078757,1023.4507819986902,893178.48944664,368.1337562780862
1789890122,20,,Aggregated,3.000000,0.000000,2600,3400,4000,4600,6000,9100,15000,37000,880000,893000,893000,3788,1,2600,9309.850786689265,1023.4507819986902,893178.48944664,367.9503695881732
1789890123,20,,Aggregated,3.000000,0.000000,2600,3400,4000,4600,6000,9100,15000,37000,880000,893000,893000,3790,1,2600,9306.119529269641,1023.4507819986902,893178.48944664,367.87335092348286
1789890124,20,,Aggregated,2.900000,0.000000,2600,3400,4000,4600,6000,9100,15000,37000,880000,893000,893000,3793,1,2600,9299.730707974411,1023.4507819986902,893178.48944664,367.75797521750593
1789890125,20,,Aggregated,3.300000,0.000000,2600,3400,4000,4600,6000,9100,15000,37000,880000,893000,893000,3796,1,2600,9293.436080921745,1023.4507819986902,893178.48944664,367.6427818756586
1789890126,20,,Aggregated,3.300000,0.000000,2600,3400,4000,4600,6000,9100,15000,37000,880000,893000,893000,3798,1,2600,9289.362830572656,1023.4507819986902,893178.48944664,367.5755660874144
1789890127,20,,Aggregated,2.900000,0.000000,2600,3400,4000,4600,6000,9100,15000,37000,880000,893000,893000,3802,1,2600,9281.80284496895,1023.4507819986902,893178.48944664,367.431877958969
1789890128,20,,Aggregated,2.700000,0.000000,2600,3400,4000,4600,6000,9100,15000,37000,880000,893000,893000,3807,1,2600,9272.199131020474,1023.4507819986902,893178.48944664,367.24087207775153
1789890129,20,,Aggregated,2.900000,0.000000,2600,3400,4000,4600,6000,9100,15000,37000,880000,893000,893000,3809,1,2600,9268.48142444262,1023.4507819986902,893178.48944664,367.1740614334471
1789890130,20,,Aggregated,3.300000,0.000000,2600,3400,4000,4600,6000,9100,15000,37000,880000,893000,893000,3812,1,2600,9262.621296692534,1023.4507819986902,893178.48944664,367.0598111227702
1789890131,20,,Aggregated,3.100000,0.000000,2600,3400,4000,4600,6000,9100,15000,37000,880000,893000,893000,3817,1,2600,9252.187175124427,1023.4507819986902,893178.48944664,366.8697930311763
1789890132,20,,Aggregated,3.100000,0.000000,2600,3400,4000,4600,6000,9100,15000,37000,880000,893000,893000,3818,1,2600,9250.073499835238,1023.4507819986902,893178.48944664,366.84127815610265
1789890133,20,,Aggregated,3.100000,0.000000,2600,3400,4000,4600,6000,9000,15000,37000,880000,893000,893000,3823,1,2600,9239.776277543799,1023.4507819986902,893178.48944664,366.6612607899555
1789890134,20,,Aggregated,3.200000,0.000000,2600,3400,4000,4600,6000,9000,15000,37000,880000,893000,893000,3825,1,2600,9235.625357213057,1023.4507819986902,893178.48944664,366.5856209150327
1789890135,20,,Aggregated,3.000000,0.000000,2600,3400,4000,4600,6000,9000,15000,37000,880000,893000,893000,3830,1,2600,9225.47980073941,1023.4507819986902,893178.48944664,366.40626631853786
1789890136,20,,Aggregated,3.200000,0.000000,2600,3400,4000,4600,6000,9000,15000,37000,880000,893000,893000,3833,1,2600,9219.249571685608,1023.4507819986902,893178.48944664,366.29324289068614
1789890137,20,,Aggregated,3.400000,0.000000,2600,3400,4000,4600,6000,9000,15000,37000,880000,893000,893000,3835,1,2600,9215.188866773646,1023.4507819986902,893178.48944664,366.2179921773142
1789890138,20,,Aggregated,3.400000,0.000000,2600,3400,4000,4600,6000,9000,15000,37000,880000,893000,893000,3839,1,2600,9206.825929283132,1023.4507819986902,893178.48944664,366.07710341234696
1789890139,20,,Aggregated,3.200000,0.000000,2600,3400,4000,4600,6000,9000,15000,37000,880000,893000,893000,3841,1,2600,9202.716807747705,1023.4507819986902,893178.48944664,366.0020827909399
1789890140,20,,Aggregated,3.200000,0.000000,2600,3400,4000,4600,6000,9000,15000,37000,880000,893000,893000,3844,1,2600,9196.740685791347,1023.4507819986902,893178.48944664,365.8990634755463
1789890141,20,,Aggregated,3.200000,0.000000,2600,3400,4000,4600,6000,9000,15000,37000,880000,893000,893000,3848,1,2600,9188.985445186314,1023.4507819986902,893178.48944664,365.74948024948026
1789890142,20,,Aggregated,3.200000,0.000000,2600,3400,4000,4600,6000,9000,15000,37000,880000,893000,893000,3853,1,2600,9179.146020948856,1023.4507819986902,893178.48944664,365.5722813392162
1789890143,20,,Aggregated,3.200000,0.000000,2600,3400,4000,4600,6000,9000,15000,37000,880000,893000,893000,3855,1,2600,9175.035106213732,1023.4507819986902,893178.48944664,365.49779507133593
1789890144,20,,Aggregated,3.300000,0.000000,2600,3400,4000,4600,6000,9000,15000,37000,880000,893000,893000,3858,1,2600,9168.992061694127,1023.4507819986902,893178.48944664,365.386210471747
1789890145,20,,Aggregated,3.300000,0.000000,2600,3400,4000,4600,6000,8900,15000,37000,880000,893000,893000,3861,1,2600,9163.112026614075,1023.4507819986902,893178.48944664,365.28412328412327
1789890146,20,,Aggregated,3.300000,0.000000,2600,3400,4000,4600,6000,8900,15000,37000,880000,893000,893000,3864,1,2600,9157.25029963042,1023.4507819986902,893178.48944664,365.1821946169772
1789890147,20,,Aggregated,3.100000,0.000000,2600,3400,4000,4500,6000,8900,15000,37000,880000,893000,893000,3868,1,2600,9149.07691082832,1023.4507819986902,893178.48944664,365.03412616339193
1789890148,20,,Aggregated,3.100000,0.000000,2600,3400,4000,4500,6000,8900,15000,37000,880000,893000,893000,3870,1,2600,9145.029306328926,1023.4507819986902,893178.48944664,364.9602067183462
1789890149,20,,Aggregated,3.000000,0.000000,2600,3300,4000,4500,6000,8900,15000,37000,880000,893000,893000,3874,1,2600,9137.004454942678,1023.4507819986902,893178.48944664,364.8218895198761
1789890150,20,,Aggregated,3.300000,0.000000,2600,3300,4000,4500,6000,8900,15000,37000,880000,893000,893000,3876,1,2600,9132.981208938581,1023.4507819986902,893178.48944664,364.7481940144479
1789890151,20,,Aggregated,3.400000,0.000000,2600,3300,4000,4500,6000,8900,15000,37000,880000,893000,893000,3881,1,2600,9122.986146377205,1023.4507819986902,893178.48944664,364.5735635145581
1789890152,20,,Aggregated,3.400000,0.000000,2600,3300,4000,4500,6000,8900,15000,37000,880000,893000,893000,3882,1,2600,9120.940222028836,1023.4507819986902,893178.48944664,364.5368366821226
1789890153,20,,Aggregated,3.200000,0.000000,2600,3300,4000,4500,6000,8900,15000,37000,880000,893000,893000,3884,1,2600,9117.035928761054,1023.4507819986902,893178.48944664,364.4727085478888
1789890154,20,,Aggregated,3.200000,0.000000,2600,3300,4000,4500,6000,8900,15000,37000,880000,893000,893000,3887,1,2600,9111.169139683285,1023.4507819986902,893178.48944664,364.3627476202727
1789890155,20,,Aggregated,3.100000,0.000000,2600,3300,4000,4500,6000,8900,15000,37000,880000,893000,893000,3892,1,2600,9101.9134969211,1023.4507819986902,893178.48944664,364.1891058581706
1789890156,20,,Aggregated,2.900000,0.000000,2600,3300,4000,4500,6000,8900,15000,37000,880000,893000,893000,3896,1,2600,9094.305338906039,1023.4507819986902,893178.48944664,364.04312114989733
1789890157,20,,Aggregated,2.900000,0.000000,2600,3300,4000,4500,6000,8900,15000,37000,880000,893000,893000,3898,1,2600,9090.27991988813,1023.4507819986902,893178.48944664,363.97024114930736
1789890158,20,,Aggregated,3.100000,0.000000,2600,3300,4000,4500,6000,8900,15000,37000,880000,893000,893000,3902,1,2600,9082.33504670321,1023.4507819986902,893178.48944664,363.8339313172732
1789890159,20,,Aggregated,3.300000,0.000000,2600,3300,4000,4500,6000,8900,15000,37000,880000,893000,893000,3903,1,2600,9080.367473916713,1023.4507819986902,893178.48944664,363.79759159620806
1789890160,20,,Aggregated,3.100000,0.000000,2600,3300,4000,4500,6000,8900,15000,37000,880000,893000,893000,3906,1,2600,9074.536451924969,1023.4507819986902,893178.48944664,363.6979006656426
1789890161,20,,Aggregated,3.200000,0.000000,2600,3300,4000,4500,6000,8900,15000,37000,880000,893000,893000,3910,1,2600,9066.85943214883,1023.4507819986902,893178.48944664,363.5529411764706
1789890162,20,,Aggregated,3.000000,0.000000,2600,3300,4000,4500,5900,8900,15000,37000,880000,893000,893000,3912,1,2600,9063.010643724161,1023.4507819986902,893178.48944664,363.48057259713704
1789890163,20,,Aggregated,3.000000,0.000000,2600,3300,4000,4500,5900,8900,15000,37000,880000,893000,893000,3916,1,2600,9055.721444713974,1023.4507819986902,893178.48944664,363.3452502553626
1789890164,20,,Aggregated,3.000000,0.000000,2600,3300,3900,4500,5900,8900,15000,37000,880000,893000,893000,3921,1,2600,9046.143676821199,1023.4507819986902,893178.48944664,363.1741902575873
1789890165,20,,Aggregated,2.900000,0.000000,2600,3300,3900,4500,5900,8900,15000,37000,880000,893000,893000,3922,1,2600,9044.297917781723,1023.4507819986902,893178.48944664,363.13819479857216
1789890166,20,,Aggregated,2.900000,0.000000,2600,3300,3900,4500,5900,8900,15000,37000,880000,893000,893000,3922,1,2600,9044.297917781723,1023.4507819986902,893178.48944664,363.13819479857216
1789890167,20,,Aggregated,3.400000,0.000000,2600,3300,3900,4500,5900,8900,15000,37000,880000,893000,893000,3926,1,2600,9037.355678935028,1023.4507819986902,893178.48944664,363.0035659704534
1789890168,20,,Aggregated,2.700000,0.000000,2600,3300,3900,4500,5900,8900,15000,37000,880000,893000,893000,3927,1,2600,9035.630365344263,1023.4507819986902,893178.48944664,362.9676597911892
1789890169,20,,Aggregated,2.800000,0.000000,2600,3300,3900,4500,5900,8900,15000,37000,880000,893000,893000,3935,1,2600,9021.834700686639,1023.4507819986902,893178.48944664,362.69021601016516
1789890170,20,,Aggregated,2.800000,0.000000,2600,3300,3900,4500,5900,8900,15000,37000,880000,893000,893000,3935,1,2600,9021.834700686639,1023.4507819986902,893178.48944664,362.69021601016516
1789890171,20,,Aggregated,2.800000,0.000000,2600,3300,3900,4500,5900,8900,15000,37000,880000,893000,893000,3938,1,2600,9017.159996592922,1023.4507819986902,893178.48944664,362.58303707465717
1789890172,20,,Aggregated,2.800000,0.000000,2600,3300,3900,4500,5900,8900,15000,37000,880000,893000,893000,3942,1,2600,9010.50188264686,1023.4507819986902,893178.48944664,362.44951801116184
1789890173,20,,Aggregated,2.900000,0.000000,2600,3300,3900,4500,5900,8900,15000,37000,880000,893000,893000,3945,1,2600,9004.572394748777,1023.4507819986902,893178.48944664,362.35183776932826
1789890174,20,,Aggregated,2.900000,0.000000,2600,3300,3900,4500,5900,8900,15000,37000,880000,893000,893000,3945,1,2600,9004.572394748777,1023.4507819986902,893178.48944664,362.35183776932826
1789890175,20,,Aggregated,3.100000,0.000000,2600,3300,3900,4500,5900,8900,15000,37000,880000,893000,893000,3949,1,2600,8996.949506398309,1023.4507819986902,893178.48944664,362.20967333502153
1789890176,20,,Aggregated,2.400000,0.000000,2600,3300,3900,4500,5900,8900,14000,37000,880000,893000,893000,3954,1,2600,8987.81296014945,1023.4507819986902,893178.48944664,362.04046535154276
1789890177,20,,Aggregated,2.700000,0.000000,2600,3300,3900,4500,5900,8900,14000,37000,880000,893000,893000,3955,1,2600,8986.296948018946,1023.4507819986902,893178.48944664,362.00505689001267
1789890178,20,,Aggregated,3.100000,0.000000,2600,3300,3900,4500,5900,8900,14000,37000,880000,893000,893000,3960,1,2600,8976.944620603013,1023.4507819986902,893178.48944664,361.8363636363636
1789890179,20,,Aggregated,2.800000,0.000000,2500,3300,3900,4500,5900,8800,14000,37000,880000,893000,893000,3963,1,2500,8971.604363197055,1023.4507819986902,893178.48944664,361.7395912187737
1789890180,20,,Aggregated,2.800000,0.000000,2500,3300,3900,4500,5900,8800,14000,37000,880000,893000,893000,3965,1,2500,8967.931030081949,1023.4507819986902,893178.48944664,361.66910466582596
1789890181,20,,Aggregated,3.300000,0.000000,2500,3300,3900,4500,5900,8800,14000,37000,880000,893000,893000,3969,1,2500,8960.052753655309,1023.4507819986902,893178.48944664,361.5283446712018
1789890182,20,,Aggregated,3.000000,0.000000,2500,3300,3900,4500,5900,8800,14000,37000,880000,893000,893000,3972,1,2500,8954.29333352969,1023.4507819986902,893178.48944664,361.42296072507554
1789890183,20,,Aggregated,3.000000,0.000000,2500,3300,3900,4500,5900,8800,14000,37000,880000,893000,893000,3972,1,2500,8954.29333352969,1023.4507819986902,893178.48944664,361.42296072507554
1789890184,20,,Aggregated,2.900000,0.000000,2500,3300,3900,4500,5900,8900,15000,37000,888000,897000,897000,3979,1,2500,9166.777200468074,1023.4507819986902,897155.2894115448,365.77758230711237
1789890185,20,,Aggregated,2.900000,0.000000,2500,3300,3900,4500,5900,8800,15000,37000,888000,897000,897000,3981,1,2500,9162.812271583387,1023.4507819986902,897155.2894115448,365.70535041446874
1789890186,20,,Aggregated,2.900000,0.000000,2500,3300,3900,4500,5900,8800,15000,37000,888000,897000,897000,3981,1,2500,9162.812271583387,1023.4507819986902,897155.2894115448,365.70535041446874
1789890187,20,,Aggregated,2.900000,0.000000,2500,3300,3900,4500,5900,8800,15000,37000,888000,897000,897000,3981,1,2500,9162.812271583387,1023.4507819986902,897155.2894115448,365.70535041446874
1789890188,20,,Aggregated,3.200000,0.000000,2500,3300,3900,4500,5900,8800,15000,37000,888000,897000,897000,3985,1,2500,9157.234301327593,1023.4507819986902,897155.2894115448,365.5340025094103
1789890189,20,,Aggregated,2.800000,0.000000,2500,3300,3900,4500,5900,8900,15000,37000,888000,897000,897000,3992,1,2500,9352.604085946365,1023.4507819986902,897155.2894115448,369.2139278557114
1789890190,20,,Aggregated,2.600000,0.000000,2500,3300,3900,4500,5900,8900,15000,37000,888000,897000,897000,3997,1,2500,9343.792770419286,1023.4507819986902,897155.2894115448,369.02977232924695
1789890191,20,,Aggregated,2.600000,0.000000,2500,3300,3900,4500,5900,8900,15000,37000,888000,897000,897000,3997,1,2500,9343.792770419286,1023.4507819986902,897155.2894115448,369.02977232924695
1789890192,20,,Aggregated,2.600000,0.000000,2500,3300,3900,4500,5900,8900,15000,37000,888000,897000,897000,3997,1,2500,9343.792770419286,1023.4507819986902,897155.2894115448,369.02977232924695
1789890193,20,,Aggregated,2.800000,0.000000,2600,3300,3900,4500,5900,8800,15000,37000,880000,897000,897000,4002,1,2600,9337.018081002723,1023.4507819986902,897155.2894115448,368.8280859570215
1789890194,20,,Aggregated,2.800000,0.000000,2600,3300,3900,4500,5900,8800,15000,37000,880000,897000,897000,4006,1,2600,9330.437437252847,1023.4507819986902,897155.2894115448,368.6904643035447
1789890195,20,,Aggregated,2.800000,0.000000,2500,3300,3900,4500,5900,8800,15000,37000,880000,897000,897000,4008,1,2500,9326.644852419387,1023.4507819986902,897155.2894115448,368.61726546906186
1789890196,20,,Aggregated,2.800000,0.000000,2500,3300,3900,4500,5900,8800,15000,37000,880000,897000,897000,4012,1,2500,9319.35405352515,1023.4507819986902,897155.2894115448,368.4710867397807
1789890197,20,,Aggregated,2.800000,0.000000,2500,3300,3900,4500,5900,8800,15000,37000,880000,897000,897000,4017,1,2500,9309.93485425066,1023.4507819986902,897155.2894115448,368.2887727159572
1789890198,20,,Aggregated,2.600000,0.000000,2500,3300,3900,4500,5900,8800,15000,37000,880000,897000,897000,4019,1,2500,9306.656521880044,1023.4507819986902,897155.2894115448,368.2159741229161
1789890199,20,,Aggregated,3.600000,0.000000,2500,3300,3900,4500,5900,8700,15000,37000,880000,897000,897000,4021,1,2500,9302.684172113131,1023.4507819986902,897155.2894115448,368.16115394180554
1789890200,20,,Aggregated,3.600000,0.000000,2500,3300,3900,4500,5900,8700,15000,37000,880000,897000,897000,4022,1,2500,9300.826185989781,1023.4507819986902,897155.2894115448,368.12481352560917
1789890201,20,,Aggregated,2.700000,0.000000,2500,3300,3900,4500,5900,8700,15000,37000,880000,897000,897000,4026,1,2500,9293.449629399625,1023.4507819986902,897155.2894115448,367.9885742672628
1789890202,20,,Aggregated,2.600000,0.000000,2500,3300,3900,4500,5900,8700,15000,37000,880000,897000,897000,4030,1,2500,9286.414111111138,1023.4507819986902,897155.2894115448,367.8436724565757
1789890203,20,,Aggregated,2.800000,0.000000,2500,3300,3900,4500,5900,8700,15000,37000,880000,897000,897000,4035,1,2500,9277.39256899948,1023.4507819986902,897155.2894115448,367.6629491945477
1789890204,20,,Aggregated,2.800000,0.000000,2500,3300,3900,4400,5900,8700,15000,37000,880000,897000,897000,4037,1,2500,9273.872410573917,1023.4507819986902,897155.2894115448,367.5907852365618
1789890205,20,,Aggregated,3.200000,0.000000,2500,3300,3900,4400,5900,8700,15000,37000,880000,897000,897000,4040,1,2500,9268.532194468293,1023.4507819986902,897155.2894115448,367.48267326732673
1789890206,20,,Aggregated,3.300000,0.000000,2500,3300,3900,4400,5900,8700,15000,37000,880000,897000,897000,4043,1,2500,9262.62784339671,1023.4507819986902,897155.2894115448,367.3925302992827
1789890207,20,,Aggregated,3.300000,0.000000,2500,3300,3900,4400,5900,8700,15000,37000,880000,897000,897000,4046,1,2500,9256.76590614407,1023.4507819986902,897155.2894115448,367.2847256549679
1789890208,20,,Aggregated,3.100000,0.000000,2500,3300,3900,4400,5900,8700,15000,37000,880000,897000,897000,4050,1,2500,9248.872716572816,1023.4507819986902,897155.2894115448,367.15012345679014
1789890209,20,,Aggregated,2.800000,0.000000,2500,3300,3900,4400,5900,8700,14000,37000,880000,897000,897000,4054,1,2500,9241.254328491836,1023.4507819986902,897155.2894115448,367.00690675875677
1789890210,20,,Aggregated,3.000000,0.000000,2500,3300,3900,4400,5900,8700,14000,37000,880000,897000,897000,4057,1,2500,9235.745375706161,1023.4507819986902,897155.2894115448,366.89967956618193
1789890211,20,,Aggregated,3.300000,0.000000,2500,3300,3900,4400,5900,8700,14000,37000,880000,897000,897000,4060,1,2500,9230.183373994063,1023.4507819986902,897155.2894115448,366.7926108374384
1789890212,20,,Aggregated,3.300000,0.000000,2500,3300,3900,4400,5900,8700,14000,37000,880000,897000,897000,4064,1,2500,9222.62775782478,1023.4507819986902,897155.2894115448,366.6678149606299
1789890213,20,,Aggregated,3.400000,0.000000,2500,3300,3900,4400,5900,8700,14000,37000,880000,897000,897000,4068,1,2500,9214.881138784636,1023.4507819986902,897155.2894115448,366.52556538839724
1789890214,20,,Aggregated,3.400000,0.000000,2500,3300,3900,4400,5800,8700,14000,37000,880000,897000,897000,4071,1,2500,9209.015427025768,1023.4507819986902,897155.2894115448,366.4269221321543
1789890215,20,,Aggregated,3.400000,0.000000,2500,3300,3900,4400,5800,8700,14000,37000,880000,897000,897000,4073,1,2500,9205.076962413921,1023.4507819986902,897155.2894115448,366.3560029462313
1789890216,20,,Aggregated,3.400000,0.000000,2500,3200,3900,4400,5800,8700,14000,37000,880000,897000,897000,4078,1,2500,9195.697111803798,1023.4507819986902,897155.2894115448,366.17900931829325
1789890217,20,,Aggregated,3.200000,0.000000,2500,3200,3900,4400,5800,8700,14000,37000,880000,897000,897000,4081,1,2500,9190.306026784343,1023.4507819986902,897155.2894115448,366.0730213183043
1789890218,20,,Aggregated,3.200000,0.000000,2500,3200,3900,4400,5800,8700,14000,37000,880000,897000,897000,4082,1,2500,9188.367402260634,1023.4507819986902,897155.2894115448,366.0377266046056
1789890219,20,,Aggregated,3.300000,0.000000,2500,3200,3900,4400,5800,8700,14000,37000,880000,897000,897000,4087,1,2500,9179.120093144827,1023.4507819986902,897155.2894115448,365.8791289454368
1789890220,20,,Aggregated,3.300000,0.000000,2500,3200,3900,4400,5800,8700,14000,37000,880000,897000,897000,4090,1,2500,9173.444834874306,1023.4507819986902,897155.2894115448,365.77359413202936
1789890221,20,,Aggregated,3.300000,0.000000,2500,3200,3900,4400,5800,8700,14000,37000,880000,897000,897000,4092,1,2500,9169.658638564495,1023.4507819986902,897155.2894115448,365.70332355816225
1789890222,20,,Aggregated,3.300000,0.000000,2500,3200,3900,4400,5800,8700,14000,37000,880000,897000,897000,4092,1,2500,9169.658638564495,1023.4507819986902,897155.2894115448,365.70332355816225
1789890223,20,,Aggregated,3.400000,0.000000,2500,3200,3900,4400,5800,8700,15000,37000,880000,897000,897000,4098,1,2500,9359.831206528168,1023.4507819986902,897155.2894115448,369.46778916544656
1789890224,20,,Aggregated,3.300000,0.000000,2500,3200,3900,4400,5800,8700,14000,37000,880000,897000,897000,4103,1,2500,9350.582539107343,1023.4507819986902,897155.2894115448,369.28808189129904
1789890225,20,,Aggregated,3.300000,0.000000,2500,3200,3900,4400,5800,8700,14000,37000,880000,897000,897000,4103,1,2500,9350.582539107343,1023.4507819986902,897155.2894115448,369.28808189129904
1789890226,20,,Aggregated,3.300000,0.000000,2500,3200,3900,4400,5800,8700,14000,37000,880000,897000,897000,4103,1,2500,9350.582539107343,1023.4507819986902,897155.2894115448,369.28808189129904
1789890227,20,,Aggregated,3.200000,0.000000,2500,3200,3900,4400,5800,8700,14000,37000,880000,897000,897000,4108,1,2500,9343.283859087982,1023.4507819986902,897155.2894115448,369.0912852969815
1789890228,20,,Aggregated,2.700000,0.000000,2500,3200,3900,4400,5800,8700,14000,37000,880000,897000,897000,4113,1,2500,9335.319322591155,1023.4507819986902,897155.2894115448,368.91247264770243
1789890229,20,,Aggregated,3.000000,0.000000,2500,3200,3900,4400,5800,8700,14000,37000,880000,897000,897000,4117,1,2500,9328.375371923834,1023.4507819986902,897155.2894115448,368.76973524410977
1789890230,20,,Aggregated,3.000000,0.000000,2500,3200,3900,4400,5800,8600,14000,37000,880000,897000,897000,4122,1,2500,9318.960336878317,1023.4507819986902,897155.2894115448,368.60043668122273
1789890231,20,,Aggregated,3.000000,0.000000,2500,3200,3900,4400,5800,8600,14000,37000,880000,897000,897000,4123,1,2500,9317.176341244827,1023.4507819986902,897155.2894115448,368.56487994178997
1789890232,20,,Aggregated,2.900000,0.000000,2500,3200,3900,4400,5800,8600,14000,37000,880000,897000,897000,4124,1,2500,9315.550807165233,1023.4507819986902,897155.2894115448,368.52934044616876
1789890233,20,,Aggregated,3.000000,0.000000,2500,3200,3900,4400,5800,8600,14000,37000,880000,897000,897000,4127,1,2500,9309.716076490531,1023.4507819986902,897155.2894115448,368.4402713835716
1789890234,20,,Aggregated,3.200000,0.000000,2500,3200,3900,4400,5800,8600,14000,37000,880000,897000,897000,4128,1,2500,9307.912564236296,1023.4507819986902,897155.2894115448,368.4047965116279
1789890235,20,,Aggregated,3.200000,0.000000,2500,3200,3900,4400,5800,8600,14000,37000,880000,897000,897000,4132,1,2500,9300.992560994539,1023.4507819986902,897155.2894115448,368.263068731849
1789890236,20,,Aggregated,2.400000,0.000000,2500,3200,3900,4400,5800,8600,14000,37000,880000,897000,897000,4137,1,2500,9292.378834473879,1023.4507819986902,897155.2894115448,368.0862944162437
1789890237,20,,Aggregated,2.900000,0.000000,2500,3200,3900,4400,5800,8600,14000,37000,880000,897000,897000,4142,1,2500,9283.574321317583,1023.4507819986902,897155.2894115448,367.9186383389667
1789890238,20,,Aggregated,2.900000,0.000000,2500,3200,3900,4400,5800,8600,14000,37000,880000,897000,897000,4145,1,2500,9277.950334549198,1023.4507819986902,897155.2894115448,367.8130277442702
1789890239,20,,Aggregated,3.300000,0.000000,2500,3200,3900,4400,5800,8600,14000,37000,880000,897000,897000,4148,1,2500,9272.17684501095,1023.4507819986902,897155.2894115448,367.72492767598845
1789890240,20,,Aggregated,3.300000,0.000000,2500,3200,3900,4400,5800,8600,14000,37000,880000,897000,897000,4148,1,2500,9272.17684501095,1023.4507819986902,897155.2894115448,367.72492767598845
1789890241,20,,Aggregated,3.300000,0.000000,2500,3200,3900,4400,5800,8600,14000,37000,880000,897000,897000,4151,1,2500,9266.448992512025,1023.4507819986902,897155.2894115448,367.61960973259454
1789890242,20,,Aggregated,2.900000,0.000000,2500,3200,3900,4400,5800,8600,14000,37000,880000,897000,897000,4156,1,2500,9257.424020029934,1023.4507819986902,897155.2894115448,367.4444177093359
1789890243,20,,Aggregated,2.800000,0.000000,2500,3200,3900,4400,5800,8600,14000,37000,880000,897000,897000,4158,1,2500,9254.092627136703,1023.4507819986902,897155.2894115448,367.37445887445887
1789890244,20,,Aggregated,2.900000,0.000000,2500,3200,3900,4400,5800,8500,14000,37000,880000,897000,897000,4163,1,2500,9245.365666665242,1023.4507819986902,897155.2894115448,367.2085034830651
1789890245,20,,Aggregated,2.900000,0.000000,2500,3200,3900,4400,5800,8500,14000,37000,880000,897000,897000,4165,1,2500,9241.773581582811,1023.4507819986902,897155.2894115448,367.1387755102041
1789890246,20,,Aggregated,2.900000,0.000000,2500,3200,3800,4400,5800,8500,14000,37000,880000,897000,897000,4169,1,2500,9234.38301704423,1023.4507819986902,897155.2894115448,367.0167905972655
1789890247,20,,Aggregated,3.300000,0.000000,2500,3200,3800,4400,5800,8500,14000,37000,880000,897000,897000,4170,1,2500,9232.531144914963,1023.4507819986902,897155.2894115448,366.98201438848923
1789890248,20,,Aggregated,3.300000,0.000000,2500,3200,3800,4400,5800,8500,14000,37000,880000,897000,897000,4174,1,2500,9225.212124851556,1023.4507819986902,897155.2894115448,366.8430761859128
1789890249,20,,Aggregated,2.800000,0.000000,2500,3200,3800,4400,5800,8500,14000,37000,880000,897000,897000,4177,1,2500,9219.801543595499,1023.4507819986902,897155.2894115448,366.73904716303565
1789890250,20,,Aggregated,2.700000,0.000000,2500,3200,3800,4400,5800,8500,14000,37000,880000,897000,897000,4181,1,2500,9212.217348228987,1023.4507819986902,897155.2894115448,366.60918440564456
1789890251,20,,Aggregated,2.700000,0.000000,2500,3200,3800,4400,5800,8500,14000,37000,880000,897000,897000,4186,1,2500,9202.978911749977,1023.4507819986902,897155.2894115448,366.4364548494983
1789890252,20,,Aggregated,3.200000,0.000000,2500,3200,3800,4400,5800,8500,14000,37000,880000,897000,897000,4188,1,2500,9199.297718773974,1023.4507819986902,897155.2894115448,366.384670487106
1789890253,20,,Aggregated,3.500000,0.000000,2500,3200,3800,4400,5800,8500,14000,37000,880000,897000,897000,4191,1,2500,9193.724956047341,1023.4507819986902,897155.2894115448,366.2813171080888
1789890254,20,,Aggregated,3.300000,0.000000,2500,3200,3800,4400,5800,8500,14000,37000,880000,897000,897000,4193,1,2500,9189.930690351159,1023.4507819986902,897155.2894115448,366.2124970188409
1789890255,20,,Aggregated,3.400000,0.000000,2500,3200,3800,4400,5800,8500,14000,37000,880000,897000,897000,4196,1,2500,9184.3666953266,1023.4507819986902,897155.2894115448,366.10938989513824
1789890256,20,,Aggregated,3.100000,0.000000,2500,3200,3800,4400,5800,8500,14000,37000,880000,897000,897000,4199,1,2500,9178.783673273734,1023.4507819986902,897155.2894115448,366.0064301024053
1789890257,20,,Aggregated,3.000000,0.000000,2500,3200,3800,4400,5800,8500,14000,37000,880000,897000,897000,4204,1,2500,9169.774787573122,1023.4507819986902,897155.2894115448,365.84372026641296
1789890258,20,,Aggregated,3.000000,0.000000,2500,3200,3800,4400,5800,8500,14000,37000,880000,897000,897000,4206,1,2500,9166.293158737139,1023.4507819986902,897155.2894115448,365.7753209700428
1789890259,20,,Aggregated,3.400000,0.000000,2500,3200,3800,4400,5800,8500,14000,37000,880000,897000,897000,4210,1,2500,9159.11100517373,1023.4507819986902,897155.2894115448,365.6558194774347
1789890260,20,,Aggregated,3.400000,0.000000,2500,3200,3800,4400,5800,8500,14000,37000,880000,897000,897000,4213,1,2500,9153.497300393163,1023.4507819986902,897155.2894115448,365.5535248041775
1789890261,20,,Aggregated,3.200000,0.000000,2500,3200,3800,4300,5800,8500,14000,37000,880000,897000,897000,4216,1,2500,9147.886573572914,1023.4507819986902,897155.2894115448,365.45137571157494
1789890262,20,,Aggregated,3.200000,0.000000,2500,3200,3800,4300,5800,8500,14000,37000,880000,897000,897000,4218,1,2500,9144.18525244865,1023.4507819986902,897155.2894115448,365.38335704125177
1789890263,20,,Aggregated,2.700000,0.000000,2500,3200,3800,4300,5800,8500,14000,37000,880000,897000,897000,4221,1,2500,9138.679852371808,1023.4507819986902,897155.2894115448,365.2899786780384
1789890264,20,,Aggregated,2.700000,0.000000,2500,3200,3800,4300,5800,8500,14000,37000,880000,897000,897000,4225,1,2500,9131.477362079386,1023.4507819986902,897155.2894115448,365.1543195266272
1789890265,20,,Aggregated,3.000000,0.000000,2500,3200,3800,4300,5800,8500,14000,37000,880000,897000,897000,4229,1,2500,9124.17384739972,1023.4507819986902,897155.2894115448,365.03594230314496
1789890266,20,,Aggregated,3.300000,0.000000,2500,3200,3800,4300,5800,8500,14000,37000,880000,897000,897000,4232,1,2500,9118.73104275695,1023.4507819986902,897155.2894115448,364.9345463137996
1789890267,20,,Aggregated,3.300000,0.000000,2500,3200,3800,4300,5800,8500,14000,37000,880000,897000,897000,4233,1,2500,9116.968442396272,1023.4507819986902,897155.2894115448,364.90077958894403
1789890268,20,,Aggregated,3.200000,0.000000,2500,3200,3800,4300,5800,8500,14000,37000,880000,897000,897000,4238,1,2500,9107.844586467061,1023.4507819986902,897155.2894115448,364.7321849929212
1789890269,20,,Aggregated,3.000000,0.000000,2500,3200,3800,4300,5800,8500,14000,37000,880000,897000,897000,4240,1,2500,9104.113262747973,1023.4507819986902,897155.2894115448,364.6733490566038
1789890270,20,,Aggregated,3.000000,0.000000,2500,3200,3800,4300,5800,8500,14000,37000,880000,897000,897000,4243,1,2500,9098.66358037601,1023.4507819986902,897155.2894115448,364.57247230732975
1789890271,20,,Aggregated,3.100000,0.000000,2500,3200,3800,4300,5800,8500,14000,37000,880000,897000,897000,4247,1,2500,9091.557738799955,1023.4507819986902,897155.2894115448,364.44666823640216
1789890272,20,,Aggregated,3.100000,0.000000,2500,3200,3800,4300,5800,8500,14000,37000,880000,897000,897000,4250,1,2500,9086.069200374684,1023.4507819986902,897155.2894115448,364.3545882352941
1789890273,20,,Aggregated,3.200000,0.000000,2500,3200,3800,4300,5800,8500,14000,37000,880000,897000,897000,4253,1,2500,9080.574667003388,1023.4507819986902,897155.2894115448,364.2541735245709
1789890274,20,,Aggregated,3.200000,0.000000,2500,3200,3800,4300,5800,8500,14000,37000,880000,897000,897000,4256,1,2500,9075.12734786194,1023.4507819986902,897155.2894115448,364.1539003759398
1789890275,20,,Aggregated,3.200000,0.000000,2500,3200,3800,4300,5800,8500,14000,37000,880000,897000,897000,4259,1,2500,9069.856075136515,1023.4507819986902,897155.2894115448,364.06222117868043
1789890276,20,,Aggregated,3.100000,0.000000,2500,3200,3800,4300,5800,8300,14000,37000,880000,897000,897000,4263,1,2500,9062.83345713146,1023.4507819986902,897155.2894115448,363.92892329345534
1789890277,20,,Aggregated,2.900000,0.000000,2500,3200,3800,4300,5800,8300,14000,37000,880000,897000,897000,4267,1,2500,9055.510755406705,1023.4507819986902,897155.2894115448,363.80431216311223
1789890278,20,,Aggregated,3.000000,0.000000,2500,3200,3800,4300,5800,8300,14000,37000,880000,897000,897000,4270,1,2500,9050.002890055132,1023.4507819986902,897155.2894115448,363.71311475409834
1789890279,20,,Aggregated,3.100000,0.000000,2500,3200,3800,4300,5800,8300,14000,37000,880000,897000,897000,4272,1,2500,9046.454662238626,1023.4507819986902,897155.2894115448,363.6467696629214
1789890280,20,,Aggregated,3.200000,0.000000,2500,3200,3800,4300,5800,8300,14000,37000,880000,897000,897000,4276,1,2500,9039.466366279561,1023.4507819986902,897155.2894115448,363.5142656688494
1789890281,20,,Aggregated,3.200000,0.000000,2500,3200,3800,4300,5800,8300,14000,37000,880000,897000,897000,4277,1,2500,9037.656979672296,1023.4507819986902,897155.2894115448,363.48117839607204
1789890282,20,,Aggregated,3.000000,0.000000,2500,3200,3800,4300,5800,8200,14000,37000,880000,897000,897000,4281,1,2500,9030.592552400001,1023.4507819986902,897155.2894115448,363.3573931324457
1789890283,20,,Aggregated,3.100000,0.000000,2400,3200,3800,4300,5800,8200,14000,37000,880000,897000,897000,4285,1,2400,9023.461553359255,1023.4507819986902,897155.2894115448,363.2254375729288
1789890284,20,,Aggregated,2.900000,0.000000,2400,3100,3800,4300,5800,8200,14000,37000,880000,897000,897000,4289,1,2400,9016.45250740858,1023.4507819986902,897155.2894115448,363.1105152716251
1789890285,20,,Aggregated,3.200000,0.000000,2400,3100,3800,4300,5800,8200,14000,37000,880000,897000,897000,4292,1,2400,9011.019271612162,1023.4507819986902,897155.2894115448,363.0118825722274
1789890286,20,,Aggregated,3.000000,0.000000,2400,3100,3800,4300,5800,8200,14000,37000,880000,897000,897000,4293,1,2400,9009.211457181318,1023.4507819986902,897155.2894115448,362.979035639413
1789890287,20,,Aggregated,3.000000,0.000000,2400,3100,3800,4300,5800,8200,14000,37000,880000,897000,897000,4296,1,2400,9003.81982396215,1023.4507819986902,897155.2894115448,362.88058659217876
1789890288,20,,Aggregated,3.200000,0.000000,2400,3100,3800,4300,5800,8200,14000,37000,880000,897000,897000,4298,1,2400,9000.255147177153,1023.4507819986902,897155.2894115448,362.81503024662635
1789890289,20,,Aggregated,3.200000,0.000000,2400,3100,3800,4300,5800,8200,13000,36000,880000,897000,897000,4302,1,2400,8993.224640280196,1023.4507819986902,897155.2894115448,362.6924686192469
1789890290,20,,Aggregated,2.900000,0.000000,2400,3100,3800,4300,5800,8200,13000,36000,880000,897000,897000,4306,1,2400,8986.576099780166,1023.4507819986902,897155.2894115448,362.5617742684626
1789890291,20,,Aggregated,3.000000,0.000000,2400,3100,3800,4300,5800,8200,13000,36000,880000,897000,897000,4310,1,2400,8979.918353826077,1023.4507819986902,897155.2894115448,362.44802784222736
1789890292,20,,Aggregated,3.100000,0.000000,2400,3100,3800,4300,5700,8200,13000,36000,880000,897000,897000,4313,1,2400,8974.681732714444,1023.4507819986902,897155.2894115448,362.35033619290516
1789890293,20,,Aggregated,3.100000,0.000000,2400,3100,3800,4300,5700,8200,13000,36000,880000,897000,897000,4316,1,2400,8969.54399577581,1023.4507819986902,897155.2894115448,362.2527803521779
1789890294,20,,Aggregated,3.100000,0.000000,2400,3100,3800,4300,5700,8200,13000,36000,880000,897000,897000,4317,1,2400,8967.76884236215,1023.4507819986902,897155.2894115448,362.22029186935373
1789890295,20,,Aggregated,2.900000,0.000000,2400,3100,3800,4300,5700,8100,13000,36000,880000,897000,897000,4321,1,2400,8960.780074810553,1023.4507819986902,897155.2894115448,362.09881971765793
1789890296,20,,Aggregated,3.100000,0.000000,2400,3100,3800,4300,5700,8100,13000,36000,880000,897000,897000,4324,1,2400,8955.480297546344,1023.4507819986902,897155.2894115448,362.00161887141536
1789890297,20,,Aggregated,3.000000,0.000000,2400,3100,3800,4300,5700,8100,13000,36000,880000,897000,897000,4327,1,2400,8950.382043310467,1023.4507819986902,897155.2894115448,361.9128726600416
1789890298,20,,Aggregated,3.100000,0.000000,2400,3100,3800,4300,5700,8100,13000,36000,880000,897000,897000,4332,1,2400,8941.76617776371,1023.4507819986902,897155.2894115448,361.75877192982455
1789890299,20,,Aggregated,3.000000,0.000000,2400,3100,3800,4300,5700,8100,13000,36000,880000,897000,897000,4334,1,2400,8938.235447169218,1023.4507819986902,897155.2894115448,361.6942778034149
1789890300,20,,Aggregated,3.000000,0.000000,2400,3100,3800,4300,5700,8100,13000,36000,880000,897000,897000,4337,1,2400,8933.033228531103,1023.4507819986902,897155.2894115448,361.59764814387825
1789890301,20,,Aggregated,3.400000,0.000000,2400,3100,3800,4300,5700,8100,13000,36000,880000,897000,897000,4340,1,2400,8927.602764463223,1023.4507819986902,897155.2894115448,361.5094470046083
1789890302,20,,Aggregated,3.200000,0.000000,2400,3100,3800,4300,5700,8100,13000,36000,880000,897000,897000,4341,1,2400,8925.903404036717,1023.4507819986902,897155.2894115448,361.47730937571987
1789890303,20,,Aggregated,3.300000,0.000000,2400,3100,3800,4300,5700,8100,13000,36000,880000,897000,897000,4346,1,2400,8917.609448990199,1023.4507819986902,897155.2894115448,361.31684307409114
1789890304,20,,Aggregated,2.900000,0.000000,2400,3100,3800,4300,5700,8100,13000,36000,880000,897000,897000,4349,1,2400,8912.458697357648,1023.4507819986902,897155.2894115448,361.22809841342837
1789890305,20,,Aggregated,3.100000,0.000000,2400,3100,3800,4300,5700,8100,13000,36000,880000,897000,897000,4352,1,2400,8907.526256624404,1023.4507819986902,897155.2894115448,361.1321231617647
1789890306,20,,Aggregated,3.000000,0.000000,2400,3100,3800,4300,5700,8100,13000,37000,888000,897000,897000,4358,1,2400,9101.364500895215,1023.4507819986902,897155.2894115448,363.95754933455714
1789890307,20,,Aggregated,3.000000,0.000000,2400,3100,3800,4300,5700,8100,13000,37000,888000,897000,897000,4360,1,2400,9097.710129104667,1023.4507819986902,897155.2894115448,363.8924311926605
1789890308,20,,Aggregated,3.000000,0.000000,2400,3100,3800,4300,5700,8100,13000,37000,888000,897000,897000,4360,1,2400,9097.710129104667,1023.4507819986902,897155.2894115448,363.8924311926605
1789890309,20,,Aggregated,3.300000,0.000000,2400,3100,3800,4200,5700,8100,13000,37000,888000,897000,897000,4361,1,2400,9096.355263234887,1023.4507819986902,897155.2894115448,363.8681495069938
1789890310,20,,Aggregated,2.900000,0.000000,2400,3100,3800,4200,5700,8100,13000,37000,888000,897000,897000,4364,1,2400,9092.104608608466,1023.4507819986902,897155.2894115448,363.7376260311641
1789890311,20,,Aggregated,2.900000,0.000000,2400,3100,3800,4200,5700,8100,13000,37000,888000,897000,897000,4365,1,2400,9090.636500348763,1023.4507819986902,897155.2894115448,363.70515463917525
1789890312,20,,Aggregated,2.600000,0.000000,2400,3100,3800,4200,5700,8100,13000,37000,888000,897000,897000,4371,1,2400,9082.253467547553,1023.4507819986902,897155.2894115448,363.51063829787233
1789890313,20,,Aggregated,2.500000,0.000000,2400,3100,3800,4200,5700,8100,14000,37000,888000,897000,897000,4377,1,2400,9258.6981837775,1023.4507819986902,897155.2894115448,367.0664838930775
1789890314,20,,Aggregated,2.800000,0.000000,2400,3100,3800,4200,5700,8100,14000,37000,888000,897000,897000,4382,1,2400,9250.723310793273,1023.4507819986902,897155.2894115448,366.90917389319947
1789890315,20,,Aggregated,2.800000,0.000000,2400,3100,3800,4200,5700,8100,14000,37000,888000,897000,897000,4382,1,2400,9250.723310793273,1023.4507819986902,897155.2894115448,366.90917389319947
1789890316,20,,Aggregated,2.800000,0.000000,2400,3100,3800,4200,5700,8100,14000,37000,888000,897000,897000,4382,1,2400,9250.723310793273,1023.4507819986902,897155.2894115448,366.90917389319947
1789890317,20,,Aggregated,3.200000,0.000000,2400,3100,3800,4200,5700,8100,14000,37000,888000,897000,897000,4383,1,2400,9249.710917964436,1023.4507819986902,897155.2894115448,366.8432580424367
1789890318,20,,Aggregated,3.200000,0.000000,2400,3100,3800,4200,5700,8100,14000,37000,888000,897000,897000,4384,1,2400,9248.446200952128,1023.4507819986902,897155.2894115448,366.8175182481752
1789890319,20,,Aggregated,2.700000,0.000000,2400,3100,3800,4200,5700,8100,14000,37000,888000,897000,897000,4388,1,2400,9242.855910072729,1023.4507819986902,897155.2894115448,366.6855059252507
1789890320,20,,Aggregated,2.400000,0.000000,2400,3100,3800,4200,5700,8100,14000,37000,888000,897000,897000,4393,1,2400,9235.91052761897,1023.4507819986902,897155.2894115448,366.52082859094014
1789890321,20,,Aggregated,2.800000,0.000000,2400,3100,3800,4200,5700,8100,14000,37000,888000,897000,897000,4397,1,2400,9230.529979389159,1023.4507819986902,897155.2894115448,366.3975437798499
1789890322,20,,Aggregated,2.600000,0.000000,2400,3100,3800,4200,5700,8100,13000,37000,888000,897000,897000,4401,1,2400,9225.625311028432,1023.4507819986902,897155.2894115448,366.2663031129289
1789890323,20,,Aggregated,2.800000,0.000000,2400,3100,3800,4200,5700,8100,13000,37000,888000,897000,897000,4404,1,2400,9221.222629619238,1023.4507819986902,897155.2894115448,366.1762034514078
1789890324,20,,Aggregated,2.800000,0.000000,2400,3100,3800,4200,5700,8100,13000,37000,888000,897000,897000,4404,1,2400,9221.222629619238,1023.4507819986902,897155.2894115448,366.1762034514078
1789890325,20,,Aggregated,2.800000,0.000000,2400,3100,3800,4200,5700,8100,13000,37000,888000,897000,897000,4407,1,2400,9215.715298129595,1023.4507819986902,897155.2894115448,366.07805763557974
1789890326,20,,Aggregated,2.400000,0.000000,2400,3100,3800,4200,5700,8100,14000,37000,888000,897000,897000,4413,1,2400,9390.076232121903,1023.4507819986902,897155.2894115448,369.9374575118967
1789890327,20,,Aggregated,2.500000,0.000000,2400,3100,3800,4200,5700,8100,14000,37000,888000,897000,897000,4417,1,2400,9383.133063541534,1023.4507819986902,897155.2894115448,369.80348652931855
1789890328,20,,Aggregated,2.600000,0.000000,2400,3100,3800,4200,5700,8100,14000,37000,888000,897000,897000,4419,1,2400,9379.933652160209,1023.4507819986902,897155.2894115448,369.7365919891378
1789890329,20,,Aggregated,2.600000,0.000000,2400,3100,3800,4200,5700,8100,14000,37000,888000,897000,897000,4419,1,2400,9379.933652160209,1023.4507819986902,897155.2894115448,369.7365919891378
1789890330,20,,Aggregated,3.400000,0.000000,2400,3100,3800,4200,5700,8100,14000,37000,888000,897000,897000,4422,1,2400,9376.018227162585,1023.4507819986902,897155.2894115448,369.60379918588876
1789890331,20,,Aggregated,3.400000,0.000000,2400,3100,3800,4200,5700,8100,14000,37000,888000,897000,897000,4424,1,2400,9373.621005237332,1023.4507819986902,897155.2894115448,369.54520795660034
1789890332,20,,Aggregated,3.100000,0.000000,2400,3100,3800,4200,5700,8100,14000,37000,888000,897000,897000,4429,1,2400,9366.837734010149,1023.4507819986902,897155.2894115448,369.38676902235267
1789890333,20,,Aggregated,3.100000,0.000000,2400,3100,3800,4200,5700,8100,14000,37000,888000,897000,897000,4434,1,2400,9358.956279598771,1023.4507819986902,897155.2894115448,369.22868741542624
1789890334,20,,Aggregated,3.200000,0.000000,2400,3100,3800,4200,5700,8100,14000,37000,888000,897000,897000,4438,1,2400,9352.290203836175,1023.4507819986902,897155.2894115448,369.09598918431726
1789890335,20,,Aggregated,2.800000,0.000000,2400,3100,3800,4200,5700,8100,14000,37000,888000,897000,897000,4441,1,2400,9347.186371939866,1023.4507819986902,897155.2894115448,368.99662238234635
1789890336,20,,Aggregated,3.000000,0.000000,2400,3100,3800,4200,5700,8100,14000,37000,888000,897000,897000,4442,1,2400,9345.39224575708,1023.4507819986902,897155.2894115448,368.9635299414678
1789890337,20,,Aggregated,3.300000,0.000000,2400,3100,3800,4200,5700,8100,14000,37000,888000,897000,897000,4445,1,2400,9339.871271108876,1023.4507819986902,897155.2894115448,368.86434195725536
1789890338,20,,Aggregated,3.300000,0.000000,2400,3100,3800,4200,5700,8100,14000,37000,888000,897000,897000,4450,1,2400,9331.264109001113,1023.4507819986902,897155.2894115448,368.71550561797756
1789890339,20,,Aggregated,3.100000,0.000000,2400,3100,3800,4200,5700,8100,13000,37000,888000,897000,897000,4454,1,2400,9324.433120965861,1023.4507819986902,897155.2894115448,368.59182757072296
1789890340,20,,Aggregated,2.800000,0.000000,2400,3100,3800,4200,5700,8100,13000,37000,888000,897000,897000,4456,1,2400,9321.047024784995,1023.4507819986902,897155.2894115448,368.52603231597845
1789890341,20,,Aggregated,3.100000,0.000000,2400,3100,3800,4200,5700,8100,13000,37000,888000,897000,897000,4461,1,2400,9312.248215693106,1023.4507819986902,897155.2894115448,368.3618022864828
1789890342,20,,Aggregated,3.600000,0.000000,2400,3100,3800,4200,5700,8100,13000,37000,888000,897000,897000,4463,1,2400,9308.755309772787,1023.4507819986902,897155.2894115448,368.29621330943314
1789890343,20,,Aggregated,3.500000,0.000000,2400,3100,3800,4200,5700,8100,13000,37000,888000,897000,897000,4467,1,2400,9301.703261257433,1023.4507819986902,897155.2894115448,368.1652115513768
1789890344,20,,Aggregated,3.300000,0.000000,2400,3100,3800,4200,5700,8100,13000,37000,888000,897000,897000,4469,1,2400,9298.078535486451,1023.4507819986902,897155.2894115448,368.09979861266504
1789890345,20,,Aggregated,3.300000,0.000000,2400,3100,3800,4200,5700,8100,13000,37000,888000,897000,897000,4474,1,2400,9289.288677804414,1023.4507819986902,897155.2894115448,367.9526151095217
1789890346,20,,Aggregated,3.300000,0.000000,2400,3100,3800,4200,5700,8100,13000,37000,888000,897000,897000,4477,1,2400,9284.08905314227,1023.4507819986902,897155.2894115448,367.8628545901273
1789890347,20,,Aggregated,3.000000,0.000000,2400,3100,3800,4200,5700,8100,13000,37000,888000,897000,897000,4480,1,2400,9278.709211522755,1023.4507819986902,897155.2894115448,367.7651785714286
1789890348,20,,Aggregated,3.400000,0.000000,2400,3100,3800,4200,5700,8100,13000,37000,888000,897000,897000,4484,1,2400,9271.919708512924,1023.4507819986902,897155.2894115448,367.6351471900089
1789890349,20,,Aggregated,3.400000,0.000000,2400,3100,3800,4200,5700,8100,13000,37000,888000,897000,897000,4485,1,2400,9270.15796673622,1023.4507819986902,897155.2894115448,367.60267558528426
1789890350,20,,Aggregated,3.700000,0.000000,2400,3100,3800,4200,5700,8100,13000,37000,888000,897000,897000,4488,1,2400,9264.919902161751,1023.4507819986902,897155.2894115448,367.5053475935829
1789890351,20,,Aggregated,3.400000,0.000000,2400,3100,3800,4200,5700,8100,13000,37000,888000,897000,897000,4492,1,2400,9258.066290327683,1023.4507819986902,897155.2894115448,367.38379341050756
1789890352,20,,Aggregated,3.200000,0.000000,2400,3100,3800,4200,5700,8100,13000,37000,888000,897000,897000,4497,1,2400,9249.51246085478,1023.4507819986902,897155.2894115448,367.238158772515
1789890353,20,,Aggregated,3.200000,0.000000,2400,3100,3800,4200,5700,8100,13000,37000,888000,897000,897000,4500,1,2400,9244.282958448877,1023.4507819986902,897155.2894115448,367.1413333333333
1789890354,20,,Aggregated,3.200000,0.000000,2400,3100,3800,4200,5700,8100,13000,37000,888000,897000,897000,4504,1,2400,9237.428766517085,1023.4507819986902,897155.2894115448,367.01243339253995
1789890355,20,,Aggregated,3.400000,0.000000,2400,3100,3800,4200,5700,8100,13000,37000,888000,897000,897000,4506,1,2400,9233.903267108732,1023.4507819986902,897155.2894115448,366.948069241012
1789890356,20,,Aggregated,3.300000,0.000000,2400,3100,3800,4200,5700,8100,13000,37000,888000,897000,897000,4508,1,2400,9230.417734347593,1023.4507819986902,897155.2894115448,366.8837622005324
1789890357,20,,Aggregated,3.500000,0.000000,2400,3100,3700,4200,5700,8100,13000,37000,888000,897000,897000,4513,1,2400,9221.652797604685,1023.4507819986902,897155.2894115448,366.7312209173499
1789890358,20,,Aggregated,3.100000,0.000000,2400,3100,3700,4200,5700,8100,13000,37000,888000,897000,897000,4515,1,2400,9218.132888163886,1023.4507819986902,897155.2894115448,366.6750830564784
1789890359,20,,Aggregated,3.200000,0.000000,2400,3100,3700,4200,5700,8100,13000,37000,888000,897000,897000,4520,1,2400,9209.566682551978,1023.4507819986902,897155.2894115448,366.5230088495575
1789890360,20,,Aggregated,3.000000,0.000000,2400,3100,3700,4200,5700,8100,13000,37000,888000,897000,897000,4521,1,2400,9207.84312826608,1023.4507819986902,897155.2894115448,366.4910418049104
1789890361,20,,Aggregated,3.400000,0.000000,2400,3100,3700,4200,5700,8100,13000,37000,888000,897000,897000,4526,1,2400,9199.211387276171,1023.4507819986902,897155.2894115448,366.3314184710561
1789890362,20,,Aggregated,3.300000,0.000000,2400,3100,3700,4200,5700,8100,13000,37000,888000,897000,897000,4528,1,2400,9195.757389779803,1023.4507819986902,897155.2894115448,366.267667844523
1789890363,20,,Aggregated,3.300000,0.000000,2400,3100,3700,4200,5700,8100,13000,37000,888000,897000,897000,4532,1,2400,9188.731694352591,1023.4507819986902,897155.2894115448,366.14827890556046
1789890364,20,,Aggregated,3.200000,0.000000,2400,3100,3700,4200,5700,8100,13000,37000,888000,897000,897000,4534,1,2400,9185.219680603868,1023.4507819986902,897155.2894115448,366.09263343625935
1789890365,20,,Aggregated,3.000000,0.000000,2400,3100,3700,4200,5700,8100,13000,37000,888000,897000,897000,4538,1,2400,9178.531501431013,1023.4507819986902,897155.2894115448,365.97355663287794
1789890366,20,,Aggregated,3.200000,0.000000,2400,3100,3700,4200,5700,8100,13000,37000,888000,897000,897000,4541,1,2400,9173.361396044691,1023.4507819986902,897155.2894115448,365.8784408720546
1789890367,20,,Aggregated,3.000000,0.000000,2400,3100,3700,4200,5700,8100,13000,37000,888000,897000,897000,4544,1,2400,9168.326915116626,1023.4507819986902,897155.2894115448,365.78345070422534
1789890368,20,,Aggregated,3.400000,0.000000,2400,3100,3700,4200,5700,8100,13000,37000,888000,897000,897000,4546,1,2400,9164.876679415298,1023.4507819986902,897155.2894115448,365.7201935767708
1789890369,20,,Aggregated,3.400000,0.000000,2400,3100,3700,4200,5700,8100,13000,37000,888000,897000,897000,4548,1,2400,9161.699636128835,1023.4507819986902,897155.2894115448,365.6569920844327
1789890370,20,,Aggregated,3.100000,0.000000,2400,3100,3700,4200,5700,8100,13000,37000,888000,897000,897000,4553,1,2400,9153.191630985491,1023.4507819986902,897155.2894115448,365.5150450252581
1789890371,20,,Aggregated,3.000000,0.000000,2400,3100,3700,4200,5700,8100,13000,37000,888000,897000,897000,4558,1,2400,9144.50522349911,1023.4507819986902,897155.2894115448,365.365511189118
1789890372,20,,Aggregated,3.100000,0.000000,2400,3100,3700,4200,5700,8000,13000,37000,888000,897000,897000,4561,1,2400,9139.50986656982,1023.4507819986902,897155.2894115448,365.27121245340936
1789890373,20,,Aggregated,3.000000,0.000000,2400,3100,3700,4200,5700,8000,13000,37000,888000,897000,897000,4562,1,2400,9137.761754191353,1023.4507819986902,897155.2894115448,365.2398071021482
1789890374,20,,Aggregated,3.200000,0.000000,2400,3100,3700,4200,5700,8000,13000,37000,888000,897000,897000,4565,1,2400,9132.668491924196,1023.4507819986902,897155.2894115448,365.1456736035049
1789890375,20,,Aggregated,3.300000,0.000000,2300,3100,3700,4200,5700,8000,13000,37000,888000,897000,897000,4568,1,2300,9127.51795422788,1023.4507819986902,897155.2894115448,365.05166374781084
1789890376,20,,Aggregated,3.200000,0.000000,2300,3100,3700,4200,5700,8000,13000,37000,888000,897000,897000,4572,1,2300,9120.654070255896,1023.4507819986902,897155.2894115448,364.93438320209975
1789890377,20,,Aggregated,3.000000,0.000000,2300,3100,3700,4200,5700,8000,13000,37000,888000,897000,897000,4577,1,2300,9112.213900951705,1023.4507819986902,897155.2894115448,364.79396984924625
1789890378,20,,Aggregated,2.900000,0.000000,2300,3100,3700,4200,5700,8000,13000,37000,888000,897000,897000,4578,1,2300,9110.532373277185,1023.4507819986902,897155.2894115448,364.76277850589776
1789890379,20,,Aggregated,3.200000,0.000000,2300,3100,3700,4200,5700,8000,13000,37000,888000,897000,897000,4582,1,2300,9103.750271841542,1023.4507819986902,897155.2894115448,364.63814927979047
1789890380,20,,Aggregated,3.300000,0.000000,2300,3100,3700,4200,5700,8000,13000,37000,888000,897000,897000,4584,1,2300,9100.36082393956,1023.4507819986902,897155.2894115448,364.5759162303665
1789890381,20,,Aggregated,3.100000,0.000000,2300,3100,3700,4200,5700,8000,13000,37000,888000,897000,897000,4588,1,2300,9093.57412774868,1023.4507819986902,897155.2894115448,364.4516129032258
1789890382,20,,Aggregated,3.100000,0.000000,2300,3100,3700,4200,5700,8000,13000,37000,888000,897000,897000,4590,1,2300,9090.155456793887,1023.4507819986902,897155.2894115448,364.39738562091503
1789890383,20,,Aggregated,3.000000,0.000000,2300,3100,3700,4200,5700,8000,13000,37000,888000,897000,897000,4592,1,2300,9087.050883389797,1023.4507819986902,897155.2894115448,364.3353658536585
1789890384,20,,Aggregated,3.000000,0.000000,2300,3100,3700,4200,5700,8000,13000,37000,888000,897000,897000,4597,1,2300,9079.070917448324,1023.4507819986902,897155.2894115448,364.1962149227757
1789890385,20,,Aggregated,3.000000,0.000000,2300,3100,3700,4200,5700,8000,13000,37000,888000,897000,897000,4600,1,2300,9074.139077855642,1023.4507819986902,897155.2894115448,364.10347826086957
1789890386,20,,Aggregated,3.100000,0.000000,2300,3100,3700,4200,5700,8000,13000,36000,888000,897000,897000,4603,1,2300,9069.153899883544,1023.4507819986902,897155.2894115448,364.0108624809907
1789890387,20,,Aggregated,3.300000,0.000000,2300,3100,3700,4200,5700,8000,13000,36000,888000,897000,897000,4608,1,2300,9060.781749626727,1023.4507819986902,897155.2894115448,363.8567708333333
1789890388,20,,Aggregated,3.300000,0.000000,2300,3100,3700,4200,5700,8000,13000,36000,888000,897000,897000,4609,1,2300,9059.040576889338,1023.4507819986902,897155.2894115448,363.8338034280755
1789890389,20,,Aggregated,3.100000,0.000000,2300,3100,3700,4200,5700,8000,13000,36000,888000,897000,897000,4611,1,2300,9055.693197664274,1023.4507819986902,897155.2894115448,363.772283669486
1789890390,20,,Aggregated,3.100000,0.000000,2300,3100,3700,4200,5700,8000,13000,36000,888000,897000,897000,4614,1,2300,9050.751814772859,1023.4507819986902,897155.2894115448,363.6879063719116
1789890391,20,,Aggregated,3.100000,0.000000,2300,3100,3700,4200,5700,8000,13000,36000,888000,897000,897000,4618,1,2300,9044.872362318963,1023.4507819986902,897155.2894115448,363.57297531398876
1789890392,20,,Aggregated,3.100000,0.000000,2300,3100,3700,4200,5700,8000,13000,36000,888000,897000,897000,4619,1,2300,9043.228195792808,1023.4507819986902,897155.2894115448,363.5423251786101
1789890393,20,,Aggregated,3.000000,0.000000,2300,3100,3700,4100,5700,8000,13000,36000,888000,897000,897000,4624,1,2300,9035.640314586719,1023.4507819986902,897155.2894115448,363.38927335640136
1789890394,20,,Aggregated,3.100000,0.000000,2300,3100,3700,4100,5700,8000,13000,36000,888000,897000,897000,4629,1,2300,9027.489592632315,1023.4507819986902,897155.2894115448,363.2443292287751
1789890395,20,,Aggregated,2.800000,0.000000,2300,3100,3700,4100,5700,8000,13000,36000,888000,897000,897000,4631,1,2300,9024.107827247242,1023.4507819986902,897155.2894115448,363.1833297343986
1789890396,20,,Aggregated,2.900000,0.000000,2300,3100,3700,4100,5700,8000,13000,36000,888000,897000,897000,4632,1,2300,9022.467542215454,1023.4507819986902,897155.2894115448,363.15284974093265
1789890397,20,,Aggregated,3.100000,0.000000,2300,3100,3700,4100,5700,8000,13000,36000,888000,897000,897000,4634,1,2300,9019.135040708672,1023.4507819986902,897155.2894115448,363.09969788519635
1789890398,20,,Aggregated,2.900000,0.000000,2300,3100,3700,4100,5700,8000,13000,36000,888000,897000,897000,4637,1,2300,9014.261574778302,1023.4507819986902,897155.2894115448,363.0084106103084
1789890399,20,,Aggregated,2.900000,0.000000,2300,3000,3700,4100,5700,8000,13000,36000,888000,897000,897000,4642,1,2300,9006.537207402409,1023.4507819986902,897155.2894115448,362.8642826367945
1789890400,20,,Aggregated,2.700000,0.000000,2300,3000,3700,4100,5700,8000,13000,36000,888000,897000,897000,4647,1,2300,8998.771965505483,1023.4507819986902,897155.2894115448,362.7127178825048
1789890401,20,,Aggregated,2.900000,0.000000,2300,3000,3700,4100,5700,8000,13000,36000,888000,897000,897000,4650,1,2300,8994.206202208166,1023.4507819986902,897155.2894115448,362.62967741935483
1789890402,20,,Aggregated,2.900000,0.000000,2300,3000,3700,4100,5700,8000,13000,36000,888000,897000,897000,4651,1,2300,8992.654297049445,1023.4507819986902,897155.2894115448,362.59944098043434
1789890403,20,,Aggregated,3.300000,0.000000,2300,3000,3700,4100,5700,8000,13000,36000,888000,897000,897000,4654,1,2300,8987.640051423501,1023.4507819986902,897155.2894115448,362.5165449076064
1789890404,20,,Aggregated,3.200000,0.000000,2300,3000,3700,4100,5700,8000,13000,36000,888000,897000,897000,4657,1,2300,8982.698832024045,1023.4507819986902,897155.2894115448,362.42602533820053
1789890405,20,,Aggregated,3.300000,0.000000,2300,3000,3700,4100,5700,8000,13000,36000,888000,897000,897000,4658,1,2300,8981.013911824599,1023.4507819986902,897155.2894115448,362.3958780592529
1789890406,20,,Aggregated,3.000000,0.000000,2300,3000,3700,4100,5700,8000,13000,36000,888000,897000,897000,4662,1,2300,8975.169419616468,1023.4507819986902,897155.2894115448,362.28314028314026
1789890407,20,,Aggregated,2.800000,0.000000,2300,3000,3700,4100,5700,8000,13000,36000,888000,897000,897000,4666,1,2300,8968.776387259533,1023.4507819986902,897155.2894115448,362.1628804114874
1789890408,20,,Aggregated,2.800000,0.000000,2300,3000,3700,4100,5600,8000,13000,36000,888000,897000,897000,4671,1,2300,8960.992794603508,1023.4507819986902,897155.2894115448,362.02055234425177
1789890409,20,,Aggregated,3.100000,0.000000,2300,3000,3700,4100,5600,8000,13000,36000,888000,897000,897000,4674,1,2300,8955.952653315788,1023.4507819986902,897155.2894115448,361.93838254172016
1789890410,20,,Aggregated,3.300000,0.000000,2300,3000,3700,4100,5600,8000,13000,36000,888000,897000,897000,4675,1,2300,8954.366729342884,1023.4507819986902,897155.2894115448,361.908449197861
1789890411,20,,Aggregated,3.300000,0.000000,2300,3000,3700,4100,5600,8000,13000,36000,888000,897000,897000,4678,1,2300,8949.552724185332,1023.4507819986902,897155.2894115448,361.81872595126123
1789890412,20,,Aggregated,3.200000,0.000000,2300,3000,3700,4100,5600,8000,13000,36000,888000,897000,897000,4679,1,2300,8947.89211039196,1023.4507819986902,897155.2894115448,361.78884377003635
1789890413,20,,Aggregated,2.900000,0.000000,2300,3000,3700,4100,5600,7900,13000,36000,888000,897000,897000,4683,1,2300,8941.580938555197,1023.4507819986902,897155.2894115448,361.67713004484307
1789890414,20,,Aggregated,2.700000,0.000000,2300,3000,3700,4100,5600,7900,13000,36000,888000,897000,897000,4688,1,2300,8934.104134196457,1023.4507819986902,897155.2894115448,361.52815699658703
1789890415,20,,Aggregated,2.700000,0.000000,2300,3000,3700,4100,5600,7900,13000,36000,888000,897000,897000,4693,1,2300,8926.63830861325,1023.4507819986902,897155.2894115448,361.39484338376303
1789890416,20,,Aggregated,2.900000,0.000000,2300,3000,3700,4100,5600,7900,13000,36000,888000,897000,897000,4694,1,2300,8925.168387189813,1023.4507819986902,897155.2894115448,361.3651469961653
1789890417,20,,Aggregated,3.100000,0.000000,2300,3000,3700,4100,5600,7900,13000,36000,888000,897000,897000,4697,1,2300,8920.291698843728,1023.4507819986902,897155.2894115448,361.2761337023632
1789890418,20,,Aggregated,3.400000,0.000000,2300,3000,3700,4100,5600,7900,13000,36000,888000,897000,897000,4699,1,2300,8917.065055079163,1023.4507819986902,897155.2894115448,361.2168546499255
1789890419,20,,Aggregated,3.000000,0.000000,2300,3000,3700,4100,5600,7900,13000,35000,888000,897000,897000,4702,1,2300,8912.237832239258,1023.4507819986902,897155.2894115448,361.13568694172693
1789890420,20,,Aggregated,2.900000,0.000000,2300,3000,3700,4100,5600,7900,13000,35000,888000,897000,897000,4705,1,2300,8907.450996930498,1023.4507819986902,897155.2894115448,361.0469713071201
1789890421,20,,Aggregated,2.700000,0.000000,2300,3000,3700,4100,5600,7900,13000,35000,888000,897000,897000,4708,1,2300,8902.918902399108,1023.4507819986902,897155.2894115448,360.95836873406967
1789890422,20,,Aggregated,2.900000,0.000000,2300,3000,3700,4100,5600,7900,13000,35000,888000,897000,897000,4713,1,2300,8895.31740523276,1023.4507819986902,897155.2894115448,360.82537661786546
1789890423,20,,Aggregated,3.100000,0.000000,2300,3000,3700,4100,5600,7900,13000,35000,888000,897000,897000,4716,1,2300,8890.546671201866,1023.4507819986902,897155.2894115448,360.7370653095844
1789890424,20,,Aggregated,3.000000,0.000000,2300,3000,3700,4100,5600,7900,13000,35000,888000,897000,897000,4719,1,2300,8885.802723922441,1023.4507819986902,897155.2894115448,360.64886628522993
1789890425,20,,Aggregated,3.400000,0.000000,2300,3000,3700,4100,5600,7900,13000,35000,888000,897000,897000,4721,1,2300,8882.525117370686,1023.4507819986902,897155.2894115448,360.5977547129845
1789890426,20,,Aggregated,3.400000,0.000000,2300,3000,3700,4100,5600,7900,13000,35000,888000,897000,897000,4725,1,2300,8876.200098266456,1023.4507819986902,897155.2894115448,360.4804232804233
1789890427,20,,Aggregated,3.100000,0.000000,2300,3000,3700,4100,5600,7900,13000,35000,888000,897000,897000,4727,1,2300,8873.005821925746,1023.4507819986902,897155.2894115448,360.4218320287709
1789890428,20,,Aggregated,3.100000,0.000000,2300,3000,3700,4100,5600,7900,13000,35000,888000,897000,897000,4728,1,2300,8871.390326772422,1023.4507819986902,897155.2894115448,360.3925549915398
1789890429,20,,Aggregated,3.100000,0.000000,2300,3000,3700,4100,5600,7900,13000,35000,888000,897000,897000,4728,1,2300,8871.390326772422,1023.4507819986902,897155.2894115448,360.3925549915398
1789890430,20,,Aggregated,3.100000,0.000000,2300,3000,3700,4100,5600,7900,13000,35000,888000,897000,897000,4730,1,2300,8869.106415360679,1023.4507819986902,897155.2894115448,360.3340380549683
1789890431,20,,Aggregated,3.100000,0.000000,2300,3000,3700,4100,5600,7900,13000,35000,888000,897000,897000,4732,1,2300,8866.754148064456,1023.4507819986902,897155.2894115448,360.2823330515638
1789890432,20,,Aggregated,2.500000,0.000000,2300,3000,3700,4100,5600,7900,13000,35000,888000,897000,897000,4735,1,2300,8863.658544611617,1023.4507819986902,897155.2894115448,360.1947201689546
1789890433,20,,Aggregated,2.500000,0.000000,2300,3000,3700,4100,5600,7900,13000,35000,888000,897000,897000,4738,1,2300,8860.571097404605,1023.4507819986902,897155.2894115448,360.1148163782187
1789890434,20,,Aggregated,2.400000,0.000000,2300,3000,3700,4100,5600,7900,13000,36000,888000,897000,897000,4746,1,2300,9031.239328190937,1023.4507819986902,897155.2894115448,363.1097766540244
1789890435,20,,Aggregated,2.200000,0.000000,2300,3000,3700,4100,5600,7900,13000,36000,888000,897000,897000,4747,1,2300,9030.204952286114,1023.4507819986902,897155.2894115448,363.0800505582473
1789890436,20,,Aggregated,2.200000,0.000000,2300,3000,3700,4100,5600,7900,13000,36000,888000,897000,897000,4747,1,2300,9030.204952286114,1023.4507819986902,897155.2894115448,363.0800505582473
1789890437,20,,Aggregated,2.700000,0.000000,2300,3000,3700,4100,5600,7900,13000,36000,888000,897000,897000,4749,1,2300,9028.195186328529,1023.4507819986902,897155.2894115448,362.9903137502632
1789890438,20,,Aggregated,2.600000,0.000000,2300,3000,3700,4100,5600,7900,13000,36000,888000,897000,897000,4753,1,2300,9023.557702380429,1023.4507819986902,897155.2894115448,362.87166000420785
1789890439,20,,Aggregated,2.200000,0.000000,2300,3000,3700,4100,5600,7900,13000,36000,888000,897000,897000,4755,1,2300,9020.686870619596,1023.4507819986902,897155.2894115448,362.8124079915878
1789890440,20,,Aggregated,2.200000,0.000000,2300,3000,3700,4100,5600,7900,13000,36000,888000,897000,897000,4760,1,2300,9013.3986623034,1023.4507819986902,897155.2894115448,362.6720588235294
1789890441,20,,Aggregated,2.500000,0.000000,2300,3000,3700,4100,5600,7900,13000,37000,888000,897000,897000,4764,1,2300,9178.027954675163,1023.4507819986902,897155.2894115448,366.5866918555835
1789890442,20,,Aggregated,2.800000,0.000000,2300,3000,3700,4100,5600,7900,13000,37000,888000,897000,897000,4768,1,2300,9172.570052918303,1023.4507819986902,897155.2894115448,366.48049496644296
1789890443,20,,Aggregated,2.800000,0.000000,2300,3000,3700,4100,5600,7900,13000,37000,888000,897000,897000,4769,1,2300,9171.189127076006,1023.4507819986902,897155.2894115448,366.45019920318725
1789890444,20,,Aggregated,2.800000,0.000000,2300,3000,3700,4100,5600,7900,13000,37000,888000,897000,897000,4769,1,2300,9171.189127076006,1023.4507819986902,897155.2894115448,366.45019920318725
1789890445,20,,Aggregated,3.400000,0.000000,2300,3000,3700,4100,5600,7900,13000,37000,888000,897000,897000,4770,1,2300,9170.163011579343,1023.4507819986902,897155.2894115448,366.3897274633124
1789890446,20,,Aggregated,2.900000,0.000000,2300,3000,3700,4100,5600,7900,13000,37000,888000,897000,897000,4773,1,2300,9165.468945133347,1023.4507819986902,897155.2894115448,366.29897339199664
1789890447,20,,Aggregated,2.300000,0.000000,2300,3000,3700,4100,5600,7900,13000,37000,888000,897000,897000,4778,1,2300,9160.151793030862,1023.4507819986902,897155.2894115448,366.1479698618669
1789890448,20,,Aggregated,2.300000,0.000000,2300,3000,3700,4100,5600,7900,13000,37000,888000,897000,897000,4782,1,2300,9155.102353943008,1023.4507819986902,897155.2894115448,366.0340861564199
1789890449,20,,Aggregated,2.600000,0.000000,2300,3000,3700,4100,5600,7900,13000,37000,888000,897000,897000,4786,1,2300,9150.123778447653,1023.4507819986902,897155.2894115448,365.91370664437943
1789890450,20,,Aggregated,2.800000,0.000000,2300,3000,3700,4100,5600,7900,13000,37000,888000,897000,897000,4790,1,2300,9144.825580753542,1023.4507819986902,897155.2894115448,365.8085594989562
1789890451,20,,Aggregated,3.000000,0.000000,2300,3000,3700,4100,5600,7900,13000,37000,888000,897000,897000,4791,1,2300,9143.514808778014,1023.4507819986902,897155.2894115448,365.77854310164895
1789890452,20,,Aggregated,3.000000,0.000000,2300,3000,3700,4100,5600,7900,13000,37000,888000,897000,897000,4793,1,2300,9140.303759544433,1023.4507819986902,897155.2894115448,365.7185478823284
1789890453,20,,Aggregated,2.800000,0.000000,2300,3000,3700,4100,5600,7900,13000,37000,888000,897000,897000,4795,1,2300,9137.153107971735,1023.4507819986902,897155.2894115448,365.65860271115747
1789890454,20,,Aggregated,2.700000,0.000000,2300,3000,3700,4100,5600,7900,13000,37000,888000,897000,897000,4798,1,2300,9132.538137975087,1023.4507819986902,897155.2894115448,365.5687786577741
1789890455,20,,Aggregated,2.400000,0.000000,2300,3000,3700,4100,5600,7900,13000,36000,888000,897000,897000,4801,1,2300,9128.322170316282,1023.4507819986902,897155.2894115448,365.47906686107063
1789890456,20,,Aggregated,2.600000,0.000000,2300,3000,3700,4100,5600,7900,13000,36000,888000,897000,897000,4805,1,2300,9122.491951448173,1023.4507819986902,897155.2894115448,365.36711758584806
1789890457,20,,Aggregated,2.900000,0.000000,2300,3000,3700,4100,5600,7900,13000,36000,888000,897000,897000,4810,1,2300,9115.412904721927,1023.4507819986902,897155.2894115448,365.23305613305615
1789890458,20,,Aggregated,3.100000,0.000000,2300,3000,3700,4100,5600,7900,13000,37000,888000,897000,897000,4816,1,2300,9270.740737083603,1023.4507819986902,897155.2894115448,368.44975083056477
1789890459,20,,Aggregated,3.100000,0.000000,2300,3000,3700,4100,5600,7900,13000,37000,888000,897000,897000,4816,1,2300,9270.740737083603,1023.4507819986902,897155.2894115448,368.44975083056477
1789890460,20,,Aggregated,3.100000,0.000000,2300,3000,3700,4100,5600,7900,13000,37000,888000,897000,897000,4816,1,2300,9270.740737083603,1023.4507819986902,897155.2894115448,368.44975083056477
1789890461,20,,Aggregated,3.300000,0.000000,2300,3000,3700,4100,5600,7900,13000,37000,888000,897000,897000,4818,1,2300,9268.101220678007,1023.4507819986902,897155.2894115448,368.3590701535907
1789890462,20,,Aggregated,3.000000,0.000000,2300,3000,3700,4100,5600,7900,13000,37000,888000,897000,897000,4821,1,2300,9264.342474793744,1023.4507819986902,897155.2894115448,368.26799419207634
1789890463,20,,Aggregated,2.600000,0.000000,2300,3000,3700,4100,5600,7900,13000,37000,888000,897000,897000,4826,1,2300,9258.26735514891,1023.4507819986902,897155.2894115448,368.11645254869455
1789890464,20,,Aggregated,2.700000,0.000000,2300,3000,3700,4100,5600,7900,13000,37000,888000,897000,897000,4827,1,2300,9257.008738979623,1023.4507819986902,897155.2894115448,368.09363994199293
1789890465,20,,Aggregated,2.800000,0.000000,2300,3000,3700,4100,5600,7900,13000,37000,888000,897000,897000,4833,1,2300,9249.239206783495,1023.4507819986902,897155.2894115448,367.92716739085455
1789890466,20,,Aggregated,3.100000,0.000000,2300,3000,3700,4100,5600,7900,13000,37000,888000,897000,897000,4837,1,2300,9243.996576556054,1023.4507819986902,897155.2894115448,367.80649162704157
1789890467,20,,Aggregated,2.900000,0.000000,2300,3000,3700,4100,5600,7900,13000,37000,888000,897000,897000,4840,1,2300,9239.195177606121,1023.4507819986902,897155.2894115448,367.7161157024793
1789890468,20,,Aggregated,2.900000,0.000000,2300,3000,3700,4100,5600,7900,13000,37000,888000,897000,897000,4840,1,2300,9239.195177606121,1023.4507819986902,897155.2894115448,367.7161157024793
1789890469,20,,Aggregated,3.200000,0.000000,2300,3000,3700,4100,5600,7900,13000,37000,888000,897000,897000,4843,1,2300,9234.533713557634,1023.4507819986902,897155.2894115448,367.6258517447863
1789890470,20,,Aggregated,3.000000,0.000000,2300,3000,3700,4100,5600,7900,13000,37000,888000,897000,897000,4844,1,2300,9232.972502134522,1023.4507819986902,897155.2894115448,367.59578860445913
1789890471,20,,Aggregated,2.400000,0.000000,2300,3000,3600,4100,5600,7900,13000,37000,888000,897000,897000,4850,1,2300,9224.477693317036,1023.4507819986902,897155.2894115448,367.4156701030928
1789890472,20,,Aggregated,2.700000,0.000000,2300,3000,3600,4100,5600,7900,13000,37000,888000,897000,897000,4852,1,2300,9221.650205466121,1023.4507819986902,897155.2894115448,367.3631492168178
1789890473,20,,Aggregated,2.800000,0.000000,2300,3000,3600,4100,5600,7900,13000,37000,888000,897000,897000,4856,1,2300,9216.428269118125,1023.4507819986902,897155.2894115448,367.25823723228996
1789890474,20,,Aggregated,3.200000,0.000000,2300,3000,3600,4100,5600,7900,13000,37000,888000,897000,897000,4860,1,2300,9211.18405869231,1023.4507819986902,897155.2894115448,367.138683127572
1789890476,20,,Aggregated,3.100000,0.000000,2300,3000,3600,4100,5600,7800,13000,37000,888000,897000,897000,4862,1,2300,9208.106779966396,1023.4507819986902,897155.2894115448,367.0789798436857
1789890477,20,,Aggregated,3.000000,0.000000,2300,3000,3600,4100,5600,7800,13000,37000,888000,897000,897000,4864,1,2300,9204.88717963479,1023.4507819986902,897155.2894115448,367.01932565789474
1789890478,20,,Aggregated,3.300000,0.000000,2300,3000,3600,4100,5600,7800,13000,37000,888000,897000,897000,4867,1,2300,9200.02737184192,1023.4507819986902,897155.2894115448,366.9299363057325
1789890479,20,,Aggregated,2.900000,0.000000,2300,3000,3600,4100,5600,7800,13000,37000,888000,897000,897000,4872,1,2300,9192.460618459487,1023.4507819986902,897155.2894115448,366.78858784893265
1789890480,20,,Aggregated,2.700000,0.000000,2300,3000,3600,4100,5600,7800,13000,37000,888000,897000,897000,4874,1,2300,9189.475119782237,1023.4507819986902,897155.2894115448,366.7365613459171
1789890481,20,,Aggregated,2.700000,0.000000,2300,3000,3600,4100,5600,7800,13000,37000,888000,897000,897000,4878,1,2300,9183.451278807835,1023.4507819986902,897155.2894115448,366.6252562525625
1789890482,20,,Aggregated,3.200000,0.000000,2300,3000,3600,4100,5600,7800,13000,37000,888000,897000,897000,4882,1,2300,9177.180061315572,1023.4507819986902,897155.2894115448,366.5067595247849
1789890483,20,,Aggregated,3.100000,0.000000,2300,3000,3600,4100,5600,7800,13000,37000,888000,897000,897000,4884,1,2300,9173.909214907786,1023.4507819986902,897155.2894115448,366.44758394758395
1789890484,20,,Aggregated,3.400000,0.000000,2300,3000,3600,4100,5600,7800,13000,37000,888000,897000,897000,4886,1,2300,9170.736107167748,1023.4507819986902,897155.2894115448,366.3884568153909
1789890485,20,,Aggregated,3.200000,0.000000,2300,3000,3600,4100,5600,7800,13000,37000,888000,897000,897000,4891,1,2300,9162.570061924478,1023.4507819986902,897155.2894115448,366.2408505418115
1789890486,20,,Aggregated,3.200000,0.000000,2300,3000,3600,4100,5600,7800,13000,37000,888000,897000,897000,4894,1,2300,9157.693056184231,1023.4507819986902,897155.2894115448,366.1597874948917
1789890487,20,,Aggregated,3.000000,0.000000,2300,3000,3600,4100,5600,7800,13000,37000,888000,897000,897000,4898,1,2300,9151.256918924995,1023.4507819986902,897155.2894115448,366.0567578603512
1789890488,20,,Aggregated,3.100000,0.000000,2300,3000,3600,4100,5600,7800,13000,36000,888000,897000,897000,4902,1,2300,9145.078612893843,1023.4507819986902,897155.2894115448,365.9392084863321
1789890489,20,,Aggregated,3.200000,0.000000,2300,3000,3600,4100,5600,7800,13000,36000,888000,897000,897000,4905,1,2300,9140.34929505191,1023.4507819986902,897155.2894115448,365.8511722731906
1789890490,20,,Aggregated,3.400000,0.000000,2300,3000,3600,4100,5600,7800,13000,36000,888000,897000,897000,4907,1,2300,9137.170700315799,1023.4507819986902,897155.2894115448,365.79254126757695
1789890491,20,,Aggregated,3.500000,0.000000,2300,3000,3600,4100,5600,7800,13000,36000,888000,897000,897000,4910,1,2300,9132.420205932509,1023.4507819986902,897155.2894115448,365.70468431771894
1789890492,20,,Aggregated,3.300000,0.000000,2300,3000,3600,4100,5500,7800,13000,36000,888000,897000,897000,4913,1,2300,9127.55881803941,1023.4507819986902,897155.2894115448,365.624262161612
1789890493,20,,Aggregated,3.300000,0.000000,2300,3000,3600,4100,5500,7800,13000,36000,888000,897000,897000,4918,1,2300,9119.66393558756,1023.4507819986902,897155.2894115448,365.4928832858886
1789890494,20,,Aggregated,3.300000,0.000000,2300,3000,3600,4100,5500,7800,13000,36000,888000,897000,897000,4918,1,2300,9119.66393558756,1023.4507819986902,897155.2894115448,365.4928832858886
1789890495,20,,Aggregated,3.100000,0.000000,2300,3000,3600,4100,5500,7800,13000,36000,888000,897000,897000,4921,1,2300,9115.135078666048,1023.4507819986902,897155.2894115448,365.4054054054054
1789890496,20,,Aggregated,3.400000,0.000000,2300,3000,3600,4100,5500,7800,13000,36000,888000,897000,897000,4924,1,2300,9110.880001723319,1023.4507819986902,897155.2894115448,365.3180341186028
1789890497,20,,Aggregated,3.200000,0.000000,2300,3000,3600,4000,5500,7800,13000,36000,888000,897000,897000,4928,1,2300,9104.976374011489,1023.4507819986902,897155.2894115448,365.20170454545456
1789890498,20,,Aggregated,3.000000,0.000000,2300,3000,3600,4000,5500,7800,13000,36000,888000,897000,897000,4933,1,2300,9097.189693520295,1023.4507819986902,897155.2894115448,365.06385566592337
1789890499,20,,Aggregated,3.000000,0.000000,2300,3000,3600,4000,5500,7800,13000,36000,888000,897000,897000,4934,1,2300,9095.626653294004,1023.4507819986902,897155.2894115448,365.04215646534254
1789890500,20,,Aggregated,3.000000,0.000000,2300,3000,3600,4000,5500,7800,13000,36000,888000,897000,897000,4938,1,2300,9089.54048200863,1023.4507819986902,897155.2894115448,364.93357634669906
1789890501,20,,Aggregated,3.100000,0.000000,2300,3000,3600,4000,5500,7800,13000,36000,888000,897000,897000,4940,1,2300,9086.377582736157,1023.4507819986902,897155.2894115448,364.8757085020243
1789890502,20,,Aggregated,2.900000,0.000000,2300,3000,3600,4000,5500,7700,13000,36000,888000,897000,897000,4941,1,2300,9084.833833317065,1023.4507819986902,897155.2894115448,364.8467921473386
1789890503,20,,Aggregated,3.100000,0.000000,2300,3000,3600,4000,5500,7700,13000,36000,888000,897000,897000,4946,1,2300,9077.35363922394,1023.4507819986902,897155.2894115448,364.70238576627577
1789890504,20,,Aggregated,3.000000,0.000000,2300,3000,3600,4000,5500,7700,13000,36000,888000,897000,897000,4951,1,2300,9069.90079236793,1023.4507819986902,897155.2894115448,364.5582710563522
1789890505,20,,Aggregated,2.800000,0.000000,2300,3000,3600,4000,5500,7700,13000,36000,888000,897000,897000,4953,1,2300,9066.872318082298,1023.4507819986902,897155.2894115448,364.5079749646679
1789890506,20,,Aggregated,2.800000,0.000000,2300,3000,3600,4000,5500,7700,13000,36000,888000,897000,897000,4958,1,2300,9059.129192884755,1023.4507819986902,897155.2894115448,364.3787817668415
1789890507,20,,Aggregated,3.300000,0.000000,2300,3000,3600,4000,5500,7700,13000,36000,888000,897000,897000,4960,1,2300,9055.963656937423,1023.4507819986902,897155.2894115448,364.3213709677419
1789890508,20,,Aggregated,3.200000,0.000000,2300,3000,3600,4000,5500,7700,13000,36000,888000,897000,897000,4961,1,2300,9054.437208645155,1023.4507819986902,897155.2894115448,364.2926829268293
1789890509,20,,Aggregated,3.400000,0.000000,2300,3000,3600,4000,5500,7700,13000,36000,888000,897000,897000,4963,1,2300,9051.318716948545,1023.4507819986902,897155.2894115448,364.235341527302
1789890510,20,,Aggregated,3.200000,0.000000,2300,3000,3600,4000,5500,7700,13000,36000,888000,897000,897000,4966,1,2300,9046.62280142723,1023.4507819986902,897155.2894115448,364.14941602899717
1789890511,20,,Aggregated,2.900000,0.000000,2300,3000,3600,4000,5500,7700,13000,36000,888000,897000,897000,4971,1,2300,9039.457978905775,1023.4507819986902,897155.2894115448,364.006437336552
1789890512,20,,Aggregated,2.900000,0.000000,2300,3000,3600,4000,5500,7700,13000,36000,888000,897000,897000,4975,1,2300,9033.478645101026,1023.4507819986902,897155.2894115448,363.9067336683417
1789890513,20,,Aggregated,2.800000,0.000000,2300,3000,3600,4000,5500,7700,13000,36000,888000,897000,897000,4980,1,2300,9026.043747079037,1023.4507819986902,897155.2894115448,363.7714859437751
1789890514,20,,Aggregated,3.400000,0.000000,2300,3000,3600,4000,5500,7600,13000,36000,888000,897000,897000,4981,1,2300,9024.514585674686,1023.4507819986902,897155.2894115448,363.7430234892592
1789890515,20,,Aggregated,3.400000,0.000000,2300,3000,3600,4000,5500,7600,13000,36000,888000,897000,897000,4983,1,2300,9021.482167520893,1023.4507819986902,897155.2894115448,363.6861328516958
1789890516,20,,Aggregated,3.400000,0.000000,2300,3000,3600,4000,5500,7600,13000,36000,888000,897000,897000,4985,1,2300,9018.47695687334,1023.4507819986902,897155.2894115448,363.6292878635908
1789890517,20,,Aggregated,3.000000,0.000000,2300,3000,3600,4000,5500,7600,13000,36000,888000,897000,897000,4987,1,2300,9015.398666810228,1023.4507819986902,897155.2894115448,363.57248847002205
1789890518,20,,Aggregated,2.700000,0.000000,2300,3000,3600,4000,5500,7600,13000,36000,888000,897000,897000,4992,1,2300,9008.448511278166,1023.4507819986902,897155.2894115448,363.4306891025641
1789890519,20,,Aggregated,2.700000,0.000000,2300,3000,3600,4000,5500,7600,13000,36000,888000,897000,897000,4994,1,2300,9005.694233976892,1023.4507819986902,897155.2894115448,363.38846615939127
1789890520,20,,Aggregated,2.600000,0.000000,2300,3000,3600,4000,5500,7600,13000,36000,888000,897000,897000,4999,1,2300,8998.701845587238,1023.4507819986902,897155.2894115448,363.25425085017
1789890521,20,,Aggregated,3.000000,0.000000,2300,3000,3600,4000,5500,7600,13000,35000,880000,897000,897000,5001,1,2300,8995.83361850702,1023.4507819986902,897155.2894115448,363.1977604479104
1789890522,20,,Aggregated,3.100000,0.000000,2200,3000,3600,4000,5500,7600,13000,35000,880000,897000,897000,5004,1,2200,8991.26123989021,1023.4507819986902,897155.2894115448,363.1131095123901
1789890523,20,,Aggregated,3.300000,0.000000,2200,3000,3600,4000,5500,7600,13000,35000,880000,897000,897000,5006,1,2200,8988.16264715054,1023.4507819986902,897155.2894115448,363.056731921694
1789890524,20,,Aggregated,3.100000,0.000000,2200,3000,3600,4000,5500,7600,13000,35000,880000,897000,897000,5009,1,2200,8983.71157651639,1023.4507819986902,897155.2894115448,362.97224995008986
1789890525,20,,Aggregated,2.900000,0.000000,2200,3000,3600,4000,5500,7600,13000,35000,880000,897000,897000,5011,1,2200,8980.737558144603,1023.4507819986902,897155.2894115448,362.9159848333666
1789890526,20,,Aggregated,2.900000,0.000000,2200,3000,3600,4000,5500,7600,13000,35000,880000,897000,897000,5016,1,2200,8973.654260460846,1023.4507819986902,897155.2894115448,362.79704944178627
1789890527,20,,Aggregated,2.900000,0.000000,2200,3000,3600,4000,5500,7600,13000,35000,880000,897000,897000,5020,1,2200,8967.977240185579,1023.4507819986902,897155.2894115448,362.6848605577689
1789890528,20,,Aggregated,3.000000,0.000000,2200,2900,3600,4000,5500,7600,13000,35000,880000,897000,897000,5024,1,2200,8961.996605389051,1023.4507819986902,897155.2894115448,362.57285031847135
1789890529,20,,Aggregated,3.400000,0.000000,2200,2900,3600,4000,5500,7600,13000,35000,880000,897000,897000,5026,1,2200,8959.05104435925,1023.4507819986902,897155.2894115448,362.516912057302
1789890530,20,,Aggregated,3.400000,0.000000,2200,2900,3600,4000,5500,7600,13000,35000,880000,897000,897000,5027,1,2200,8957.546856396377,1023.4507819986902,897155.2894115448,362.48895961806244
1789890531,20,,Aggregated,3.100000,0.000000,2200,2900,3600,4000,5500,7600,13000,35000,880000,897000,897000,5031,1,2200,8951.609866141838,1023.4507819986902,897155.2894115448,362.3772609819122
1789890532,20,,Aggregated,3.100000,0.000000,2200,2900,3600,4000,5500,7600,13000,35000,880000,897000,897000,5034,1,2200,8947.07231198939,1023.4507819986902,897155.2894115448,362.3079062375844
1789890533,20,,Aggregated,2.900000,0.000000,2200,2900,3600,4000,5500,7600,13000,35000,880000,897000,897000,5039,1,2200,8939.667431081882,1023.4507819986902,897155.2894115448,362.1758285374082
1789890534,20,,Aggregated,3.000000,0.000000,2200,2900,3600,4000,5500,7600,13000,35000,880000,897000,897000,5043,1,2200,8933.672921900574,1023.4507819986902,897155.2894115448,362.0646440610748
1789890535,20,,Aggregated,3.000000,0.000000,2200,2900,3600,4000,5500,7600,13000,35000,880000,897000,897000,5044,1,2200,8932.272686896431,1023.4507819986902,897155.2894115448,362.03687549563836
1789890536,20,,Aggregated,3.300000,0.000000,2200,2900,3600,4000,5500,7600,13000,35000,880000,897000,897000,5047,1,2200,8927.790541811293,1023.4507819986902,897155.2894115448,361.9536358232613
1789890537,20,,Aggregated,3.300000,0.000000,2200,2900,3600,4000,5500,7600,13000,35000,880000,897000,897000,5049,1,2200,8924.821808468725,1023.4507819986902,897155.2894115448,361.89819766290356
1789890538,20,,Aggregated,3.100000,0.000000,2200,2900,3600,4000,5500,7600,13000,35000,880000,897000,897000,5053,1,2200,8918.969784404431,1023.4507819986902,897155.2894115448,361.80170195923216
1789890539,20,,Aggregated,2.900000,0.000000,2200,2900,3600,4000,5500,7600,13000,35000,880000,897000,897000,5056,1,2200,8914.625831760204,1023.4507819986902,897155.2894115448,361.71875
1789890540,20,,Aggregated,2.800000,0.000000,2200,2900,3600,4000,5500,7600,13000,35000,880000,897000,897000,5060,1,2200,8908.85385143569,1023.4507819986902,897155.2894115448,361.61541501976285
1789890541,20,,Aggregated,2.800000,0.000000,2200,2900,3600,4000,5500,7600,13000,35000,880000,897000,897000,5063,1,2200,8904.476109820382,1023.4507819986902,897155.2894115448,361.5326881295675
1789890542,20,,Aggregated,3.000000,0.000000,2200,2900,3600,4000,5500,7600,13000,35000,880000,897000,897000,5066,1,2200,8899.993779902801,1023.4507819986902,897155.2894115448,361.4500592183182
1789890543,20,,Aggregated,3.200000,0.000000,2200,2900,3600,4000,5500,7600,13000,35000,880000,897000,897000,5069,1,2200,8895.433605795737,1023.4507819986902,897155.2894115448,361.36752811205366
1789890544,20,,Aggregated,3.300000,0.000000,2200,2900,3600,4000,5500,7600,13000,35000,880000,897000,897000,5070,1,2200,8893.964320284535,1023.4507819986902,897155.2894115448,361.3400394477318
1789890545,20,,Aggregated,3.200000,0.000000,2200,2900,3600,4000,5500,7600,13000,35000,880000,897000,897000,5073,1,2200,8889.413622070882,1023.4507819986902,897155.2894115448,361.27183126355214
1789890546,20,,Aggregated,3.200000,0.000000,2200,2900,3600,4000,5500,7600,13000,35000,880000,897000,897000,5078,1,2200,8882.221004072584,1023.4507819986902,897155.2894115448,361.14178810555336
1789890547,20,,Aggregated,2.900000,0.000000,2200,2900,3500,4000,5500,7600,13000,35000,880000,897000,897000,5082,1,2200,8876.452746965875,1023.4507819986902,897155.2894115448,361.0322707595435
1789890548,20,,Aggregated,3.200000,0.000000,2200,2900,3500,4000,5500,7600,13000,35000,880000,897000,897000,5086,1,2200,8870.78885765839,1023.4507819986902,897155.2894115448,360.92292567833266
1789890549,20,,Aggregated,3.100000,0.000000,2200,2900,3500,4000,5500,7600,13000,35000,880000,897000,897000,5088,1,2200,8867.790669138281,1023.4507819986902,897155.2894115448,360.8683176100629
1789890550,20,,Aggregated,3.100000,0.000000,2200,2900,3500,4000,5500,7600,13000,35000,880000,897000,897000,5089,1,2200,8866.290118922887,1023.4507819986902,897155.2894115448,360.8410296718412
1789890551,20,,Aggregated,3.300000,0.000000,2200,2900,3500,4000,5500,7600,13000,35000,880000,897000,897000,5093,1,2200,8860.439643823793,1023.4507819986902,897155.2894115448,360.7453367366974
1789890552,20,,Aggregated,3.000000,0.000000,2200,2900,3500,4000,5500,7600,13000,35000,880000,897000,897000,5097,1,2200,8854.431256657559,1023.4507819986902,897155.2894115448,360.6364528153816
1789890553,20,,Aggregated,3.000000,0.000000,2200,2900,3500,4000,5500,7600,13000,35000,880000,897000,897000,5100,1,2200,8850.09278561521,1023.4507819986902,897155.2894115448,360.5619607843137
1789890554,20,,Aggregated,3.000000,0.000000,2200,2900,3500,4000,5500,7600,13000,35000,880000,897000,897000,5104,1,2200,8844.101341945647,1023.4507819986902,897155.2894115448,360.4533699059561
1789890555,20,,Aggregated,2.900000,0.000000,2200,2900,3500,4000,5500,7600,13000,35000,880000,897000,897000,5106,1,2200,8841.206213160904,1023.4507819986902,897155.2894115448,360.3991382687035
1789890556,20,,Aggregated,3.100000,0.000000,2200,2900,3500,4000,5500,7600,13000,35000,880000,897000,897000,5109,1,2200,8836.837731636637,1023.4507819986902,897155.2894115448,360.31787042474065
1789890557,20,,Aggregated,3.400000,0.000000,2200,2900,3500,4000,5500,7600,13000,35000,880000,897000,897000,5110,1,2200,8835.38150520383,1023.4507819986902,897155.2894115448,360.29080234833657
1789890558,20,,Aggregated,3.300000,0.000000,2200,2900,3500,4000,5500,7600,13000,35000,880000,897000,897000,5113,1,2200,8831.091423788102,1023.4507819986902,897155.2894115448,360.21670252298065
1789890559,20,,Aggregated,3.100000,0.000000,2200,2900,3500,3900,5500,7600,13000,35000,880000,897000,897000,5116,1,2200,8826.7735202032,1023.4507819986902,897155.2894115448,360.135652853792
1789890560,20,,Aggregated,3.000000,0.000000,2200,2900,3500,3900,5500,7600,13000,35000,880000,897000,897000,5117,1,2200,8825.512425378849,1023.4507819986902,897155.2894115448,360.10865741645495
1789890561,20,,Aggregated,2.900000,0.000000,2200,2900,3500,4000,5500,7600,13000,35000,880000,897000,897000,5124,1,2200,8983.919820856727,1023.4507819986902,897155.2894115448,363.4980483996877
1789890562,20,,Aggregated,2.900000,0.000000,2200,2900,3500,3900,5500,7600,13000,35000,880000,897000,897000,5126,1,2200,8981.381174454127,1023.4507819986902,897155.2894115448,363.4428404213812
1789890563,20,,Aggregated,2.800000,0.000000,2200,2900,3500,3900,5500,7600,13000,35000,880000,897000,897000,5129,1,2200,8977.596870978135,1023.4507819986902,897155.2894115448,363.36010918307664
1789890564,20,,Aggregated,2.800000,0.000000,2200,2900,3500,3900,5500,7600,13000,35000,880000,897000,897000,5129,1,2200,8977.596870978135,1023.4507819986902,897155.2894115448,363.36010918307664
1789890565,20,,Aggregated,2.900000,0.000000,2200,2900,3500,4000,5500,7600,13000,35000,880000,897000,897000,5132,1,2200,8974.732056771794,1023.4507819986902,897155.2894115448,363.2494154325799
1789890566,20,,Aggregated,2.500000,0.000000,2200,2900,3500,4000,5500,7600,13000,35000,880000,897000,897000,5134,1,2200,8972.46290571228,1023.4507819986902,897155.2894115448,363.194390338917
1789890567,20,,Aggregated,2.400000,0.000000,2200,2900,3500,4000,5500,7600,13000,35000,880000,897000,897000,5138,1,2200,8968.300256769922,1023.4507819986902,897155.2894115448,363.0906967691709
1789890568,20,,Aggregated,2.400000,0.000000,2200,2900,3500,3900,5500,7600,13000,35000,880000,897000,897000,5142,1,2200,8962.889414272435,1023.4507819986902,897155.2894115448,362.98794243485025
1789890569,20,,Aggregated,2.700000,0.000000,2200,2900,3500,3900,5500,7600,13000,35000,880000,897000,897000,5146,1,2200,8957.784875338875,1023.4507819986902,897155.2894115448,362.87835211815
1789890570,20,,Aggregated,2.700000,0.000000,2200,2900,3500,3900,5500,7600,13000,35000,880000,897000,897000,5147,1,2200,8956.51089243265,1023.4507819986902,897155.2894115448,362.8509811540703
1789890571,20,,Aggregated,2.900000,0.000000,2200,2900,3500,3900,5500,7600,13000,36000,880000,897000,897000,5151,1,2200,9098.676969532346,1023.4507819986902,897155.2894115448,365.71384197243253
1789890572,20,,Aggregated,2.900000,0.000000,2200,2900,3500,3900,5500,7600,13000,36000,880000,897000,897000,5153,1,2200,9095.698258955194,1023.4507819986902,897155.2894115448,365.66349699204346
1789890573,20,,Aggregated,2.900000,0.000000,2200,2900,3500,3900,5500,7600,13000,36000,880000,897000,897000,5153,1,2200,9095.698258955194,1023.4507819986902,897155.2894115448,365.66349699204346
1789890574,20,,Aggregated,2.900000,0.000000,2200,2900,3500,3900,5500,7600,13000,36000,880000,897000,897000,5156,1,2200,9092.11568471065,1023.4507819986902,897155.2894115448,365.5519782777347
1789890575,20,,Aggregated,2.400000,0.000000,2200,2900,3500,3900,5500,7600,13000,36000,880000,897000,897000,5159,1,2200,9088.80331348209,1023.4507819986902,897155.2894115448,365.4685016476061
1789890576,20,,Aggregated,2.700000,0.000000,2200,2900,3500,3900,5500,7600,13000,36000,880000,897000,897000,5162,1,2200,9085.450440735007,1023.4507819986902,897155.2894115448,365.38512204571873
1789890577,20,,Aggregated,2.700000,0.000000,2200,2900,3500,3900,5500,7600,13000,36000,880000,897000,897000,5164,1,2200,9083.364800072444,1023.4507819986902,897155.2894115448,365.33656080557705
1789890578,20,,Aggregated,2.800000,0.000000,2200,2900,3500,3900,5500,7600,13000,37000,880000,897000,897000,5171,1,2200,9234.660615616966,1023.4507819986902,897155.2894115448,368.6903887062464
1789890579,20,,Aggregated,2.800000,0.000000,2200,2900,3500,3900,5500,7600,13000,37000,880000,897000,897000,5176,1,2200,9228.286192231324,1023.4507819986902,897155.2894115448,368.5556414219474
1789890580,20,,Aggregated,2.800000,0.000000,2200,2900,3500,3900,5500,7600,13000,37000,880000,897000,897000,5176,1,2200,9228.286192231324,1023.4507819986902,897155.2894115448,368.5556414219474
1789890581,20,,Aggregated,3.100000,0.000000,2200,2900,3500,3900,5500,7600,13000,37000,880000,897000,897000,5177,1,2200,9227.23038640358,1023.4507819986902,897155.2894115448,368.4995170948426
1789890582,20,,Aggregated,3.100000,0.000000,2200,2900,3500,3900,5500,7600,13000,37000,880000,897000,897000,5178,1,2200,9225.911800181215,1023.4507819986902,897155.2894115448,368.4712244109695
1789890583,20,,Aggregated,2.900000,0.000000,2200,2900,3500,3900,5500,7600,13000,37000,880000,897000,897000,5182,1,2200,9220.445528990607,1023.4507819986902,897155.2894115448,368.3581628714782
1789890584,20,,Aggregated,2.500000,0.000000,2200,2900,3500,3900,5500,7600,13000,37000,880000,897000,897000,5187,1,2200,9214.279265331275,1023.4507819986902,897155.2894115448,368.2170811644496
1789890585,20,,Aggregated,2.500000,0.000000,2200,2900,3500,3900,5500,7600,13000,37000,880000,897000,897000,5192,1,2200,9207.787039062276,1023.4507819986902,897155.2894115448,368.09013867488443
1789890586,20,,Aggregated,3.100000,0.000000,2200,2900,3500,3900,5500,7600,13000,37000,880000,897000,897000,5197,1,2200,9201.345417159579,1023.4507819986902,897155.2894115448,367.9565133730999
1789890587,20,,Aggregated,3.100000,0.000000,2200,2900,3500,3900,5500,7600,13000,37000,880000,897000,897000,5198,1,2200,9200.060998889057,1023.4507819986902,897155.2894115448,367.928434013082
1789890588,20,,Aggregated,3.400000,0.000000,2200,2900,3500,3900,5500,7600,13000,37000,880000,897000,897000,5200,1,2200,9197.351692823138,1023.4507819986902,897155.2894115448,367.8723076923077
1789890589,20,,Aggregated,3.400000,0.000000,2200,2900,3500,3900,5400,7600,13000,36000,880000,897000,897000,5202,1,2200,9194.465992181722,1023.4507819986902,897155.2894115448,367.8162245290273
1789890590,20,,Aggregated,3.400000,0.000000,2200,2900,3500,3900,5400,7600,13000,36000,880000,897000,897000,5203,1,2200,9192.985349210325,1023.4507819986902,897155.2894115448,367.78819911589466
1789890591,20,,Aggregated,2.400000,0.000000,2200,2900,3500,3900,5400,7600,13000,36000,880000,897000,897000,5208,1,2200,9186.385873538655,1023.4507819986902,897155.2894115448,367.6482334869432
1789890592,20,,Aggregated,2.700000,0.000000,2200,2900,3500,3900,5400,7600,13000,36000,880000,897000,897000,5211,1,2200,9182.726226424931,1023.4507819986902,897155.2894115448,367.57129149875266
1789890593,20,,Aggregated,3.000000,0.000000,2200,2900,3500,3900,5400,7600,13000,36000,880000,897000,897000,5215,1,2200,9177.92060297628,1023.4507819986902,897155.2894115448,367.4665388302972
1789890594,20,,Aggregated,3.200000,0.000000,2200,2900,3500,3900,5400,7600,13000,36000,880000,897000,897000,5219,1,2200,9173.204786672793,1023.4507819986902,897155.2894115448,367.36194673309063
1789890595,20,,Aggregated,3.200000,0.000000,2200,2900,3500,3900,5400,7500,13000,36000,880000,897000,897000,5222,1,2200,9169.374853390522,1023.4507819986902,897155.2894115448,367.2784373803141
1789890596,20,,Aggregated,3.100000,0.000000,2200,2900,3500,3900,5400,7500,13000,36000,880000,897000,897000,5225,1,2200,9165.01594907604,1023.4507819986902,897155.2894115448,367.195023923445
1789890597,20,,Aggregated,3.100000,0.000000,2200,2900,3500,3900,5400,7500,13000,36000,880000,897000,897000,5227,1,2200,9161.95311530597,1023.4507819986902,897155.2894115448,367.1394681461641
1789890598,20,,Aggregated,3.000000,0.000000,2200,2900,3500,3900,5400,7500,13000,36000,880000,897000,897000,5229,1,2200,9159.0207945057,1023.4507819986902,897155.2894115448,367.0839548670874
1789890599,20,,Aggregated,2.900000,0.000000,2200,2900,3500,3900,5400,7500,13000,36000,880000,897000,897000,5234,1,2200,9152.020464127494,1023.4507819986902,897155.2894115448,366.95911348872755
1789890600,20,,Aggregated,2.900000,0.000000,2200,2900,3500,3900,5400,7500,13000,36000,880000,897000,897000,5238,1,2200,9146.36762345252,1023.4507819986902,897155.2894115448,366.848415425735
1789890601,20,,Aggregated,3.300000,0.000000,2200,2900,3500,3900,5400,7500,13000,36000,880000,897000,897000,5243,1,2200,9139.171415877037,1023.4507819986902,897155.2894115448,366.7171466717528
1789890602,20,,Aggregated,3.300000,0.000000,2200,2900,3500,3900,5400,7500,13000,36000,880000,897000,897000,5244,1,2200,9137.656178655283,1023.4507819986902,897155.2894115448,366.6895499618612
1789890603,20,,Aggregated,3.500000,0.000000,2200,2900,3500,3900,5400,7500,13000,36000,880000,897000,897000,5249,1,2200,9130.336798195713,1023.4507819986902,897155.2894115448,366.55172413793105
1789890604,20,,Aggregated,3.400000,0.000000,2200,2900,3500,3900,5400,7500,13000,36000,880000,897000,897000,5251,1,2200,9127.361962493487,1023.4507819986902,897155.2894115448,366.4966673014664
1789890605,20,,Aggregated,3.400000,0.000000,2200,2900,3500,3900,5400,7500,13000,36000,880000,897000,897000,5255,1,2200,9121.334572215852,1023.4507819986902,897155.2894115448,366.4003805899144
1789890606,20,,Aggregated,3.200000,0.000000,2200,2900,3500,3900,5400,7500,13000,36000,880000,897000,897000,5258,1,2200,9116.83250310561,1023.4507819986902,897155.2894115448,366.31799163179915
1789890607,20,,Aggregated,3.100000,0.000000,2200,2900,3500,3900,5400,7500,13000,36000,880000,897000,897000,5261,1,2200,9112.48317081036,1023.4507819986902,897155.2894115448,366.2425394411709
1789890608,20,,Aggregated,3.200000,0.000000,2200,2900,3500,3900,5400,7500,13000,36000,880000,897000,897000,5264,1,2200,9108.173196968331,1023.4507819986902,897155.2894115448,366.16033434650456
1789890609,20,,Aggregated,3.200000,0.000000,2200,2900,3500,3900,5400,7500,13000,36000,880000,897000,897000,5266,1,2200,9105.288348486383,1023.4507819986902,897155.2894115448,366.105582985188
1789890610,20,,Aggregated,3.400000,0.000000,2200,2900,3500,3900,5400,7500,13000,36000,880000,897000,897000,5270,1,2200,9099.561213548634,1023.4507819986902,897155.2894115448,365.99620493358634
1789890611,20,,Aggregated,3.400000,0.000000,2200,2900,3500,3900,5400,7500,13000,36000,880000,897000,897000,5273,1,2200,9095.45589508862,1023.4507819986902,897155.2894115448,365.91428029584677
1789890612,20,,Aggregated,3.300000,0.000000,2200,2900,3500,3900,5400,7500,13000,36000,880000,897000,897000,5277,1,2200,9089.772722123611,1023.4507819986902,897155.2894115448,365.81883646010994
1789890613,20,,Aggregated,3.200000,0.000000,2200,2900,3500,3900,5400,7500,13000,36000,880000,897000,897000,5279,1,2200,9086.82461422093,1023.4507819986902,897155.2894115448,365.7643493085812
1789890614,20,,Aggregated,3.100000,0.000000,2200,2900,3500,3900,5400,7500,13000,36000,880000,897000,897000,5283,1,2200,9081.275873559207,1023.4507819986902,897155.2894115448,365.66231307968957
1789890615,20,,Aggregated,3.100000,0.000000,2200,2900,3500,3900,5400,7500,13000,36000,880000,897000,897000,5286,1,2200,9076.821051868386,1023.4507819986902,897155.2894115448,365.5807794173288
1789890616,20,,Aggregated,3.100000,0.000000,2200,2900,3500,3900,5400,7500,13000,36000,880000,897000,897000,5289,1,2200,9072.417752344543,1023.4507819986902,897155.2894115448,365.49933824919646
1789890617,20,,Aggregated,3.200000,0.000000,2200,2900,3500,3900,5400,7500,13000,36000,880000,897000,897000,5293,1,2200,9066.53326413835,1023.4507819986902,897155.2894115448,365.39089363310035
1789890618,20,,Aggregated,3.300000,0.000000,2200,2900,3500,3900,5400,7500,13000,36000,880000,897000,897000,5295,1,2200,9063.689952052748,1023.4507819986902,897155.2894115448,365.34353163361664
1789890619,20,,Aggregated,3.100000,0.000000,2200,2900,3500,3900,5400,7500,13000,36000,880000,897000,897000,5299,1,2200,9057.942245612623,1023.4507819986902,897155.2894115448,365.2421211549349
1789890620,20,,Aggregated,3.000000,0.000000,2200,2900,3500,3900,5400,7500,13000,35000,880000,897000,897000,5301,1,2200,9054.99799902307,1023.4507819986902,897155.2894115448,365.19486889266176
1789890621,20,,Aggregated,3.300000,0.000000,2200,2900,3500,3900,5400,7500,13000,35000,880000,897000,897000,5304,1,2200,9050.71276229945,1023.4507819986902,897155.2894115448,365.1138763197587
1789890622,20,,Aggregated,3.000000,0.000000,2200,2900,3500,3900,5400,7500,13000,35000,880000,897000,897000,5307,1,2200,9046.54780108202,1023.4507819986902,897155.2894115448,365.0329753156209
1789890623,20,,Aggregated,3.000000,0.000000,2200,2900,3500,3900,5400,7500,13000,35000,880000,897000,897000,5311,1,2200,9040.896402909862,1023.4507819986902,897155.2894115448,364.92524948220677
1789890624,20,,Aggregated,3.000000,0.000000,2200,2900,3500,3900,5400,7500,13000,35000,880000,897000,897000,5313,1,2200,9038.070482532145,1023.4507819986902,897155.2894115448,364.87144739318654
1789890625,20,,Aggregated,3.100000,0.000000,2200,2900,3500,3900,5400,7500,13000,35000,880000,897000,897000,5316,1,2200,9033.816067030715,1023.4507819986902,897155.2894115448,364.8043641835967
1789890626,20,,Aggregated,3.400000,0.000000,2200,2900,3500,3900,5400,7500,13000,35000,880000,897000,897000,5319,1,2200,9029.844996222464,1023.4507819986902,897155.2894115448,364.7238202669675
1789890627,20,,Aggregated,3.000000,0.000000,2200,2900,3500,3900,5400,7500,13000,35000,880000,897000,897000,5321,1,2200,9026.97511113123,1023.4507819986902,897155.2894115448,364.6701747791768
1789890628,20,,Aggregated,2.700000,0.000000,2200,2900,3500,3900,5400,7500,13000,35000,880000,897000,897000,5325,1,2200,9021.717770328127,1023.4507819986902,897155.2894115448,364.56976525821597
1789890629,20,,Aggregated,3.000000,0.000000,2200,2900,3500,3900,5400,7500,13000,35000,880000,897000,897000,5330,1,2200,9014.619052217125,1023.4507819986902,897155.2894115448,364.4360225140713
1789890630,20,,Aggregated,3.000000,0.000000,2200,2900,3500,3900,5400,7500,13000,35000,880000,897000,897000,5333,1,2200,9010.272463025552,1023.4507819986902,897155.2894115448,364.3558972435777
1789890631,20,,Aggregated,2.900000,0.000000,2200,2900,3500,3900,5400,7500,13000,35000,880000,897000,897000,5335,1,2200,9007.424212283087,1023.4507819986902,897155.2894115448,364.30927835051546
1789890632,20,,Aggregated,3.300000,0.000000,2200,2900,3500,3900,5400,7500,13000,35000,880000,897000,897000,5338,1,2200,9003.124772976073,1023.4507819986902,897155.2894115448,364.2360434619708
1789890633,20,,Aggregated,3.100000,0.000000,2200,2900,3500,3900,5400,7500,13000,35000,880000,897000,897000,5340,1,2200,9000.276389937879,1023.4507819986902,897155.2894115448,364.1827715355805
1789890634,20,,Aggregated,3.000000,0.000000,2200,2900,3500,3900,5400,7400,13000,35000,880000,897000,897000,5341,1,2200,8998.844510234465,1023.4507819986902,897155.2894115448,364.15615053360796
1789890635,20,,Aggregated,3.000000,0.000000,2200,2900,3500,3900,5400,7400,13000,35000,880000,897000,897000,5346,1,2200,8992.206538506409,1023.4507819986902,897155.2894115448,364.0299289188178
1789890636,20,,Aggregated,3.000000,0.000000,2200,2900,3500,3900,5400,7400,13000,35000,880000,897000,897000,5350,1,2200,8986.751388549583,1023.4507819986902,897155.2894115448,363.923738317757
1789890637,20,,Aggregated,3.000000,0.000000,2200,2900,3500,3900,5400,7400,13000,35000,880000,897000,897000,5354,1,2200,8981.335762478757,1023.4507819986902,897155.2894115448,363.8244303324617
1789890638,20,,Aggregated,3.400000,0.000000,2200,2900,3500,3900,5400,7400,13000,35000,880000,897000,897000,5356,1,2200,8978.863203235858,1023.4507819986902,897155.2894115448,363.7781926811053
1789890639,20,,Aggregated,3.000000,0.000000,2200,2900,3500,3900,5400,7400,13000,35000,880000,897000,897000,5359,1,2200,8974.735319550897,1023.4507819986902,897155.2894115448,363.6988244075387
1789890640,20,,Aggregated,3.000000,0.000000,2200,2900,3500,3900,5400,7400,13000,35000,880000,897000,897000,5360,1,2200,8973.323335728406,1023.4507819986902,897155.2894115448,363.6723880597015
1789890641,20,,Aggregated,2.900000,0.000000,2200,2900,3500,3900,5400,7400,13000,35000,880000,897000,897000,5364,1,2200,8967.813358201205,1023.4507819986902,897155.2894115448,363.5667412378822
1789890642,20,,Aggregated,2.800000,0.000000,2200,2900,3500,3900,5400,7400,13000,35000,880000,897000,897000,5368,1,2200,8962.53630537896,1023.4507819986902,897155.2894115448,363.46795827123697
1789890643,20,,Aggregated,2.800000,0.000000,2200,2900,3500,3900,5400,7400,13000,35000,880000,897000,897000,5370,1,2200,8959.98798691625,1023.4507819986902,897155.2894115448,363.415270018622
1789890644,20,,Aggregated,2.800000,0.000000,2200,2900,3500,3900,5400,7400,13000,35000,880000,897000,897000,5374,1,2200,8954.482791825134,1023.4507819986902,897155.2894115448,363.3167100855973
1789890645,20,,Aggregated,3.000000,0.000000,2200,2900,3500,3900,5400,7400,13000,35000,880000,897000,897000,5378,1,2200,8948.947202011765,1023.4507819986902,897155.2894115448,363.2182967645965
1789890646,20,,Aggregated,3.000000,0.000000,2200,2900,3500,3900,5400,7400,13000,35000,880000,897000,897000,5380,1,2200,8946.07371438964,1023.4507819986902,897155.2894115448,363.1657992565056
1789890647,20,,Aggregated,3.400000,0.000000,2200,2900,3500,3900,5400,7400,13000,35000,880000,897000,897000,5381,1,2200,8944.622020286242,1023.4507819986902,897155.2894115448,363.1395651365917
1789890648,20,,Aggregated,3.000000,0.000000,2200,2900,3500,3900,5400,7400,13000,35000,880000,897000,897000,5385,1,2200,8938.957596262075,1023.4507819986902,897155.2894115448,363.0414113277623
1789890649,20,,Aggregated,3.000000,0.000000,2200,2900,3500,3900,5400,7400,13000,35000,880000,897000,897000,5388,1,2200,8934.764765003947,1023.4507819986902,897155.2894115448,362.9628804751299
1789890650,20,,Aggregated,2.900000,0.000000,2200,2900,3500,3900,5400,7400,13000,35000,880000,897000,897000,5392,1,2200,8929.360383587216,1023.4507819986902,897155.2894115448,362.8649851632047
1789890651,20,,Aggregated,3.200000,0.000000,2200,2900,3500,3900,5400,7400,13000,35000,880000,897000,897000,5396,1,2200,8924.029874188891,1023.4507819986902,897155.2894115448,362.76723498888066
1789890652,20,,Aggregated,3.100000,0.000000,2200,2900,3500,3900,5400,7400,13000,35000,880000,897000,897000,5400,1,2200,8918.39043381079,1023.4507819986902,897155.2894115448,362.662962962963
1789890653,20,,Aggregated,3.100000,0.000000,2200,2900,3500,3900,5400,7400,13000,35000,880000,897000,897000,5401,1,2200,8916.945866773794,1023.4507819986902,897155.2894115448,362.6369190890576
1789890654,20,,Aggregated,3.400000,0.000000,2200,2900,3500,3900,5400,7400,13000,35000,880000,897000,897000,5404,1,2200,8912.764699966741,1023.4507819986902,897155.2894115448,362.55884529977794
1789890655,20,,Aggregated,3.100000,0.000000,2200,2900,3500,3900,5400,7400,13000,35000,880000,897000,897000,5408,1,2200,8907.277538471757,1023.4507819986902,897155.2894115448,362.46153846153845
1789890656,20,,Aggregated,2.900000,0.000000,2200,2900,3500,3900,5400,7400,13000,35000,880000,897000,897000,5410,1,2200,8904.405934439235,1023.4507819986902,897155.2894115448,362.4162661737523
1789890657,20,,Aggregated,2.800000,0.000000,2200,2900,3500,3900,5400,7400,13000,35000,880000,897000,897000,5413,1,2200,8900.465205026097,1023.4507819986902,897155.2894115448,362.33844448549786
1789890658,20,,Aggregated,2.800000,0.000000,2200,2900,3500,3900,5400,7400,13000,35000,880000,897000,897000,5418,1,2200,8893.733498395952,1023.4507819986902,897155.2894115448,362.2155777039498
1789890659,20,,Aggregated,3.000000,0.000000,2200,2900,3500,3900,5400,7400,13000,35000,880000,897000,897000,5421,1,2200,8889.657785796027,1023.4507819986902,897155.2894115448,362.1379819221546
1789890660,20,,Aggregated,3.200000,0.000000,2200,2900,3500,3900,5400,7400,13000,35000,880000,897000,897000,5423,1,2200,8886.840468158265,1023.4507819986902,897155.2894115448,362.0862990964411
1789890661,20,,Aggregated,3.200000,0.000000,2200,2900,3500,3900,5400,7400,13000,35000,880000,897000,897000,5425,1,2200,8884.021768799497,1023.4507819986902,897155.2894115448,362.04129032258066
1789890662,20,,Aggregated,3.100000,0.000000,2200,2900,3500,3900,5400,7400,13000,35000,880000,897000,897000,5430,1,2200,8877.287584864505,1023.4507819986902,897155.2894115448,361.91896869244937
1789890663,20,,Aggregated,3.100000,0.000000,2200,2900,3500,3900,5400,7400,13000,35000,880000,897000,897000,5431,1,2200,8875.885674102976,1023.4507819986902,897155.2894115448,361.89320567114714
1789890664,20,,Aggregated,2.900000,0.000000,2200,2900,3500,3900,5400,7400,13000,35000,880000,897000,897000,5436,1,2200,8869.065980772675,1023.4507819986902,897155.2894115448,361.7711552612215
1789890665,20,,Aggregated,3.100000,0.000000,2200,2900,3500,3900,5400,7400,13000,35000,880000,897000,897000,5440,1,2200,8863.621201083502,1023.4507819986902,897155.2894115448,361.6683823529412
1789890666,20,,Aggregated,3.200000,0.000000,2200,2900,3400,3900,5400,7400,13000,35000,880000,897000,897000,5443,1,2200,8859.518215887058,1023.4507819986902,897155.2894115448,361.5914018004777
1789890667,20,,Aggregated,3.200000,0.000000,2200,2900,3400,3900,5400,7400,13000,35000,880000,897000,897000,5444,1,2200,8858.119321815808,1023.4507819986902,897155.2894115448,361.5657604702425
1789890668,20,,Aggregated,3.300000,0.000000,2200,2900,3400,3900,5400,7400,13000,35000,880000,897000,897000,5447,1,2200,8854.097573937444,1023.4507819986902,897155.2894115448,361.4955021112539
1789890669,20,,Aggregated,3.300000,0.000000,2200,2900,3400,3900,5400,7400,12000,35000,880000,897000,897000,5451,1,2200,8848.686760044075,1023.4507819986902,897155.2894115448,361.3997431663915
1789890670,20,,Aggregated,2.900000,0.000000,2200,2900,3400,3900,5400,7400,12000,35000,880000,897000,897000,5454,1,2200,8844.59728044174,1023.4507819986902,897155.2894115448,361.3296662999633
1789890671,20,,Aggregated,2.900000,0.000000,2200,2900,3400,3800,5400,7400,12000,35000,880000,897000,897000,5459,1,2200,8837.873556129372,1023.4507819986902,897155.2894115448,361.2020516578128
1789890672,20,,Aggregated,2.900000,0.000000,2200,2900,3400,3800,5400,7400,12000,35000,880000,897000,897000,5461,1,2200,8835.146120010848,1023.4507819986902,897155.2894115448,361.15107123237505
1789890673,20,,Aggregated,2.900000,0.000000,2200,2900,3400,3800,5400,7400,12000,35000,880000,897000,897000,5464,1,2200,8831.013332080023,1023.4507819986902,897155.2894115448,361.07467057101024
1789890674,20,,Aggregated,3.300000,0.000000,2200,2900,3400,3800,5400,7400,12000,35000,880000,897000,897000,5466,1,2200,8828.225899447354,1023.4507819986902,897155.2894115448,361.0303695572631
1789890675,20,,Aggregated,3.300000,0.000000,2200,2900,3400,3800,5400,7400,12000,35000,880000,897000,897000,5468,1,2200,8825.582859000044,1023.4507819986902,897155.2894115448,360.979517190929
1789890676,20,,Aggregated,3.000000,0.000000,2200,2900,3400,3800,5400,7400,12000,35000,880000,897000,897000,5472,1,2200,8820.154404130344,1023.4507819986902,897155.2894115448,360.88377192982455
1789890677,20,,Aggregated,2.900000,0.000000,2200,2900,3400,3800,5400,7400,12000,35000,880000,897000,897000,5475,1,2200,8816.59481683365,1023.4507819986902,897155.2894115448,360.81424657534245
1789890678,20,,Aggregated,2.900000,0.000000,2200,2800,3400,3800,5400,7400,12000,35000,880000,897000,897000,5479,1,2200,8811.403891617674,1023.4507819986902,897155.2894115448,360.7129038145647
1789890679,20,,Aggregated,2.900000,0.000000,2200,2800,3400,3800,5400,7400,12000,35000,880000,897000,897000,5483,1,2200,8806.226097346751,1023.4507819986902,897155.2894115448,360.6117089184753
1789890680,20,,Aggregated,2.900000,0.000000,2200,2800,3400,3800,5400,7400,12000,35000,880000,897000,897000,5484,1,2200,8804.914684986185,1023.4507819986902,897155.2894115448,360.58643326039385
1789890681,20,,Aggregated,3.100000,0.000000,2200,2800,3400,3800,5400,7400,12000,35000,880000,897000,897000,5486,1,2200,8802.177466766358,1023.4507819986902,897155.2894115448,360.5359095880423
1789890682,20,,Aggregated,3.300000,0.000000,2200,2800,3400,3800,5400,7400,13000,35000,880000,897000,897000,5490,1,2200,8942.87798308707,1023.4507819986902,897155.2894115448,363.2473588342441
1789890683,20,,Aggregated,2.900000,0.000000,2200,2800,3400,3800,5400,7400,13000,36000,880000,897000,897000,5495,1,2200,9094.162083010717,1023.4507819986902,897155.2894115448,366.70191082802546
1789890684,20,,Aggregated,2.900000,0.000000,2200,2800,3400,3800,5400,7400,13000,36000,880000,897000,897000,5495,1,2200,9094.162083010717,1023.4507819986902,897155.2894115448,366.70191082802546
1789890685,20,,Aggregated,2.900000,0.000000,2200,2800,3400,3800,5400,7400,13000,36000,880000,897000,897000,5495,1,2200,9094.162083010717,1023.4507819986902,897155.2894115448,366.70191082802546
1789890686,20,,Aggregated,3.000000,0.000000,2200,2800,3400,3800,5400,7400,13000,36000,880000,897000,897000,5499,1,2200,9090.291403654826,1023.4507819986902,897155.2894115448,366.59665393707945
1789890687,20,,Aggregated,2.800000,0.000000,2200,2900,3400,3800,5400,7400,13000,35000,880000,897000,897000,5505,1,2200,9084.61708722414,1023.4507819986902,897155.2894115448,366.41943687556767
1789890688,20,,Aggregated,2.500000,0.000000,2200,2900,3400,3800,5400,7400,13000,35000,880000,897000,897000,5506,1,2200,9083.694107933688,1023.4507819986902,897155.2894115448,366.39320741009806
1789890689,20,,Aggregated,2.500000,0.000000,2200,2900,3400,3800,5400,7400,13000,35000,880000,897000,897000,5506,1,2200,9083.694107933688,1023.4507819986902,897155.2894115448,366.39320741009806
1789890690,20,,Aggregated,2.500000,0.000000,2200,2900,3400,3800,5400,7400,13000,35000,880000,897000,897000,5506,1,2200,9083.694107933688,1023.4507819986902,897155.2894115448,366.39320741009806
1789890691,20,,Aggregated,2.700000,0.000000,2200,2900,3400,3800,5400,7400,13000,35000,880000,897000,897000,5511,1,2200,9080.293458415512,1023.4507819986902,897155.2894115448,366.2426056976955
1789890692,20,,Aggregated,2.200000,0.000000,2200,2900,3400,3800,5400,7400,13000,35000,880000,897000,897000,5516,1,2200,9075.285255799654,1023.4507819986902,897155.2894115448,366.1183828861494
1789890693,20,,Aggregated,2.600000,0.000000,2200,2900,3400,3800,5400,7400,13000,35000,880000,897000,897000,5521,1,2200,9068.681647746764,1023.4507819986902,897155.2894115448,365.98786451729757
1789890694,20,,Aggregated,2.900000,0.000000,2200,2900,3400,3800,5400,7400,13000,35000,880000,897000,897000,5526,1,2200,9062.146809154521,1023.4507819986902,897155.2894115448,365.8640969960188
1789890695,20,,Aggregated,2.600000,0.000000,2200,2900,3400,3800,5400,7400,13000,35000,880000,897000,897000,5528,1,2200,9059.411429496722,1023.4507819986902,897155.2894115448,365.8120477568741
1789890696,20,,Aggregated,2.600000,0.000000,2200,2900,3400,3800,5400,7400,13000,35000,880000,897000,897000,5528,1,2200,9059.411429496722,1023.4507819986902,897155.2894115448,365.8120477568741
1789890697,20,,Aggregated,3.100000,0.000000,2200,2900,3400,3800,5300,7400,13000,35000,880000,897000,897000,5531,1,2200,9055.286305056748,1023.4507819986902,897155.2894115448,365.7405532453444
1789890698,20,,Aggregated,3.100000,0.000000,2200,2900,3400,3800,5300,7400,13000,35000,880000,897000,897000,5531,1,2200,9055.286305056748,1023.4507819986902,897155.2894115448,365.7405532453444
1789890699,20,,Aggregated,3.000000,0.000000,2200,2900,3400,3800,5300,7400,13000,35000,880000,897000,897000,5536,1,2200,9049.225482774184,1023.4507819986902,897155.2894115448,365.61723265895955
1789890700,20,,Aggregated,2.600000,0.000000,2200,2900,3400,3800,5300,7400,13000,35000,880000,897000,897000,5541,1,2200,9043.407089067296,1023.4507819986902,897155.2894115448,365.4876376105396
1789890701,20,,Aggregated,2.900000,0.000000,2200,2900,3400,3800,5300,7400,13000,35000,880000,897000,897000,5545,1,2200,9038.788818728744,1023.4507819986902,897155.2894115448,365.38412984670873
1789890702,20,,Aggregated,3.100000,0.000000,2200,2900,3400,3800,5300,7400,13000,35000,880000,897000,897000,5548,1,2200,9035.27687853008,1023.4507819986902,897155.2894115448,365.3130857966835
1789890703,20,,Aggregated,3.000000,0.000000,2200,2900,3400,3800,5300,7400,12000,35000,880000,897000,897000,5552,1,2200,9029.770607470979,1023.4507819986902,897155.2894115448,365.216318443804
1789890704,20,,Aggregated,3.000000,0.000000,2200,2800,3400,3800,5300,7400,12000,35000,880000,897000,897000,5553,1,2200,9028.416448932447,1023.4507819986902,897155.2894115448,365.19052764271567
1789890705,20,,Aggregated,3.200000,0.000000,2200,2800,3400,3800,5300,7400,12000,35000,880000,897000,897000,5556,1,2200,9024.172488846809,1023.4507819986902,897155.2894115448,365.119690424766
1789890706,20,,Aggregated,3.100000,0.000000,2200,2800,3400,3800,5300,7400,12000,35000,880000,897000,897000,5558,1,2200,9021.611687705985,1023.4507819986902,897155.2894115448,365.0681899964016
1789890707,20,,Aggregated,2.900000,0.000000,2200,2800,3400,3800,5300,7300,12000,35000,880000,897000,897000,5562,1,2200,9016.575451447117,1023.4507819986902,897155.2894115448,364.965300251708
1789890708,20,,Aggregated,2.800000,0.000000,2200,2800,3400,3800,5300,7300,12000,35000,880000,897000,897000,5567,1,2200,9010.429220081527,1023.4507819986902,897155.2894115448,364.83689599425185
1789890709,20,,Aggregated,2.900000,0.000000,2200,2800,3400,3800,5300,7300,12000,35000,880000,897000,897000,5568,1,2200,9009.315992043976,1023.4507819986902,897155.2894115448,364.811242816092
1789890710,20,,Aggregated,3.200000,0.000000,2200,2800,3400,3800,5300,7300,12000,35000,880000,897000,897000,5573,1,2200,9003.010674823769,1023.4507819986902,897155.2894115448,364.6960344518213
1789890711,20,,Aggregated,3.200000,0.000000,2200,2800,3400,3800,5300,7300,12000,35000,880000,897000,897000,5577,1,2200,8997.548537174263,1023.4507819986902,897155.2894115448,364.6001434462973
1789890712,20,,Aggregated,3.500000,0.000000,2200,2800,3400,3800,5300,7300,12000,35000,880000,897000,897000,5580,1,2200,8993.454531241912,1023.4507819986902,897155.2894115448,364.52347670250896
1789890713,20,,Aggregated,3.500000,0.000000,2200,2800,3400,3800,5300,7300,12000,35000,880000,897000,897000,5580,1,2200,8993.454531241912,1023.4507819986902,897155.2894115448,364.52347670250896
1789890714,20,,Aggregated,3.200000,0.000000,2200,2800,3400,3800,5300,7300,12000,35000,880000,897000,897000,5584,1,2200,8988.073714238515,1023.4507819986902,897155.2894115448,364.42138252149
1789890715,20,,Aggregated,3.100000,0.000000,2200,2800,3400,3800,5300,7300,12000,35000,880000,897000,897000,5588,1,2200,8982.957743532366,1023.4507819986902,897155.2894115448,364.3194345025054
1789890716,20,,Aggregated,2.900000,0.000000,2200,2800,3400,3800,5300,7300,12000,35000,880000,897000,897000,5592,1,2200,8977.946962682021,1023.4507819986902,897155.2894115448,364.21763233190273
1789890717,20,,Aggregated,2.900000,0.000000,2200,2800,3400,3800,5300,7300,12000,35000,880000,897000,897000,5594,1,2200,8975.44107042597,1023.4507819986902,897155.2894115448,364.1796567751162
1789890718,20,,Aggregated,3.300000,0.000000,2200,2800,3400,3800,5300,7300,12000,35000,880000,897000,897000,5598,1,2200,8970.436546686471,1023.4507819986902,897155.2894115448,364.0837799214005
1789890719,20,,Aggregated,3.500000,0.000000,2200,2800,3400,3800,5300,7300,12000,35000,880000,897000,897000,5600,1,2200,8967.813639171583,1023.4507819986902,897155.2894115448,364.0330357142857
1789890720,20,,Aggregated,3.200000,0.000000,2200,2800,3400,3800,5300,7300,12000,35000,880000,897000,897000,5603,1,2200,8963.756216151503,1023.4507819986902,897155.2894115448,363.95698732821705
1789890721,20,,Aggregated,3.200000,0.000000,2200,2800,3400,3800,5300,7300,12000,35000,880000,897000,897000,5606,1,2200,8959.59394722741,1023.4507819986902,897155.2894115448,363.88601498394576
1789890722,20,,Aggregated,2.800000,0.000000,2200,2800,3400,3800,5300,7300,12000,35000,880000,897000,897000,5608,1,2200,8957.294038484997,1023.4507819986902,897155.2894115448,363.8354136947218
1789890723,20,,Aggregated,2.800000,0.000000,2200,2800,3400,3800,5300,7300,12000,35000,880000,897000,897000,5613,1,2200,8950.847239449111,1023.4507819986902,897155.2894115448,363.71548191697843
1789890724,20,,Aggregated,2.900000,0.000000,2200,2800,3400,3800,5300,7300,12000,35000,880000,897000,897000,5616,1,2200,8946.86249568979,1023.4507819986902,897155.2894115448,363.64618945868943
1789890725,20,,Aggregated,3.100000,0.000000,2200,2800,3400,3800,5300,7300,12000,35000,880000,897000,897000,5619,1,2200,8942.879438595275,1023.4507819986902,897155.2894115448,363.57056415732336
1789890726,20,,Aggregated,3.100000,0.000000,2200,2800,3400,3800,5300,7300,12000,35000,880000,897000,897000,5619,1,2200,8942.879438595275,1023.4507819986902,897155.2894115448,363.57056415732336
1789890727,20,,Aggregated,3.200000,0.000000,2200,2800,3400,3800,5300,7300,12000,35000,880000,897000,897000,5624,1,2200,9077.187613067912,1023.4507819986902,897155.2894115448,367.3709103840683
1789890728,20,,Aggregated,3.000000,0.000000,2200,2800,3400,3800,5300,7300,12000,35000,880000,897000,897000,5625,1,2200,9075.84709090079,1023.4507819986902,897155.2894115448,367.34506666666664
1789890729,20,,Aggregated,3.000000,0.000000,2200,2800,3400,3800,5300,7300,12000,35000,880000,897000,897000,5625,1,2200,9075.84709090079,1023.4507819986902,897155.2894115448,367.34506666666664
1789890730,20,,Aggregated,2.900000,0.000000,2200,2800,3400,3800,5300,7300,12000,35000,880000,897000,897000,5630,1,2200,9070.885446724325,1023.4507819986902,897155.2894115448,367.19680284191827
1789890731,20,,Aggregated,2.600000,0.000000,2200,2800,3400,3800,5300,7300,12000,35000,880000,897000,897000,5631,1,2200,9069.8987057828,1023.4507819986902,897155.2894115448,367.17101758124664
1789890732,20,,Aggregated,2.500000,0.000000,2200,2800,3400,3800,5300,7300,12000,35000,880000,897000,897000,5636,1,2200,9064.943256630759,1023.4507819986902,897155.2894115448,367.055003548616
1789890733,20,,Aggregated,2.700000,0.000000,2200,2800,3400,3800,5300,7300,12000,35000,880000,897000,897000,5640,1,2200,9061.082582148929,1023.4507819986902,897155.2894115448,366.95212765957444
1789890734,20,,Aggregated,2.600000,0.000000,2200,2800,3400,3800,5300,7200,12000,35000,880000,897000,897000,5645,1,2200,9055.096659317798,1023.4507819986902,897155.2894115448,366.8237378210806
1789890735,20,,Aggregated,2.600000,0.000000,2200,2800,3400,3800,5300,7200,12000,35000,880000,897000,897000,5646,1,2200,9053.83860429206,1023.4507819986902,897155.2894115448,366.798087141339
1789890736,20,,Aggregated,2.600000,0.000000,2200,2800,3400,3800,5300,7200,12000,35000,880000,897000,897000,5646,1,2200,9053.83860429206,1023.4507819986902,897155.2894115448,366.798087141339
1789890737,20,,Aggregated,2.900000,0.000000,2200,2800,3400,3800,5300,7200,12000,35000,880000,897000,897000,5649,1,2200,9050.216123375636,1023.4507819986902,897155.2894115448,366.72756240042486
1789890738,20,,Aggregated,2.700000,0.000000,2200,2800,3400,3800,5300,7200,12000,35000,880000,897000,897000,5653,1,2200,9044.956039578448,1023.4507819986902,897155.2894115448,366.62515478506987
1789890739,20,,Aggregated,2.700000,0.000000,2200,2800,3400,3800,5300,7200,12000,35000,880000,897000,897000,5658,1,2200,9038.843190883168,1023.4507819986902,897155.2894115448,366.5100742311771
1789890740,20,,Aggregated,2.600000,0.000000,2200,2800,3400,3800,5300,7200,12000,35000,880000,897000,897000,5661,1,2200,9035.277291562967,1023.4507819986902,897155.2894115448,366.4334923158453
1789890741,20,,Aggregated,2.900000,0.000000,2200,2800,3400,3800,5300,7200,12000,35000,880000,897000,897000,5665,1,2200,9030.28957483865,1023.4507819986902,897155.2894115448,366.3315092674316
1789890742,20,,Aggregated,3.300000,0.000000,2200,2800,3400,3800,5300,7200,12000,35000,880000,897000,897000,5667,1,2200,9027.798527974759,1023.4507819986902,897155.2894115448,366.28057173107464
1789890743,20,,Aggregated,3.300000,0.000000,2200,2800,3400,3800,5300,7200,12000,35000,880000,897000,897000,5667,1,2200,9027.798527974759,1023.4507819986902,897155.2894115448,366.28057173107464
1789890744,20,,Aggregated,3.300000,0.000000,2200,2800,3400,3800,5300,7200,12000,35000,880000,897000,897000,5670,1,2200,9023.75010782433,1023.4507819986902,897155.2894115448,366.210582010582
1789890745,20,,Aggregated,3.000000,0.000000,2200,2800,3400,3800,5300,7200,12000,35000,880000,897000,897000,5675,1,2200,9017.67646293726,1023.4507819986902,897155.2894115448,366.08986784140967
1789890746,20,,Aggregated,2.600000,0.000000,2200,2800,3400,3800,5300,7200,12000,35000,880000,897000,897000,5679,1,2200,9012.674634579142,1023.4507819986902,897155.2894115448,365.9947173798204
1789890747,20,,Aggregated,2.500000,0.000000,2200,2800,3400,3800,5300,7200,12000,35000,880000,897000,897000,5684,1,2200,9006.352996913432,1023.4507819986902,897155.2894115448,365.8680506685433
1789890748,20,,Aggregated,2.900000,0.000000,2200,2800,3400,3800,5300,7200,12000,35000,880000,897000,897000,5687,1,2200,9002.501348380507,1023.4507819986902,897155.2894115448,365.7921575523123
1789890749,20,,Aggregated,3.400000,0.000000,2200,2800,3400,3800,5300,7200,12000,35000,880000,897000,897000,5688,1,2200,9001.135793683885,1023.4507819986902,897155.2894115448,365.7668776371308
1789890750,20,,Aggregated,3.500000,0.000000,2200,2800,3400,3800,5300,7200,12000,35000,880000,897000,897000,5691,1,2200,8997.185550890168,1023.4507819986902,897155.2894115448,365.69741697416976
1789890751,20,,Aggregated,3.300000,0.000000,2100,2800,3400,3800,5300,7200,12000,35000,880000,897000,897000,5695,1,2100,8991.693874946786,1023.4507819986902,897155.2894115448,365.60280948200176
1789890752,20,,Aggregated,3.000000,0.000000,2100,2800,3400,3800,5300,7200,12000,35000,880000,897000,897000,5697,1,2100,8989.004240687545,1023.4507819986902,897155.2894115448,365.5587151132175
1789890753,20,,Aggregated,2.900000,0.000000,2100,2800,3400,3800,5300,7200,12000,35000,880000,897000,897000,5700,1,2100,8985.316897343851,1023.4507819986902,897155.2894115448,365.48315789473685
1789890754,20,,Aggregated,2.900000,0.000000,2100,2800,3400,3800,5300,7200,12000,35000,880000,897000,897000,5705,1,2100,8978.995778954766,1023.4507819986902,897155.2894115448,365.35740578439965
1789890755,20,,Aggregated,3.200000,0.000000,2100,2800,3400,3800,5300,7200,12000,35000,880000,897000,897000,5708,1,2100,8975.268420266633,1023.4507819986902,897155.2894115448,365.28206026629294
1789890756,20,,Aggregated,3.400000,0.000000,2100,2800,3400,3800,5300,7200,12000,35000,880000,897000,897000,5709,1,2100,8973.959728352942,1023.4507819986902,897155.2894115448,365.2569626904887
1789890757,20,,Aggregated,3.500000,0.000000,2100,2800,3400,3800,5300,7200,12000,35000,880000,897000,897000,5713,1,2100,8968.678285821625,1023.4507819986902,897155.2894115448,365.16296166637494
1789890758,20,,Aggregated,3.300000,0.000000,2100,2800,3400,3800,5300,7200,12000,35000,880000,897000,897000,5715,1,2100,8966.02651987418,1023.4507819986902,897155.2894115448,365.11916010498686
1789890759,20,,Aggregated,3.000000,0.000000,2100,2800,3400,3800,5300,7200,12000,35000,880000,897000,897000,5720,1,2100,8959.81480598443,1023.4507819986902,897155.2894115448,365.0003496503497
1789890760,20,,Aggregated,2.900000,0.000000,2100,2800,3400,3800,5300,7200,12000,35000,880000,897000,897000,5724,1,2100,8954.66800720579,1023.4507819986902,897155.2894115448,364.9004192872117
1789890761,20,,Aggregated,2.800000,0.000000,2100,2800,3400,3800,5300,7200,12000,35000,880000,897000,897000,5728,1,2100,8949.506249086407,1023.4507819986902,897155.2894115448,364.8006284916201
1789890762,20,,Aggregated,2.800000,0.000000,2100,2800,3400,3800,5300,7200,12000,35000,880000,897000,897000,5729,1,2100,8948.194740816885,1023.4507819986902,897155.2894115448,364.7757025658928
1789890763,20,,Aggregated,2.800000,0.000000,2100,2800,3400,3800,5300,7200,12000,35000,880000,897000,897000,5729,1,2100,8948.194740816885,1023.4507819986902,897155.2894115448,364.7757025658928
1789890764,20,,Aggregated,3.400000,0.000000,2100,2800,3400,3800,5300,7200,12000,35000,880000,897000,897000,5733,1,2100,8943.109985243666,1023.4507819986902,897155.2894115448,364.6823652537938
1789890765,20,,Aggregated,3.000000,0.000000,2100,2800,3400,3800,5300,7200,12000,35000,880000,897000,897000,5735,1,2100,8941.016277383249,1023.4507819986902,897155.2894115448,364.63888404533566
1789890766,20,,Aggregated,3.100000,0.000000,2100,2800,3400,3800,5300,7200,12000,35000,880000,897000,897000,5738,1,2100,8937.237523797654,1023.4507819986902,897155.2894115448,364.57058208434995
1789890767,20,,Aggregated,2.800000,0.000000,2100,2800,3400,3800,5300,7200,12000,35000,880000,897000,897000,5743,1,2100,8931.209437968995,1023.4507819986902,897155.2894115448,364.44645655580706
1789890768,20,,Aggregated,2.800000,0.000000,2100,2800,3400,3800,5300,7200,12000,35000,880000,897000,897000,5748,1,2100,8925.436203468498,1023.4507819986902,897155.2894115448,364.32254697286015
1789890769,20,,Aggregated,2.900000,0.000000,2100,2800,3400,3800,5300,7200,12000,35000,880000,897000,897000,5749,1,2100,8924.358566100005,1023.4507819986902,897155.2894115448,364.29779092016
1789890770,20,,Aggregated,2.900000,0.000000,2100,2800,3400,3800,5300,7200,12000,35000,880000,897000,897000,5752,1,2100,8920.30346137186,1023.4507819986902,897155.2894115448,364.2298331015299
1789890771,20,,Aggregated,2.900000,0.000000,2100,2800,3400,3800,5300,7200,12000,35000,880000,897000,897000,5753,1,2100,8919.00366187727,1023.4507819986902,897155.2894115448,364.2051103771945
1789890772,20,,Aggregated,3.100000,0.000000,2100,2800,3400,3800,5300,7200,12000,35000,880000,897000,897000,5757,1,2100,8913.632302109942,1023.4507819986902,897155.2894115448,364.1188118811881
1789890773,20,,Aggregated,2.800000,0.000000,2100,2800,3400,3800,5300,7200,12000,35000,880000,897000,897000,5760,1,2100,8909.850718840267,1023.4507819986902,897155.2894115448,364.04479166666664
1789890774,20,,Aggregated,2.500000,0.000000,2100,2800,3400,3800,5300,7100,12000,35000,880000,897000,897000,5763,1,2100,8906.271641830112,1023.4507819986902,897155.2894115448,363.9708485163977
1789890775,20,,Aggregated,2.800000,0.000000,2100,2800,3400,3800,5300,7100,12000,35000,880000,897000,897000,5767,1,2100,8901.118650670182,1023.4507819986902,897155.2894115448,363.8723773192301
1789890776,20,,Aggregated,2.900000,0.000000,2100,2800,3400,3800,5300,7100,12000,35000,880000,897000,897000,5772,1,2100,8894.835916075526,1023.4507819986902,897155.2894115448,363.75571725571723
1789890777,20,,Aggregated,2.900000,0.000000,2100,2800,3400,3800,5300,7100,12000,35000,880000,897000,897000,5772,1,2100,8894.835916075526,1023.4507819986902,897155.2894115448,363.75571725571723
1789890778,20,,Aggregated,3.200000,0.000000,2100,2800,3400,3800,5300,7100,12000,35000,880000,897000,897000,5776,1,2100,8889.630185206706,1023.4507819986902,897155.2894115448,363.6637811634349
1789890779,20,,Aggregated,3.300000,0.000000,2100,2800,3400,3800,5300,7100,12000,35000,880000,897000,897000,5779,1,2100,8885.64143038933,1023.4507819986902,897155.2894115448,363.5902405260426
1789890780,20,,Aggregated,2.900000,0.000000,2100,2800,3400,3800,5300,7100,12000,35000,880000,897000,897000,5781,1,2100,8883.365637655757,1023.4507819986902,897155.2894115448,363.5474831344058
1789890781,20,,Aggregated,2.800000,0.000000,2100,2800,3400,3800,5300,7100,12000,35000,880000,897000,897000,5787,1,2100,8876.009487324163,1023.4507819986902,897155.2894115448,363.4007257646449
1789890782,20,,Aggregated,2.800000,0.000000,2100,2800,3400,3800,5300,7100,12000,35000,880000,897000,897000,5791,1,2100,8870.844237786208,1023.4507819986902,897155.2894115448,363.30927300984285
1789890783,20,,Aggregated,2.800000,0.000000,2100,2800,3400,3800,5300,7100,12000,35000,880000,897000,897000,5792,1,2100,8869.527073695259,1023.4507819986902,897155.2894115448,363.28487569060775
1789890784,20,,Aggregated,3.300000,0.000000,2100,2800,3400,3800,5300,7100,12000,35000,880000,897000,897000,5793,1,2100,8868.22884607508,1023.4507819986902,897155.2894115448,363.26048679440703
1789890785,20,,Aggregated,3.500000,0.000000,2100,2800,3400,3800,5300,7100,12000,35000,880000,897000,897000,5797,1,2100,8863.395185208718,1023.4507819986902,897155.2894115448,363.1692254614456
1789890786,20,,Aggregated,3.100000,0.000000,2100,2800,3400,3800,5300,7100,12000,35000,880000,897000,897000,5800,1,2100,8859.563029126195,1023.4507819986902,897155.2894115448,363.10241379310344
1789890787,20,,Aggregated,2.800000,0.000000,2100,2800,3400,3800,5300,7100,12000,33000,880000,897000,897000,5802,1,2100,8857.013256647006,1023.4507819986902,897155.2894115448,363.0537745604964
1789890788,20,,Aggregated,2.900000,0.000000,2100,2800,3400,3800,5300,7100,12000,33000,880000,897000,897000,5806,1,2100,8852.14490702944,1023.4507819986902,897155.2894115448,362.9565966241819
1789890789,20,,Aggregated,2.900000,0.000000,2100,2800,3400,3800,5300,7100,12000,33000,880000,897000,897000,5810,1,2100,8847.562881631657,1023.4507819986902,897155.2894115448,362.8657487091222
1789890790,20,,Aggregated,3.000000,0.000000,2100,2800,3400,3800,5300,7100,12000,33000,880000,897000,897000,5811,1,2100,8846.466253830482,1023.4507819986902,897155.2894115448,362.84150748580277
1789890791,20,,Aggregated,3.000000,0.000000,2100,2800,3400,3800,5300,7100,12000,33000,880000,897000,897000,5814,1,2100,8842.947792961459,1023.4507819986902,897155.2894115448,362.7688338493292
1789890792,20,,Aggregated,3.100000,0.000000,2100,2800,3400,3800,5300,7100,12000,33000,880000,897000,897000,5818,1,2100,8838.122230070801,1023.4507819986902,897155.2894115448,362.67823994499827
1789890793,20,,Aggregated,3.200000,0.000000,2100,2800,3400,3800,5300,7100,12000,33000,880000,897000,897000,5821,1,2100,8834.435015550236,1023.4507819986902,897155.2894115448,362.6119223501117
1789890794,20,,Aggregated,2.700000,0.000000,2100,2800,3400,3800,5300,7100,12000,33000,880000,897000,897000,5825,1,2100,8829.259935403934,1023.4507819986902,897155.2894115448,362.51536480686696
1789890795,20,,Aggregated,2.600000,0.000000,2100,2800,3400,3800,5300,7100,12000,33000,880000,897000,897000,5828,1,2100,8825.356392428264,1023.4507819986902,897155.2894115448,362.44921070693204
1789890796,20,,Aggregated,2.900000,0.000000,2100,2800,3400,3800,5300,7100,12000,33000,880000,897000,897000,5830,1,2100,8823.086971773228,1023.4507819986902,897155.2894115448,362.40102915951974
1789890797,20,,Aggregated,3.100000,0.000000,2100,2800,3400,3800,5300,7100,12000,33000,880000,897000,897000,5833,1,2100,8819.345427810547,1023.4507819986902,897155.2894115448,362.32881878964514
1789890798,20,,Aggregated,3.100000,0.000000,2100,2800,3400,3800,5300,7100,12000,33000,880000,897000,897000,5837,1,2100,8814.149484060976,1023.4507819986902,897155.2894115448,362.2326537604934
1789890799,20,,Aggregated,2.900000,0.000000,2100,2800,3400,3800,5300,7100,12000,33000,880000,897000,897000,5839,1,2100,8811.67672888507,1023.4507819986902,897155.2894115448,362.1907860935092
1789890800,20,,Aggregated,3.100000,0.000000,2100,2800,3400,3800,5300,7100,12000,33000,880000,897000,897000,5843,1,2100,8806.600770222132,1023.4507819986902,897155.2894115448,362.10097552627076
1789890801,20,,Aggregated,3.100000,0.000000,2100,2800,3400,3800,5300,7100,12000,33000,880000,897000,897000,5845,1,2100,8804.108771255245,1023.4507819986902,897155.2894115448,362.0530367835757
1789890802,20,,Aggregated,3.000000,0.000000,2100,2800,3400,3800,5300,7100,12000,33000,880000,897000,897000,5849,1,2100,8799.120183469466,1023.4507819986902,897155.2894115448,361.9634125491537
1789890803,20,,Aggregated,3.000000,0.000000,2100,2800,3400,3800,5300,7100,12000,33000,880000,897000,897000,5849,1,2100,8799.120183469466,1023.4507819986902,897155.2894115448,361.9634125491537
1789890804,20,,Aggregated,3.000000,0.000000,2100,2800,3400,3800,5300,7100,12000,33000,880000,897000,897000,5849,1,2100,8799.120183469466,1023.4507819986902,897155.2894115448,361.9634125491537
1789890805,20,,Aggregated,3.100000,0.000000,2100,2800,3400,3800,5300,7100,12000,33000,880000,897000,897000,5852,1,2100,8795.917250442395,1023.4507819986902,897155.2894115448,361.8916609706083
1789890806,20,,Aggregated,2.800000,0.000000,2100,2800,3300,3800,5300,7100,12000,33000,880000,897000,897000,5857,1,2100,8791.168468027983,1023.4507819986902,897155.2894115448,361.77223834727675
1789890807,20,,Aggregated,2.800000,0.000000,2100,2800,3300,3800,5300,7100,12000,33000,880000,897000,897000,5857,1,2100,8791.168468027983,1023.4507819986902,897155.2894115448,361.77223834727675
1789890808,20,,Aggregated,2.400000,0.000000,2100,2800,3400,3800,5300,7100,12000,33000,880000,897000,897000,5858,1,2100,8790.452489921287,1023.4507819986902,897155.2894115448,361.7545237282349
1789890809,20,,Aggregated,2.700000,0.000000,2100,2800,3400,3800,5200,7100,12000,33000,880000,897000,897000,5869,1,2100,8779.657222407375,1023.4507819986902,897155.2894115448,361.5048560231726
1789890810,20,,Aggregated,2.700000,0.000000,2100,2800,3400,3800,5200,7100,12000,33000,880000,897000,897000,5869,1,2100,8779.657222407375,1023.4507819986902,897155.2894115448,361.5048560231726
1789890811,20,,Aggregated,2.400000,0.000000,2100,2800,3400,3800,5200,7100,12000,33000,880000,897000,897000,5872,1,2100,8775.858383955532,1023.4507819986902,897155.2894115448,361.433583106267
1789890812,20,,Aggregated,2.900000,0.000000,2100,2800,3400,3800,5200,7100,12000,33000,880000,897000,897000,5874,1,2100,8773.466401078635,1023.4507819986902,897155.2894115448,361.38610827374873
1789890813,20,,Aggregated,2.500000,0.000000,2100,2800,3300,3800,5200,7100,12000,33000,880000,897000,897000,5877,1,2100,8770.183052915587,1023.4507819986902,897155.2894115448,361.3149566105156
1789890814,20,,Aggregated,2.500000,0.000000,2100,2800,3300,3800,5200,7100,12000,33000,880000,897000,897000,5877,1,2100,8770.183052915587,1023.4507819986902,897155.2894115448,361.3149566105156
1789890815,20,,Aggregated,2.500000,0.000000,2100,2800,3300,3800,5200,7100,12000,33000,880000,897000,897000,5880,1,2100,8766.56480008808,1023.4507819986902,897155.2894115448,361.25
1789890816,20,,Aggregated,2.800000,0.000000,2100,2800,3300,3800,5200,7100,12000,33000,880000,897000,897000,5885,1,2100,8761.33862514,1023.4507819986902,897155.2894115448,361.13780798640613
1789890817,20,,Aggregated,2.800000,0.000000,2100,2800,3300,3800,5200,7100,12000,33000,880000,897000,897000,5889,1,2100,8757.64353872031,1023.4507819986902,897155.2894115448,361.04941416199694
1789890818,20,,Aggregated,2.800000,0.000000,2100,2800,3300,3800,5200,7100,12000,33000,880000,897000,897000,5892,1,2100,8754.284919196522,1023.4507819986902,897155.2894115448,360.9786150712831
1789890819,20,,Aggregated,2.800000,0.000000,2100,2800,3300,3800,5200,7100,12000,33000,880000,897000,897000,5895,1,2100,8750.448200134504,1023.4507819986902,897155.2894115448,360.90788804071246
1789890820,20,,Aggregated,3.200000,0.000000,2100,2800,3300,3800,5200,7100,12000,33000,880000,897000,897000,5897,1,2100,8747.920561026267,1023.4507819986902,897155.2894115448,360.8607766661014
1789890821,20,,Aggregated,3.300000,0.000000,2100,2800,3300,3800,5200,7100,12000,33000,880000,897000,897000,5898,1,2100,8746.631569182418,1023.4507819986902,897155.2894115448,360.8426585283147
1789890822,20,,Aggregated,2.700000,0.000000,2100,2800,3300,3800,5200,7100,12000,33000,880000,897000,897000,5900,1,2100,8744.245189899642,1023.4507819986902,897155.2894115448,360.79559322033896
1789890823,20,,Aggregated,2.800000,0.000000,2100,2800,3300,3800,5200,7100,12000,31000,880000,897000,897000,5904,1,2100,8739.492327528607,1023.4507819986902,897155.2894115448,360.70155826558266
1789890824,20,,Aggregated,2.600000,0.000000,2100,2800,3300,3800,5200,7100,12000,31000,880000,897000,897000,5906,1,2100,8737.194254553488,1023.4507819986902,897155.2894115448,360.66000677277344
1789890825,20,,Aggregated,2.600000,0.000000,2100,2800,3300,3800,5200,7100,12000,31000,880000,897000,897000,5911,1,2100,8731.71230649753,1023.4507819986902,897155.2894115448,360.54271696836406
1789890826,20,,Aggregated,2.700000,0.000000,2100,2800,3300,3800,5200,7100,12000,33000,880000,897000,897000,5916,1,2100,8866.660422225827,1023.4507819986902,897155.2894115448,363.79631507775525
1789890827,20,,Aggregated,2.900000,0.000000,2100,2800,3300,3800,5200,7100,12000,33000,880000,897000,897000,5918,1,2100,8864.407980361775,1023.4507819986902,897155.2894115448,363.7483947279486
1789890828,20,,Aggregated,2.900000,0.000000,2100,2800,3300,3800,5200,7100,12000,33000,880000,897000,897000,5918,1,2100,8864.407980361775,1023.4507819986902,897155.2894115448,363.7483947279486
1789890829,20,,Aggregated,3.100000,0.000000,2100,2800,3300,3800,5200,7100,12000,33000,880000,897000,897000,5919,1,2100,8863.49052064183,1023.4507819986902,897155.2894115448,363.70011826322013
1789890830,20,,Aggregated,2.900000,0.000000,2100,2800,3300,3800,5200,7100,12000,33000,880000,897000,897000,5922,1,2100,8860.214257675108,1023.4507819986902,897155.2894115448,363.63306315433977
1789890831,20,,Aggregated,2.400000,0.000000,2100,2800,3300,3800,5200,7100,12000,33000,880000,897000,897000,5925,1,2100,8857.557221502613,1023.4507819986902,897155.2894115448,363.5660759493671
1789890832,20,,Aggregated,2.300000,0.000000,2100,2800,3300,3800,5200,7100,12000,35000,888000,897000,897000,5930,1,2100,9002.533147142727,1023.4507819986902,897155.2894115448,366.09173693086
1789890833,20,,Aggregated,2.500000,0.000000,2100,2800,3300,3800,5200,7100,12000,35000,888000,897000,897000,5936,1,2100,9129.555899222025,1023.4507819986902,897155.2894115448,367.77712264150944
1789890834,20,,Aggregated,2.700000,0.000000,2100,2800,3300,3800,5200,7100,12000,35000,888000,897000,897000,5939,1,2100,9126.531240922535,1023.4507819986902,897155.2894115448,367.7034854352585
1789890835,20,,Aggregated,2.700000,0.000000,2100,2800,3300,3800,5200,7100,12000,35000,888000,897000,897000,5939,1,2100,9126.531240922535,1023.4507819986902,897155.2894115448,367.7034854352585
1789890836,20,,Aggregated,2.700000,0.000000,2100,2800,3300,3800,5200,7100,12000,35000,888000,897000,897000,5939,1,2100,9126.531240922535,1023.4507819986902,897155.2894115448,367.7034854352585
1789890837,20,,Aggregated,3.300000,0.000000,2100,2800,3300,3800,5200,7100,12000,35000,888000,897000,897000,5940,1,2100,9125.803398119688,1023.4507819986902,897155.2894115448,367.6547138047138
1789890838,20,,Aggregated,2.600000,0.000000,2100,2800,3300,3800,5200,7100,12000,35000,888000,897000,897000,5942,1,2100,9124.752636264211,1023.4507819986902,897155.2894115448,367.58145405587345
1789890839,20,,Aggregated,2.300000,0.000000,2100,2800,3300,3800,5200,7100,12000,35000,888000,897000,897000,5945,1,2100,9122.797525742295,1023.4507819986902,897155.2894115448,367.5140454163162
1789890840,20,,Aggregated,2.200000,0.000000,2100,2800,3400,3800,5200,7100,12000,35000,888000,897000,897000,5948,1,2100,9120.287775365827,1023.4507819986902,897155.2894115448,367.4406523201076
1789890841,20,,Aggregated,2.400000,0.000000,2100,2800,3400,3800,5200,7100,12000,35000,888000,897000,897000,5953,1,2100,9115.979839528462,1023.4507819986902,897155.2894115448,367.33058961867965
1789890842,20,,Aggregated,2.600000,0.000000,2100,2800,3400,3800,5200,7100,12000,35000,888000,897000,897000,5958,1,2100,9111.812232733122,1023.4507819986902,897155.2894115448,367.2086270560591
1789890843,20,,Aggregated,2.600000,0.000000,2100,2800,3400,3800,5200,7100,12000,35000,888000,897000,897000,5962,1,2100,9107.879326129812,1023.4507819986902,897155.2894115448,367.11120429386114
1789890845,20,,Aggregated,2.600000,0.000000,2100,2800,3400,3800,5200,7100,12000,35000,888000,897000,897000,5962,1,2100,9107.879326129812,1023.4507819986902,897155.2894115448,367.11120429386114
1789890846,20,,Aggregated,2.800000,0.000000,2100,2800,3400,3800,5200,7100,12000,35000,888000,897000,897000,5964,1,2100,9105.238688096068,1023.4507819986902,897155.2894115448,367.0625419181757
1789890847,20,,Aggregated,2.600000,0.000000,2100,2800,3400,3800,5200,7100,12000,35000,888000,897000,897000,5967,1,2100,9101.356332684087,1023.4507819986902,897155.2894115448,366.98960951902126
1789890848,20,,Aggregated,2.300000,0.000000,2100,2800,3400,3800,5200,7100,12000,35000,888000,897000,897000,5971,1,2100,9096.674438886443,1023.4507819986902,897155.2894115448,366.8985094624016
1789890849,20,,Aggregated,2.500000,0.000000,2100,2800,3400,3800,5200,7100,12000,35000,888000,897000,897000,5976,1,2100,9090.864428832656,1023.4507819986902,897155.2894115448,366.78932396251673
1789890850,20,,Aggregated,2.800000,0.000000,2100,2800,3400,3800,5200,7100,12000,35000,888000,897000,897000,5979,1,2100,9087.302938939278,1023.4507819986902,897155.2894115448,366.7166750292691
1789890851,20,,Aggregated,3.100000,0.000000,2100,2800,3400,3800,5200,7100,12000,35000,888000,897000,897000,5983,1,2100,9082.621648312877,1023.4507819986902,897155.2894115448,366.6199231154939
1789890852,20,,Aggregated,3.400000,0.000000,2100,2800,3400,3800,5200,7100,12000,35000,888000,897000,897000,5987,1,2100,9077.515205255044,1023.4507819986902,897155.2894115448,366.52330048438284
1789890853,20,,Aggregated,3.400000,0.000000,2100,2800,3400,3800,5200,7100,12000,35000,888000,897000,897000,5989,1,2100,9074.829537244106,1023.4507819986902,897155.2894115448,366.47503756887625
1789890854,20,,Aggregated,3.500000,0.000000,2100,2800,3400,3800,5200,7100,12000,35000,888000,897000,897000,5992,1,2100,9070.899193653695,1023.4507819986902,897155.2894115448,366.40871161548733
1789890855,20,,Aggregated,3.100000,0.000000,2100,2800,3400,3800,5200,7100,12000,35000,888000,897000,897000,5997,1,2100,9064.552705087533,1023.4507819986902,897155.2894115448,366.2943138235785
1789890856,20,,Aggregated,3.100000,0.000000,2100,2800,3400,3800,5200,7100,12000,35000,888000,897000,897000,6000,1,2100,9060.900854795156,1023.4507819986902,897155.2894115448,366.22816666666665
1789890857,20,,Aggregated,3.000000,0.000000,2100,2800,3400,3800,5200,7100,12000,35000,880000,897000,897000,6003,1,2100,9057.220953194894,1023.4507819986902,897155.2894115448,366.15608862235547
1789890858,20,,Aggregated,3.400000,0.000000,2100,2800,3300,3800,5200,7100,12000,35000,880000,897000,897000,6008,1,2100,9051.144688708546,1023.4507819986902,897155.2894115448,366.03611850865514
1789890859,20,,Aggregated,3.600000,0.000000,2100,2800,3300,3800,5200,7100,12000,35000,880000,897000,897000,6010,1,2100,9048.67332362079,1023.4507819986902,897155.2894115448,365.9881863560732
1789890860,20,,Aggregated,3.700000,0.000000,2100,2800,3300,3800,5200,7100,12000,35000,880000,897000,897000,6013,1,2100,9044.737810676857,1023.4507819986902,897155.2894115448,365.92233494096126
1789890861,20,,Aggregated,3.700000,0.000000,2100,2800,3300,3800,5200,7100,12000,35000,880000,897000,897000,6015,1,2100,9042.651977596832,1023.4507819986902,897155.2894115448,365.8744804655029
1789890862,20,,Aggregated,3.400000,0.000000,2100,2800,3300,3800,5200,7100,12000,35000,880000,897000,897000,6020,1,2100,9036.368093715771,1023.4507819986902,897155.2894115448,365.76694352159467
1789890863,20,,Aggregated,3.200000,0.000000,2100,2800,3300,3800,5200,7100,12000,35000,880000,897000,897000,6023,1,2100,9032.689509426855,1023.4507819986902,897155.2894115448,365.6953345508883
1789890864,20,,Aggregated,3.200000,0.000000,2100,2800,3300,3800,5200,7100,12000,35000,880000,897000,897000,6026,1,2100,9029.018812856944,1023.4507819986902,897155.2894115448,365.62379688018586
1789890865,20,,Aggregated,3.300000,0.000000,2100,2800,3300,3800,5200,7100,12000,35000,880000,897000,897000,6029,1,2100,9025.417863299048,1023.4507819986902,897155.2894115448,365.55233040305194
1789890866,20,,Aggregated,3.400000,0.000000,2100,2800,3300,3800,5200,7100,12000,35000,880000,897000,897000,6033,1,2100,9020.66392671854,1023.4507819986902,897155.2894115448,365.4631195093652
1789890867,20,,Aggregated,3.400000,0.000000,2100,2800,3300,3800,5200,7100,12000,35000,880000,897000,897000,6036,1,2100,9016.783582669475,1023.4507819986902,897155.2894115448,365.3918157720345
1789890868,20,,Aggregated,3.300000,0.000000,2100,2800,3300,3800,5200,7100,12000,35000,880000,897000,897000,6039,1,2100,9012.906112459506,1023.4507819986902,897155.2894115448,365.33250538168573
1789890869,20,,Aggregated,3.300000,0.000000,2100,2800,3300,3800,5200,7100,12000,35000,880000,897000,897000,6043,1,2100,9007.949874512322,1023.4507819986902,897155.2894115448,365.2376303160682
1789890870,20,,Aggregated,3.300000,0.000000,2100,2800,3300,3800,5200,7100,12000,35000,880000,897000,897000,6045,1,2100,9005.416216224476,1023.4507819986902,897155.2894115448,365.1902398676592
1789890871,20,,Aggregated,3.100000,0.000000,2100,2800,3300,3800,5200,7100,12000,35000,880000,897000,897000,6049,1,2100,9000.335615323518,1023.4507819986902,897155.2894115448,365.0955529839643
1789890872,20,,Aggregated,3.300000,0.000000,2100,2800,3300,3800,5200,7100,12000,35000,880000,897000,897000,6052,1,2100,8996.476125253463,1023.4507819986902,897155.2894115448,365.02461996034367
1789890873,20,,Aggregated,3.400000,0.000000,2100,2800,3300,3800,5200,7100,12000,35000,880000,897000,897000,6056,1,2100,8991.439268934602,1023.4507819986902,897155.2894115448,364.9360964332893
1789890874,20,,Aggregated,3.400000,0.000000,2100,2800,3300,3800,5200,7100,12000,35000,880000,897000,897000,6058,1,2100,8988.882073253377,1023.4507819986902,897155.2894115448,364.8948497854077
1789890875,20,,Aggregated,3.300000,0.000000,2100,2800,3300,3800,5200,7100,12000,35000,880000,897000,897000,6060,1,2100,8986.38930396237,1023.4507819986902,897155.2894115448,364.8536303630363
1789890876,20,,Aggregated,3.300000,0.000000,2100,2800,3300,3800,5200,7100,12000,35000,880000,897000,897000,6062,1,2100,8983.862568302698,1023.4507819986902,897155.2894115448,364.80649950511383
1789890877,20,,Aggregated,3.000000,0.000000,2100,2800,3300,3800,5200,7100,12000,35000,880000,897000,897000,6067,1,2100,8977.944876150974,1023.4507819986902,897155.2894115448,364.6888083072359
1789890878,20,,Aggregated,2.900000,0.000000,2100,2800,3300,3800,5200,7100,12000,35000,880000,897000,897000,6072,1,2100,8971.764181229079,1023.4507819986902,897155.2894115448,364.5713109354414
1789890879,20,,Aggregated,3.000000,0.000000,2100,2800,3300,3800,5200,7100,12000,35000,880000,897000,897000,6073,1,2100,8970.551183025023,1023.4507819986902,897155.2894115448,364.54783467808335
1789890880,20,,Aggregated,3.000000,0.000000,2100,2800,3300,3800,5200,7100,12000,35000,880000,897000,897000,6076,1,2100,8966.829349715597,1023.4507819986902,897155.2894115448,364.4833772218565
1789890881,20,,Aggregated,3.200000,0.000000,2100,2800,3300,3800,5200,7100,12000,35000,880000,897000,897000,6079,1,2100,8963.104930673298,1023.4507819986902,897155.2894115448,364.42490541207434
1789890882,20,,Aggregated,2.900000,0.000000,2100,2800,3300,3800,5200,7100,12000,35000,880000,897000,897000,6082,1,2100,8959.325228649783,1023.4507819986902,897155.2894115448,364.3546530746465
1789890883,20,,Aggregated,3.100000,0.000000,2100,2800,3300,3800,5200,7100,12000,35000,880000,897000,897000,6083,1,2100,8958.092547714117,1023.4507819986902,897155.2894115448,364.33125102745356
1789890884,20,,Aggregated,3.000000,0.000000,2100,2800,3300,3700,5200,7100,12000,35000,880000,897000,897000,6086,1,2100,8954.43238354173,1023.4507819986902,897155.2894115448,364.2610910285902
1789890885,20,,Aggregated,3.000000,0.000000,2100,2800,3300,3700,5200,7100,12000,35000,880000,897000,897000,6091,1,2100,8948.6034368657,1023.4507819986902,897155.2894115448,364.14431127893613
1789890886,20,,Aggregated,2.800000,0.000000,2100,2800,3300,3700,5200,7100,12000,35000,880000,897000,897000,6096,1,2100,8942.743647784935,1023.4507819986902,897155.2894115448,364.0336286089239
1789890887,20,,Aggregated,2.800000,0.000000,2100,2800,3300,3700,5200,7100,12000,35000,880000,897000,897000,6098,1,2100,8940.185879396191,1023.4507819986902,897155.2894115448,363.99294850770747
1789890888,20,,Aggregated,3.200000,0.000000,2100,2800,3300,3700,5200,7000,12000,33000,880000,897000,897000,6101,1,2100,8936.47700823209,1023.4507819986902,897155.2894115448,363.9290280281921
1789890889,20,,Aggregated,3.300000,0.000000,2100,2800,3300,3700,5200,7000,12000,33000,880000,897000,897000,6102,1,2100,8935.276819361517,1023.4507819986902,897155.2894115448,363.9057686004589
1789890890,20,,Aggregated,3.200000,0.000000,2100,2800,3300,3700,5200,7000,12000,33000,880000,897000,897000,6106,1,2100,8930.358290150176,1023.4507819986902,897155.2894115448,363.8128070750082
1789890891,20,,Aggregated,3.000000,0.000000,2100,2800,3300,3700,5200,7000,12000,33000,880000,897000,897000,6110,1,2100,8925.370426799996,1023.4507819986902,897155.2894115448,363.71996726677577
1789890892,20,,Aggregated,3.000000,0.000000,2100,2800,3300,3700,5200,7000,12000,33000,880000,897000,897000,6111,1,2100,8924.370873787591,1023.4507819986902,897155.2894115448,363.6967763050237
1789890893,20,,Aggregated,3.100000,0.000000,2100,2800,3300,3700,5200,7000,12000,33000,880000,897000,897000,6116,1,2100,8918.540091173965,1023.4507819986902,897155.2894115448,363.5868214519294
1789890894,20,,Aggregated,3.100000,0.000000,2100,2800,3300,3700,5200,7000,12000,33000,880000,897000,897000,6119,1,2100,8915.015555192836,1023.4507819986902,897155.2894115448,363.5291714332407
1789890895,20,,Aggregated,3.200000,0.000000,2100,2800,3300,3700,5200,7000,12000,33000,880000,897000,897000,6122,1,2100,8911.44345832979,1023.4507819986902,897155.2894115448,363.45981705325056
1789890896,20,,Aggregated,3.300000,0.000000,2100,2800,3300,3700,5200,7000,12000,33000,880000,897000,897000,6126,1,2100,8906.476810959839,1023.4507819986902,897155.2894115448,363.36745021221026
1789890897,20,,Aggregated,3.000000,0.000000,2100,2800,3300,3700,5200,7000,12000,33000,880000,897000,897000,6127,1,2100,8905.250129311893,1023.4507819986902,897155.2894115448,363.3443773461727
1789890898,20,,Aggregated,3.000000,0.000000,2100,2800,3300,3700,5200,7000,12000,33000,880000,897000,897000,6129,1,2100,8902.827236534013,1023.4507819986902,897155.2894115448,363.2982542013379
1789890899,20,,Aggregated,3.000000,0.000000,2100,2800,3300,3700,5200,7000,12000,33000,880000,897000,897000,6134,1,2100,8896.926293886529,1023.4507819986902,897155.2894115448,363.1889468536029
1789890900,20,,Aggregated,2.800000,0.000000,2100,2800,3300,3700,5200,7000,12000,33000,880000,897000,897000,6137,1,2100,8893.4413177603,1023.4507819986902,897155.2894115448,363.11992830373146
1789890901,20,,Aggregated,3.200000,0.000000,2100,2800,3300,3700,5200,7000,12000,33000,880000,897000,897000,6141,1,2100,8888.73970344992,1023.4507819986902,897155.2894115448,363.0397329425175
1789890902,20,,Aggregated,3.100000,0.000000,2100,2800,3300,3700,5200,7000,12000,33000,880000,897000,897000,6145,1,2100,8883.867534166633,1023.4507819986902,897155.2894115448,362.9479251423922
1789890903,20,,Aggregated,3.100000,0.000000,2100,2800,3300,3700,5200,7000,12000,33000,880000,897000,897000,6146,1,2100,8882.621592869014,1023.4507819986902,897155.2894115448,362.9249918646274
1789890904,20,,Aggregated,3.100000,0.000000,2100,2800,3300,3700,5200,7000,12000,33000,880000,897000,897000,6149,1,2100,8879.080663838504,1023.4507819986902,897155.2894115448,362.85623678646937
1789890905,20,,Aggregated,3.100000,0.000000,2100,2800,3300,3700,5200,7000,12000,33000,880000,897000,897000,6151,1,2100,8876.584542879526,1023.4507819986902,897155.2894115448,362.81043732726386
1789890906,20,,Aggregated,2.800000,0.000000,2100,2800,3300,3700,5200,7000,12000,33000,880000,897000,897000,6155,1,2100,8872.074302865958,1023.4507819986902,897155.2894115448,362.7247766043867
1789890907,20,,Aggregated,3.000000,0.000000,2100,2800,3300,3700,5200,7000,12000,33000,880000,897000,897000,6158,1,2100,8868.523004573395,1023.4507819986902,897155.2894115448,362.66791165962974
1789890908,20,,Aggregated,3.000000,0.000000,2100,2800,3300,3700,5200,7000,12000,33000,880000,897000,897000,6162,1,2100,8863.94808653943,1023.4507819986902,897155.2894115448,362.57659850697826
1789890909,20,,Aggregated,2.800000,0.000000,2100,2800,3300,3700,5200,7000,12000,33000,880000,897000,897000,6165,1,2100,8860.30428106958,1023.4507819986902,897155.2894115448,362.5081914030819
1789890910,20,,Aggregated,3.100000,0.000000,2100,2800,3300,3700,5200,7000,12000,33000,880000,897000,897000,6167,1,2100,8857.979398157448,1023.4507819986902,897155.2894115448,362.4626236419653
1789890911,20,,Aggregated,3.100000,0.000000,2100,2800,3300,3700,5200,7000,12000,33000,880000,897000,897000,6171,1,2100,8853.077363180031,1023.4507819986902,897155.2894115448,362.3715767298655
1789890912,20,,Aggregated,3.100000,0.000000,2100,2800,3300,3700,5200,7000,12000,33000,880000,897000,897000,6173,1,2100,8850.680936792965,1023.4507819986902,897155.2894115448,362.33192936983636
1789890913,20,,Aggregated,3.000000,0.000000,2100,2800,3300,3700,5200,7000,12000,33000,880000,897000,897000,6175,1,2100,8848.27032525279,1023.4507819986902,897155.2894115448,362.2864777327935
1789890914,20,,Aggregated,3.000000,0.000000,2100,2800,3300,3700,5200,7000,12000,33000,880000,897000,897000,6180,1,2100,8842.314276465693,1023.4507819986902,897155.2894115448,362.1846278317152
1789890915,20,,Aggregated,3.100000,0.000000,2100,2800,3300,3700,5200,7000,12000,33000,880000,897000,897000,6184,1,2100,8837.525503694207,1023.4507819986902,897155.2894115448,362.09395213454076
1789890916,20,,Aggregated,3.300000,0.000000,2100,2800,3300,3700,5200,7000,12000,33000,880000,897000,897000,6187,1,2100,8833.902691167283,1023.4507819986902,897155.2894115448,362.02602230483274
1789890917,20,,Aggregated,3.300000,0.000000,2100,2800,3300,3700,5200,7000,12000,33000,880000,897000,897000,6189,1,2100,8831.516027586522,1023.4507819986902,897155.2894115448,361.98077233801905
1789890918,20,,Aggregated,3.300000,0.000000,2100,2800,3300,3700,5200,7000,12000,33000,880000,897000,897000,6193,1,2100,8826.917807907634,1023.4507819986902,897155.2894115448,361.8961730986598
1789890919,20,,Aggregated,3.200000,0.000000,2100,2800,3300,3700,5200,7000,12000,33000,880000,897000,897000,6195,1,2100,8824.559288933975,1023.4507819986902,897155.2894115448,361.8510088781275
1789890920,20,,Aggregated,3.200000,0.000000,2100,2800,3300,3700,5200,7000,12000,33000,880000,897000,897000,6195,1,2100,8824.559288933975,1023.4507819986902,897155.2894115448,361.8510088781275
1789890921,20,,Aggregated,2.700000,0.000000,2100,2800,3300,3700,5200,7000,12000,33000,880000,897000,897000,6196,1,2100,8823.419559974012,1023.4507819986902,897155.2894115448,361.82843770174304
1789890922,20,,Aggregated,2.800000,0.000000,2100,2800,3300,3700,5200,7000,12000,33000,880000,897000,897000,6200,1,2100,8819.408758782576,1023.4507819986902,897155.2894115448,361.7440322580645
1789890923,20,,Aggregated,2.600000,0.000000,2100,2800,3300,3700,5200,7000,12000,31000,880000,897000,897000,6207,1,2100,8812.78271203125,1023.4507819986902,897155.2894115448,361.5922345738682
1789890924,20,,Aggregated,2.700000,0.000000,2100,2800,3300,3700,5200,7000,12000,31000,880000,897000,897000,6209,1,2100,8810.556478365432,1023.4507819986902,897155.2894115448,361.5472700918022
1789890925,20,,Aggregated,2.800000,0.000000,2100,2800,3300,3700,5200,7000,12000,31000,880000,897000,897000,6214,1,2100,8804.724517032824,1023.4507819986902,897155.2894115448,361.4407788863856
1789890926,20,,Aggregated,2.800000,0.000000,2100,2800,3300,3700,5200,7000,12000,31000,880000,897000,897000,6214,1,2100,8804.724517032824,1023.4507819986902,897155.2894115448,361.4407788863856
1789890927,20,,Aggregated,2.800000,0.000000,2100,2800,3300,3700,5200,7000,12000,31000,880000,897000,897000,6216,1,2100,8802.44639189446,1023.4507819986902,897155.2894115448,361.39591377091375
1789890928,20,,Aggregated,2.800000,0.000000,2100,2800,3300,3700,5200,7000,12000,31000,880000,897000,897000,6220,1,2100,8797.564572432631,1023.4507819986902,897155.2894115448,361.3120578778135
1789890929,20,,Aggregated,2.700000,0.000000,2100,2800,3300,3700,5200,6900,12000,31000,880000,897000,897000,6223,1,2100,8794.019264329258,1023.4507819986902,897155.2894115448,361.2448979591837
1789890930,20,,Aggregated,3.000000,0.000000,2100,2800,3300,3700,5200,6900,12000,31000,880000,897000,897000,6226,1,2100,8790.742320936712,1023.4507819986902,897155.2894115448,361.18294249919694
1789890931,20,,Aggregated,2.900000,0.000000,2100,2700,3300,3700,5200,6900,12000,31000,880000,897000,897000,6230,1,2100,8786.361634555533,1023.4507819986902,897155.2894115448,361.0935794542536
1789890932,20,,Aggregated,2.900000,0.000000,2100,2700,3300,3700,5200,6900,12000,31000,880000,897000,897000,6233,1,2100,8783.114190537137,1023.4507819986902,897155.2894115448,361.03240815016846
1789890933,20,,Aggregated,3.000000,0.000000,2100,2700,3300,3700,5200,6900,12000,31000,880000,897000,897000,6235,1,2100,8780.908973492538,1023.4507819986902,897155.2894115448,360.9878107457899
1789890934,20,,Aggregated,3.200000,0.000000,2100,2700,3300,3700,5200,6900,12000,31000,880000,897000,897000,6238,1,2100,8777.350888261939,1023.4507819986902,897155.2894115448,360.9267393395319
1789890935,20,,Aggregated,3.300000,0.000000,2100,2700,3300,3700,5200,6900,12000,31000,880000,897000,897000,6240,1,2100,8774.98316781586,1023.4507819986902,897155.2894115448,360.88221153846155
1789890936,20,,Aggregated,3.200000,0.000000,2100,2700,3300,3700,5100,6900,12000,31000,880000,897000,897000,6244,1,2100,8770.383715518254,1023.4507819986902,897155.2894115448,360.7977258167841
1789890937,20,,Aggregated,2.800000,0.000000,2100,2700,3300,3700,5100,6900,12000,31000,880000,897000,897000,6247,1,2100,8766.865009101484,1023.4507819986902,897155.2894115448,360.73107091403875
1789890938,20,,Aggregated,3.000000,0.000000,2100,2700,3300,3700,5100,6900,12000,33000,883000,897000,897000,6254,1,2100,8899.712573617853,1023.4507819986902,897155.2894115448,362.7779021426287
1789890939,20,,Aggregated,3.000000,0.000000,2100,2700,3300,3700,5100,6900,12000,33000,883000,897000,897000,6254,1,2100,8899.712573617853,1023.4507819986902,897155.2894115448,362.7779021426287
1789890940,20,,Aggregated,3.000000,0.000000,2100,2700,3300,3700,5100,6900,12000,33000,883000,897000,897000,6254,1,2100,8899.712573617853,1023.4507819986902,897155.2894115448,362.7779021426287
1789890941,20,,Aggregated,3.300000,0.000000,2100,2700,3300,3700,5100,6900,12000,33000,883000,897000,897000,6257,1,2100,8896.857183745255,1023.4507819986902,897155.2894115448,362.6873901230622
1789890942,20,,Aggregated,3.200000,0.000000,2100,2700,3300,3700,5100,6900,12000,33000,883000,897000,897000,6262,1,2100,8891.832476908503,1023.4507819986902,897155.2894115448,362.580804854679
1789890943,20,,Aggregated,2.900000,0.000000,2100,2700,3300,3700,5100,6900,12000,33000,883000,897000,897000,6267,1,2100,8886.28172829696,1023.4507819986902,897155.2894115448,362.4743896601245
1789890944,20,,Aggregated,2.900000,0.000000,2100,2700,3300,3700,5100,6900,12000,33000,883000,897000,897000,6270,1,2100,8882.85439998087,1023.4507819986902,897155.2894115448,362.4071770334928
1789890945,20,,Aggregated,3.200000,0.000000,2100,2700,3300,3700,5100,6900,12000,33000,883000,897000,897000,6273,1,2100,8879.53300993417,1023.4507819986902,897155.2894115448,362.34002869440457
1789890946,20,,Aggregated,3.200000,0.000000,2100,2700,3300,3700,5100,6900,12000,33000,883000,897000,897000,6274,1,2100,8878.589729873134,1023.4507819986902,897155.2894115448,362.31766018489003
1789890947,20,,Aggregated,3.100000,0.000000,2100,2700,3300,3700,5100,6900,12000,33000,883000,897000,897000,6276,1,2100,8876.222595888152,1023.4507819986902,897155.2894115448,362.2729445506692
1789890948,20,,Aggregated,3.000000,0.000000,2100,2700,3300,3700,5100,6900,12000,33000,883000,897000,897000,6279,1,2100,8872.757226377933,1023.4507819986902,897155.2894115448,362.2110208631948
1789890949,20,,Aggregated,2.900000,0.000000,2100,2700,3300,3700,5100,6900,12000,35000,883000,897000,897000,6284,1,2100,8989.172334040477,1023.4507819986902,897155.2894115448,364.2132399745385
1789890950,20,,Aggregated,2.900000,0.000000,2100,2700,3300,3700,5100,6900,12000,35000,883000,897000,897000,6287,1,2100,8985.687574648378,1023.4507819986902,897155.2894115448,364.145379354223
1789890951,20,,Aggregated,2.900000,0.000000,2100,2700,3300,3700,5100,6900,12000,35000,883000,897000,897000,6287,1,2100,8985.687574648378,1023.4507819986902,897155.2894115448,364.145379354223
1789890952,20,,Aggregated,3.300000,0.000000,2100,2700,3300,3700,5100,6900,12000,35000,883000,897000,897000,6291,1,2100,8982.38946874811,1023.4507819986902,897155.2894115448,364.03783182323957
1789890953,20,,Aggregated,3.000000,0.000000,2100,2700,3300,3700,5100,6900,12000,35000,883000,897000,897000,6296,1,2100,8977.848718001645,1023.4507819986902,897155.2894115448,363.9250317662008
1789890954,20,,Aggregated,2.800000,0.000000,2100,2700,3300,3700,5100,6900,12000,35000,883000,897000,897000,6299,1,2100,8974.738702372973,1023.4507819986902,897155.2894115448,363.857437688522
1789890955,20,,Aggregated,2.700000,0.000000,2100,2700,3300,3700,5100,6900,12000,33000,883000,897000,897000,6302,1,2100,8971.159746953088,1023.4507819986902,897155.2894115448,363.78990796572515
1789890956,20,,Aggregated,2.700000,0.000000,2100,2700,3300,3700,5100,6900,12000,33000,883000,897000,897000,6305,1,2100,8967.563799948828,1023.4507819986902,897155.2894115448,363.728152260111
1789890957,20,,Aggregated,3.000000,0.000000,2100,2700,3300,3700,5100,6900,12000,35000,883000,897000,897000,6310,1,2100,9095.67718776126,1023.4507819986902,897155.2894115448,366.29968304278924
1789890958,20,,Aggregated,3.000000,0.000000,2100,2700,3300,3700,5100,6900,12000,35000,883000,897000,897000,6310,1,2100,9095.67718776126,1023.4507819986902,897155.2894115448,366.29968304278924
1789890959,20,,Aggregated,3.000000,0.000000,2100,2700,3300,3700,5100,6900,12000,35000,883000,897000,897000,6310,1,2100,9095.67718776126,1023.4507819986902,897155.2894115448,366.29968304278924
1789890960,20,,Aggregated,3.400000,0.000000,2100,2700,3300,3700,5100,6900,12000,35000,883000,897000,897000,6315,1,2100,9090.825917648224,1023.4507819986902,897155.2894115448,366.16832937450516
1789890961,20,,Aggregated,2.800000,0.000000,2100,2700,3300,3700,5100,6900,12000,35000,883000,897000,897000,6317,1,2100,9088.913205403125,1023.4507819986902,897155.2894115448,366.12838372645245
1789890962,20,,Aggregated,2.800000,0.000000,2100,2700,3300,3700,5100,6900,12000,35000,883000,897000,897000,6320,1,2100,9085.859564726194,1023.4507819986902,897155.2894115448,366.0599683544304
1789890963,20,,Aggregated,2.600000,0.000000,2100,2800,3300,3700,5100,6900,12000,35000,883000,897000,897000,6325,1,2100,9081.782878919294,1023.4507819986902,897155.2894115448,365.94608695652175
1789890964,20,,Aggregated,3.000000,0.000000,2100,2800,3300,3700,5100,6900,12000,35000,883000,897000,897000,6329,1,2100,9078.009574789467,1023.4507819986902,897155.2894115448,365.8607994943909
1789890965,20,,Aggregated,3.100000,0.000000,2100,2800,3300,3700,5100,6900,12000,35000,883000,897000,897000,6332,1,2100,9075.097599427438,1023.4507819986902,897155.2894115448,365.79264055590653
1789890966,20,,Aggregated,3.000000,0.000000,2100,2800,3300,3700,5100,6900,12000,35000,883000,897000,897000,6333,1,2100,9073.875133005611,1023.4507819986902,897155.2894115448,365.7699352597505
1789890967,20,,Aggregated,3.000000,0.000000,2100,2800,3300,3700,5100,6900,12000,35000,883000,897000,897000,6335,1,2100,9071.579480094164,1023.4507819986902,897155.2894115448,365.72454617206
1789890968,20,,Aggregated,3.000000,0.000000,2100,2800,3300,3700,5100,6900,12000,35000,883000,897000,897000,6337,1,2100,9069.297857703888,1023.4507819986902,897155.2894115448,365.6848666561464
1789890969,20,,Aggregated,2.700000,0.000000,2100,2800,3300,3700,5100,6900,12000,35000,883000,897000,897000,6342,1,2100,9064.12749894127,1023.4507819986902,897155.2894115448,365.57726269315674
1789890970,20,,Aggregated,2.700000,0.000000,2100,2700,3300,3700,5100,6900,12000,35000,883000,897000,897000,6347,1,2100,9058.733628835755,1023.4507819986902,897155.2894115448,365.46415629431226
1789890971,20,,Aggregated,3.200000,0.000000,2100,2700,3300,3700,5100,6900,12000,35000,883000,897000,897000,6351,1,2100,9054.480683449146,1023.4507819986902,897155.2894115448,365.3794678003464
1789890972,20,,Aggregated,3.300000,0.000000,2100,2700,3300,3700,5100,6900,12000,35000,883000,897000,897000,6354,1,2100,9051.210978780065,1023.4507819986902,897155.2894115448,365.3117721120554
1789890973,20,,Aggregated,3.400000,0.000000,2100,2700,3300,3700,5100,6900,12000,35000,883000,897000,897000,6355,1,2100,9049.990401784033,1023.4507819986902,897155.2894115448,365.28922108575927
1789890974,20,,Aggregated,3.200000,0.000000,2100,2700,3300,3700,5100,6900,12000,35000,883000,897000,897000,6359,1,2100,9045.310568625024,1023.4507819986902,897155.2894115448,365.2047491743985
1789890975,20,,Aggregated,2.900000,0.000000,2100,2700,3300,3700,5100,6900,12000,35000,883000,897000,897000,6363,1,2100,9040.406543193547,1023.4507819986902,897155.2894115448,365.1203834669181
1789890976,20,,Aggregated,2.900000,0.000000,2100,2700,3300,3700,5100,6900,12000,35000,883000,897000,897000,6364,1,2100,9039.192774603634,1023.4507819986902,897155.2894115448,365.09789440603396
1789890977,20,,Aggregated,3.000000,0.000000,2100,2700,3200,3700,5100,6900,12000,35000,883000,897000,897000,6369,1,2100,9033.395389531091,1023.4507819986902,897155.2894115448,364.98555503218716
1789890978,20,,Aggregated,3.200000,0.000000,2100,2700,3200,3700,5100,6900,12000,35000,883000,897000,897000,6374,1,2100,9027.692423553424,1023.4507819986902,897155.2894115448,364.87903984938816
1789890979,20,,Aggregated,3.200000,0.000000,2100,2700,3200,3700,5100,6900,12000,35000,883000,897000,897000,6376,1,2100,9025.340984033333,1023.4507819986902,897155.2894115448,364.8342220828105
1789890980,20,,Aggregated,3.600000,0.000000,2100,2700,3200,3700,5100,6900,12000,35000,883000,897000,897000,6379,1,2100,9021.65747220999,1023.4507819986902,897155.2894115448,364.7670481266656
1789890981,20,,Aggregated,3.600000,0.000000,2100,2700,3200,3700,5100,6900,12000,35000,883000,897000,897000,6380,1,2100,9020.511276275945,1023.4507819986902,897155.2894115448,364.7503134796238
1789890982,20,,Aggregated,3.100000,0.000000,2100,2700,3200,3700,5100,6900,12000,35000,883000,897000,897000,6385,1,2100,9014.886642333051,1023.4507819986902,897155.2894115448,364.64416601409556
1789890983,20,,Aggregated,3.100000,0.000000,2100,2700,3200,3700,5100,6900,12000,35000,883000,897000,897000,6385,1,2100,9014.886642333051,1023.4507819986902,897155.2894115448,364.64416601409556
1789890984,20,,Aggregated,3.200000,0.000000,2100,2700,3200,3700,5100,6900,12000,35000,883000,897000,897000,6388,1,2100,9011.843754933709,1023.4507819986902,897155.2894115448,364.57717595491545
1789890985,20,,Aggregated,3.200000,0.000000,2100,2700,3200,3700,5100,6900,12000,35000,883000,897000,897000,6388,1,2100,9011.843754933709,1023.4507819986902,897155.2894115448,364.57717595491545
